order_id,customer_id,product_id,warehouse_id,quantity,selling_price,discount,final_amount,payment_method,order_status,order_date
O000001,C0037,P0195,W013,2,194.61,53.54,335.68,Credit Card,Cancelled,2025-11-27
O000002,C0051,P0091,W005,6,128.87,73.94,699.28,Net Banking,Pending,2025-08-22
O000003,C0280,P0058,W009,4,607.88,313.78,2117.74,Cash,Pending,2026-04-29
O000004,C0411,P0192,W014,4,392.33,310.35,1258.97,Cash,Pending,2025-10-01
O000005,C0387,P0189,W002,5,416.57,201.72,1881.13,Cash,Cancelled,2026-06-02
O000006,C0331,P0022,W002,7,456.03,86.71,3105.5,Credit Card,Cancelled,2026-02-02
O000007,C0490,P0169,W005,8,685.11,14.99,5465.89,Credit Card,Completed,2026-06-05
O000008,C0222,P0104,W005,6,61.8,1.0,369.8,Debit Card,Cancelled,2026-05-01
O000009,C0487,P0173,W017,8,112.19,133.68,763.84,Net Banking,Pending,2025-09-02
O000010,C0171,P0182,W015,10,103.87,47.89,990.81,Credit Card,Completed,2026-05-27
O000011,C0419,P0013,W017,7,678.5,540.11,4209.39,Credit Card,Pending,2026-01-07
O000012,C0157,P0039,W004,7,696.37,422.35,4452.24,Net Banking,Pending,2026-07-19
O000013,C0161,P0194,W003,2,316.48,111.84,521.12,Credit Card,Completed,2025-11-20
O000014,C0388,P0184,W017,1,600.98,99.47,501.51,Credit Card,Completed,2026-06-27
O000015,C0351,P0162,W012,8,472.72,185.63,3596.13,Net Banking,Cancelled,2026-06-16
O000016,C0418,P0034,W013,1,98.84,8.98,89.86,Debit Card,Cancelled,2026-01-25
O000017,C0193,P0067,W017,4,610.98,308.05,2135.87,Credit Card,Pending,2026-04-21
O000018,C0035,P0068,W001,1,244.39,5.86,238.53,Credit Card,Completed,2026-04-04
O000019,C0486,P0073,W001,3,114.95,10.66,334.19,Net Banking,Cancelled,2026-01-07
O000020,C0169,P0009,W015,7,127.01,23.02,866.05,UPI,Pending,2025-11-06
O000021,C0442,P0019,W017,3,452.83,2.22,1356.27,Credit Card,Pending,2025-09-28
O000022,C0472,P0071,W006,3,324.09,87.28,884.99,Credit Card,Cancelled,2026-04-29
O000023,C0242,P0019,W008,1,452.83,29.15,423.68,UPI,Cancelled,2026-07-28
O000024,C0182,P0059,W016,7,691.04,792.41,4044.87,UPI,Completed,2026-05-20
O000025,C0241,P0031,W015,4,475.72,133.19,1769.69,Credit Card,Cancelled,2025-08-09
O000026,C0426,P0078,W018,2,134.38,7.83,260.93,Debit Card,Pending,2025-11-04
O000027,C0048,P0158,W003,6,498.73,346.15,2646.23,Net Banking,Completed,2026-07-06
O000028,C0041,P0078,W007,9,134.38,146.53,1062.89,Cash,Cancelled,2026-01-09
O000029,C0149,P0126,W005,10,352.47,295.38,3229.32,Cash,Completed,2026-02-27
O000030,C0027,P0038,W009,4,210.73,46.57,796.35,Net Banking,Pending,2026-03-14
O000031,C0032,P0096,W006,3,223.64,132.76,538.16,Cash,Completed,2026-02-20
O000032,C0435,P0160,W004,6,103.95,96.58,527.12,Net Banking,Completed,2026-04-02
O000033,C0023,P0143,W014,10,276.16,380.85,2380.75,Credit Card,Pending,2025-12-27
O000034,C0012,P0113,W009,8,229.52,366.81,1469.35,Credit Card,Pending,2025-10-02
O000035,C0432,P0119,W014,2,123.87,1.32,246.42,Credit Card,Completed,2026-05-12
O000036,C0494,P0014,W014,7,248.91,111.73,1630.64,Cash,Pending,2026-07-04
O000037,C0469,P0107,W010,7,223.7,297.54,1268.36,Cash,Pending,2025-11-16
O000038,C0103,P0199,W013,4,550.92,91.18,2112.5,Cash,Completed,2025-10-24
O000039,C0232,P0009,W010,5,127.01,49.38,585.67,Debit Card,Completed,2026-07-25
O000040,C0367,P0143,W013,10,276.16,503.5,2258.1,Debit Card,Completed,2025-09-26
O000041,C0260,P0066,W006,9,156.35,237.34,1169.81,Net Banking,Completed,2026-01-31
O000042,C0271,P0007,W009,6,86.6,40.67,478.93,Debit Card,Pending,2025-10-04
O000043,C0354,P0091,W020,8,128.87,133.68,897.28,Net Banking,Completed,2026-06-23
O000044,C0458,P0008,W020,4,707.65,387.81,2442.79,Credit Card,Completed,2025-09-12
O000045,C0010,P0043,W020,8,759.88,719.44,5359.6,Net Banking,Cancelled,2025-11-20
O000046,C0158,P0161,W002,9,792.47,1259.84,5872.39,Cash,Pending,2026-04-22
O000047,C0444,P0142,W018,4,465.39,99.1,1762.46,Credit Card,Completed,2026-04-02
O000048,C0356,P0173,W009,9,112.19,46.52,963.19,Net Banking,Cancelled,2025-08-28
O000049,C0103,P0125,W002,1,184.54,14.96,169.58,Cash,Completed,2026-05-12
O000050,C0244,P0048,W019,10,197.9,386.67,1592.33,UPI,Cancelled,2026-06-10
O000051,C0394,P0005,W009,7,616.49,17.55,4297.88,Cash,Cancelled,2025-10-15
O000052,C0204,P0109,W003,6,51.49,31.02,277.92,UPI,Cancelled,2026-02-15
O000053,C0016,P0104,W014,10,61.8,4.43,613.57,Debit Card,Pending,2026-06-25
O000054,C0156,P0019,W011,10,452.83,446.16,4082.14,Credit Card,Completed,2025-09-26
O000055,C0069,P0163,W020,4,561.9,246.75,2000.85,Debit Card,Pending,2026-02-26
O000056,C0286,P0133,W012,7,659.87,392.89,4226.2,Credit Card,Completed,2025-08-18
O000057,C0100,P0193,W013,1,327.81,54.53,273.28,Net Banking,Completed,2026-07-18
O000058,C0185,P0162,W001,9,472.72,280.66,3973.82,Credit Card,Pending,2025-11-14
O000059,C0483,P0059,W010,2,691.04,36.52,1345.56,Debit Card,Pending,2026-08-04
O000060,C0074,P0060,W009,3,220.07,97.22,562.99,Net Banking,Pending,2026-05-27
O000061,C0393,P0090,W008,1,414.11,45.38,368.73,Debit Card,Cancelled,2026-03-11
O000062,C0123,P0174,W004,8,288.11,187.73,2117.15,Credit Card,Completed,2025-09-17
O000063,C0421,P0190,W007,2,537.59,143.49,931.69,UPI,Cancelled,2025-09-24
O000064,C0139,P0130,W004,2,247.63,39.37,455.89,UPI,Cancelled,2026-04-05
O000065,C0279,P0166,W011,9,399.5,642.13,2953.37,Credit Card,Completed,2025-11-01
O000066,C0304,P0134,W008,4,127.8,60.69,450.51,UPI,Completed,2026-06-19
O000067,C0321,P0118,W007,7,545.32,547.81,3269.43,UPI,Cancelled,2026-07-06
O000068,C0276,P0038,W007,4,210.73,151.95,690.97,Cash,Completed,2025-09-11
O000069,C0044,P0070,W003,7,468.0,74.57,3201.43,Credit Card,Completed,2025-08-27
O000070,C0130,P0109,W015,3,51.49,8.19,146.28,UPI,Pending,2025-08-23
O000071,C0293,P0026,W004,1,424.88,84.77,340.11,Net Banking,Cancelled,2025-10-29
O000072,C0086,P0012,W014,8,342.53,422.72,2317.52,Net Banking,Completed,2026-06-03
O000073,C0406,P0089,W008,2,380.36,1.35,759.37,Net Banking,Pending,2026-03-23
O000074,C0053,P0131,W008,2,381.9,57.61,706.19,UPI,Completed,2025-11-15
O000075,C0392,P0055,W008,4,691.95,484.97,2282.83,Credit Card,Pending,2026-06-16
O000076,C0074,P0156,W018,6,716.77,156.53,4144.09,Net Banking,Pending,2026-04-17
O000077,C0053,P0188,W009,9,149.25,177.59,1165.66,Net Banking,Completed,2025-11-07
O000078,C0150,P0057,W011,5,500.43,120.01,2382.14,Net Banking,Cancelled,2026-03-16
O000079,C0062,P0191,W017,4,583.75,422.59,1912.41,Debit Card,Completed,2026-01-19
O000080,C0492,P0027,W009,1,78.28,2.28,76.0,UPI,Pending,2026-03-27
O000081,C0100,P0177,W013,6,764.51,728.24,3858.82,UPI,Cancelled,2025-10-05
O000082,C0223,P0082,W011,5,524.26,416.81,2204.49,Credit Card,Completed,2025-10-18
O000083,C0253,P0044,W013,4,509.99,73.07,1966.89,UPI,Completed,2026-07-14
O000084,C0259,P0116,W016,1,446.14,75.78,370.36,UPI,Completed,2026-01-02
O000085,C0068,P0198,W013,9,369.55,371.97,2953.98,UPI,Completed,2026-05-26
O000086,C0156,P0065,W007,6,114.36,115.89,570.27,UPI,Completed,2025-12-25
O000087,C0232,P0171,W016,6,165.53,80.5,912.68,Cash,Completed,2026-07-17
O000088,C0158,P0145,W019,1,49.46,0.1,49.36,Cash,Pending,2026-04-03
O000089,C0471,P0189,W007,6,416.57,486.01,2013.41,Credit Card,Cancelled,2026-07-29
O000090,C0163,P0121,W013,10,650.82,678.13,5830.07,Debit Card,Pending,2026-03-18
O000091,C0236,P0085,W012,10,734.45,1427.36,5917.14,Credit Card,Completed,2025-12-15
O000092,C0232,P0163,W006,1,561.9,7.61,554.29,UPI,Pending,2025-12-29
O000093,C0042,P0108,W013,2,467.1,44.65,889.55,Debit Card,Completed,2026-05-29
O000094,C0121,P0167,W001,7,121.8,160.78,691.82,UPI,Pending,2025-12-10
O000095,C0253,P0080,W020,4,24.4,1.44,96.16,UPI,Completed,2025-09-14
O000096,C0106,P0039,W006,9,696.37,536.46,5730.87,Debit Card,Completed,2026-03-27
O000097,C0110,P0128,W020,1,366.55,29.03,337.52,Credit Card,Pending,2026-04-21
O000098,C0173,P0030,W005,2,129.09,38.72,219.46,Debit Card,Pending,2025-09-23
O000099,C0005,P0026,W016,6,424.88,199.89,2349.39,Net Banking,Completed,2025-08-05
O000100,C0145,P0044,W010,5,509.99,82.9,2467.05,Debit Card,Completed,2025-12-10
O000101,C0466,P0172,W016,10,355.99,664.9,2895.0,Debit Card,Cancelled,2025-11-29
O000102,C0112,P0012,W015,6,342.53,181.79,1873.39,Credit Card,Pending,2025-12-18
O000103,C0364,P0119,W010,4,123.87,74.68,420.8,UPI,Cancelled,2025-08-29
O000104,C0288,P0061,W018,1,427.25,29.04,398.21,Net Banking,Completed,2026-04-08
O000105,C0265,P0151,W010,1,359.46,13.96,345.5,UPI,Completed,2025-08-25
O000106,C0017,P0075,W014,8,153.98,20.96,1210.88,UPI,Cancelled,2025-10-19
O000107,C0311,P0045,W006,6,74.54,39.98,407.26,Debit Card,Completed,2026-02-21
O000108,C0346,P0153,W020,3,97.2,50.18,241.42,Net Banking,Completed,2025-12-11
O000109,C0405,P0137,W017,4,70.49,16.96,265.0,Credit Card,Completed,2026-02-19
O000110,C0067,P0120,W012,7,117.95,147.84,677.81,Net Banking,Cancelled,2025-11-03
O000111,C0324,P0049,W003,6,200.77,168.73,1035.89,UPI,Completed,2025-11-08
O000112,C0257,P0061,W015,9,427.25,535.18,3310.07,UPI,Completed,2025-09-24
O000113,C0217,P0052,W002,8,697.25,1092.97,4485.03,UPI,Cancelled,2026-07-17
O000114,C0406,P0174,W016,3,288.11,34.28,830.05,UPI,Cancelled,2026-04-11
O000115,C0182,P0020,W013,9,658.43,857.18,5068.69,UPI,Pending,2026-05-22
O000116,C0174,P0150,W019,3,79.1,29.89,207.41,Cash,Completed,2025-11-16
O000117,C0095,P0094,W010,10,536.83,781.66,4586.64,Debit Card,Completed,2026-06-08
O000118,C0275,P0168,W001,2,802.22,223.76,1380.68,Credit Card,Cancelled,2026-02-14
O000119,C0087,P0086,W020,7,781.27,697.12,4771.77,Debit Card,Completed,2025-11-26
O000120,C0161,P0123,W003,5,614.42,551.2,2520.9,Net Banking,Cancelled,2026-07-18
O000121,C0083,P0023,W013,9,673.26,179.29,5880.05,Credit Card,Pending,2026-06-11
O000122,C0207,P0057,W003,9,500.43,176.17,4327.7,Debit Card,Pending,2026-03-15
O000123,C0410,P0056,W002,6,73.8,85.5,357.3,Credit Card,Cancelled,2026-06-18
O000124,C0010,P0154,W010,3,687.94,134.72,1929.1,UPI,Cancelled,2025-11-29
O000125,C0066,P0193,W019,3,327.81,183.65,799.78,Debit Card,Pending,2025-12-14
O000126,C0418,P0037,W017,2,536.12,16.62,1055.62,Net Banking,Completed,2025-12-08
O000127,C0380,P0181,W019,8,510.35,415.89,3666.91,Net Banking,Cancelled,2026-05-14
O000128,C0174,P0106,W017,9,395.02,176.63,3378.55,Debit Card,Cancelled,2026-01-29
O000129,C0304,P0105,W005,7,537.76,239.06,3525.26,Cash,Cancelled,2026-03-31
O000130,C0326,P0116,W003,8,446.14,379.88,3189.24,Net Banking,Pending,2025-09-07
O000131,C0339,P0063,W006,4,152.21,92.54,516.3,Cash,Completed,2026-05-21
O000132,C0276,P0105,W014,5,537.76,300.03,2388.77,Cash,Pending,2026-07-31
O000133,C0247,P0177,W005,4,764.51,479.71,2578.33,Debit Card,Cancelled,2025-11-24
O000134,C0412,P0045,W013,8,74.54,40.14,556.18,Debit Card,Pending,2026-03-26
O000135,C0306,P0025,W019,2,464.04,23.5,904.58,UPI,Pending,2026-03-20
O000136,C0140,P0061,W017,7,427.25,242.09,2748.66,UPI,Pending,2026-01-03
O000137,C0007,P0072,W011,10,712.27,928.58,6194.12,Net Banking,Cancelled,2026-05-09
O000138,C0075,P0069,W011,7,779.75,211.55,5246.7,Credit Card,Completed,2025-11-17
O000139,C0107,P0122,W004,1,472.24,47.42,424.82,Cash,Completed,2026-02-02
O000140,C0173,P0020,W003,9,658.43,496.18,5429.69,Cash,Cancelled,2026-03-04
O000141,C0345,P0055,W011,7,691.95,798.63,4045.02,Net Banking,Pending,2026-03-12
O000142,C0045,P0132,W010,8,661.28,248.98,5041.26,Debit Card,Completed,2025-10-13
O000143,C0181,P0141,W014,10,473.02,449.69,4280.51,Debit Card,Cancelled,2026-07-31
O000144,C0015,P0021,W007,8,244.16,286.8,1666.48,Debit Card,Pending,2026-07-06
O000145,C0326,P0082,W006,7,524.26,493.55,3176.27,Cash,Cancelled,2025-09-08
O000146,C0362,P0124,W013,4,711.13,43.08,2801.44,Net Banking,Completed,2026-03-20
O000147,C0039,P0011,W009,10,311.47,262.6,2852.1,Cash,Pending,2026-01-22
O000148,C0242,P0032,W009,2,562.17,139.31,985.03,Debit Card,Pending,2026-07-20
O000149,C0395,P0170,W007,10,505.56,535.12,4520.48,Cash,Cancelled,2026-06-19
O000150,C0252,P0028,W011,5,169.73,106.14,742.51,Net Banking,Pending,2026-07-22
O000151,C0248,P0052,W004,3,697.25,239.08,1852.67,Cash,Completed,2026-01-05
O000152,C0446,P0102,W020,7,580.08,481.44,3579.12,UPI,Completed,2026-03-04
O000153,C0306,P0072,W015,6,712.27,455.9,3817.72,Net Banking,Completed,2025-11-17
O000154,C0377,P0136,W019,8,596.21,684.96,4084.72,Debit Card,Cancelled,2026-04-12
O000155,C0206,P0115,W001,5,346.43,217.93,1514.22,Credit Card,Pending,2025-11-05
O000156,C0242,P0181,W011,6,510.35,555.03,2507.07,Net Banking,Cancelled,2025-11-07
O000157,C0332,P0040,W017,1,533.67,13.26,520.41,Net Banking,Cancelled,2026-06-21
O000158,C0128,P0162,W016,8,472.72,681.07,3100.69,Cash,Completed,2026-05-27
O000159,C0114,P0170,W004,1,505.56,82.4,423.16,Credit Card,Cancelled,2026-04-24
O000160,C0384,P0081,W020,4,583.65,400.77,1933.83,UPI,Pending,2026-07-07
O000161,C0323,P0096,W006,8,223.64,353.95,1435.17,Net Banking,Completed,2025-12-19
O000162,C0148,P0113,W013,7,229.52,36.47,1570.17,Debit Card,Pending,2026-02-20
O000163,C0085,P0014,W016,9,248.91,305.49,1934.7,Debit Card,Pending,2026-01-09
O000164,C0455,P0194,W006,3,316.48,68.11,881.33,Cash,Completed,2026-01-14
O000165,C0330,P0134,W009,10,127.8,103.94,1174.06,Credit Card,Cancelled,2026-05-27
O000166,C0318,P0134,W014,2,127.8,40.95,214.65,Credit Card,Pending,2026-07-25
O000167,C0028,P0084,W014,6,611.84,505.05,3165.99,Debit Card,Completed,2026-08-02
O000168,C0409,P0091,W008,8,128.87,119.36,911.6,Debit Card,Pending,2026-06-08
O000169,C0355,P0151,W008,8,359.46,432.51,2443.17,UPI,Cancelled,2025-11-06
O000170,C0267,P0015,W008,2,435.76,137.8,733.72,Cash,Completed,2026-07-17
O000171,C0376,P0165,W019,7,221.44,10.84,1539.24,UPI,Completed,2026-03-16
O000172,C0015,P0163,W018,2,561.9,10.44,1113.36,Debit Card,Cancelled,2026-01-09
O000173,C0201,P0074,W018,5,318.47,95.67,1496.68,Cash,Completed,2026-02-19
O000174,C0398,P0133,W008,5,659.87,609.49,2689.86,Cash,Cancelled,2025-10-10
O000175,C0209,P0080,W005,4,24.4,16.8,80.8,Debit Card,Pending,2025-08-13
O000176,C0294,P0158,W010,2,498.73,74.33,923.13,Credit Card,Cancelled,2026-06-10
O000177,C0252,P0100,W002,7,451.54,530.24,2630.54,Debit Card,Completed,2026-03-01
O000178,C0097,P0023,W001,1,673.26,23.17,650.09,Cash,Completed,2025-10-24
O000179,C0314,P0127,W006,4,830.32,467.11,2854.17,Debit Card,Completed,2025-08-19
O000180,C0256,P0025,W018,3,464.04,19.76,1372.36,Net Banking,Pending,2025-12-04
O000181,C0387,P0126,W012,5,352.47,176.52,1585.83,Credit Card,Completed,2026-01-29
O000182,C0487,P0199,W018,1,550.92,26.06,524.86,Net Banking,Completed,2026-07-02
O000183,C0300,P0045,W001,4,74.54,20.88,277.28,Net Banking,Pending,2026-01-10
O000184,C0266,P0003,W003,8,307.09,99.18,2357.54,Credit Card,Cancelled,2026-05-09
O000185,C0012,P0087,W005,6,52.58,0.6,314.88,Debit Card,Completed,2025-10-01
O000186,C0331,P0143,W004,2,276.16,85.18,467.14,Credit Card,Completed,2026-02-20
O000187,C0468,P0108,W005,8,467.1,106.83,3629.97,UPI,Cancelled,2025-12-15
O000188,C0365,P0125,W018,9,184.54,50.51,1610.35,Debit Card,Cancelled,2026-05-06
O000189,C0150,P0072,W017,3,712.27,252.0,1884.81,Net Banking,Cancelled,2026-06-16
O000190,C0183,P0086,W008,4,781.27,374.7,2750.38,Debit Card,Pending,2026-05-23
O000191,C0244,P0126,W009,4,352.47,5.85,1404.03,Credit Card,Pending,2025-10-24
O000192,C0043,P0125,W020,6,184.54,161.21,946.03,UPI,Cancelled,2026-03-20
O000193,C0094,P0010,W003,4,275.52,202.05,900.03,Credit Card,Completed,2025-12-10
O000194,C0129,P0028,W001,9,169.73,169.01,1358.56,Cash,Cancelled,2026-03-14
O000195,C0147,P0166,W009,9,399.5,320.83,3274.67,UPI,Completed,2026-05-22
O000196,C0325,P0067,W004,1,610.98,110.25,500.73,Debit Card,Cancelled,2025-10-21
O000197,C0455,P0105,W018,10,537.76,889.72,4487.88,UPI,Cancelled,2025-08-23
O000198,C0426,P0146,W016,7,595.2,419.77,3746.63,Net Banking,Cancelled,2026-01-02
O000199,C0500,P0045,W015,9,74.54,21.63,649.23,UPI,Pending,2026-01-07
O000200,C0278,P0125,W006,1,184.54,17.53,167.01,Debit Card,Pending,2025-12-28
O000201,C0273,P0151,W011,3,359.46,138.27,940.11,Net Banking,Cancelled,2025-09-11
O000202,C0002,P0191,W015,3,583.75,207.49,1543.76,UPI,Completed,2026-03-23
O000203,C0081,P0130,W016,5,247.63,68.51,1169.64,Credit Card,Cancelled,2026-07-20
O000204,C0372,P0062,W003,6,152.46,57.77,856.99,Net Banking,Pending,2026-07-09
O000205,C0042,P0112,W012,8,635.62,707.36,4377.6,Cash,Completed,2025-11-03
O000206,C0265,P0024,W014,7,574.38,760.37,3260.29,Cash,Completed,2026-07-31
O000207,C0448,P0160,W005,10,103.95,102.17,937.33,UPI,Cancelled,2025-10-31
O000208,C0419,P0097,W008,1,339.95,45.07,294.88,Credit Card,Completed,2026-05-21
O000209,C0002,P0141,W009,6,473.02,53.68,2784.44,Cash,Completed,2025-10-30
O000210,C0229,P0188,W011,8,149.25,36.45,1157.55,Debit Card,Pending,2026-02-24
O000211,C0262,P0052,W005,1,697.25,88.4,608.85,Credit Card,Cancelled,2026-01-23
O000212,C0250,P0004,W002,6,47.98,27.32,260.56,Cash,Pending,2026-06-29
O000213,C0199,P0106,W003,2,395.02,43.07,746.97,Net Banking,Cancelled,2026-05-21
O000214,C0318,P0165,W011,4,221.44,98.93,786.83,Debit Card,Cancelled,2025-10-08
O000215,C0415,P0086,W001,3,781.27,117.47,2226.34,Credit Card,Cancelled,2026-06-27
O000216,C0222,P0127,W003,3,830.32,333.03,2157.93,Credit Card,Completed,2026-07-24
O000217,C0016,P0077,W018,2,705.01,36.29,1373.73,Net Banking,Cancelled,2026-06-10
O000218,C0352,P0003,W004,3,307.09,14.12,907.15,Net Banking,Completed,2026-07-15
O000219,C0481,P0026,W002,3,424.88,173.89,1100.75,Credit Card,Cancelled,2026-04-05
O000220,C0228,P0152,W015,2,41.85,16.31,67.39,Cash,Pending,2026-02-05
O000221,C0482,P0105,W016,4,537.76,58.24,2092.8,Cash,Completed,2026-02-28
O000222,C0328,P0187,W008,9,557.43,905.97,4110.9,Credit Card,Completed,2026-02-06
O000223,C0021,P0126,W011,1,352.47,55.74,296.73,Cash,Pending,2026-06-15
O000224,C0069,P0006,W008,5,615.25,265.43,2810.82,Net Banking,Cancelled,2025-10-10
O000225,C0038,P0142,W007,9,465.39,339.7,3848.81,Credit Card,Pending,2026-02-07
O000226,C0401,P0109,W018,7,51.49,38.2,322.23,Credit Card,Pending,2026-03-21
O000227,C0168,P0086,W016,8,781.27,119.81,6130.35,Cash,Cancelled,2026-01-18
O000228,C0172,P0089,W020,5,380.36,36.04,1865.76,Credit Card,Cancelled,2026-05-18
O000229,C0148,P0188,W014,7,149.25,12.46,1032.29,UPI,Completed,2025-12-29
O000230,C0159,P0099,W016,10,703.35,1287.22,5746.28,UPI,Pending,2025-12-15
O000231,C0051,P0138,W016,2,574.82,221.41,928.23,Debit Card,Cancelled,2025-10-31
O000232,C0433,P0170,W006,9,505.56,154.68,4395.36,Credit Card,Completed,2025-09-04
O000233,C0022,P0123,W003,8,614.42,364.63,4550.73,Debit Card,Completed,2026-03-26
O000234,C0300,P0028,W011,4,169.73,88.6,590.32,Debit Card,Completed,2025-11-05
O000235,C0388,P0180,W004,3,83.12,23.73,225.63,Net Banking,Cancelled,2025-08-27
O000236,C0174,P0001,W004,3,711.01,144.23,1988.8,Credit Card,Pending,2026-07-27
O000237,C0053,P0001,W010,8,711.01,163.88,5524.2,Debit Card,Cancelled,2025-09-29
O000238,C0006,P0010,W003,5,275.52,38.95,1338.65,Credit Card,Pending,2026-07-23
O000239,C0108,P0108,W011,10,467.1,580.41,4090.59,Cash,Completed,2026-03-18
O000240,C0278,P0112,W009,7,635.62,246.54,4202.8,Net Banking,Cancelled,2026-02-23
O000241,C0449,P0157,W018,6,596.45,541.35,3037.35,Net Banking,Completed,2025-11-17
O000242,C0218,P0040,W019,6,533.67,152.22,3049.8,Net Banking,Completed,2026-03-26
O000243,C0450,P0027,W011,1,78.28,2.3,75.98,Cash,Completed,2025-09-14
O000244,C0291,P0133,W016,2,659.87,157.41,1162.33,Cash,Cancelled,2025-10-13
O000245,C0276,P0044,W015,10,509.99,5.04,5094.86,Net Banking,Cancelled,2026-06-12
O000246,C0282,P0154,W009,4,687.94,163.45,2588.31,Debit Card,Completed,2026-05-19
O000247,C0175,P0126,W012,3,352.47,141.31,916.1,Cash,Pending,2026-06-01
O000248,C0213,P0033,W002,4,316.3,203.12,1062.08,Cash,Completed,2026-08-03
O000249,C0426,P0001,W012,5,711.01,404.01,3151.04,Cash,Completed,2026-06-16
O000250,C0215,P0163,W014,8,561.9,248.59,4246.61,Net Banking,Pending,2025-10-14
O000251,C0052,P0056,W019,3,73.8,4.95,216.45,Cash,Cancelled,2025-08-18
O000252,C0424,P0095,W009,4,121.43,78.01,407.71,Credit Card,Completed,2025-10-29
O000253,C0296,P0182,W013,7,103.87,59.89,667.2,Cash,Completed,2025-10-30
O000254,C0003,P0111,W016,8,638.29,802.76,4303.56,Debit Card,Completed,2025-10-11
O000255,C0043,P0132,W016,5,661.28,170.9,3135.5,Credit Card,Cancelled,2026-05-19
O000256,C0463,P0093,W015,7,102.56,138.88,579.04,Credit Card,Cancelled,2026-04-30
O000257,C0462,P0066,W003,10,156.35,27.61,1535.89,Net Banking,Cancelled,2025-11-15
O000258,C0372,P0057,W017,7,500.43,657.87,2845.14,Net Banking,Cancelled,2026-06-06
O000259,C0179,P0061,W006,3,427.25,206.2,1075.55,UPI,Pending,2026-03-07
O000260,C0138,P0111,W013,3,638.29,284.26,1630.61,Net Banking,Cancelled,2026-04-19
O000261,C0130,P0148,W011,10,538.64,1004.94,4381.46,Cash,Completed,2026-04-26
O000262,C0293,P0192,W012,6,392.33,232.49,2121.49,Cash,Pending,2026-03-25
O000263,C0354,P0061,W014,2,427.25,59.05,795.45,UPI,Completed,2025-12-23
O000264,C0128,P0051,W004,1,229.62,1.38,228.24,Cash,Pending,2025-09-29
O000265,C0484,P0174,W017,7,288.11,59.15,1957.62,UPI,Pending,2025-12-16
O000266,C0138,P0071,W002,2,324.09,82.54,565.64,Credit Card,Completed,2025-08-16
O000267,C0085,P0002,W012,9,318.95,188.97,2681.58,UPI,Completed,2026-07-20
O000268,C0153,P0132,W014,9,661.28,963.99,4987.53,Cash,Cancelled,2026-06-23
O000269,C0336,P0062,W012,10,152.46,48.86,1475.74,Net Banking,Pending,2026-01-20
O000270,C0079,P0111,W004,3,638.29,254.82,1660.05,Credit Card,Completed,2026-06-16
O000271,C0224,P0094,W010,4,536.83,262.85,1884.47,Cash,Completed,2026-02-18
O000272,C0213,P0123,W016,3,614.42,29.43,1813.83,Net Banking,Cancelled,2025-12-09
O000273,C0472,P0016,W011,10,646.11,1166.19,5294.91,Cash,Completed,2026-04-02
O000274,C0101,P0038,W006,4,210.73,109.02,733.9,Cash,Cancelled,2026-08-03
O000275,C0199,P0091,W002,4,128.87,27.5,487.98,Cash,Pending,2026-06-22
O000276,C0472,P0116,W010,3,446.14,243.37,1095.05,Debit Card,Pending,2026-03-19
O000277,C0440,P0129,W009,8,649.05,1014.12,4178.28,UPI,Completed,2026-04-08
O000278,C0011,P0032,W007,4,562.17,228.27,2020.41,UPI,Cancelled,2025-09-06
O000279,C0152,P0152,W008,10,41.85,21.77,396.73,Debit Card,Pending,2026-05-23
O000280,C0244,P0118,W017,7,545.32,614.19,3203.05,UPI,Pending,2026-02-21
O000281,C0107,P0096,W005,3,223.64,97.9,573.02,UPI,Pending,2026-01-02
O000282,C0184,P0004,W020,8,47.98,19.21,364.63,Cash,Completed,2025-09-09
O000283,C0368,P0190,W017,10,537.59,984.71,4391.19,UPI,Completed,2026-05-14
O000284,C0332,P0081,W019,9,583.65,39.74,5213.11,UPI,Pending,2026-04-23
O000285,C0129,P0186,W019,10,703.11,518.72,6512.38,Debit Card,Cancelled,2026-02-23
O000286,C0244,P0058,W004,3,607.88,343.47,1480.17,Credit Card,Cancelled,2026-04-23
O000287,C0265,P0183,W017,2,518.44,116.67,920.21,Net Banking,Pending,2026-04-12
O000288,C0229,P0028,W010,3,169.73,29.58,479.61,Net Banking,Cancelled,2025-10-27
O000289,C0227,P0029,W006,3,380.84,163.15,979.37,Cash,Completed,2025-08-20
O000290,C0180,P0008,W011,2,707.65,96.86,1318.44,Cash,Completed,2026-01-11
O000291,C0144,P0148,W004,10,538.64,136.55,5249.85,Debit Card,Completed,2026-01-17
O000292,C0218,P0099,W011,6,703.35,790.67,3429.43,UPI,Completed,2025-09-11
O000293,C0195,P0176,W006,8,708.65,1125.37,4543.83,Cash,Pending,2025-08-28
O000294,C0288,P0153,W004,2,97.2,37.67,156.73,Net Banking,Completed,2026-03-20
O000295,C0355,P0096,W007,5,223.64,72.34,1045.86,Net Banking,Pending,2025-10-28
O000296,C0340,P0157,W016,10,596.45,189.32,5775.18,Credit Card,Pending,2025-08-25
O000297,C0452,P0001,W005,9,711.01,542.48,5856.61,Debit Card,Completed,2025-10-08
O000298,C0457,P0119,W017,6,123.87,42.68,700.54,UPI,Cancelled,2026-01-29
O000299,C0029,P0074,W010,3,318.47,163.01,792.4,Debit Card,Pending,2025-10-31
O000300,C0198,P0115,W016,3,346.43,190.5,848.79,Cash,Pending,2025-11-01
O000301,C0082,P0099,W009,9,703.35,897.53,5432.62,UPI,Completed,2025-09-27
O000302,C0422,P0039,W006,2,696.37,52.31,1340.43,UPI,Cancelled,2025-12-26
O000303,C0180,P0005,W012,2,616.49,11.09,1221.89,Net Banking,Completed,2025-12-04
O000304,C0165,P0117,W016,7,422.57,209.69,2748.3,Credit Card,Pending,2025-08-15
O000305,C0464,P0042,W019,4,276.02,120.66,983.42,Debit Card,Completed,2025-11-27
O000306,C0066,P0193,W001,1,327.81,29.57,298.24,Credit Card,Completed,2025-09-24
O000307,C0415,P0166,W009,9,399.5,141.51,3453.99,Debit Card,Cancelled,2026-04-06
O000308,C0306,P0176,W015,3,708.65,373.8,1752.15,Cash,Cancelled,2026-01-09
O000309,C0423,P0020,W009,5,658.43,183.72,3108.43,Net Banking,Cancelled,2026-08-04
O000310,C0165,P0075,W011,5,153.98,48.53,721.37,Net Banking,Cancelled,2025-12-18
O000311,C0244,P0176,W005,7,708.65,414.23,4546.32,Debit Card,Pending,2026-04-18
O000312,C0070,P0069,W005,4,779.75,586.45,2532.55,Credit Card,Pending,2025-09-12
O000313,C0248,P0153,W005,6,97.2,68.4,514.8,UPI,Completed,2025-10-26
O000314,C0350,P0122,W009,3,472.24,88.43,1328.29,Credit Card,Cancelled,2026-04-02
O000315,C0060,P0073,W004,9,114.95,77.14,957.41,Net Banking,Pending,2025-08-23
O000316,C0343,P0065,W006,2,114.36,25.09,203.63,Cash,Cancelled,2025-08-21
O000317,C0280,P0183,W012,9,518.44,716.62,3949.34,Credit Card,Completed,2026-03-09
O000318,C0042,P0199,W011,9,550.92,671.03,4287.25,Debit Card,Pending,2025-10-25
O000319,C0232,P0008,W003,4,707.65,466.64,2363.96,UPI,Completed,2025-09-25
O000320,C0306,P0081,W013,6,583.65,586.7,2915.2,Credit Card,Completed,2026-07-09
O000321,C0404,P0002,W020,3,318.95,172.2,784.65,UPI,Pending,2026-05-23
O000322,C0028,P0159,W004,10,340.74,451.29,2956.11,UPI,Pending,2025-10-19
O000323,C0031,P0031,W018,4,475.72,244.07,1658.81,UPI,Cancelled,2025-08-19
O000324,C0070,P0096,W012,4,223.64,26.51,868.05,Debit Card,Cancelled,2025-09-23
O000325,C0092,P0195,W015,2,194.61,39.21,350.01,Cash,Pending,2026-02-13
O000326,C0392,P0039,W017,7,696.37,58.06,4816.53,UPI,Pending,2026-06-19
O000327,C0378,P0013,W015,5,678.5,595.42,2797.08,Debit Card,Pending,2026-05-27
O000328,C0225,P0039,W013,5,696.37,628.5,2853.35,Credit Card,Cancelled,2026-04-25
O000329,C0056,P0142,W006,6,465.39,364.7,2427.64,Credit Card,Completed,2026-03-30
O000330,C0426,P0160,W011,7,103.95,31.5,696.15,Net Banking,Pending,2026-03-15
O000331,C0284,P0068,W016,3,244.39,55.95,677.22,Credit Card,Pending,2025-12-09
O000332,C0272,P0002,W020,1,318.95,61.37,257.58,Debit Card,Pending,2026-02-11
O000333,C0358,P0156,W003,3,716.77,428.89,1721.42,UPI,Cancelled,2025-09-25
O000334,C0028,P0060,W016,3,220.07,126.38,533.83,Net Banking,Completed,2026-03-11
O000335,C0232,P0122,W012,5,472.24,212.28,2148.92,Cash,Cancelled,2025-08-31
O000336,C0463,P0038,W016,6,210.73,145.56,1118.82,Net Banking,Cancelled,2025-10-25
O000337,C0210,P0053,W014,8,208.63,333.12,1335.92,Net Banking,Pending,2026-05-19
O000338,C0101,P0158,W003,6,498.73,262.09,2730.29,Credit Card,Completed,2026-02-12
O000339,C0429,P0007,W019,1,86.6,12.04,74.56,Debit Card,Cancelled,2025-09-30
O000340,C0313,P0134,W013,8,127.8,45.37,977.03,Cash,Completed,2025-11-14
O000341,C0011,P0161,W007,10,792.47,1395.8,6528.9,Debit Card,Cancelled,2026-07-21
O000342,C0339,P0183,W011,9,518.44,42.34,4623.62,Credit Card,Completed,2025-12-04
O000343,C0500,P0117,W011,9,422.57,708.78,3094.35,Credit Card,Completed,2026-07-29
O000344,C0264,P0025,W006,10,464.04,438.95,4201.45,Net Banking,Pending,2026-02-23
O000345,C0499,P0197,W019,2,603.05,78.4,1127.7,Cash,Cancelled,2025-10-03
O000346,C0321,P0058,W011,10,607.88,1160.6,4918.2,Net Banking,Cancelled,2025-10-03
O000347,C0457,P0084,W008,2,611.84,169.54,1054.14,Net Banking,Completed,2025-10-26
O000348,C0113,P0033,W020,1,316.3,24.26,292.04,Net Banking,Pending,2025-11-09
O000349,C0424,P0099,W020,3,703.35,358.51,1751.54,UPI,Cancelled,2026-06-19
O000350,C0436,P0191,W010,10,583.75,1040.86,4796.64,Net Banking,Completed,2025-12-28
O000351,C0059,P0156,W014,9,716.77,553.1,5897.83,UPI,Pending,2026-03-27
O000352,C0477,P0155,W012,4,70.67,52.45,230.23,Cash,Completed,2026-03-15
O000353,C0459,P0044,W013,10,509.99,165.58,4934.32,Net Banking,Completed,2026-04-15
O000354,C0446,P0023,W011,2,673.26,50.64,1295.88,Cash,Completed,2026-07-01
O000355,C0204,P0066,W005,10,156.35,100.99,1462.51,Net Banking,Completed,2026-02-13
O000356,C0426,P0112,W002,8,635.62,730.03,4354.93,Credit Card,Completed,2026-01-02
O000357,C0489,P0037,W010,1,536.12,16.8,519.32,Cash,Completed,2026-07-01
O000358,C0120,P0107,W012,5,223.7,64.2,1054.3,UPI,Pending,2025-10-02
O000359,C0221,P0175,W013,7,636.16,199.69,4253.43,Cash,Completed,2026-03-12
O000360,C0311,P0177,W004,8,764.51,194.38,5921.7,UPI,Completed,2026-06-02
O000361,C0404,P0163,W019,9,561.9,943.44,4113.66,Net Banking,Pending,2025-11-21
O000362,C0237,P0163,W007,6,561.9,152.09,3219.31,Credit Card,Completed,2025-12-31
O000363,C0372,P0065,W003,8,114.36,168.15,746.73,Net Banking,Cancelled,2025-10-22
O000364,C0071,P0048,W020,1,197.9,32.14,165.76,Credit Card,Pending,2025-10-15
O000365,C0493,P0103,W011,3,104.86,35.87,278.71,Debit Card,Pending,2026-01-10
O000366,C0216,P0001,W018,5,711.01,17.09,3537.96,Cash,Pending,2026-02-19
O000367,C0025,P0181,W009,4,510.35,16.09,2025.31,Cash,Cancelled,2025-08-21
O000368,C0198,P0096,W002,10,223.64,20.81,2215.59,Net Banking,Pending,2026-02-09
O000369,C0132,P0171,W015,2,165.53,4.75,326.31,UPI,Pending,2026-03-18
O000370,C0387,P0081,W011,9,583.65,972.93,4279.92,Debit Card,Completed,2025-08-27
O000371,C0127,P0139,W005,5,261.47,261.02,1046.33,Debit Card,Completed,2026-01-28
O000372,C0228,P0029,W010,6,380.84,287.78,1997.26,Debit Card,Cancelled,2026-03-03
O000373,C0036,P0068,W002,4,244.39,76.93,900.63,Net Banking,Pending,2025-10-30
O000374,C0144,P0023,W010,4,673.26,136.9,2556.14,Net Banking,Pending,2026-07-04
O000375,C0338,P0064,W009,8,124.23,94.86,898.98,Cash,Cancelled,2025-08-10
O000376,C0309,P0119,W008,3,123.87,46.74,324.87,UPI,Completed,2026-01-05
O000377,C0064,P0097,W013,10,339.95,335.65,3063.85,UPI,Cancelled,2025-09-28
O000378,C0409,P0061,W014,9,427.25,300.08,3545.17,Cash,Pending,2025-12-25
O000379,C0252,P0150,W020,9,79.1,21.97,689.93,UPI,Cancelled,2026-04-25
O000380,C0025,P0103,W009,10,104.86,6.2,1042.4,Debit Card,Completed,2025-09-07
O000381,C0170,P0085,W002,6,734.45,413.91,3992.79,UPI,Pending,2026-01-03
O000382,C0355,P0200,W020,10,181.69,67.72,1749.18,Credit Card,Completed,2026-07-03
O000383,C0367,P0011,W015,1,311.47,0.56,310.91,Debit Card,Cancelled,2025-12-04
O000384,C0271,P0077,W017,5,705.01,183.81,3341.24,UPI,Completed,2025-11-19
O000385,C0433,P0145,W005,8,49.46,16.64,379.04,Debit Card,Completed,2026-04-28
O000386,C0302,P0160,W020,1,103.95,16.42,87.53,Cash,Cancelled,2026-02-12
O000387,C0402,P0178,W007,3,253.74,122.48,638.74,UPI,Cancelled,2026-04-24
O000388,C0158,P0105,W014,1,537.76,95.85,441.91,UPI,Pending,2025-08-25
O000389,C0124,P0043,W012,9,759.88,499.08,6339.84,UPI,Cancelled,2025-12-30
O000390,C0260,P0039,W004,8,696.37,589.19,4981.77,Net Banking,Completed,2025-09-08
O000391,C0475,P0112,W009,7,635.62,436.4,4012.94,Net Banking,Pending,2025-11-01
O000392,C0269,P0150,W001,10,79.1,26.65,764.35,UPI,Completed,2026-03-22
O000393,C0477,P0017,W017,9,438.91,462.6,3487.59,Net Banking,Completed,2025-10-25
O000394,C0326,P0009,W017,2,127.01,5.96,248.06,Debit Card,Completed,2025-09-03
O000395,C0363,P0010,W003,2,275.52,6.62,544.42,Debit Card,Completed,2025-12-24
O000396,C0269,P0042,W016,3,276.02,59.32,768.74,Cash,Pending,2026-05-12
O000397,C0108,P0154,W004,8,687.94,249.84,5253.68,Debit Card,Pending,2025-08-09
O000398,C0164,P0007,W002,2,86.6,7.35,165.85,Credit Card,Pending,2025-11-25
O000399,C0234,P0067,W002,8,610.98,435.58,4452.26,UPI,Completed,2025-09-17
O000400,C0473,P0040,W006,2,533.67,142.87,924.47,Credit Card,Cancelled,2026-06-06
O000401,C0303,P0100,W003,6,451.54,253.32,2455.92,Credit Card,Pending,2026-04-06
O000402,C0346,P0091,W012,7,128.87,45.63,856.46,Cash,Pending,2026-05-28
O000403,C0023,P0162,W011,10,472.72,396.35,4330.85,Net Banking,Completed,2025-12-29
O000404,C0392,P0132,W015,8,661.28,450.2,4840.04,UPI,Completed,2026-01-17
O000405,C0460,P0015,W006,7,435.76,123.62,2926.7,Credit Card,Pending,2026-03-09
O000406,C0415,P0100,W011,3,451.54,268.8,1085.82,Credit Card,Pending,2026-05-28
O000407,C0099,P0170,W009,1,505.56,91.45,414.11,UPI,Completed,2026-07-18
O000408,C0022,P0169,W017,5,685.11,336.73,3088.82,Credit Card,Completed,2026-04-07
O000409,C0479,P0012,W015,2,342.53,104.54,580.52,Net Banking,Pending,2026-02-14
O000410,C0443,P0197,W003,1,603.05,65.69,537.36,UPI,Pending,2026-07-01
O000411,C0008,P0138,W006,5,574.82,480.83,2393.27,Credit Card,Pending,2025-09-28
O000412,C0082,P0185,W011,3,566.24,338.56,1360.16,Credit Card,Completed,2026-07-31
O000413,C0409,P0148,W011,5,538.64,344.14,2349.06,UPI,Cancelled,2026-05-14
O000414,C0140,P0085,W002,6,734.45,385.0,4021.7,Net Banking,Cancelled,2026-04-15
O000415,C0178,P0034,W010,5,98.84,62.42,431.78,Cash,Completed,2026-02-11
O000416,C0316,P0184,W006,6,600.98,491.14,3114.74,UPI,Completed,2025-09-08
O000417,C0422,P0106,W002,1,395.02,4.11,390.91,UPI,Completed,2026-05-19
O000418,C0053,P0119,W003,6,123.87,88.01,655.21,Cash,Pending,2026-05-30
O000419,C0267,P0120,W003,8,117.95,146.71,796.89,Credit Card,Completed,2026-01-25
O000420,C0287,P0037,W002,5,536.12,21.95,2658.65,Cash,Completed,2025-09-19
O000421,C0004,P0167,W015,8,121.8,158.88,815.52,Credit Card,Cancelled,2026-07-29
O000422,C0459,P0152,W007,7,41.85,13.99,278.96,Credit Card,Pending,2026-03-04
O000423,C0446,P0038,W011,2,210.73,6.85,414.61,Cash,Pending,2026-06-12
O000424,C0190,P0093,W003,2,102.56,18.45,186.67,UPI,Pending,2026-05-31
O000425,C0047,P0087,W007,3,52.58,28.81,128.93,Debit Card,Pending,2025-10-11
O000426,C0400,P0169,W008,3,685.11,115.12,1940.21,UPI,Completed,2026-07-29
O000427,C0351,P0176,W005,9,708.65,1224.88,5152.97,Net Banking,Cancelled,2026-01-03
O000428,C0401,P0078,W012,7,134.38,101.23,839.43,Debit Card,Pending,2026-05-02
O000429,C0269,P0079,W005,6,102.81,74.42,542.44,Credit Card,Cancelled,2026-02-08
O000430,C0366,P0036,W011,5,550.45,51.06,2701.19,UPI,Completed,2025-09-08
O000431,C0484,P0097,W003,10,339.95,231.67,3167.83,Net Banking,Completed,2025-10-02
O000432,C0225,P0079,W001,5,102.81,32.37,481.68,Debit Card,Pending,2026-07-14
O000433,C0413,P0015,W019,3,435.76,170.55,1136.73,Debit Card,Completed,2026-06-20
O000434,C0369,P0098,W017,3,515.46,165.02,1381.36,UPI,Pending,2026-05-07
O000435,C0388,P0013,W007,2,678.5,97.09,1259.91,UPI,Cancelled,2026-06-20
O000436,C0211,P0147,W020,2,250.9,93.66,408.14,Cash,Pending,2025-11-21
O000437,C0106,P0008,W018,1,707.65,78.79,628.86,Cash,Cancelled,2026-06-25
O000438,C0453,P0122,W007,9,472.24,392.13,3858.03,Debit Card,Cancelled,2026-07-29
O000439,C0362,P0062,W020,7,152.46,119.61,947.61,Debit Card,Pending,2026-06-20
O000440,C0108,P0006,W005,5,615.25,607.88,2468.37,Credit Card,Completed,2026-04-15
O000441,C0004,P0128,W009,7,366.55,506.68,2059.17,Cash,Pending,2026-01-04
O000442,C0298,P0060,W004,1,220.07,40.86,179.21,Net Banking,Cancelled,2026-07-03
O000443,C0219,P0052,W009,1,697.25,113.2,584.05,Net Banking,Pending,2026-01-03
O000444,C0449,P0123,W010,5,614.42,22.81,3049.29,UPI,Completed,2026-05-20
O000445,C0451,P0084,W017,8,611.84,853.7,4041.02,Cash,Cancelled,2026-05-14
O000446,C0452,P0066,W020,5,156.35,7.99,773.76,UPI,Completed,2026-04-19
O000447,C0279,P0087,W013,5,52.58,22.61,240.29,Net Banking,Pending,2026-02-18
O000448,C0347,P0157,W010,2,596.45,80.53,1112.37,UPI,Cancelled,2026-06-03
O000449,C0207,P0078,W003,1,134.38,26.4,107.98,Cash,Completed,2025-10-07
O000450,C0271,P0193,W013,7,327.81,141.88,2152.79,UPI,Completed,2025-08-28
O000451,C0382,P0169,W016,7,685.11,213.56,4582.21,Credit Card,Cancelled,2025-11-10
O000452,C0399,P0156,W006,2,716.77,174.78,1258.76,Cash,Cancelled,2026-06-05
O000453,C0400,P0037,W008,9,536.12,466.72,4358.36,UPI,Pending,2025-10-30
O000454,C0054,P0019,W015,3,452.83,139.0,1219.49,Net Banking,Cancelled,2026-06-24
O000455,C0322,P0021,W007,4,244.16,108.6,868.04,Credit Card,Completed,2026-04-15
O000456,C0406,P0056,W017,2,73.8,19.81,127.79,Debit Card,Cancelled,2026-06-08
O000457,C0433,P0156,W006,10,716.77,1098.08,6069.62,Net Banking,Completed,2025-12-24
O000458,C0336,P0191,W008,2,583.75,107.35,1060.15,Debit Card,Pending,2026-04-21
O000459,C0343,P0097,W004,4,339.95,196.11,1163.69,Credit Card,Pending,2025-11-18
O000460,C0409,P0104,W018,8,61.8,95.21,399.19,UPI,Pending,2026-05-22
O000461,C0366,P0092,W016,5,165.58,152.71,675.19,Net Banking,Cancelled,2026-01-31
O000462,C0408,P0032,W013,4,562.17,4.01,2244.67,UPI,Cancelled,2026-06-04
O000463,C0211,P0025,W010,7,464.04,237.32,3010.96,Cash,Cancelled,2025-08-28
O000464,C0465,P0153,W020,4,97.2,45.03,343.77,Debit Card,Cancelled,2026-05-09
O000465,C0139,P0119,W014,7,123.87,165.52,701.57,Credit Card,Cancelled,2025-10-22
O000466,C0385,P0026,W020,10,424.88,694.35,3554.45,UPI,Completed,2025-12-13
O000467,C0260,P0168,W004,3,802.22,430.17,1976.49,UPI,Completed,2025-10-27
O000468,C0302,P0199,W012,1,550.92,70.41,480.51,Net Banking,Completed,2026-03-13
O000469,C0106,P0034,W009,2,98.84,26.8,170.88,UPI,Cancelled,2025-10-03
O000470,C0278,P0063,W006,7,152.21,95.38,970.09,Net Banking,Pending,2025-09-22
O000471,C0249,P0009,W003,4,127.01,12.1,495.94,Credit Card,Cancelled,2026-01-29
O000472,C0259,P0049,W008,9,200.77,134.24,1672.69,UPI,Cancelled,2026-07-29
O000473,C0023,P0173,W020,1,112.19,15.66,96.53,Debit Card,Pending,2026-02-28
O000474,C0050,P0181,W001,8,510.35,310.34,3772.46,Net Banking,Completed,2026-06-13
O000475,C0174,P0135,W011,8,444.2,393.39,3160.21,Net Banking,Pending,2025-11-07
O000476,C0295,P0025,W011,1,464.04,75.01,389.03,Net Banking,Pending,2026-07-08
O000477,C0304,P0013,W018,10,678.5,73.86,6711.14,Credit Card,Pending,2025-08-08
O000478,C0396,P0179,W016,5,761.14,81.4,3724.3,Cash,Completed,2025-10-05
O000479,C0401,P0002,W017,10,318.95,202.48,2987.02,Net Banking,Cancelled,2026-02-26
O000480,C0069,P0027,W016,4,78.28,49.01,264.11,Net Banking,Cancelled,2025-12-25
O000481,C0154,P0183,W006,2,518.44,106.59,930.29,Net Banking,Pending,2025-10-21
O000482,C0012,P0006,W013,9,615.25,157.72,5379.53,Cash,Pending,2026-06-13
O000483,C0330,P0103,W003,9,104.86,168.44,775.3,Credit Card,Pending,2025-08-09
O000484,C0371,P0053,W004,3,208.63,97.72,528.17,Debit Card,Completed,2026-07-01
O000485,C0103,P0185,W019,6,566.24,503.52,2893.92,UPI,Pending,2026-05-11
O000486,C0266,P0055,W008,1,691.95,8.28,683.67,Net Banking,Cancelled,2026-04-14
O000487,C0454,P0122,W009,5,472.24,123.05,2238.15,Net Banking,Pending,2025-11-16
O000488,C0297,P0096,W007,8,223.64,96.19,1692.93,UPI,Cancelled,2025-11-28
O000489,C0297,P0081,W017,6,583.65,635.86,2866.04,Credit Card,Completed,2025-12-04
O000490,C0427,P0108,W001,1,467.1,83.55,383.55,Cash,Completed,2025-12-02
O000491,C0136,P0175,W001,4,636.16,185.73,2358.91,Debit Card,Pending,2025-12-14
O000492,C0226,P0028,W018,3,169.73,72.31,436.88,Cash,Completed,2025-10-23
O000493,C0324,P0193,W014,2,327.81,54.99,600.63,Cash,Completed,2026-04-30
O000494,C0487,P0008,W013,3,707.65,191.13,1931.82,Debit Card,Pending,2026-02-20
O000495,C0141,P0111,W002,5,638.29,266.48,2924.97,Credit Card,Cancelled,2026-03-15
O000496,C0424,P0089,W001,7,380.36,214.63,2447.89,Cash,Pending,2026-01-20
O000497,C0249,P0181,W014,1,510.35,23.9,486.45,Net Banking,Completed,2026-03-22
O000498,C0400,P0184,W015,6,600.98,509.54,3096.34,UPI,Cancelled,2025-10-03
O000499,C0460,P0074,W014,5,318.47,227.33,1365.02,Credit Card,Pending,2026-06-07
O000500,C0267,P0077,W019,3,705.01,367.75,1747.28,Debit Card,Completed,2026-01-16
O000501,C0238,P0163,W009,10,561.9,861.46,4757.54,Net Banking,Completed,2025-12-15
O000502,C0419,P0057,W010,10,500.43,99.15,4905.15,Net Banking,Cancelled,2026-01-08
O000503,C0072,P0125,W008,4,184.54,1.23,736.93,Credit Card,Completed,2025-10-17
O000504,C0206,P0053,W014,3,208.63,14.95,610.94,Cash,Completed,2026-02-11
O000505,C0298,P0127,W007,2,830.32,225.54,1435.1,Credit Card,Pending,2025-11-16
O000506,C0381,P0122,W001,7,472.24,267.93,3037.75,Credit Card,Completed,2025-12-28
O000507,C0183,P0091,W017,4,128.87,6.14,509.34,Debit Card,Pending,2026-04-26
O000508,C0106,P0160,W013,2,103.95,38.05,169.85,Net Banking,Cancelled,2026-03-31
O000509,C0236,P0019,W008,10,452.83,338.77,4189.53,Cash,Completed,2026-04-26
O000510,C0217,P0097,W001,7,339.95,172.38,2207.27,Cash,Pending,2025-10-11
O000511,C0233,P0125,W015,1,184.54,32.84,151.7,Debit Card,Pending,2025-11-22
O000512,C0278,P0126,W004,3,352.47,155.05,902.36,UPI,Cancelled,2026-02-13
O000513,C0120,P0177,W014,2,764.51,103.7,1425.32,Credit Card,Pending,2026-02-06
O000514,C0048,P0005,W004,6,616.49,437.43,3261.51,Credit Card,Completed,2026-01-30
O000515,C0271,P0186,W012,8,703.11,362.0,5262.88,Debit Card,Pending,2025-10-16
O000516,C0045,P0152,W017,8,41.85,7.74,327.06,Credit Card,Cancelled,2025-12-22
O000517,C0127,P0185,W019,5,566.24,388.74,2442.46,Net Banking,Pending,2025-11-10
O000518,C0102,P0194,W020,8,316.48,19.47,2512.37,Debit Card,Pending,2026-03-05
O000519,C0092,P0159,W015,10,340.74,534.06,2873.34,Credit Card,Cancelled,2026-04-07
O000520,C0347,P0071,W004,7,324.09,397.57,1871.06,Debit Card,Cancelled,2026-05-30
O000521,C0192,P0146,W001,6,595.2,94.73,3476.47,UPI,Pending,2026-06-17
O000522,C0469,P0080,W010,8,24.4,13.97,181.23,UPI,Pending,2025-11-21
O000523,C0358,P0065,W002,7,114.36,128.49,672.03,Credit Card,Completed,2026-07-09
O000524,C0037,P0186,W001,3,703.11,365.96,1743.37,Net Banking,Completed,2026-01-23
O000525,C0233,P0014,W005,8,248.91,394.38,1596.9,Credit Card,Pending,2026-06-02
O000526,C0075,P0065,W001,1,114.36,5.86,108.5,Credit Card,Pending,2025-10-10
O000527,C0200,P0122,W013,4,472.24,44.18,1844.78,Credit Card,Cancelled,2025-10-26
O000528,C0256,P0107,W007,1,223.7,30.83,192.87,Cash,Pending,2025-10-14
O000529,C0099,P0030,W005,9,129.09,48.65,1113.16,Net Banking,Pending,2025-10-23
O000530,C0326,P0149,W011,9,102.98,106.94,819.88,Credit Card,Cancelled,2026-02-01
O000531,C0218,P0084,W006,1,611.84,11.81,600.03,Net Banking,Completed,2025-12-27
O000532,C0214,P0108,W002,9,467.1,259.94,3943.96,Cash,Completed,2025-10-07
O000533,C0199,P0164,W008,1,347.36,53.86,293.5,UPI,Pending,2025-12-10
O000534,C0443,P0121,W019,10,650.82,587.93,5920.27,Debit Card,Cancelled,2026-06-15
O000535,C0193,P0104,W011,2,61.8,9.53,114.07,Credit Card,Completed,2025-08-09
O000536,C0021,P0059,W017,1,691.04,29.9,661.14,Debit Card,Pending,2026-03-23
O000537,C0049,P0089,W002,5,380.36,349.34,1552.46,Credit Card,Completed,2026-05-15
O000538,C0104,P0033,W017,1,316.3,6.91,309.39,UPI,Cancelled,2026-02-03
O000539,C0471,P0076,W003,7,366.83,230.27,2337.54,UPI,Cancelled,2025-08-26
O000540,C0479,P0086,W014,1,781.27,6.78,774.49,Credit Card,Completed,2026-03-18
O000541,C0489,P0162,W008,8,472.72,689.57,3092.19,UPI,Cancelled,2025-08-07
O000542,C0163,P0155,W005,2,70.67,16.41,124.93,UPI,Cancelled,2025-11-11
O000543,C0262,P0176,W018,9,708.65,1137.57,5240.28,Credit Card,Completed,2026-03-02
O000544,C0081,P0049,W006,9,200.77,256.73,1550.2,Cash,Cancelled,2026-06-26
O000545,C0111,P0029,W011,8,380.84,189.79,2856.93,UPI,Completed,2025-10-23
O000546,C0130,P0058,W006,4,607.88,300.88,2130.64,Credit Card,Completed,2025-09-29
O000547,C0296,P0122,W016,10,472.24,723.99,3998.41,Debit Card,Pending,2026-07-11
O000548,C0488,P0100,W002,10,451.54,496.36,4019.04,Credit Card,Cancelled,2026-03-13
O000549,C0317,P0143,W011,6,276.16,4.08,1652.88,Credit Card,Cancelled,2026-01-23
O000550,C0407,P0137,W003,3,70.49,26.84,184.63,Debit Card,Cancelled,2026-07-01
O000551,C0250,P0019,W013,10,452.83,366.24,4162.06,Debit Card,Completed,2025-10-01
O000552,C0057,P0162,W014,7,472.72,593.47,2715.57,Net Banking,Completed,2026-05-17
O000553,C0264,P0150,W020,3,79.1,43.35,193.95,Net Banking,Pending,2026-06-08
O000554,C0439,P0020,W012,5,658.43,345.98,2946.17,Cash,Cancelled,2026-07-10
O000555,C0128,P0034,W007,4,98.84,9.06,386.3,Cash,Cancelled,2025-11-22
O000556,C0209,P0111,W003,9,638.29,1132.86,4611.75,Debit Card,Completed,2025-10-19
O000557,C0447,P0129,W008,4,649.05,331.05,2265.15,Debit Card,Cancelled,2026-05-24
O000558,C0366,P0177,W011,4,764.51,295.43,2762.61,Credit Card,Cancelled,2025-09-19
O000559,C0286,P0118,W001,5,545.32,484.16,2242.44,Credit Card,Cancelled,2026-07-20
O000560,C0450,P0003,W009,1,307.09,14.66,292.43,Net Banking,Completed,2025-12-19
O000561,C0207,P0109,W003,5,51.49,15.92,241.53,Cash,Completed,2026-01-25
O000562,C0292,P0039,W018,6,696.37,46.12,4132.1,UPI,Pending,2026-01-29
O000563,C0477,P0188,W018,1,149.25,19.41,129.84,Debit Card,Pending,2026-02-11
O000564,C0382,P0092,W014,7,165.58,65.81,1093.25,Net Banking,Completed,2025-10-13
O000565,C0017,P0065,W011,6,114.36,83.88,602.28,Credit Card,Cancelled,2026-01-16
O000566,C0184,P0131,W014,6,381.9,104.0,2187.4,Credit Card,Pending,2025-11-19
O000567,C0109,P0123,W013,3,614.42,8.11,1835.15,Debit Card,Cancelled,2025-08-30
O000568,C0462,P0141,W005,8,473.02,495.15,3289.01,UPI,Pending,2025-11-29
O000569,C0354,P0199,W015,3,550.92,110.27,1542.49,Debit Card,Pending,2026-01-04
O000570,C0302,P0074,W018,5,318.47,164.42,1427.93,Net Banking,Cancelled,2026-03-15
O000571,C0310,P0093,W006,6,102.56,93.58,521.78,Cash,Completed,2025-09-08
O000572,C0433,P0189,W007,1,416.57,16.19,400.38,Credit Card,Pending,2025-12-04
O000573,C0016,P0039,W005,8,696.37,412.35,5158.61,UPI,Cancelled,2025-09-23
O000574,C0303,P0073,W019,2,114.95,6.92,222.98,Debit Card,Pending,2026-07-28
O000575,C0167,P0025,W020,6,464.04,148.73,2635.51,Debit Card,Cancelled,2026-05-01
O000576,C0133,P0077,W017,6,705.01,190.91,4039.15,Cash,Pending,2025-12-16
O000577,C0415,P0135,W007,4,444.2,89.4,1687.4,UPI,Pending,2026-07-10
O000578,C0385,P0054,W011,4,298.13,129.18,1063.34,UPI,Cancelled,2026-06-29
O000579,C0465,P0126,W011,5,352.47,153.86,1608.49,Credit Card,Completed,2026-01-17
O000580,C0080,P0098,W020,7,515.46,359.06,3249.16,Net Banking,Completed,2026-05-31
O000581,C0074,P0009,W017,9,127.01,74.86,1068.23,UPI,Completed,2025-12-10
O000582,C0495,P0042,W005,8,276.02,34.8,2173.36,Credit Card,Pending,2025-11-30
O000583,C0323,P0140,W007,10,719.31,435.85,6757.25,Net Banking,Pending,2026-04-17
O000584,C0373,P0034,W012,8,98.84,28.73,761.99,Debit Card,Pending,2026-07-28
O000585,C0245,P0150,W018,10,79.1,18.89,772.11,Debit Card,Cancelled,2025-12-11
O000586,C0016,P0167,W020,2,121.8,48.26,195.34,Cash,Pending,2025-09-21
O000587,C0175,P0142,W013,7,465.39,420.9,2836.83,UPI,Completed,2025-12-04
O000588,C0349,P0139,W008,8,261.47,67.27,2024.49,UPI,Cancelled,2026-07-30
O000589,C0481,P0175,W007,4,636.16,181.62,2363.02,Net Banking,Pending,2026-05-29
O000590,C0074,P0099,W006,8,703.35,44.26,5582.54,Credit Card,Cancelled,2026-04-24
O000591,C0372,P0132,W008,3,661.28,218.1,1765.74,Cash,Pending,2026-06-08
O000592,C0155,P0188,W015,7,149.25,139.79,904.96,Cash,Pending,2025-10-13
O000593,C0457,P0102,W001,3,580.08,305.48,1434.76,Net Banking,Pending,2026-06-03
O000594,C0350,P0194,W015,5,316.48,7.06,1575.34,Cash,Cancelled,2026-02-10
O000595,C0148,P0177,W016,5,764.51,625.03,3197.52,Credit Card,Cancelled,2026-06-04
O000596,C0020,P0094,W013,2,536.83,200.49,873.17,Credit Card,Cancelled,2026-05-26
O000597,C0447,P0120,W020,6,117.95,21.03,686.67,UPI,Pending,2026-05-24
O000598,C0428,P0077,W006,1,705.01,11.09,693.92,Cash,Completed,2026-06-03
O000599,C0201,P0066,W003,8,156.35,31.77,1219.03,Cash,Completed,2026-04-20
O000600,C0234,P0180,W009,10,83.12,103.59,727.61,Cash,Cancelled,2026-02-08
O000601,C0426,P0139,W008,2,261.47,23.66,499.28,Credit Card,Completed,2026-01-08
O000602,C0026,P0011,W008,5,311.47,293.6,1263.75,Credit Card,Completed,2026-03-09
O000603,C0362,P0160,W014,2,103.95,20.13,187.77,Credit Card,Completed,2025-10-30
O000604,C0311,P0119,W017,1,123.87,13.78,110.09,Credit Card,Completed,2025-10-25
O000605,C0217,P0155,W007,10,70.67,131.62,575.08,Credit Card,Cancelled,2026-06-26
O000606,C0111,P0010,W011,4,275.52,146.72,955.36,UPI,Cancelled,2025-10-02
O000607,C0384,P0056,W017,6,73.8,19.35,423.45,Debit Card,Cancelled,2025-10-21
O000608,C0022,P0042,W010,3,276.02,83.84,744.22,Credit Card,Pending,2026-04-10
O000609,C0324,P0118,W018,10,545.32,304.12,5149.08,UPI,Pending,2025-12-03
O000610,C0303,P0176,W014,9,708.65,1058.1,5319.75,UPI,Cancelled,2026-02-24
O000611,C0338,P0055,W011,10,691.95,251.32,6668.18,Debit Card,Pending,2025-10-28
O000612,C0338,P0011,W018,1,311.47,53.97,257.5,Debit Card,Cancelled,2026-07-16
O000613,C0079,P0082,W005,10,524.26,244.56,4998.04,Credit Card,Completed,2026-07-01
O000614,C0172,P0190,W008,8,537.59,481.54,3819.18,Credit Card,Completed,2025-09-17
O000615,C0470,P0098,W006,5,515.46,428.28,2149.02,Net Banking,Cancelled,2026-03-22
O000616,C0173,P0030,W002,10,129.09,37.77,1253.13,Credit Card,Completed,2025-09-24
O000617,C0175,P0130,W006,7,247.63,218.58,1514.83,Credit Card,Pending,2026-01-07
O000618,C0474,P0134,W017,7,127.8,139.65,754.95,Credit Card,Completed,2025-10-18
O000619,C0205,P0185,W002,3,566.24,274.89,1423.83,Net Banking,Completed,2026-05-19
O000620,C0185,P0136,W014,3,596.21,355.2,1433.43,Debit Card,Cancelled,2026-03-09
O000621,C0181,P0141,W009,9,473.02,647.29,3609.89,Debit Card,Pending,2025-12-14
O000622,C0370,P0177,W004,9,764.51,572.67,6307.92,Debit Card,Cancelled,2026-01-24
O000623,C0052,P0023,W016,6,673.26,254.53,3785.03,Debit Card,Completed,2026-07-30
O000624,C0498,P0116,W020,4,446.14,294.6,1489.96,UPI,Completed,2026-06-20
O000625,C0263,P0093,W015,8,102.56,130.66,689.82,Debit Card,Completed,2025-08-08
O000626,C0106,P0057,W017,1,500.43,11.95,488.48,Credit Card,Cancelled,2025-10-02
O000627,C0416,P0049,W012,10,200.77,373.7,1634.0,UPI,Pending,2026-07-20
O000628,C0376,P0086,W020,5,781.27,398.93,3507.42,Debit Card,Completed,2025-11-29
O000629,C0488,P0058,W014,7,607.88,582.18,3672.98,Net Banking,Pending,2025-12-29
O000630,C0499,P0076,W002,1,366.83,38.52,328.31,Credit Card,Pending,2025-12-25
O000631,C0019,P0185,W020,3,566.24,252.85,1445.87,Net Banking,Cancelled,2026-02-19
O000632,C0380,P0131,W001,3,381.9,17.73,1127.97,Net Banking,Pending,2025-08-16
O000633,C0192,P0108,W018,3,467.1,105.93,1295.37,Cash,Completed,2025-11-08
O000634,C0060,P0037,W020,2,536.12,72.9,999.34,Net Banking,Cancelled,2025-12-05
O000635,C0096,P0025,W016,2,464.04,137.92,790.16,UPI,Pending,2026-05-01
O000636,C0342,P0128,W011,5,366.55,347.33,1485.42,UPI,Completed,2026-04-29
O000637,C0136,P0025,W016,10,464.04,126.11,4514.29,Credit Card,Cancelled,2026-01-08
O000638,C0488,P0092,W013,5,165.58,99.44,728.46,Debit Card,Cancelled,2026-07-20
O000639,C0044,P0059,W018,3,691.04,64.41,2008.71,Cash,Completed,2026-06-19
O000640,C0250,P0108,W002,6,467.1,478.16,2324.44,Credit Card,Cancelled,2025-11-18
O000641,C0227,P0079,W020,7,102.81,84.45,635.22,Debit Card,Completed,2025-08-29
O000642,C0037,P0018,W002,8,693.16,774.11,4771.17,Cash,Completed,2026-02-26
O000643,C0247,P0170,W001,7,505.56,399.05,3139.87,Net Banking,Pending,2026-06-29
O000644,C0379,P0058,W006,4,607.88,197.33,2234.19,Cash,Completed,2026-03-01
O000645,C0298,P0119,W011,9,123.87,107.48,1007.35,Net Banking,Pending,2025-12-05
O000646,C0452,P0083,W019,4,557.15,283.79,1944.81,Net Banking,Pending,2025-09-13
O000647,C0476,P0093,W004,9,102.56,78.85,844.19,Debit Card,Cancelled,2026-03-16
O000648,C0425,P0184,W016,4,600.98,214.08,2189.84,Debit Card,Pending,2026-07-25
O000649,C0273,P0014,W007,7,248.91,21.0,1721.37,UPI,Pending,2026-06-22
O000650,C0074,P0188,W012,7,149.25,88.3,956.45,Credit Card,Pending,2025-08-28
O000651,C0380,P0139,W015,5,261.47,144.65,1162.7,Cash,Pending,2025-11-19
O000652,C0159,P0095,W019,8,121.43,146.65,824.79,Cash,Cancelled,2025-10-19
O000653,C0394,P0194,W001,6,316.48,236.87,1662.01,Credit Card,Cancelled,2025-12-25
O000654,C0366,P0029,W001,1,380.84,68.24,312.6,Debit Card,Pending,2026-07-22
O000655,C0456,P0090,W015,5,414.11,119.33,1951.22,Debit Card,Pending,2025-10-08
O000656,C0197,P0051,W007,2,229.62,91.37,367.87,Debit Card,Pending,2026-06-04
O000657,C0046,P0127,W005,6,830.32,801.96,4179.96,Net Banking,Cancelled,2025-12-03
O000658,C0482,P0195,W007,2,194.61,51.13,338.09,Net Banking,Cancelled,2025-08-18
O000659,C0264,P0178,W018,4,253.74,197.76,817.2,Debit Card,Cancelled,2025-12-07
O000660,C0325,P0010,W017,8,275.52,182.08,2022.08,Cash,Completed,2026-07-07
O000661,C0234,P0070,W009,6,468.0,499.45,2308.55,UPI,Cancelled,2026-01-28
O000662,C0348,P0143,W020,2,276.16,40.48,511.84,Cash,Completed,2026-01-06
O000663,C0345,P0052,W008,10,697.25,540.87,6431.63,UPI,Completed,2025-10-04
O000664,C0024,P0110,W007,5,91.98,73.23,386.67,Credit Card,Pending,2026-02-06
O000665,C0159,P0137,W016,2,70.49,17.58,123.4,UPI,Completed,2025-11-11
O000666,C0464,P0163,W010,9,561.9,125.03,4932.07,UPI,Completed,2025-10-07
O000667,C0399,P0190,W008,9,537.59,667.59,4170.72,Net Banking,Pending,2026-05-15
O000668,C0120,P0062,W020,6,152.46,179.27,735.49,Credit Card,Cancelled,2026-05-29
O000669,C0301,P0144,W014,3,642.6,104.49,1823.31,UPI,Pending,2026-05-05
O000670,C0176,P0179,W018,3,761.14,157.69,2125.73,Cash,Completed,2026-02-06
O000671,C0003,P0064,W006,4,124.23,62.22,434.7,Cash,Pending,2025-09-08
O000672,C0127,P0125,W016,7,184.54,246.53,1045.25,Net Banking,Completed,2025-10-25
O000673,C0217,P0144,W003,10,642.6,1095.79,5330.21,Net Banking,Cancelled,2025-12-16
O000674,C0111,P0181,W012,6,510.35,362.74,2699.36,UPI,Pending,2026-05-02
O000675,C0008,P0031,W019,3,475.72,104.48,1322.68,Net Banking,Pending,2026-01-22
O000676,C0383,P0053,W014,2,208.63,36.61,380.65,UPI,Cancelled,2026-05-13
O000677,C0034,P0063,W002,5,152.21,16.11,744.94,Credit Card,Cancelled,2025-08-30
O000678,C0206,P0131,W010,4,381.9,190.73,1336.87,Debit Card,Completed,2026-01-15
O000679,C0361,P0127,W017,7,830.32,786.39,5025.85,Credit Card,Pending,2026-01-26
O000680,C0371,P0071,W019,2,324.09,13.4,634.78,Net Banking,Completed,2026-04-21
O000681,C0194,P0020,W003,10,658.43,584.29,6000.01,Debit Card,Completed,2026-07-11
O000682,C0424,P0196,W016,6,403.53,408.69,2012.49,Cash,Pending,2025-09-13
O000683,C0245,P0042,W007,2,276.02,32.68,519.36,Cash,Pending,2026-01-19
O000684,C0274,P0132,W007,9,661.28,752.34,5199.18,Cash,Completed,2026-04-07
O000685,C0265,P0002,W003,8,318.95,22.26,2529.34,Debit Card,Pending,2025-08-05
O000686,C0348,P0051,W005,1,229.62,1.4,228.22,Debit Card,Completed,2025-08-15
O000687,C0063,P0156,W002,4,716.77,167.05,2700.03,UPI,Completed,2025-10-02
O000688,C0073,P0175,W011,6,636.16,696.63,3120.33,Cash,Pending,2025-12-05
O000689,C0042,P0077,W018,2,705.01,224.56,1185.46,Credit Card,Pending,2025-09-18
O000690,C0149,P0056,W019,3,73.8,36.82,184.58,Cash,Pending,2026-06-14
O000691,C0125,P0068,W014,6,244.39,81.1,1385.24,UPI,Completed,2025-11-04
O000692,C0165,P0101,W019,10,536.98,552.27,4817.53,Cash,Pending,2026-01-26
O000693,C0307,P0178,W015,5,253.74,191.44,1077.26,Debit Card,Pending,2025-09-03
O000694,C0102,P0189,W003,5,416.57,139.1,1943.75,Net Banking,Completed,2025-09-28
O000695,C0067,P0135,W014,5,444.2,53.99,2167.01,Cash,Completed,2025-12-24
O000696,C0399,P0020,W002,7,658.43,495.02,4113.99,UPI,Completed,2025-11-23
O000697,C0451,P0155,W011,10,70.67,61.52,645.18,Debit Card,Completed,2026-06-23
O000698,C0114,P0026,W008,8,424.88,622.8,2776.24,Debit Card,Completed,2025-09-02
O000699,C0188,P0161,W020,5,792.47,93.56,3868.79,Credit Card,Completed,2025-09-11
O000700,C0165,P0083,W017,4,557.15,154.58,2074.02,Cash,Cancelled,2026-05-17
O000701,C0075,P0061,W005,4,427.25,222.98,1486.02,Net Banking,Pending,2025-12-02
O000702,C0262,P0078,W005,7,134.38,7.36,933.3,UPI,Cancelled,2026-04-03
O000703,C0484,P0102,W020,4,580.08,34.2,2286.12,Cash,Completed,2026-03-07
O000704,C0256,P0007,W019,3,86.6,27.49,232.31,UPI,Cancelled,2026-01-04
O000705,C0169,P0121,W018,10,650.82,81.0,6427.2,Net Banking,Pending,2026-06-10
O000706,C0291,P0125,W011,8,184.54,215.27,1261.05,Debit Card,Cancelled,2026-04-28
O000707,C0375,P0040,W006,2,533.67,8.22,1059.12,Cash,Pending,2025-09-26
O000708,C0042,P0116,W009,10,446.14,367.29,4094.11,UPI,Cancelled,2026-06-02
O000709,C0014,P0056,W008,5,73.8,48.75,320.25,Debit Card,Pending,2026-02-12
O000710,C0385,P0184,W015,1,600.98,107.34,493.64,Credit Card,Cancelled,2026-01-04
O000711,C0054,P0156,W007,4,716.77,133.27,2733.81,Credit Card,Completed,2025-10-21
O000712,C0047,P0118,W013,3,545.32,182.3,1453.66,Credit Card,Completed,2026-05-12
O000713,C0352,P0049,W013,8,200.77,25.5,1580.66,UPI,Completed,2026-06-06
O000714,C0389,P0112,W012,6,635.62,717.55,3096.17,Cash,Pending,2026-01-11
O000715,C0494,P0127,W008,7,830.32,806.33,5005.91,UPI,Pending,2026-06-01
O000716,C0172,P0036,W019,4,550.45,284.75,1917.05,UPI,Cancelled,2026-06-09
O000717,C0497,P0037,W004,1,536.12,54.42,481.7,Net Banking,Cancelled,2025-10-10
O000718,C0266,P0021,W013,6,244.16,95.05,1369.91,Debit Card,Cancelled,2025-10-13
O000719,C0138,P0092,W001,2,165.58,3.44,327.72,Cash,Pending,2025-11-04
O000720,C0492,P0104,W007,7,61.8,5.3,427.3,Cash,Cancelled,2025-10-23
O000721,C0162,P0188,W012,2,149.25,46.57,251.93,UPI,Completed,2026-07-13
O000722,C0204,P0020,W020,10,658.43,612.43,5971.87,Net Banking,Cancelled,2026-06-06
O000723,C0472,P0162,W017,3,472.72,176.45,1241.71,UPI,Pending,2025-11-25
O000724,C0162,P0107,W001,2,223.7,5.13,442.27,Debit Card,Cancelled,2026-01-12
O000725,C0137,P0169,W016,8,685.11,803.06,4677.82,UPI,Pending,2025-09-09
O000726,C0460,P0142,W018,3,465.39,58.89,1337.28,Net Banking,Cancelled,2025-10-14
O000727,C0136,P0151,W005,10,359.46,6.15,3588.45,Debit Card,Completed,2026-01-02
O000728,C0212,P0138,W006,6,574.82,300.01,3148.91,Credit Card,Completed,2026-01-13
O000729,C0371,P0109,W020,4,51.49,12.61,193.35,Net Banking,Completed,2026-07-16
O000730,C0129,P0028,W014,5,169.73,86.27,762.38,Net Banking,Cancelled,2026-05-31
O000731,C0106,P0174,W014,4,288.11,121.82,1030.62,Credit Card,Cancelled,2025-11-21
O000732,C0467,P0161,W010,6,792.47,128.02,4626.8,Credit Card,Cancelled,2026-07-24
O000733,C0155,P0006,W010,9,615.25,546.35,4990.9,Credit Card,Pending,2026-06-27
O000734,C0461,P0049,W005,5,200.77,134.78,869.07,Net Banking,Pending,2025-11-09
O000735,C0319,P0040,W011,10,533.67,428.13,4908.57,Debit Card,Completed,2026-07-12
O000736,C0298,P0060,W006,9,220.07,160.34,1820.29,Net Banking,Pending,2025-10-25
O000737,C0331,P0063,W018,3,152.21,63.42,393.21,Credit Card,Completed,2025-10-24
O000738,C0375,P0126,W004,8,352.47,418.02,2401.74,UPI,Pending,2025-10-22
O000739,C0021,P0064,W017,4,124.23,88.32,408.6,Debit Card,Pending,2026-04-21
O000740,C0284,P0090,W004,8,414.11,280.88,3032.0,Credit Card,Cancelled,2026-07-24
O000741,C0182,P0032,W004,5,562.17,333.52,2477.33,Net Banking,Cancelled,2026-03-05
O000742,C0225,P0049,W015,8,200.77,268.88,1337.28,Cash,Completed,2026-06-20
O000743,C0281,P0072,W018,9,712.27,409.65,6000.78,Cash,Completed,2025-09-04
O000744,C0454,P0170,W013,1,505.56,23.18,482.38,UPI,Pending,2026-07-19
O000745,C0084,P0025,W017,10,464.04,898.17,3742.23,Credit Card,Cancelled,2025-10-01
O000746,C0128,P0067,W020,5,610.98,369.97,2684.93,UPI,Pending,2025-10-22
O000747,C0027,P0099,W018,8,703.35,746.32,4880.48,Credit Card,Pending,2025-08-21
O000748,C0441,P0051,W013,9,229.62,86.01,1980.57,Cash,Completed,2025-08-23
O000749,C0443,P0050,W015,1,407.27,80.8,326.47,Debit Card,Cancelled,2025-12-15
O000750,C0219,P0160,W003,1,103.95,8.3,95.65,Net Banking,Completed,2025-09-06
O000751,C0122,P0071,W001,2,324.09,126.51,521.67,Debit Card,Pending,2026-03-25
O000752,C0170,P0166,W006,9,399.5,584.06,3011.44,Credit Card,Completed,2026-05-13
O000753,C0136,P0153,W015,7,97.2,82.38,598.02,UPI,Pending,2026-06-22
O000754,C0279,P0043,W016,4,759.88,83.31,2956.21,Net Banking,Pending,2026-06-19
O000755,C0455,P0142,W012,1,465.39,84.24,381.15,Credit Card,Completed,2026-05-24
O000756,C0420,P0089,W006,5,380.36,22.82,1878.98,Net Banking,Cancelled,2025-09-21
O000757,C0238,P0142,W004,7,465.39,113.84,3143.89,Debit Card,Completed,2026-03-19
O000758,C0310,P0163,W007,10,561.9,960.09,4658.91,Credit Card,Completed,2026-05-14
O000759,C0041,P0017,W010,7,438.91,39.62,3032.75,Credit Card,Cancelled,2026-04-22
O000760,C0143,P0165,W012,1,221.44,36.61,184.83,Cash,Pending,2025-08-15
O000761,C0202,P0140,W004,9,719.31,847.08,5626.71,UPI,Completed,2026-07-28
O000762,C0157,P0181,W014,5,510.35,409.3,2142.45,Cash,Completed,2025-11-15
O000763,C0279,P0072,W014,9,712.27,341.59,6068.84,Cash,Pending,2026-07-09
O000764,C0406,P0085,W020,3,734.45,85.23,2118.12,Net Banking,Completed,2025-12-31
O000765,C0375,P0021,W002,5,244.16,118.41,1102.39,Credit Card,Pending,2026-03-24
O000766,C0411,P0181,W008,8,510.35,435.4,3647.4,Net Banking,Cancelled,2026-04-01
O000767,C0067,P0189,W020,3,416.57,171.45,1078.26,UPI,Cancelled,2025-08-23
O000768,C0167,P0109,W010,10,51.49,27.9,487.0,UPI,Pending,2025-10-08
O000769,C0280,P0006,W013,8,615.25,803.7,4118.3,Credit Card,Completed,2025-08-31
O000770,C0190,P0005,W014,1,616.49,60.65,555.84,Debit Card,Cancelled,2026-04-17
O000771,C0077,P0011,W003,9,311.47,313.89,2489.34,Debit Card,Pending,2025-10-29
O000772,C0293,P0153,W016,7,97.2,121.84,558.56,Cash,Completed,2026-06-27
O000773,C0022,P0017,W004,8,438.91,240.81,3270.47,Debit Card,Completed,2026-01-28
O000774,C0223,P0167,W004,9,121.8,150.65,945.55,Credit Card,Completed,2026-02-04
O000775,C0097,P0086,W002,6,781.27,440.05,4247.57,Debit Card,Completed,2025-10-20
O000776,C0032,P0188,W003,4,149.25,7.31,589.69,Cash,Cancelled,2026-06-12
O000777,C0017,P0196,W017,7,403.53,299.74,2524.97,Cash,Cancelled,2026-03-21
O000778,C0436,P0104,W015,1,61.8,3.07,58.73,Debit Card,Completed,2025-12-06
O000779,C0142,P0023,W020,3,673.26,52.23,1967.55,Credit Card,Cancelled,2025-11-10
O000780,C0412,P0177,W005,9,764.51,766.54,6114.05,Net Banking,Completed,2025-10-28
O000781,C0448,P0043,W003,6,759.88,334.15,4225.13,Credit Card,Cancelled,2026-04-09
O000782,C0384,P0065,W011,2,114.36,38.12,190.6,Debit Card,Pending,2025-09-17
O000783,C0234,P0148,W013,1,538.64,65.12,473.52,Cash,Completed,2025-08-30
O000784,C0278,P0199,W017,5,550.92,550.63,2203.97,Cash,Pending,2026-04-10
O000785,C0381,P0076,W018,1,366.83,18.63,348.2,Net Banking,Cancelled,2025-11-17
O000786,C0283,P0046,W009,7,602.93,32.66,4187.85,Net Banking,Completed,2025-09-26
O000787,C0290,P0142,W008,5,465.39,155.63,2171.32,Credit Card,Cancelled,2025-08-26
O000788,C0484,P0079,W017,7,102.81,55.94,663.73,Cash,Cancelled,2026-06-22
O000789,C0486,P0001,W010,1,711.01,30.9,680.11,Cash,Pending,2025-11-08
O000790,C0086,P0184,W016,2,600.98,179.13,1022.83,Debit Card,Pending,2025-08-30
O000791,C0183,P0124,W018,8,711.13,598.83,5090.21,Debit Card,Cancelled,2026-04-13
O000792,C0230,P0021,W014,2,244.16,74.84,413.48,Net Banking,Pending,2026-01-04
O000793,C0044,P0189,W015,7,416.57,109.2,2806.79,Credit Card,Completed,2025-08-29
O000794,C0186,P0088,W008,8,512.39,337.06,3762.06,Credit Card,Cancelled,2025-10-08
O000795,C0122,P0065,W015,4,114.36,47.16,410.28,Debit Card,Completed,2025-12-15
O000796,C0384,P0099,W018,3,703.35,56.1,2053.95,Net Banking,Cancelled,2026-02-17
O000797,C0307,P0012,W008,9,342.53,103.47,2979.3,Cash,Pending,2025-12-10
O000798,C0368,P0171,W011,9,165.53,295.66,1194.11,UPI,Cancelled,2026-05-29
O000799,C0407,P0127,W010,2,830.32,321.66,1338.98,Debit Card,Cancelled,2026-05-26
O000800,C0289,P0014,W009,8,248.91,154.42,1836.86,UPI,Pending,2025-11-09
O000801,C0220,P0135,W010,7,444.2,36.42,3072.98,Debit Card,Pending,2026-05-08
O000802,C0397,P0044,W016,6,509.99,311.95,2747.99,UPI,Completed,2025-08-24
O000803,C0431,P0077,W016,9,705.01,964.73,5380.36,UPI,Cancelled,2026-02-24
O000804,C0173,P0056,W001,8,73.8,104.76,485.64,Credit Card,Pending,2026-01-11
O000805,C0148,P0153,W015,7,97.2,41.63,638.77,UPI,Completed,2025-11-08
O000806,C0107,P0040,W009,5,533.67,278.87,2389.48,Credit Card,Completed,2026-05-23
O000807,C0025,P0125,W001,8,184.54,14.9,1461.42,Debit Card,Completed,2026-04-09
O000808,C0410,P0180,W003,4,83.12,28.97,303.51,Cash,Pending,2025-12-30
O000809,C0275,P0142,W010,10,465.39,257.99,4395.91,Credit Card,Pending,2025-12-08
O000810,C0359,P0166,W012,10,399.5,55.22,3939.78,UPI,Completed,2025-12-21
O000811,C0295,P0178,W005,4,253.74,109.17,905.79,UPI,Cancelled,2026-02-20
O000812,C0243,P0161,W009,6,792.47,708.45,4046.37,Cash,Cancelled,2025-09-28
O000813,C0010,P0056,W003,8,73.8,74.84,515.56,Debit Card,Pending,2025-09-28
O000814,C0191,P0094,W019,8,536.83,782.55,3512.09,Net Banking,Cancelled,2025-09-10
O000815,C0199,P0008,W013,3,707.65,284.18,1838.77,UPI,Pending,2026-04-01
O000816,C0038,P0176,W012,2,708.65,163.6,1253.7,Debit Card,Cancelled,2026-06-18
O000817,C0340,P0018,W015,5,693.16,201.58,3264.22,Cash,Completed,2026-03-10
O000818,C0092,P0094,W004,7,536.83,450.09,3307.72,UPI,Completed,2025-11-22
O000819,C0390,P0163,W015,2,561.9,18.2,1105.6,Credit Card,Cancelled,2026-03-20
O000820,C0037,P0071,W004,4,324.09,244.95,1051.41,Cash,Completed,2025-12-20
O000821,C0370,P0039,W018,9,696.37,1012.67,5254.66,Debit Card,Cancelled,2026-01-30
O000822,C0425,P0069,W007,9,779.75,621.93,6395.82,Net Banking,Pending,2026-01-24
O000823,C0107,P0051,W009,8,229.62,222.99,1613.97,Credit Card,Cancelled,2025-09-07
O000824,C0157,P0043,W009,6,759.88,337.78,4221.5,UPI,Pending,2025-09-11
O000825,C0204,P0113,W017,7,229.52,165.04,1441.6,Net Banking,Completed,2026-03-28
O000826,C0344,P0141,W003,9,473.02,705.2,3551.98,Net Banking,Completed,2025-09-01
O000827,C0247,P0077,W003,5,705.01,401.15,3123.9,Debit Card,Pending,2026-07-20
O000828,C0359,P0029,W006,9,380.84,388.11,3039.45,Credit Card,Cancelled,2026-04-24
O000829,C0452,P0165,W020,10,221.44,7.93,2206.47,UPI,Cancelled,2025-12-26
O000830,C0481,P0033,W001,7,316.3,79.78,2134.32,Net Banking,Cancelled,2026-01-26
O000831,C0041,P0140,W012,3,719.31,169.34,1988.59,UPI,Completed,2026-05-25
O000832,C0313,P0176,W008,2,708.65,53.87,1363.43,Debit Card,Pending,2025-10-01
O000833,C0097,P0112,W016,9,635.62,842.18,4878.4,Credit Card,Completed,2026-07-06
O000834,C0306,P0059,W013,5,691.04,272.87,3182.33,UPI,Completed,2025-09-08
O000835,C0195,P0188,W013,2,149.25,23.08,275.42,Debit Card,Pending,2026-05-09
O000836,C0334,P0009,W007,3,127.01,55.4,325.63,UPI,Cancelled,2025-11-20
O000837,C0438,P0124,W014,6,711.13,346.62,3920.16,UPI,Completed,2026-05-22
O000838,C0225,P0112,W011,5,635.62,173.22,3004.88,Debit Card,Completed,2025-10-21
O000839,C0004,P0179,W005,8,761.14,1190.69,4898.43,Cash,Pending,2026-04-06
O000840,C0196,P0035,W008,2,613.51,81.13,1145.89,Net Banking,Pending,2026-06-18
O000841,C0335,P0138,W001,6,574.82,563.88,2885.04,Debit Card,Cancelled,2025-12-09
O000842,C0219,P0113,W012,5,229.52,37.66,1109.94,UPI,Cancelled,2026-02-21
O000843,C0395,P0146,W001,6,595.2,395.89,3175.31,Credit Card,Completed,2026-03-06
O000844,C0125,P0167,W008,9,121.8,23.19,1073.01,Credit Card,Completed,2025-10-08
O000845,C0500,P0148,W012,4,538.64,277.56,1877.0,Net Banking,Cancelled,2025-09-16
O000846,C0116,P0062,W009,5,152.46,86.75,675.55,Net Banking,Cancelled,2025-10-08
O000847,C0148,P0096,W002,10,223.64,92.39,2144.01,Debit Card,Pending,2025-11-17
O000848,C0076,P0166,W002,3,399.5,176.79,1021.71,Cash,Cancelled,2025-12-26
O000849,C0007,P0102,W004,2,580.08,137.82,1022.34,Cash,Cancelled,2025-10-15
O000850,C0263,P0100,W018,1,451.54,71.35,380.19,Debit Card,Pending,2025-08-31
O000851,C0452,P0087,W017,6,52.58,3.05,312.43,Debit Card,Completed,2026-01-18
O000852,C0105,P0079,W018,7,102.81,37.18,682.49,Cash,Pending,2026-01-01
O000853,C0459,P0153,W001,7,97.2,16.47,663.93,UPI,Pending,2025-10-14
O000854,C0281,P0152,W003,6,41.85,18.86,232.24,UPI,Pending,2025-12-05
O000855,C0351,P0004,W019,1,47.98,5.66,42.32,Net Banking,Pending,2026-01-26
O000856,C0419,P0179,W003,5,761.14,181.47,3624.23,Net Banking,Cancelled,2026-07-06
O000857,C0051,P0179,W007,7,761.14,409.12,4918.86,Cash,Completed,2025-09-17
O000858,C0313,P0011,W010,3,311.47,148.59,785.82,Credit Card,Pending,2025-10-18
O000859,C0030,P0062,W013,5,152.46,137.14,625.16,UPI,Completed,2026-07-10
O000860,C0402,P0155,W015,4,70.67,41.73,240.95,Credit Card,Completed,2025-10-05
O000861,C0161,P0128,W002,1,366.55,63.4,303.15,Net Banking,Cancelled,2025-10-03
O000862,C0139,P0181,W001,10,510.35,836.21,4267.29,Net Banking,Completed,2026-06-23
O000863,C0337,P0056,W008,3,73.8,33.3,188.1,Cash,Pending,2025-08-29
O000864,C0476,P0084,W020,5,611.84,81.67,2977.53,UPI,Pending,2026-02-01
O000865,C0016,P0176,W018,10,708.65,163.69,6922.81,UPI,Pending,2026-02-22
O000866,C0070,P0072,W002,8,712.27,555.1,5143.06,Cash,Pending,2025-10-07
O000867,C0387,P0078,W009,10,134.38,102.39,1241.41,Credit Card,Completed,2025-09-26
O000868,C0483,P0053,W011,3,208.63,124.57,501.32,Credit Card,Pending,2026-07-14
O000869,C0308,P0080,W011,10,24.4,38.19,205.81,Cash,Cancelled,2026-05-01
O000870,C0035,P0051,W008,9,229.62,230.55,1836.03,Credit Card,Pending,2026-06-20
O000871,C0178,P0181,W004,10,510.35,831.89,4271.61,UPI,Cancelled,2025-11-05
O000872,C0239,P0164,W016,6,347.36,112.26,1971.9,UPI,Pending,2026-07-08
O000873,C0264,P0162,W014,1,472.72,49.55,423.17,Credit Card,Pending,2025-08-10
O000874,C0218,P0104,W003,6,61.8,59.03,311.77,Debit Card,Pending,2026-06-13
O000875,C0420,P0096,W012,5,223.64,18.02,1100.18,Credit Card,Pending,2026-03-26
O000876,C0326,P0009,W011,1,127.01,19.53,107.48,Net Banking,Pending,2026-02-12
O000877,C0232,P0052,W006,1,697.25,56.77,640.48,Net Banking,Cancelled,2026-04-06
O000878,C0370,P0054,W015,7,298.13,60.44,2026.47,UPI,Cancelled,2026-04-30
O000879,C0353,P0179,W018,5,761.14,377.8,3427.9,UPI,Completed,2026-03-26
O000880,C0095,P0122,W010,2,472.24,49.48,895.0,Debit Card,Completed,2026-07-07
O000881,C0391,P0035,W019,3,613.51,68.13,1772.4,Net Banking,Cancelled,2026-04-14
O000882,C0126,P0082,W010,6,524.26,387.28,2758.28,Debit Card,Cancelled,2026-02-17
O000883,C0212,P0138,W013,10,574.82,17.85,5730.35,UPI,Pending,2025-08-25
O000884,C0254,P0050,W018,8,407.27,69.21,3188.95,Credit Card,Completed,2025-11-11
O000885,C0228,P0129,W013,4,649.05,20.32,2575.88,Credit Card,Cancelled,2026-07-04
O000886,C0439,P0070,W017,7,468.0,519.54,2756.46,Net Banking,Cancelled,2026-07-27
O000887,C0145,P0055,W019,8,691.95,145.28,5390.32,Net Banking,Pending,2026-06-13
O000888,C0008,P0155,W017,7,70.67,40.28,454.41,Cash,Pending,2026-07-06
O000889,C0465,P0077,W004,3,705.01,289.1,1825.93,Net Banking,Cancelled,2026-04-17
O000890,C0250,P0070,W019,2,468.0,77.0,859.0,Net Banking,Cancelled,2026-05-22
O000891,C0005,P0086,W010,3,781.27,67.19,2276.62,Debit Card,Cancelled,2026-07-29
O000892,C0101,P0154,W020,2,687.94,36.78,1339.1,UPI,Cancelled,2026-03-04
O000893,C0001,P0097,W018,8,339.95,64.36,2655.24,Cash,Pending,2026-01-25
O000894,C0103,P0096,W017,3,223.64,45.78,625.14,Credit Card,Completed,2025-12-15
O000895,C0122,P0198,W006,10,369.55,593.11,3102.39,Cash,Pending,2025-08-26
O000896,C0113,P0145,W009,9,49.46,47.08,398.06,Net Banking,Pending,2026-02-27
O000897,C0136,P0010,W011,4,275.52,67.35,1034.73,Cash,Cancelled,2026-02-25
O000898,C0432,P0146,W005,6,595.2,178.87,3392.33,UPI,Completed,2025-11-06
O000899,C0449,P0196,W001,8,403.53,488.55,2739.69,UPI,Cancelled,2026-02-02
O000900,C0027,P0037,W007,8,536.12,1.96,4287.0,Debit Card,Pending,2025-10-03
O000901,C0389,P0148,W014,4,538.64,239.72,1914.84,UPI,Pending,2025-11-17
O000902,C0277,P0135,W011,7,444.2,527.83,2581.57,Debit Card,Completed,2026-07-17
O000903,C0478,P0166,W020,7,399.5,304.39,2492.11,UPI,Cancelled,2026-03-14
O000904,C0108,P0036,W006,10,550.45,845.97,4658.53,UPI,Pending,2026-02-18
O000905,C0463,P0035,W016,4,613.51,319.65,2134.39,Credit Card,Cancelled,2026-03-08
O000906,C0225,P0078,W016,8,134.38,56.68,1018.36,Net Banking,Cancelled,2026-04-23
O000907,C0253,P0072,W002,10,712.27,160.85,6961.85,Debit Card,Pending,2025-09-08
O000908,C0026,P0065,W006,9,114.36,114.74,914.5,Credit Card,Completed,2026-03-03
O000909,C0179,P0068,W002,3,244.39,52.9,680.27,Cash,Pending,2026-03-03
O000910,C0119,P0161,W004,8,792.47,557.06,5782.7,UPI,Completed,2026-06-02
O000911,C0436,P0130,W016,5,247.63,185.48,1052.67,Net Banking,Completed,2026-01-01
O000912,C0445,P0029,W009,2,380.84,98.57,663.11,Cash,Pending,2026-07-19
O000913,C0194,P0175,W010,9,636.16,1142.28,4583.16,Cash,Pending,2026-06-19
O000914,C0251,P0117,W004,6,422.57,262.14,2273.28,Credit Card,Pending,2026-06-25
O000915,C0176,P0075,W011,7,153.98,200.73,877.13,UPI,Completed,2026-03-07
O000916,C0382,P0125,W018,7,184.54,119.12,1172.66,UPI,Completed,2026-07-28
O000917,C0188,P0198,W005,3,369.55,154.29,954.36,Cash,Pending,2025-08-19
O000918,C0004,P0004,W020,4,47.98,26.15,165.77,Debit Card,Cancelled,2025-10-07
O000919,C0239,P0005,W013,7,616.49,784.01,3531.42,UPI,Completed,2025-08-20
O000920,C0051,P0187,W009,4,557.43,311.57,1918.15,Cash,Completed,2026-01-18
O000921,C0442,P0166,W016,9,399.5,509.6,3085.9,Cash,Cancelled,2025-11-27
O000922,C0063,P0012,W016,1,342.53,17.36,325.17,Credit Card,Completed,2025-09-29
O000923,C0092,P0130,W009,2,247.63,44.27,450.99,UPI,Pending,2026-03-01
O000924,C0090,P0128,W003,10,366.55,194.68,3470.82,Credit Card,Completed,2026-07-15
O000925,C0266,P0087,W007,2,52.58,3.01,102.15,Cash,Completed,2026-01-21
O000926,C0329,P0136,W011,6,596.21,427.15,3150.11,Net Banking,Pending,2026-02-24
O000927,C0211,P0137,W019,6,70.49,80.69,342.25,Cash,Pending,2026-05-24
O000928,C0292,P0046,W001,9,602.93,536.91,4889.46,Credit Card,Cancelled,2026-03-11
O000929,C0363,P0108,W005,7,467.1,550.01,2719.69,Net Banking,Completed,2026-02-03
O000930,C0268,P0069,W009,3,779.75,361.91,1977.34,Cash,Pending,2026-06-02
O000931,C0236,P0064,W008,8,124.23,179.31,814.53,UPI,Completed,2026-08-05
O000932,C0250,P0134,W018,7,127.8,55.75,838.85,Credit Card,Completed,2025-12-29
O000933,C0209,P0200,W010,5,181.69,166.01,742.44,Cash,Pending,2025-11-11
O000934,C0179,P0172,W020,5,355.99,82.27,1697.68,Debit Card,Cancelled,2026-02-09
O000935,C0089,P0163,W007,6,561.9,568.08,2803.32,Credit Card,Completed,2026-05-06
O000936,C0443,P0103,W020,2,104.86,10.75,198.97,UPI,Cancelled,2026-05-19
O000937,C0072,P0141,W002,10,473.02,118.39,4611.81,Debit Card,Pending,2026-02-27
O000938,C0399,P0023,W007,9,673.26,611.82,5447.52,Debit Card,Pending,2026-05-28
O000939,C0338,P0059,W020,3,691.04,114.02,1959.1,UPI,Completed,2026-05-11
O000940,C0348,P0193,W015,9,327.81,14.82,2935.47,Debit Card,Completed,2026-03-09
O000941,C0106,P0145,W018,1,49.46,3.17,46.29,Credit Card,Completed,2025-11-25
O000942,C0025,P0077,W002,9,705.01,1168.88,5176.21,Net Banking,Completed,2026-02-28
O000943,C0162,P0074,W008,3,318.47,51.36,904.05,Credit Card,Pending,2025-12-24
O000944,C0118,P0121,W002,4,650.82,244.71,2358.57,Debit Card,Completed,2026-03-18
O000945,C0252,P0196,W005,1,403.53,57.73,345.8,Cash,Pending,2026-01-18
O000946,C0136,P0002,W015,5,318.95,116.11,1478.64,Net Banking,Completed,2025-10-24
O000947,C0414,P0171,W014,9,165.53,160.35,1329.42,Net Banking,Completed,2025-08-14
O000948,C0340,P0099,W001,10,703.35,81.11,6952.39,Cash,Cancelled,2026-06-30
O000949,C0165,P0181,W020,4,510.35,172.8,1868.6,Net Banking,Cancelled,2026-04-09
O000950,C0389,P0096,W009,2,223.64,85.14,362.14,Credit Card,Pending,2026-01-09
O000951,C0164,P0058,W006,7,607.88,607.48,3647.68,Debit Card,Completed,2025-12-27
O000952,C0201,P0016,W016,4,646.11,205.11,2379.33,Credit Card,Cancelled,2026-05-10
O000953,C0062,P0108,W015,7,467.1,527.62,2742.08,UPI,Pending,2025-09-22
O000954,C0277,P0064,W010,2,124.23,16.44,232.02,Debit Card,Pending,2025-11-25
O000955,C0124,P0195,W009,9,194.61,259.11,1492.38,Net Banking,Pending,2025-10-31
O000956,C0170,P0135,W005,8,444.2,625.98,2927.62,Cash,Cancelled,2026-01-26
O000957,C0057,P0105,W009,10,537.76,564.54,4813.06,UPI,Completed,2026-02-13
O000958,C0333,P0111,W017,8,638.29,372.63,4733.69,Debit Card,Pending,2026-05-11
O000959,C0466,P0091,W013,1,128.87,14.1,114.77,Credit Card,Pending,2025-11-09
O000960,C0402,P0078,W012,2,134.38,39.26,229.5,Cash,Pending,2026-01-16
O000961,C0123,P0052,W003,7,697.25,416.2,4464.55,Debit Card,Cancelled,2025-09-20
O000962,C0163,P0161,W004,5,792.47,232.29,3730.06,Net Banking,Pending,2025-09-20
O000963,C0497,P0035,W013,8,613.51,842.09,4065.99,Credit Card,Pending,2025-12-26
O000964,C0019,P0166,W009,10,399.5,558.96,3436.04,Cash,Cancelled,2026-02-21
O000965,C0132,P0028,W015,3,169.73,14.67,494.52,UPI,Cancelled,2025-11-25
O000966,C0481,P0056,W012,10,73.8,16.59,721.41,Credit Card,Pending,2026-06-11
O000967,C0183,P0194,W007,10,316.48,270.0,2894.8,Cash,Cancelled,2026-06-20
O000968,C0283,P0091,W002,1,128.87,10.76,118.11,Cash,Pending,2025-08-23
O000969,C0425,P0088,W012,5,512.39,164.1,2397.85,Net Banking,Completed,2025-10-19
O000970,C0056,P0094,W016,2,536.83,136.27,937.39,Cash,Cancelled,2025-12-01
O000971,C0473,P0058,W019,8,607.88,492.73,4370.31,Net Banking,Pending,2026-07-18
O000972,C0325,P0159,W001,5,340.74,80.97,1622.73,Credit Card,Completed,2025-11-24
O000973,C0453,P0058,W008,9,607.88,838.46,4632.46,Credit Card,Pending,2025-11-23
O000974,C0305,P0178,W018,10,253.74,113.4,2424.0,Cash,Completed,2026-02-27
O000975,C0264,P0072,W002,2,712.27,245.65,1178.89,Cash,Completed,2026-05-23
O000976,C0493,P0121,W005,7,650.82,139.17,4416.57,Credit Card,Pending,2026-03-10
O000977,C0469,P0115,W004,5,346.43,103.03,1629.12,Cash,Completed,2026-05-19
O000978,C0179,P0073,W014,2,114.95,28.45,201.45,Cash,Cancelled,2026-05-19
O000979,C0392,P0119,W011,5,123.87,0.07,619.28,Debit Card,Pending,2026-02-19
O000980,C0427,P0174,W016,10,288.11,87.96,2793.14,Net Banking,Pending,2026-07-15
O000981,C0270,P0066,W005,9,156.35,13.58,1393.57,Debit Card,Cancelled,2026-06-19
O000982,C0460,P0090,W001,10,414.11,291.91,3849.19,Debit Card,Cancelled,2026-07-20
O000983,C0202,P0168,W011,7,802.22,1092.5,4523.04,Credit Card,Cancelled,2026-02-10
O000984,C0220,P0141,W018,8,473.02,217.24,3566.92,Net Banking,Pending,2026-06-30
O000985,C0032,P0053,W004,8,208.63,104.52,1564.52,UPI,Pending,2025-11-23
O000986,C0078,P0003,W001,6,307.09,312.59,1529.95,Credit Card,Pending,2026-01-19
O000987,C0440,P0155,W004,8,70.67,42.49,522.87,Debit Card,Cancelled,2026-06-16
O000988,C0164,P0136,W019,3,596.21,35.82,1752.81,Net Banking,Cancelled,2026-06-12
O000989,C0368,P0008,W012,6,707.65,574.19,3671.71,Credit Card,Cancelled,2025-10-26
O000990,C0170,P0094,W003,10,536.83,288.62,5079.68,UPI,Pending,2025-12-06
O000991,C0313,P0175,W006,9,636.16,869.13,4856.31,UPI,Pending,2026-03-05
O000992,C0333,P0178,W008,5,253.74,215.19,1053.51,Net Banking,Cancelled,2026-04-14
O000993,C0055,P0123,W003,3,614.42,156.09,1687.17,Net Banking,Pending,2026-03-30
O000994,C0447,P0142,W018,3,465.39,32.8,1363.37,Cash,Pending,2026-05-24
O000995,C0018,P0035,W001,3,613.51,126.4,1714.13,Debit Card,Cancelled,2026-02-26
O000996,C0008,P0007,W006,5,86.6,15.12,417.88,Credit Card,Cancelled,2025-09-26
O000997,C0360,P0189,W012,5,416.57,172.9,1909.95,Debit Card,Completed,2026-07-29
O000998,C0435,P0104,W008,8,61.8,70.06,424.34,Net Banking,Cancelled,2026-04-03
O000999,C0074,P0029,W001,5,380.84,325.38,1578.82,Debit Card,Completed,2026-07-17
O001000,C0216,P0125,W014,6,184.54,119.11,988.13,Net Banking,Cancelled,2025-12-21
O001001,C0362,P0139,W005,8,261.47,364.58,1727.18,UPI,Cancelled,2026-04-24
O001002,C0469,P0007,W007,5,86.6,39.14,393.86,Net Banking,Cancelled,2026-01-18
O001003,C0292,P0173,W006,2,112.19,22.03,202.35,Cash,Cancelled,2025-08-11
O001004,C0213,P0150,W011,3,79.1,20.46,216.84,Debit Card,Cancelled,2025-09-06
O001005,C0412,P0080,W017,2,24.4,6.66,42.14,Credit Card,Cancelled,2025-10-23
O001006,C0473,P0046,W009,5,602.93,306.16,2708.49,Debit Card,Cancelled,2026-02-15
O001007,C0482,P0200,W010,7,181.69,127.19,1144.64,Debit Card,Completed,2026-07-27
O001008,C0414,P0067,W015,8,610.98,831.66,4056.18,UPI,Completed,2025-10-06
O001009,C0118,P0172,W014,9,355.99,268.97,2934.94,Debit Card,Pending,2025-09-20
O001010,C0299,P0085,W013,1,734.45,130.33,604.12,UPI,Pending,2026-07-24
O001011,C0072,P0071,W015,6,324.09,299.56,1644.98,UPI,Cancelled,2026-05-27
O001012,C0474,P0016,W002,2,646.11,33.07,1259.15,Credit Card,Completed,2025-08-11
O001013,C0385,P0121,W001,6,650.82,198.59,3706.33,Cash,Cancelled,2026-01-08
O001014,C0166,P0154,W001,2,687.94,21.9,1353.98,Credit Card,Completed,2026-07-19
O001015,C0456,P0041,W012,9,471.27,252.85,3988.58,Credit Card,Pending,2026-05-17
O001016,C0471,P0015,W019,2,435.76,118.32,753.2,Cash,Completed,2026-01-22
O001017,C0281,P0155,W005,6,70.67,24.52,399.5,Credit Card,Cancelled,2025-10-23
O001018,C0132,P0130,W016,3,247.63,23.12,719.77,UPI,Pending,2025-11-14
O001019,C0200,P0118,W020,2,545.32,199.29,891.35,UPI,Completed,2026-08-05
O001020,C0366,P0148,W018,4,538.64,279.62,1874.94,Net Banking,Cancelled,2025-08-21
O001021,C0385,P0092,W019,5,165.58,73.7,754.2,Credit Card,Cancelled,2025-12-29
O001022,C0085,P0139,W002,8,261.47,397.08,1694.68,Cash,Completed,2025-08-12
O001023,C0158,P0080,W017,9,24.4,24.28,195.32,Net Banking,Cancelled,2026-07-17
O001024,C0087,P0119,W019,8,123.87,92.08,898.88,Cash,Pending,2026-06-06
O001025,C0072,P0054,W019,10,298.13,528.11,2453.19,UPI,Completed,2025-08-19
O001026,C0075,P0023,W007,5,673.26,472.11,2894.19,Cash,Completed,2026-05-04
O001027,C0472,P0171,W010,10,165.53,37.12,1618.18,UPI,Pending,2026-05-11
O001028,C0011,P0144,W007,9,642.6,18.81,5764.59,Credit Card,Completed,2026-06-18
O001029,C0200,P0093,W011,6,102.56,6.77,608.59,Cash,Pending,2026-05-16
O001030,C0313,P0044,W018,2,509.99,33.88,986.1,Debit Card,Cancelled,2026-03-24
O001031,C0087,P0065,W005,1,114.36,18.66,95.7,Credit Card,Pending,2025-12-14
O001032,C0217,P0020,W013,6,658.43,368.96,3581.62,Net Banking,Pending,2025-08-09
O001033,C0391,P0115,W008,1,346.43,25.66,320.77,UPI,Cancelled,2025-11-10
O001034,C0127,P0056,W015,6,73.8,74.83,367.97,Credit Card,Pending,2026-08-05
O001035,C0291,P0134,W020,8,127.8,22.84,999.56,Debit Card,Pending,2026-02-01
O001036,C0378,P0080,W002,3,24.4,0.0,73.2,Cash,Cancelled,2026-04-28
O001037,C0412,P0040,W014,8,533.67,596.76,3672.6,Net Banking,Completed,2026-01-20
O001038,C0014,P0199,W020,5,550.92,528.94,2225.66,Credit Card,Cancelled,2026-07-07
O001039,C0184,P0086,W009,8,781.27,825.55,5424.61,Debit Card,Pending,2026-08-01
O001040,C0170,P0143,W014,10,276.16,206.59,2555.01,Credit Card,Completed,2025-11-06
O001041,C0401,P0028,W004,5,169.73,59.5,789.15,UPI,Completed,2026-07-27
O001042,C0005,P0161,W004,3,792.47,2.6,2374.81,Debit Card,Cancelled,2026-04-07
O001043,C0379,P0196,W018,5,403.53,97.67,1919.98,Credit Card,Completed,2025-12-22
O001044,C0499,P0136,W019,2,596.21,154.45,1037.97,Cash,Pending,2025-12-25
O001045,C0344,P0166,W001,1,399.5,0.46,399.04,Cash,Pending,2026-07-03
O001046,C0327,P0183,W010,10,518.44,793.55,4390.85,UPI,Cancelled,2026-02-15
O001047,C0421,P0142,W014,9,465.39,510.09,3678.42,Net Banking,Pending,2025-10-11
O001048,C0360,P0073,W019,7,114.95,57.03,747.62,Net Banking,Completed,2026-05-19
O001049,C0245,P0077,W019,9,705.01,1026.42,5318.67,Debit Card,Pending,2026-08-05
O001050,C0196,P0147,W018,9,250.9,283.88,1974.22,Net Banking,Cancelled,2026-06-16
O001051,C0409,P0088,W009,5,512.39,234.95,2327.0,Net Banking,Pending,2026-06-09
O001052,C0097,P0010,W020,8,275.52,432.19,1771.97,UPI,Pending,2025-10-19
O001053,C0009,P0170,W005,4,505.56,319.23,1703.01,Cash,Completed,2026-03-19
O001054,C0453,P0154,W020,4,687.94,329.12,2422.64,Credit Card,Cancelled,2025-08-05
O001055,C0294,P0073,W019,2,114.95,34.6,195.3,Net Banking,Pending,2025-10-04
O001056,C0313,P0101,W008,6,536.98,357.01,2864.87,Debit Card,Pending,2025-12-17
O001057,C0270,P0093,W012,8,102.56,96.63,723.85,Debit Card,Completed,2026-04-09
O001058,C0080,P0087,W019,8,52.58,9.85,410.79,Net Banking,Pending,2025-08-25
O001059,C0464,P0164,W002,1,347.36,7.66,339.7,Debit Card,Cancelled,2025-12-12
O001060,C0384,P0105,W016,8,537.76,335.49,3966.59,UPI,Pending,2025-10-14
O001061,C0172,P0129,W015,1,649.05,104.19,544.86,Debit Card,Cancelled,2025-12-05
O001062,C0011,P0186,W020,1,703.11,67.58,635.53,UPI,Pending,2026-03-20
O001063,C0297,P0087,W007,7,52.58,27.12,340.94,Cash,Completed,2026-06-22
O001064,C0196,P0013,W017,10,678.5,780.97,6004.03,Debit Card,Cancelled,2026-04-28
O001065,C0141,P0183,W015,10,518.44,1016.69,4167.71,Debit Card,Cancelled,2026-02-24
O001066,C0009,P0118,W013,4,545.32,14.55,2166.73,Net Banking,Cancelled,2026-05-13
O001067,C0134,P0133,W012,8,659.87,351.37,4927.59,Debit Card,Pending,2026-05-20
O001068,C0169,P0006,W005,2,615.25,147.87,1082.63,Credit Card,Cancelled,2026-01-17
O001069,C0030,P0010,W017,3,275.52,34.08,792.48,Credit Card,Pending,2026-06-16
O001070,C0203,P0109,W003,2,51.49,7.09,95.89,Cash,Pending,2026-07-21
O001071,C0452,P0130,W008,6,247.63,84.96,1400.82,UPI,Completed,2026-01-03
O001072,C0143,P0124,W002,5,711.13,626.2,2929.45,Cash,Cancelled,2025-10-19
O001073,C0230,P0015,W016,8,435.76,65.42,3420.66,Cash,Pending,2026-01-10
O001074,C0412,P0167,W010,4,121.8,83.63,403.57,Net Banking,Completed,2026-03-15
O001075,C0479,P0156,W017,4,716.77,417.7,2449.38,Net Banking,Pending,2025-10-26
O001076,C0002,P0100,W007,2,451.54,130.68,772.4,Cash,Cancelled,2026-04-05
O001077,C0372,P0192,W016,10,392.33,420.3,3503.0,Net Banking,Completed,2026-01-03
O001078,C0271,P0062,W011,7,152.46,37.06,1030.16,Debit Card,Pending,2025-08-21
O001079,C0473,P0064,W005,8,124.23,57.11,936.73,Credit Card,Pending,2026-03-06
O001080,C0305,P0001,W011,7,711.01,979.34,3997.73,Net Banking,Completed,2026-01-27
O001081,C0290,P0051,W002,7,229.62,123.73,1483.61,Credit Card,Completed,2025-10-21
O001082,C0147,P0021,W003,1,244.16,22.52,221.64,Net Banking,Pending,2025-12-04
O001083,C0248,P0122,W010,4,472.24,206.45,1682.51,Net Banking,Cancelled,2026-03-18
O001084,C0443,P0192,W010,7,392.33,197.82,2548.49,Net Banking,Completed,2026-01-23
O001085,C0166,P0004,W001,3,47.98,1.17,142.77,Net Banking,Completed,2026-06-01
O001086,C0443,P0185,W012,10,566.24,1082.31,4580.09,UPI,Pending,2026-05-17
O001087,C0373,P0024,W001,7,574.38,435.98,3584.68,Net Banking,Completed,2025-10-17
O001088,C0316,P0042,W004,7,276.02,172.59,1759.55,Net Banking,Completed,2026-07-23
O001089,C0219,P0178,W009,10,253.74,73.49,2463.91,UPI,Pending,2026-03-22
O001090,C0195,P0034,W019,6,98.84,36.03,557.01,Credit Card,Completed,2025-10-05
O001091,C0031,P0142,W008,9,465.39,55.33,4133.18,Cash,Completed,2025-11-08
O001092,C0030,P0168,W008,9,802.22,1432.48,5787.5,Debit Card,Cancelled,2025-10-20
O001093,C0041,P0156,W002,7,716.77,465.45,4551.94,UPI,Completed,2026-05-30
O001094,C0024,P0192,W014,5,392.33,250.86,1710.79,Cash,Completed,2025-09-10
O001095,C0011,P0176,W005,3,708.65,272.93,1853.02,Cash,Pending,2026-06-13
O001096,C0327,P0059,W013,3,691.04,381.86,1691.26,Cash,Cancelled,2026-02-13
O001097,C0282,P0044,W015,4,509.99,45.73,1994.23,Net Banking,Cancelled,2025-08-20
O001098,C0497,P0021,W019,6,244.16,240.3,1224.66,UPI,Pending,2025-09-05
O001099,C0060,P0118,W017,9,545.32,694.56,4213.32,Debit Card,Completed,2026-05-18
O001100,C0481,P0120,W003,3,117.95,45.49,308.36,Net Banking,Completed,2026-06-10
O001101,C0455,P0160,W006,4,103.95,82.98,332.82,UPI,Completed,2025-10-08
O001102,C0225,P0047,W002,2,519.72,57.83,981.61,UPI,Pending,2026-04-20
O001103,C0036,P0196,W015,10,403.53,239.83,3795.47,Cash,Completed,2026-05-08
O001104,C0093,P0041,W007,6,471.27,25.83,2801.79,Debit Card,Completed,2026-01-10
O001105,C0440,P0057,W015,9,500.43,281.32,4222.55,Net Banking,Cancelled,2026-01-11
O001106,C0220,P0158,W008,10,498.73,475.47,4511.83,Debit Card,Cancelled,2026-07-26
O001107,C0088,P0056,W019,5,73.8,30.01,338.99,Debit Card,Pending,2026-04-02
O001108,C0220,P0075,W001,2,153.98,26.59,281.37,Debit Card,Cancelled,2025-11-28
O001109,C0016,P0094,W011,7,536.83,91.09,3666.72,Cash,Completed,2026-07-27
O001110,C0369,P0001,W009,4,711.01,83.5,2760.54,UPI,Pending,2026-05-22
O001111,C0023,P0105,W008,2,537.76,97.83,977.69,UPI,Pending,2026-01-12
O001112,C0123,P0119,W016,5,123.87,17.7,601.65,Debit Card,Completed,2025-09-05
O001113,C0162,P0037,W001,4,536.12,139.5,2004.98,Credit Card,Pending,2026-04-19
O001114,C0008,P0024,W004,3,574.38,157.78,1565.36,Cash,Completed,2026-01-01
O001115,C0250,P0018,W013,3,693.16,383.62,1695.86,Debit Card,Pending,2026-03-15
O001116,C0315,P0194,W009,10,316.48,304.13,2860.67,UPI,Completed,2026-03-21
O001117,C0314,P0169,W004,1,685.11,133.89,551.22,Net Banking,Cancelled,2026-03-14
O001118,C0106,P0065,W019,4,114.36,33.51,423.93,Debit Card,Pending,2026-04-08
O001119,C0265,P0135,W008,5,444.2,245.04,1975.96,Cash,Completed,2025-11-12
O001120,C0495,P0020,W002,7,658.43,188.17,4420.84,Net Banking,Cancelled,2026-05-01
O001121,C0316,P0200,W011,2,181.69,55.78,307.6,Credit Card,Completed,2026-06-28
O001122,C0025,P0176,W016,7,708.65,491.26,4469.29,Credit Card,Cancelled,2026-03-29
O001123,C0259,P0138,W001,3,574.82,65.91,1658.55,Credit Card,Cancelled,2026-02-15
O001124,C0155,P0162,W019,8,472.72,112.95,3668.81,Credit Card,Cancelled,2026-04-25
O001125,C0025,P0032,W008,9,562.17,98.1,4961.43,Cash,Completed,2025-11-04
O001126,C0430,P0050,W002,2,407.27,35.98,778.56,Cash,Completed,2025-12-19
O001127,C0445,P0137,W016,8,70.49,85.42,478.5,Cash,Cancelled,2025-09-24
O001128,C0428,P0024,W007,6,574.38,160.81,3285.47,Debit Card,Cancelled,2026-06-28
O001129,C0357,P0057,W018,5,500.43,228.39,2273.76,Cash,Cancelled,2026-04-14
O001130,C0176,P0056,W015,8,73.8,96.23,494.17,UPI,Cancelled,2026-03-11
O001131,C0432,P0050,W019,7,407.27,63.88,2787.01,Cash,Cancelled,2026-03-04
O001132,C0086,P0099,W020,8,703.35,1018.98,4607.82,UPI,Completed,2025-12-12
O001133,C0062,P0115,W012,9,346.43,581.14,2536.73,Net Banking,Pending,2025-12-23
O001134,C0134,P0022,W012,3,456.03,253.77,1114.32,UPI,Completed,2025-08-07
O001135,C0352,P0129,W013,6,649.05,527.72,3366.58,UPI,Cancelled,2025-11-12
O001136,C0302,P0011,W002,1,311.47,27.54,283.93,UPI,Completed,2025-11-24
O001137,C0043,P0036,W017,9,550.45,459.38,4494.67,Net Banking,Pending,2026-05-24
O001138,C0070,P0192,W009,2,392.33,134.84,649.82,UPI,Cancelled,2026-06-20
O001139,C0183,P0023,W001,10,673.26,1036.83,5695.77,Cash,Completed,2026-02-21
O001140,C0380,P0147,W014,4,250.9,180.51,823.09,Debit Card,Pending,2026-02-10
O001141,C0224,P0136,W011,9,596.21,264.77,5101.12,Debit Card,Completed,2025-12-25
O001142,C0425,P0131,W006,5,381.9,25.5,1884.0,Cash,Completed,2026-05-04
O001143,C0069,P0169,W011,8,685.11,695.65,4785.23,Debit Card,Completed,2025-11-24
O001144,C0116,P0126,W005,5,352.47,152.47,1609.88,Debit Card,Cancelled,2025-09-30
O001145,C0169,P0176,W010,2,708.65,146.24,1271.06,UPI,Pending,2026-06-02
O001146,C0446,P0177,W001,2,764.51,228.4,1300.62,Cash,Cancelled,2026-01-28
O001147,C0470,P0011,W015,9,311.47,298.85,2504.38,Cash,Cancelled,2026-06-29
O001148,C0057,P0122,W009,8,472.24,415.84,3362.08,Credit Card,Pending,2026-05-14
O001149,C0408,P0120,W001,10,117.95,235.26,944.24,Net Banking,Completed,2025-12-30
O001150,C0467,P0043,W004,9,759.88,909.92,5929.0,Cash,Cancelled,2026-03-23
O001151,C0230,P0034,W007,8,98.84,119.13,671.59,Net Banking,Completed,2025-12-15
O001152,C0297,P0200,W004,1,181.69,17.42,164.27,Cash,Pending,2026-02-02
O001153,C0131,P0159,W019,8,340.74,516.58,2209.34,UPI,Cancelled,2026-01-05
O001154,C0147,P0115,W015,6,346.43,376.96,1701.62,Credit Card,Pending,2025-10-25
O001155,C0192,P0194,W001,6,316.48,173.55,1725.33,Credit Card,Cancelled,2026-04-16
O001156,C0375,P0193,W015,7,327.81,49.44,2245.23,Net Banking,Pending,2026-01-02
O001157,C0481,P0030,W015,10,129.09,149.49,1141.41,Debit Card,Pending,2026-02-24
O001158,C0397,P0144,W017,9,642.6,656.52,5126.88,UPI,Cancelled,2026-06-07
O001159,C0462,P0065,W003,2,114.36,1.09,227.63,Cash,Cancelled,2026-01-01
O001160,C0348,P0178,W018,9,253.74,31.29,2252.37,Net Banking,Pending,2026-02-09
O001161,C0232,P0028,W008,2,169.73,1.85,337.61,Cash,Cancelled,2026-01-06
O001162,C0009,P0126,W006,2,352.47,33.75,671.19,Debit Card,Completed,2026-01-05
O001163,C0023,P0196,W010,10,403.53,9.09,4026.21,Net Banking,Completed,2025-12-25
O001164,C0395,P0183,W015,1,518.44,73.3,445.14,UPI,Completed,2025-09-01
O001165,C0099,P0072,W016,3,712.27,339.64,1797.17,Debit Card,Pending,2025-12-22
O001166,C0209,P0040,W020,8,533.67,759.19,3510.17,Debit Card,Cancelled,2025-08-30
O001167,C0390,P0113,W005,5,229.52,175.28,972.32,Debit Card,Completed,2025-08-18
O001168,C0055,P0032,W013,1,562.17,108.68,453.49,Debit Card,Cancelled,2026-03-17
O001169,C0259,P0200,W011,1,181.69,35.26,146.43,Credit Card,Cancelled,2026-07-21
O001170,C0327,P0072,W018,5,712.27,588.82,2972.53,UPI,Cancelled,2026-02-28
O001171,C0438,P0098,W007,2,515.46,77.83,953.09,Debit Card,Cancelled,2025-10-24
O001172,C0192,P0177,W017,5,764.51,322.81,3499.74,Net Banking,Pending,2026-02-26
O001173,C0174,P0002,W005,7,318.95,270.89,1961.76,Credit Card,Completed,2026-07-16
O001174,C0173,P0070,W013,8,468.0,722.57,3021.43,Cash,Pending,2026-03-19
O001175,C0426,P0025,W001,10,464.04,75.52,4564.88,Cash,Cancelled,2026-02-13
O001176,C0176,P0031,W003,5,475.72,18.59,2360.01,Net Banking,Cancelled,2026-01-02
O001177,C0005,P0058,W013,3,607.88,179.8,1643.84,Debit Card,Pending,2026-06-28
O001178,C0427,P0082,W013,10,524.26,171.22,5071.38,Debit Card,Cancelled,2025-08-19
O001179,C0138,P0149,W019,10,102.98,156.08,873.72,Cash,Completed,2025-12-13
O001180,C0432,P0149,W012,6,102.98,95.2,522.68,Cash,Completed,2025-12-18
O001181,C0143,P0023,W014,4,673.26,203.82,2489.22,Credit Card,Completed,2026-04-19
O001182,C0159,P0011,W011,5,311.47,205.82,1351.53,Net Banking,Completed,2025-09-17
O001183,C0049,P0108,W010,2,467.1,129.1,805.1,Cash,Completed,2026-02-26
O001184,C0246,P0111,W005,4,638.29,421.31,2131.85,UPI,Completed,2026-02-10
O001185,C0097,P0199,W015,4,550.92,287.28,1916.4,Net Banking,Pending,2025-11-15
O001186,C0190,P0001,W014,3,711.01,85.84,2047.19,Debit Card,Cancelled,2026-04-07
O001187,C0028,P0182,W010,7,103.87,34.45,692.64,UPI,Pending,2025-10-29
O001188,C0443,P0071,W004,10,324.09,395.73,2845.17,Credit Card,Pending,2026-04-09
O001189,C0237,P0198,W019,3,369.55,139.74,968.91,Cash,Cancelled,2026-05-22
O001190,C0262,P0140,W002,2,719.31,282.32,1156.3,UPI,Pending,2025-09-15
O001191,C0120,P0129,W018,7,649.05,138.49,4404.86,UPI,Cancelled,2025-09-27
O001192,C0484,P0077,W012,8,705.01,511.85,5128.23,Credit Card,Pending,2025-11-02
O001193,C0461,P0171,W005,9,165.53,265.03,1224.74,Net Banking,Completed,2026-03-02
O001194,C0198,P0083,W015,7,557.15,516.07,3383.98,UPI,Completed,2025-09-27
O001195,C0383,P0037,W002,5,536.12,486.71,2193.89,Debit Card,Pending,2026-06-11
O001196,C0446,P0179,W012,10,761.14,612.34,6999.06,Cash,Completed,2026-04-02
O001197,C0272,P0075,W005,10,153.98,199.12,1340.68,Debit Card,Completed,2025-08-07
O001198,C0307,P0151,W005,5,359.46,279.6,1517.7,Credit Card,Cancelled,2025-12-28
O001199,C0252,P0068,W010,8,244.39,55.51,1899.61,Debit Card,Completed,2026-04-18
O001200,C0228,P0112,W004,7,635.62,591.16,3858.18,Credit Card,Cancelled,2026-06-01
O001201,C0248,P0108,W013,8,467.1,115.25,3621.55,Credit Card,Pending,2026-07-12
O001202,C0367,P0107,W016,2,223.7,62.71,384.69,Debit Card,Completed,2025-10-09
O001203,C0068,P0072,W003,3,712.27,18.43,2118.38,Debit Card,Cancelled,2025-08-25
O001204,C0106,P0159,W008,7,340.74,425.6,1959.58,Credit Card,Pending,2026-02-23
O001205,C0088,P0094,W001,7,536.83,221.43,3536.38,Cash,Pending,2025-11-26
O001206,C0045,P0181,W007,3,510.35,124.8,1406.25,Net Banking,Cancelled,2026-04-29
O001207,C0197,P0103,W003,8,104.86,68.72,770.16,Net Banking,Pending,2025-09-13
O001208,C0140,P0061,W019,7,427.25,560.7,2430.05,Credit Card,Completed,2025-09-10
O001209,C0292,P0024,W019,3,574.38,184.16,1538.98,Credit Card,Cancelled,2025-09-04
O001210,C0105,P0042,W013,4,276.02,9.34,1094.74,Cash,Completed,2025-10-17
O001211,C0203,P0184,W010,8,600.98,931.75,3876.09,Debit Card,Pending,2025-12-16
O001212,C0486,P0011,W009,8,311.47,37.21,2454.55,Net Banking,Completed,2026-03-28
O001213,C0108,P0106,W006,1,395.02,38.74,356.28,Net Banking,Pending,2025-09-16
O001214,C0006,P0021,W018,3,244.16,48.37,684.11,Debit Card,Cancelled,2026-03-18
O001215,C0102,P0134,W006,10,127.8,138.81,1139.19,Debit Card,Completed,2026-08-04
O001216,C0272,P0175,W015,7,636.16,473.09,3980.03,UPI,Cancelled,2025-11-25
O001217,C0412,P0125,W009,3,184.54,29.15,524.47,UPI,Cancelled,2026-01-21
O001218,C0005,P0166,W008,7,399.5,363.83,2432.67,Credit Card,Completed,2025-12-27
O001219,C0258,P0041,W020,1,471.27,14.48,456.79,Cash,Cancelled,2025-08-25
O001220,C0095,P0019,W019,3,452.83,23.76,1334.73,UPI,Pending,2026-05-10
O001221,C0221,P0050,W003,1,407.27,7.39,399.88,Net Banking,Cancelled,2026-02-28
O001222,C0466,P0014,W008,6,248.91,56.47,1436.99,Net Banking,Pending,2026-07-28
O001223,C0170,P0020,W014,5,658.43,168.35,3123.8,Net Banking,Completed,2026-03-27
O001224,C0157,P0051,W020,7,229.62,10.75,1596.59,UPI,Cancelled,2025-10-05
O001225,C0385,P0107,W008,10,223.7,63.02,2173.98,Credit Card,Pending,2026-06-14
O001226,C0144,P0114,W015,4,433.11,166.86,1565.58,Net Banking,Cancelled,2025-08-24
O001227,C0123,P0124,W012,2,711.13,77.98,1344.28,Credit Card,Completed,2025-11-21
O001228,C0355,P0118,W019,7,545.32,432.53,3384.71,Cash,Pending,2025-12-27
O001229,C0147,P0009,W007,5,127.01,94.55,540.5,Debit Card,Completed,2026-02-26
O001230,C0228,P0159,W005,5,340.74,58.5,1645.2,Net Banking,Pending,2025-12-12
O001231,C0048,P0029,W011,10,380.84,709.01,3099.39,Credit Card,Cancelled,2025-09-25
O001232,C0045,P0142,W002,10,465.39,230.29,4423.61,Cash,Cancelled,2026-04-05
O001233,C0083,P0001,W003,5,711.01,565.26,2989.79,Credit Card,Pending,2026-08-05
O001234,C0476,P0046,W016,5,602.93,32.6,2982.05,Debit Card,Completed,2025-08-27
O001235,C0189,P0098,W005,4,515.46,62.67,1999.17,Credit Card,Pending,2026-05-05
O001236,C0396,P0095,W016,7,121.43,166.41,683.6,UPI,Pending,2026-06-27
O001237,C0288,P0011,W007,6,311.47,176.69,1692.13,Debit Card,Cancelled,2025-09-25
O001238,C0464,P0111,W017,7,638.29,468.09,3999.94,Credit Card,Completed,2026-04-24
O001239,C0257,P0027,W005,9,78.28,22.17,682.35,Debit Card,Pending,2026-05-21
O001240,C0443,P0047,W010,4,519.72,46.71,2032.17,Credit Card,Completed,2026-01-10
O001241,C0425,P0073,W007,2,114.95,19.0,210.9,Net Banking,Completed,2026-02-19
O001242,C0463,P0158,W003,2,498.73,140.77,856.69,Credit Card,Cancelled,2025-12-06
O001243,C0188,P0073,W010,7,114.95,8.31,796.34,UPI,Pending,2026-05-13
O001244,C0030,P0137,W017,7,70.49,96.76,396.67,Cash,Completed,2026-01-27
O001245,C0335,P0101,W012,5,536.98,222.87,2462.03,Credit Card,Completed,2026-06-19
O001246,C0456,P0170,W009,6,505.56,363.12,2670.24,UPI,Completed,2026-02-06
O001247,C0430,P0103,W006,9,104.86,106.88,836.86,Net Banking,Pending,2026-01-25
O001248,C0104,P0103,W003,5,104.86,39.19,485.11,Debit Card,Cancelled,2026-05-31
O001249,C0011,P0043,W013,10,759.88,538.9,7059.9,Cash,Completed,2025-09-21
O001250,C0474,P0132,W003,2,661.28,212.77,1109.79,Debit Card,Pending,2026-05-15
O001251,C0318,P0082,W006,9,524.26,823.05,3895.29,UPI,Cancelled,2026-07-02
O001252,C0340,P0012,W020,2,342.53,41.18,643.88,Debit Card,Cancelled,2025-11-02
O001253,C0383,P0015,W005,2,435.76,108.47,763.05,Net Banking,Pending,2026-04-19
O001254,C0079,P0055,W012,6,691.95,504.47,3647.23,UPI,Cancelled,2026-03-04
O001255,C0321,P0003,W017,8,307.09,270.48,2186.24,Debit Card,Pending,2025-10-28
O001256,C0449,P0070,W001,4,468.0,192.93,1679.07,UPI,Pending,2026-03-09
O001257,C0023,P0041,W004,8,471.27,412.18,3357.98,Cash,Completed,2026-04-28
O001258,C0308,P0161,W013,5,792.47,444.58,3517.77,Debit Card,Pending,2025-12-02
O001259,C0064,P0067,W006,8,610.98,468.29,4419.55,Net Banking,Completed,2026-01-13
O001260,C0118,P0148,W001,7,538.64,537.94,3232.54,Cash,Cancelled,2026-01-03
O001261,C0114,P0074,W020,10,318.47,474.93,2709.77,Cash,Completed,2025-08-28
O001262,C0048,P0057,W015,4,500.43,294.42,1707.3,Net Banking,Pending,2026-01-12
O001263,C0279,P0017,W015,1,438.91,19.71,419.2,Cash,Pending,2025-11-09
O001264,C0052,P0070,W006,6,468.0,197.13,2610.87,Credit Card,Completed,2026-02-06
O001265,C0440,P0183,W010,1,518.44,86.05,432.39,Debit Card,Completed,2026-06-30
O001266,C0161,P0092,W018,8,165.58,1.88,1322.76,UPI,Cancelled,2025-10-16
O001267,C0378,P0139,W001,9,261.47,359.21,1994.02,UPI,Pending,2026-01-16
O001268,C0306,P0122,W004,5,472.24,420.86,1940.34,UPI,Cancelled,2026-05-20
O001269,C0135,P0144,W018,7,642.6,383.97,4114.23,UPI,Completed,2025-12-19
O001270,C0271,P0140,W013,8,719.31,705.29,5049.19,Debit Card,Completed,2026-03-17
O001271,C0446,P0043,W003,5,759.88,642.19,3157.21,UPI,Pending,2026-02-28
O001272,C0105,P0027,W009,5,78.28,24.6,366.8,Credit Card,Pending,2025-12-12
O001273,C0049,P0024,W009,1,574.38,91.44,482.94,Credit Card,Completed,2026-05-02
O001274,C0185,P0145,W007,10,49.46,97.88,396.72,Net Banking,Cancelled,2025-10-26
O001275,C0269,P0071,W005,9,324.09,494.96,2421.85,Debit Card,Pending,2025-09-26
O001276,C0214,P0079,W001,2,102.81,6.57,199.05,Debit Card,Completed,2025-10-20
O001277,C0373,P0134,W011,4,127.8,79.35,431.85,Net Banking,Completed,2026-02-16
O001278,C0008,P0163,W010,10,561.9,507.28,5111.72,UPI,Completed,2026-05-05
O001279,C0126,P0179,W005,7,761.14,91.51,5236.47,Credit Card,Pending,2026-03-18
O001280,C0300,P0058,W001,7,607.88,307.89,3947.27,Debit Card,Cancelled,2026-07-01
O001281,C0277,P0151,W015,10,359.46,322.83,3271.77,UPI,Cancelled,2026-06-28
O001282,C0448,P0010,W020,10,275.52,537.15,2218.05,Cash,Cancelled,2026-08-01
O001283,C0156,P0098,W014,1,515.46,1.52,513.94,Net Banking,Pending,2026-04-27
O001284,C0088,P0144,W001,9,642.6,437.99,5345.41,Credit Card,Pending,2026-05-29
O001285,C0482,P0145,W001,7,49.46,28.22,318.0,Credit Card,Completed,2025-08-07
O001286,C0386,P0131,W016,4,381.9,199.95,1327.65,Debit Card,Completed,2026-04-26
O001287,C0279,P0067,W016,9,610.98,457.71,5041.11,Cash,Cancelled,2026-03-10
O001288,C0158,P0196,W002,4,403.53,285.07,1329.05,Net Banking,Cancelled,2025-09-21
O001289,C0046,P0183,W017,9,518.44,428.68,4237.28,Cash,Cancelled,2026-02-16
O001290,C0256,P0044,W007,5,509.99,280.65,2269.3,Net Banking,Cancelled,2026-02-09
O001291,C0371,P0197,W020,3,603.05,134.41,1674.74,Net Banking,Completed,2025-12-02
O001292,C0075,P0010,W002,2,275.52,58.08,492.96,UPI,Pending,2026-03-28
O001293,C0391,P0162,W002,4,472.72,223.05,1667.83,Cash,Pending,2026-01-25
O001294,C0287,P0167,W006,8,121.8,9.23,965.17,Credit Card,Completed,2025-11-08
O001295,C0184,P0139,W010,2,261.47,84.2,438.74,UPI,Cancelled,2025-08-23
O001296,C0336,P0049,W001,10,200.77,81.75,1925.95,Cash,Cancelled,2026-05-20
O001297,C0086,P0043,W016,7,759.88,527.31,4791.85,UPI,Cancelled,2026-02-20
O001298,C0069,P0026,W019,3,424.88,227.06,1047.58,UPI,Cancelled,2025-11-21
O001299,C0079,P0102,W013,5,580.08,424.19,2476.21,Debit Card,Completed,2025-11-27
O001300,C0299,P0197,W004,1,603.05,44.16,558.89,Cash,Completed,2026-05-26
O001301,C0147,P0028,W010,8,169.73,108.72,1249.12,Credit Card,Pending,2026-02-26
O001302,C0210,P0109,W001,7,51.49,31.96,328.47,Credit Card,Cancelled,2026-05-10
O001303,C0305,P0162,W007,5,472.72,333.05,2030.55,Debit Card,Pending,2025-09-05
O001304,C0493,P0050,W017,8,407.27,636.55,2621.61,UPI,Pending,2026-03-04
O001305,C0438,P0097,W014,5,339.95,300.16,1399.59,Net Banking,Cancelled,2026-07-03
O001306,C0130,P0041,W010,4,471.27,279.17,1605.91,Credit Card,Completed,2025-12-06
O001307,C0418,P0155,W006,6,70.67,12.49,411.53,Cash,Pending,2025-11-04
O001308,C0047,P0062,W004,7,152.46,185.88,881.34,Cash,Completed,2026-01-06
O001309,C0441,P0012,W019,6,342.53,15.78,2039.4,Cash,Cancelled,2026-07-27
O001310,C0457,P0093,W008,9,102.56,82.34,840.7,Net Banking,Completed,2026-01-10
O001311,C0007,P0182,W003,4,103.87,4.75,410.73,Net Banking,Completed,2026-07-09
O001312,C0302,P0063,W006,7,152.21,204.82,860.65,Debit Card,Completed,2026-07-29
O001313,C0129,P0030,W017,8,129.09,32.84,999.88,UPI,Completed,2025-09-10
O001314,C0354,P0013,W018,8,678.5,658.92,4769.08,Net Banking,Completed,2026-03-19
O001315,C0034,P0027,W019,2,78.28,18.54,138.02,UPI,Cancelled,2026-04-29
O001316,C0113,P0100,W019,4,451.54,155.08,1651.08,UPI,Completed,2026-06-14
O001317,C0335,P0082,W020,3,524.26,101.03,1471.75,Net Banking,Pending,2026-04-17
O001318,C0212,P0165,W016,2,221.44,43.96,398.92,Debit Card,Cancelled,2025-10-23
O001319,C0197,P0170,W012,9,505.56,129.14,4420.9,UPI,Completed,2026-07-30
O001320,C0023,P0101,W020,9,536.98,949.24,3883.58,Debit Card,Cancelled,2025-11-11
O001321,C0368,P0188,W011,5,149.25,19.64,726.61,Debit Card,Completed,2026-02-01
O001322,C0220,P0036,W015,5,550.45,67.2,2685.05,Debit Card,Completed,2025-08-16
O001323,C0248,P0108,W008,8,467.1,7.67,3729.13,Net Banking,Pending,2026-03-11
O001324,C0120,P0129,W016,6,649.05,91.35,3802.95,Net Banking,Completed,2026-01-30
O001325,C0026,P0175,W002,4,636.16,261.42,2283.22,UPI,Cancelled,2025-10-20
O001326,C0171,P0154,W005,7,687.94,90.89,4724.69,Credit Card,Cancelled,2025-09-23
O001327,C0402,P0071,W007,10,324.09,340.11,2900.79,Debit Card,Completed,2025-09-29
O001328,C0032,P0067,W015,6,610.98,64.62,3601.26,Cash,Completed,2026-02-19
O001329,C0035,P0163,W011,3,561.9,90.14,1595.56,UPI,Completed,2026-03-17
O001330,C0166,P0069,W012,5,779.75,596.01,3302.74,UPI,Pending,2026-01-13
O001331,C0204,P0039,W010,2,696.37,65.22,1327.52,Credit Card,Pending,2025-10-12
O001332,C0320,P0020,W017,2,658.43,183.6,1133.26,Debit Card,Completed,2026-06-27
O001333,C0242,P0178,W008,7,253.74,226.19,1549.99,Debit Card,Completed,2026-01-07
O001334,C0289,P0051,W017,5,229.62,114.69,1033.41,UPI,Cancelled,2025-12-10
O001335,C0195,P0024,W015,9,574.38,104.57,5064.85,Net Banking,Pending,2025-11-03
O001336,C0349,P0039,W019,1,696.37,100.38,595.99,Debit Card,Cancelled,2026-07-22
O001337,C0369,P0027,W012,3,78.28,45.38,189.46,Net Banking,Cancelled,2026-07-04
O001338,C0041,P0046,W003,4,602.93,88.24,2323.48,Cash,Pending,2026-02-25
O001339,C0360,P0024,W017,10,574.38,1015.74,4728.06,Credit Card,Cancelled,2026-07-08
O001340,C0418,P0157,W019,10,596.45,928.63,5035.87,Net Banking,Pending,2026-07-05
O001341,C0091,P0029,W009,7,380.84,34.41,2631.47,Credit Card,Completed,2026-01-12
O001342,C0204,P0173,W012,5,112.19,49.95,511.0,Debit Card,Cancelled,2026-05-09
O001343,C0137,P0120,W001,10,117.95,220.68,958.82,Credit Card,Completed,2026-06-27
O001344,C0269,P0110,W002,4,91.98,14.78,353.14,Cash,Cancelled,2026-03-21
O001345,C0297,P0079,W018,1,102.81,19.03,83.78,Cash,Pending,2025-10-12
O001346,C0095,P0178,W012,2,253.74,12.68,494.8,Debit Card,Cancelled,2026-03-03
O001347,C0499,P0099,W003,7,703.35,811.33,4112.12,Debit Card,Cancelled,2026-07-04
O001348,C0477,P0043,W005,6,759.88,765.96,3793.32,Debit Card,Cancelled,2026-05-08
O001349,C0266,P0032,W016,9,562.17,775.83,4283.7,Net Banking,Cancelled,2026-05-03
O001350,C0015,P0024,W020,6,574.38,283.23,3163.05,UPI,Completed,2026-07-06
O001351,C0326,P0078,W019,10,134.38,233.49,1110.31,UPI,Completed,2026-02-21
O001352,C0257,P0196,W008,4,403.53,41.46,1572.66,Credit Card,Pending,2026-05-10
O001353,C0040,P0112,W005,10,635.62,845.45,5510.75,Debit Card,Cancelled,2026-01-02
O001354,C0083,P0042,W009,2,276.02,83.99,468.05,UPI,Completed,2026-07-30
O001355,C0027,P0163,W001,2,561.9,209.95,913.85,Debit Card,Cancelled,2025-09-03
O001356,C0005,P0157,W006,3,596.45,139.98,1649.37,Credit Card,Cancelled,2025-12-03
O001357,C0019,P0061,W004,3,427.25,38.63,1243.12,Debit Card,Completed,2026-02-23
O001358,C0154,P0101,W014,7,536.98,651.13,3107.73,Debit Card,Pending,2026-02-21
O001359,C0247,P0035,W014,9,613.51,249.74,5271.85,Debit Card,Completed,2026-07-25
O001360,C0302,P0076,W015,4,366.83,54.82,1412.5,Cash,Completed,2026-06-16
O001361,C0492,P0167,W002,8,121.8,93.93,880.47,UPI,Pending,2026-05-03
O001362,C0087,P0164,W001,1,347.36,6.32,341.04,UPI,Completed,2026-01-29
O001363,C0343,P0103,W011,1,104.86,15.53,89.33,Net Banking,Pending,2026-04-29
O001364,C0040,P0139,W016,5,261.47,171.75,1135.6,Debit Card,Pending,2026-04-03
O001365,C0200,P0122,W003,8,472.24,515.74,3262.18,Debit Card,Cancelled,2025-12-27
O001366,C0076,P0056,W012,10,73.8,130.93,607.07,Debit Card,Pending,2026-05-29
O001367,C0360,P0055,W017,3,691.95,207.76,1868.09,Debit Card,Completed,2026-07-13
O001368,C0489,P0062,W011,7,152.46,135.03,932.19,Cash,Completed,2026-05-03
O001369,C0328,P0069,W012,4,779.75,508.32,2610.68,Credit Card,Completed,2025-11-12
O001370,C0228,P0128,W005,2,366.55,61.39,671.71,UPI,Cancelled,2026-04-04
O001371,C0300,P0196,W017,3,403.53,124.52,1086.07,Net Banking,Cancelled,2026-04-08
O001372,C0456,P0118,W018,9,545.32,67.9,4839.98,Cash,Completed,2026-07-15
O001373,C0408,P0060,W015,10,220.07,274.37,1926.33,Debit Card,Pending,2025-10-18
O001374,C0131,P0158,W007,8,498.73,151.57,3838.27,Net Banking,Pending,2026-06-27
O001375,C0158,P0066,W002,6,156.35,117.8,820.3,Debit Card,Cancelled,2025-12-29
O001376,C0115,P0127,W002,5,830.32,136.12,4015.48,Debit Card,Completed,2025-09-16
O001377,C0399,P0082,W019,8,524.26,217.84,3976.24,Debit Card,Completed,2026-01-15
O001378,C0155,P0118,W005,10,545.32,412.92,5040.28,Debit Card,Cancelled,2026-05-13
O001379,C0005,P0090,W010,10,414.11,190.28,3950.82,Debit Card,Pending,2025-12-26
O001380,C0404,P0115,W012,7,346.43,71.26,2353.75,UPI,Pending,2026-03-17
O001381,C0333,P0037,W017,6,536.12,253.04,2963.68,Credit Card,Cancelled,2025-11-18
O001382,C0481,P0167,W004,5,121.8,118.53,490.47,Credit Card,Cancelled,2025-12-22
O001383,C0305,P0175,W014,2,636.16,99.75,1172.57,UPI,Pending,2025-12-06
O001384,C0149,P0077,W009,3,705.01,329.31,1785.72,Net Banking,Cancelled,2025-10-23
O001385,C0030,P0110,W001,2,91.98,19.92,164.04,UPI,Cancelled,2025-09-25
O001386,C0471,P0044,W010,8,509.99,354.46,3725.46,Net Banking,Completed,2026-05-04
O001387,C0003,P0180,W016,4,83.12,35.86,296.62,UPI,Pending,2025-09-14
O001388,C0048,P0195,W012,5,194.61,36.16,936.89,Credit Card,Completed,2025-12-14
O001389,C0125,P0015,W012,1,435.76,54.08,381.68,UPI,Pending,2026-04-22
O001390,C0049,P0016,W015,8,646.11,72.76,5096.12,Net Banking,Cancelled,2026-02-13
O001391,C0270,P0040,W011,9,533.67,212.41,4590.62,Cash,Pending,2026-07-24
O001392,C0063,P0195,W012,4,194.61,5.47,772.97,Debit Card,Cancelled,2026-02-22
O001393,C0460,P0021,W002,9,244.16,239.77,1957.67,UPI,Cancelled,2025-11-25
O001394,C0431,P0151,W003,5,359.46,48.4,1748.9,Debit Card,Completed,2026-02-07
O001395,C0452,P0025,W003,1,464.04,4.93,459.11,UPI,Pending,2026-04-30
O001396,C0291,P0128,W012,7,366.55,265.4,2300.45,Debit Card,Completed,2026-07-28
O001397,C0453,P0058,W012,4,607.88,465.42,1966.1,Debit Card,Cancelled,2025-08-05
O001398,C0363,P0091,W017,2,128.87,2.66,255.08,Credit Card,Pending,2026-05-14
O001399,C0033,P0044,W003,6,509.99,115.08,2944.86,Cash,Completed,2025-12-01
O001400,C0380,P0169,W017,4,685.11,453.52,2286.92,Cash,Pending,2025-10-29
O001401,C0348,P0061,W001,8,427.25,439.34,2978.66,Debit Card,Completed,2025-09-29
O001402,C0045,P0013,W013,1,678.5,59.3,619.2,Debit Card,Pending,2025-10-10
O001403,C0312,P0170,W001,10,505.56,310.27,4745.33,Cash,Completed,2026-04-23
O001404,C0297,P0018,W005,9,693.16,565.21,5673.23,Credit Card,Cancelled,2026-06-09
O001405,C0479,P0068,W011,2,244.39,22.03,466.75,Debit Card,Completed,2026-01-24
O001406,C0439,P0028,W005,6,169.73,6.8,1011.58,Debit Card,Cancelled,2025-12-05
O001407,C0327,P0077,W005,1,705.01,31.47,673.54,Debit Card,Cancelled,2025-11-17
O001408,C0014,P0183,W001,9,518.44,597.17,4068.79,UPI,Completed,2026-06-21
O001409,C0422,P0021,W003,6,244.16,180.5,1284.46,Net Banking,Pending,2026-04-11
O001410,C0277,P0129,W008,5,649.05,217.08,3028.17,UPI,Pending,2025-12-10
O001411,C0125,P0045,W016,8,74.54,27.91,568.41,Cash,Cancelled,2025-12-23
O001412,C0071,P0102,W003,3,580.08,165.21,1575.03,UPI,Cancelled,2026-03-22
O001413,C0065,P0167,W013,5,121.8,48.0,561.0,Net Banking,Pending,2025-09-06
O001414,C0196,P0168,W003,4,802.22,358.72,2850.16,UPI,Pending,2026-02-20
O001415,C0479,P0109,W015,2,51.49,19.55,83.43,Credit Card,Completed,2025-12-08
O001416,C0131,P0178,W006,4,253.74,78.9,936.06,Cash,Pending,2025-09-06
O001417,C0004,P0105,W010,9,537.76,631.03,4208.81,Cash,Cancelled,2025-09-23
O001418,C0210,P0108,W017,3,467.1,124.79,1276.51,UPI,Completed,2026-04-19
O001419,C0281,P0182,W001,1,103.87,6.08,97.79,Debit Card,Pending,2025-09-26
O001420,C0345,P0170,W011,2,505.56,62.38,948.74,UPI,Cancelled,2026-04-11
O001421,C0023,P0131,W002,6,381.9,209.28,2082.12,Cash,Cancelled,2026-04-04
O001422,C0013,P0132,W011,7,661.28,670.33,3958.63,Net Banking,Completed,2026-01-13
O001423,C0187,P0134,W004,3,127.8,34.03,349.37,Credit Card,Pending,2025-11-07
O001424,C0191,P0053,W013,2,208.63,37.35,379.91,UPI,Completed,2026-05-08
O001425,C0191,P0074,W010,7,318.47,322.53,1906.76,Cash,Pending,2025-08-09
O001426,C0500,P0054,W018,1,298.13,16.67,281.46,Credit Card,Pending,2026-06-05
O001427,C0432,P0081,W019,9,583.65,627.7,4625.15,UPI,Cancelled,2025-10-04
O001428,C0180,P0059,W009,7,691.04,805.39,4031.89,Debit Card,Pending,2025-12-28
O001429,C0024,P0057,W011,3,500.43,233.76,1267.53,Credit Card,Cancelled,2026-07-07
O001430,C0430,P0072,W018,4,712.27,298.28,2550.8,Debit Card,Cancelled,2026-05-23
O001431,C0184,P0037,W013,6,536.12,410.25,2806.47,Debit Card,Cancelled,2026-07-14
O001432,C0245,P0093,W019,7,102.56,94.75,623.17,Cash,Pending,2026-03-25
O001433,C0235,P0074,W015,2,318.47,6.39,630.55,Debit Card,Pending,2025-11-22
O001434,C0268,P0073,W015,9,114.95,118.07,916.48,Credit Card,Completed,2025-11-11
O001435,C0429,P0130,W003,1,247.63,5.24,242.39,Debit Card,Pending,2025-09-04
O001436,C0397,P0013,W013,5,678.5,567.24,2825.26,Net Banking,Completed,2025-09-21
O001437,C0491,P0032,W016,9,562.17,525.31,4534.22,Debit Card,Completed,2026-05-18
O001438,C0258,P0046,W010,7,602.93,302.17,3918.34,Credit Card,Pending,2026-06-09
O001439,C0067,P0044,W004,4,509.99,93.34,1946.62,UPI,Pending,2026-02-02
O001440,C0171,P0013,W018,10,678.5,1300.81,5484.19,Cash,Completed,2025-09-24
O001441,C0356,P0082,W002,1,524.26,49.22,475.04,UPI,Completed,2026-05-22
O001442,C0071,P0094,W003,4,536.83,205.28,1942.04,UPI,Completed,2026-01-27
O001443,C0479,P0160,W009,8,103.95,126.38,705.22,Cash,Cancelled,2026-04-28
O001444,C0360,P0184,W020,5,600.98,211.18,2793.72,Cash,Cancelled,2026-02-13
O001445,C0422,P0129,W013,9,649.05,548.48,5292.97,Debit Card,Pending,2026-03-10
O001446,C0031,P0098,W007,7,515.46,46.52,3561.7,UPI,Completed,2025-08-19
O001447,C0372,P0055,W016,5,691.95,626.87,2832.88,Debit Card,Completed,2025-10-11
O001448,C0097,P0053,W009,2,208.63,48.66,368.6,Cash,Cancelled,2026-02-14
O001449,C0391,P0139,W006,6,261.47,139.72,1429.1,Debit Card,Pending,2025-10-14
O001450,C0397,P0048,W017,6,197.9,152.1,1035.3,Cash,Cancelled,2025-11-10
O001451,C0420,P0036,W017,8,550.45,529.59,3874.01,Credit Card,Completed,2025-11-26
O001452,C0008,P0108,W009,6,467.1,355.43,2447.17,Net Banking,Completed,2025-09-25
O001453,C0450,P0135,W012,8,444.2,549.87,3003.73,UPI,Pending,2025-12-27
O001454,C0175,P0067,W015,8,610.98,344.16,4543.68,UPI,Completed,2025-12-14
O001455,C0216,P0043,W001,10,759.88,352.52,7246.28,UPI,Pending,2025-08-08
O001456,C0232,P0089,W004,7,380.36,264.33,2398.19,Cash,Completed,2026-02-08
O001457,C0074,P0081,W012,2,583.65,169.45,997.85,Cash,Cancelled,2025-08-14
O001458,C0362,P0184,W008,2,600.98,51.31,1150.65,UPI,Pending,2026-06-05
O001459,C0115,P0032,W007,4,562.17,422.67,1826.01,Cash,Cancelled,2026-01-15
O001460,C0082,P0180,W019,6,83.12,15.26,483.46,UPI,Completed,2026-06-19
O001461,C0211,P0079,W014,6,102.81,72.47,544.39,Credit Card,Pending,2025-10-18
O001462,C0305,P0156,W017,9,716.77,1126.83,5324.1,Cash,Pending,2026-02-23
O001463,C0499,P0170,W011,10,505.56,241.74,4813.86,Net Banking,Cancelled,2026-03-03
O001464,C0305,P0023,W009,7,673.26,875.46,3837.36,Credit Card,Completed,2026-01-24
O001465,C0400,P0047,W011,9,519.72,281.71,4395.77,UPI,Cancelled,2026-08-01
O001466,C0494,P0095,W002,1,121.43,19.5,101.93,Credit Card,Cancelled,2026-04-28
O001467,C0341,P0117,W013,10,422.57,15.18,4210.52,Net Banking,Cancelled,2026-07-08
O001468,C0106,P0139,W014,9,261.47,382.26,1970.97,Debit Card,Completed,2026-02-08
O001469,C0394,P0121,W014,7,650.82,898.23,3657.51,UPI,Pending,2025-10-07
O001470,C0383,P0020,W014,5,658.43,37.24,3254.91,Debit Card,Pending,2025-10-29
O001471,C0276,P0061,W015,6,427.25,293.13,2270.37,UPI,Cancelled,2026-01-03
O001472,C0486,P0016,W019,7,646.11,286.75,4236.02,Debit Card,Pending,2026-02-17
O001473,C0429,P0107,W012,2,223.7,44.0,403.4,Cash,Cancelled,2025-10-21
O001474,C0365,P0176,W014,6,708.65,359.67,3892.23,Cash,Cancelled,2025-10-18
O001475,C0469,P0096,W014,10,223.64,341.37,1895.03,Cash,Pending,2025-09-16
O001476,C0007,P0157,W012,7,596.45,273.62,3901.53,Credit Card,Completed,2025-09-30
O001477,C0350,P0010,W003,1,275.52,48.19,227.33,Net Banking,Cancelled,2026-03-27
O001478,C0071,P0157,W013,1,596.45,108.3,488.15,Credit Card,Completed,2025-11-14
O001479,C0441,P0154,W019,9,687.94,90.85,6100.61,Credit Card,Completed,2026-06-24
O001480,C0379,P0098,W015,8,515.46,159.27,3964.41,UPI,Cancelled,2025-11-12
O001481,C0380,P0056,W001,10,73.8,65.5,672.5,Debit Card,Completed,2026-01-09
O001482,C0318,P0062,W013,10,152.46,162.18,1362.42,UPI,Pending,2026-04-02
O001483,C0044,P0194,W009,6,316.48,1.62,1897.26,Cash,Cancelled,2025-12-07
O001484,C0423,P0180,W003,7,83.12,30.41,551.43,Net Banking,Pending,2025-09-18
O001485,C0437,P0146,W009,3,595.2,174.92,1610.68,Debit Card,Pending,2025-12-08
O001486,C0166,P0082,W016,8,524.26,357.49,3836.59,Credit Card,Pending,2026-03-22
O001487,C0079,P0136,W008,1,596.21,88.33,507.88,Net Banking,Cancelled,2026-05-14
O001488,C0183,P0016,W008,4,646.11,130.1,2454.34,Credit Card,Cancelled,2026-04-15
O001489,C0374,P0069,W010,5,779.75,698.72,3200.03,Debit Card,Cancelled,2025-10-16
O001490,C0431,P0199,W004,7,550.92,93.15,3763.29,Net Banking,Cancelled,2026-04-22
O001491,C0292,P0105,W010,5,537.76,269.65,2419.15,Cash,Pending,2025-12-20
O001492,C0319,P0074,W007,3,318.47,176.14,779.27,Debit Card,Completed,2025-11-28
O001493,C0450,P0184,W014,9,600.98,610.5,4798.32,Debit Card,Cancelled,2026-02-18
O001494,C0183,P0123,W020,4,614.42,483.27,1974.41,UPI,Cancelled,2026-06-20
O001495,C0418,P0015,W006,3,435.76,74.88,1232.4,Net Banking,Completed,2025-10-31
O001496,C0200,P0005,W009,4,616.49,60.44,2405.52,Credit Card,Pending,2026-07-22
O001497,C0174,P0069,W018,7,779.75,603.29,4854.96,Cash,Completed,2026-04-27
O001498,C0002,P0033,W010,9,316.3,290.97,2555.73,Cash,Cancelled,2026-01-20
O001499,C0278,P0113,W001,4,229.52,106.07,812.01,Net Banking,Cancelled,2026-01-29
O001500,C0001,P0095,W002,10,121.43,156.23,1058.07,Cash,Cancelled,2026-01-29
O001501,C0217,P0008,W011,3,707.65,320.14,1802.81,Debit Card,Completed,2026-02-02
O001502,C0433,P0127,W002,1,830.32,102.17,728.15,Cash,Completed,2025-08-27
O001503,C0106,P0027,W017,2,78.28,16.7,139.86,Net Banking,Pending,2026-04-27
O001504,C0138,P0075,W006,6,153.98,110.39,813.49,Net Banking,Completed,2026-04-29
O001505,C0286,P0037,W003,7,536.12,265.89,3486.95,Credit Card,Cancelled,2026-04-24
O001506,C0350,P0140,W007,3,719.31,98.29,2059.64,Credit Card,Cancelled,2026-05-31
O001507,C0434,P0167,W019,7,121.8,101.54,751.06,Cash,Pending,2026-01-31
O001508,C0032,P0078,W018,5,134.38,37.12,634.78,Credit Card,Completed,2026-06-27
O001509,C0049,P0020,W005,6,658.43,26.43,3924.15,Cash,Completed,2026-03-05
O001510,C0489,P0171,W017,5,165.53,19.35,808.3,Cash,Pending,2026-01-18
O001511,C0450,P0164,W017,7,347.36,193.05,2238.47,Credit Card,Cancelled,2026-03-18
O001512,C0481,P0140,W015,10,719.31,421.53,6771.57,Credit Card,Completed,2025-09-18
O001513,C0037,P0149,W018,5,102.98,10.5,504.4,Cash,Cancelled,2026-04-12
O001514,C0255,P0081,W020,9,583.65,805.79,4447.06,Credit Card,Cancelled,2025-09-25
O001515,C0363,P0077,W016,1,705.01,58.12,646.89,Net Banking,Pending,2026-06-30
O001516,C0487,P0063,W003,2,152.21,1.13,303.29,Credit Card,Pending,2025-08-11
O001517,C0433,P0044,W014,10,509.99,53.79,5046.11,Credit Card,Pending,2025-10-30
O001518,C0177,P0166,W001,1,399.5,51.32,348.18,UPI,Pending,2025-11-27
O001519,C0008,P0133,W012,6,659.87,296.87,3662.35,Cash,Completed,2026-01-31
O001520,C0307,P0118,W010,5,545.32,120.71,2605.89,Net Banking,Pending,2025-12-29
O001521,C0347,P0158,W013,4,498.73,313.41,1681.51,Net Banking,Pending,2026-02-08
O001522,C0429,P0078,W012,6,134.38,143.99,662.29,UPI,Cancelled,2025-09-04
O001523,C0060,P0025,W011,8,464.04,365.0,3347.32,Net Banking,Pending,2026-06-18
O001524,C0031,P0149,W008,3,102.98,32.16,276.78,Credit Card,Completed,2025-08-06
O001525,C0400,P0029,W003,7,380.84,446.66,2219.22,Credit Card,Completed,2026-02-27
O001526,C0049,P0017,W010,10,438.91,605.63,3783.47,Net Banking,Cancelled,2025-12-31
O001527,C0397,P0194,W014,1,316.48,29.11,287.37,Cash,Pending,2025-08-10
O001528,C0018,P0142,W012,9,465.39,79.41,4109.1,Debit Card,Completed,2026-06-18
O001529,C0196,P0110,W020,1,91.98,10.34,81.64,UPI,Cancelled,2026-08-04
O001530,C0043,P0070,W015,4,468.0,355.11,1516.89,Debit Card,Cancelled,2026-01-30
O001531,C0155,P0009,W015,3,127.01,0.31,380.72,Debit Card,Pending,2025-12-03
O001532,C0111,P0197,W008,7,603.05,34.92,4186.43,UPI,Pending,2025-12-27
O001533,C0429,P0068,W003,10,244.39,24.35,2419.55,Net Banking,Completed,2026-05-04
O001534,C0200,P0066,W016,9,156.35,145.73,1261.42,Credit Card,Cancelled,2025-08-27
O001535,C0039,P0006,W016,2,615.25,157.93,1072.57,Credit Card,Pending,2026-06-08
O001536,C0413,P0118,W011,6,545.32,19.19,3252.73,Credit Card,Completed,2026-07-10
O001537,C0056,P0141,W005,5,473.02,443.19,1921.91,Debit Card,Pending,2026-05-18
O001538,C0443,P0130,W002,6,247.63,265.76,1220.02,UPI,Completed,2025-08-22
O001539,C0141,P0112,W003,4,635.62,71.85,2470.63,Credit Card,Completed,2026-04-10
O001540,C0332,P0198,W015,9,369.55,242.84,3083.11,Credit Card,Completed,2025-10-21
O001541,C0054,P0146,W014,1,595.2,58.26,536.94,Credit Card,Pending,2026-03-17
O001542,C0217,P0166,W006,2,399.5,47.86,751.14,Cash,Cancelled,2025-10-13
O001543,C0187,P0031,W012,8,475.72,209.33,3596.43,Net Banking,Pending,2025-11-12
O001544,C0448,P0113,W009,7,229.52,306.8,1299.84,Net Banking,Pending,2025-11-26
O001545,C0111,P0159,W019,9,340.74,329.35,2737.31,Debit Card,Completed,2026-08-03
O001546,C0191,P0055,W014,3,691.95,298.46,1777.39,Net Banking,Pending,2026-08-02
O001547,C0353,P0010,W012,2,275.52,70.17,480.87,Cash,Pending,2026-03-25
O001548,C0500,P0105,W006,10,537.76,48.54,5329.06,Debit Card,Completed,2025-12-05
O001549,C0077,P0146,W016,10,595.2,1103.92,4848.08,Net Banking,Completed,2026-01-31
O001550,C0219,P0010,W007,2,275.52,82.69,468.35,Net Banking,Pending,2026-05-23
O001551,C0459,P0027,W014,3,78.28,38.51,196.33,Cash,Pending,2026-07-10
O001552,C0136,P0131,W016,5,381.9,19.63,1889.87,Cash,Pending,2025-12-02
O001553,C0275,P0122,W012,6,472.24,40.52,2792.92,Debit Card,Cancelled,2026-05-24
O001554,C0028,P0113,W010,8,229.52,264.96,1571.2,Credit Card,Completed,2026-05-25
O001555,C0102,P0038,W012,8,210.73,98.72,1587.12,Cash,Pending,2026-03-15
O001556,C0322,P0031,W019,1,475.72,26.55,449.17,Credit Card,Cancelled,2026-06-05
O001557,C0057,P0175,W020,10,636.16,249.68,6111.92,Credit Card,Completed,2026-05-26
O001558,C0011,P0031,W010,10,475.72,220.89,4536.31,Debit Card,Cancelled,2025-11-25
O001559,C0083,P0004,W010,8,47.98,60.11,323.73,UPI,Pending,2026-05-19
O001560,C0035,P0142,W002,7,465.39,132.09,3125.64,Credit Card,Pending,2026-04-18
O001561,C0073,P0076,W013,7,366.83,100.43,2467.38,Credit Card,Completed,2025-08-13
O001562,C0240,P0166,W019,3,399.5,147.62,1050.88,Debit Card,Completed,2026-04-22
O001563,C0088,P0093,W002,10,102.56,63.98,961.62,Cash,Pending,2026-04-18
O001564,C0197,P0165,W011,7,221.44,263.64,1286.44,Debit Card,Cancelled,2026-04-05
O001565,C0498,P0122,W007,3,472.24,53.23,1363.49,Net Banking,Pending,2025-09-16
O001566,C0301,P0189,W019,2,416.57,35.73,797.41,Debit Card,Completed,2026-03-12
O001567,C0410,P0106,W013,9,395.02,245.06,3310.12,Debit Card,Pending,2025-10-26
O001568,C0249,P0052,W018,9,697.25,260.53,6014.72,Cash,Cancelled,2026-05-27
O001569,C0053,P0116,W018,1,446.14,32.77,413.37,Credit Card,Completed,2025-11-02
O001570,C0259,P0092,W006,9,165.58,63.68,1426.54,UPI,Completed,2026-01-06
O001571,C0013,P0114,W007,3,433.11,222.73,1076.6,UPI,Pending,2026-04-27
O001572,C0174,P0128,W011,2,366.55,58.95,674.15,Debit Card,Pending,2025-09-18
O001573,C0262,P0061,W009,6,427.25,235.84,2327.66,Debit Card,Cancelled,2025-11-12
O001574,C0280,P0064,W007,5,124.23,83.56,537.59,UPI,Cancelled,2026-05-22
O001575,C0244,P0051,W002,3,229.62,51.93,636.93,Cash,Cancelled,2025-11-11
O001576,C0260,P0091,W007,6,128.87,1.49,771.73,UPI,Cancelled,2025-08-17
O001577,C0049,P0181,W017,3,510.35,31.7,1499.35,Net Banking,Cancelled,2026-01-21
O001578,C0132,P0040,W008,10,533.67,681.97,4654.73,Net Banking,Pending,2025-11-10
O001579,C0010,P0069,W017,7,779.75,153.43,5304.82,Debit Card,Cancelled,2025-08-05
O001580,C0115,P0076,W018,7,366.83,164.8,2403.01,Debit Card,Completed,2025-08-24
O001581,C0257,P0055,W013,5,691.95,199.53,3260.22,UPI,Cancelled,2025-11-28
O001582,C0445,P0036,W010,8,550.45,515.34,3888.26,Credit Card,Pending,2026-03-16
O001583,C0166,P0162,W015,4,472.72,89.63,1801.25,UPI,Cancelled,2026-04-13
O001584,C0345,P0003,W002,1,307.09,31.52,275.57,Debit Card,Completed,2026-07-31
O001585,C0028,P0074,W001,7,318.47,50.4,2178.89,Cash,Cancelled,2025-08-11
O001586,C0317,P0100,W004,5,451.54,209.75,2047.95,Net Banking,Completed,2026-04-30
O001587,C0238,P0089,W016,9,380.36,45.37,3377.87,Debit Card,Pending,2026-05-08
O001588,C0174,P0138,W005,7,574.82,635.79,3387.95,Credit Card,Completed,2025-09-12
O001589,C0223,P0173,W001,4,112.19,25.16,423.6,Net Banking,Pending,2026-03-19
O001590,C0082,P0174,W002,1,288.11,14.51,273.6,UPI,Cancelled,2025-11-05
O001591,C0049,P0085,W006,2,734.45,139.65,1329.25,Debit Card,Completed,2025-10-30
O001592,C0174,P0083,W020,9,557.15,490.66,4523.69,UPI,Cancelled,2025-11-20
O001593,C0055,P0026,W020,2,424.88,150.12,699.64,UPI,Pending,2025-11-05
O001594,C0150,P0141,W018,8,473.02,239.64,3544.52,Debit Card,Cancelled,2025-10-09
O001595,C0485,P0118,W018,8,545.32,154.52,4208.04,UPI,Cancelled,2026-04-07
O001596,C0378,P0140,W005,5,719.31,370.3,3226.25,Net Banking,Cancelled,2025-09-24
O001597,C0227,P0087,W009,1,52.58,5.68,46.9,Debit Card,Pending,2026-06-22
O001598,C0161,P0039,W001,1,696.37,60.34,636.03,Debit Card,Completed,2026-06-24
O001599,C0381,P0197,W017,7,603.05,140.55,4080.8,Cash,Pending,2026-05-06
O001600,C0366,P0068,W016,3,244.39,100.07,633.1,UPI,Completed,2026-07-04
O001601,C0033,P0029,W011,6,380.84,283.94,2001.1,Net Banking,Pending,2026-04-27
O001602,C0134,P0130,W020,5,247.63,39.6,1198.55,Debit Card,Pending,2026-06-03
O001603,C0332,P0157,W010,10,596.45,671.41,5293.09,Cash,Completed,2025-10-09
O001604,C0025,P0183,W020,7,518.44,154.54,3474.54,UPI,Pending,2026-01-23
O001605,C0036,P0055,W017,3,691.95,325.67,1750.18,Cash,Pending,2026-07-08
O001606,C0122,P0032,W017,1,562.17,82.35,479.82,Debit Card,Cancelled,2025-11-17
O001607,C0080,P0175,W013,10,636.16,884.1,5477.5,Credit Card,Completed,2026-02-02
O001608,C0203,P0061,W009,8,427.25,594.96,2823.04,Credit Card,Pending,2025-10-22
O001609,C0061,P0102,W003,10,580.08,971.26,4829.54,Cash,Completed,2026-08-05
O001610,C0360,P0086,W003,4,781.27,569.26,2555.82,Net Banking,Completed,2026-03-29
O001611,C0008,P0178,W014,4,253.74,159.39,855.57,UPI,Cancelled,2026-04-29
O001612,C0467,P0044,W006,1,509.99,59.72,450.27,Debit Card,Completed,2026-02-27
O001613,C0124,P0126,W010,8,352.47,133.73,2686.03,Credit Card,Completed,2026-07-07
O001614,C0043,P0166,W013,10,399.5,401.68,3593.32,Cash,Completed,2026-05-24
O001615,C0224,P0138,W002,7,574.82,414.17,3609.57,Credit Card,Pending,2026-05-03
O001616,C0229,P0088,W001,3,512.39,33.44,1503.73,Net Banking,Cancelled,2026-04-10
O001617,C0013,P0136,W014,9,596.21,574.29,4791.6,Net Banking,Pending,2026-07-13
O001618,C0113,P0144,W004,5,642.6,294.74,2918.26,Cash,Pending,2026-01-05
O001619,C0025,P0033,W015,10,316.3,520.51,2642.49,Credit Card,Completed,2026-02-24
O001620,C0085,P0022,W002,6,456.03,532.52,2203.66,Debit Card,Cancelled,2026-03-12
O001621,C0130,P0169,W002,2,685.11,178.66,1191.56,Debit Card,Pending,2026-03-01
O001622,C0158,P0130,W008,2,247.63,94.76,400.5,Cash,Cancelled,2025-10-24
O001623,C0295,P0090,W002,8,414.11,619.39,2693.49,Debit Card,Cancelled,2026-01-23
O001624,C0317,P0087,W017,10,52.58,95.73,430.07,UPI,Completed,2026-07-07
O001625,C0479,P0004,W012,5,47.98,21.11,218.79,Credit Card,Completed,2026-02-03
O001626,C0437,P0160,W017,10,103.95,163.32,876.18,Credit Card,Cancelled,2026-07-10
O001627,C0200,P0009,W013,10,127.01,39.47,1230.63,Cash,Cancelled,2025-12-09
O001628,C0083,P0085,W013,2,734.45,266.19,1202.71,Net Banking,Cancelled,2025-10-13
O001629,C0114,P0008,W014,7,707.65,684.38,4269.17,Net Banking,Completed,2025-12-25
O001630,C0252,P0191,W002,6,583.75,484.75,3017.75,Net Banking,Cancelled,2025-09-04
O001631,C0255,P0079,W010,1,102.81,9.6,93.21,Credit Card,Cancelled,2025-11-25
O001632,C0464,P0158,W010,5,498.73,357.78,2135.87,Net Banking,Pending,2026-02-09
O001633,C0137,P0041,W007,6,471.27,353.11,2474.51,Debit Card,Completed,2026-04-17
O001634,C0288,P0086,W014,7,781.27,703.96,4764.93,UPI,Completed,2025-09-22
O001635,C0485,P0051,W010,10,229.62,351.03,1945.17,Credit Card,Cancelled,2026-05-21
O001636,C0260,P0022,W003,5,456.03,440.9,1839.25,Net Banking,Completed,2026-05-13
O001637,C0058,P0038,W019,8,210.73,84.48,1601.36,UPI,Completed,2026-03-05
O001638,C0308,P0034,W011,6,98.84,24.24,568.8,Cash,Cancelled,2026-01-08
O001639,C0336,P0195,W002,10,194.61,384.35,1561.75,Cash,Pending,2026-05-21
O001640,C0047,P0125,W015,5,184.54,37.5,885.2,UPI,Pending,2026-03-07
O001641,C0328,P0124,W001,7,711.13,674.02,4303.89,UPI,Pending,2026-03-26
O001642,C0332,P0174,W005,7,288.11,308.17,1708.6,Credit Card,Pending,2025-08-14
O001643,C0264,P0157,W008,2,596.45,59.3,1133.6,Credit Card,Cancelled,2026-03-07
O001644,C0497,P0180,W004,6,83.12,49.77,448.95,Debit Card,Cancelled,2026-05-22
O001645,C0212,P0090,W013,2,414.11,13.83,814.39,Cash,Pending,2025-08-22
O001646,C0029,P0125,W019,9,184.54,202.67,1458.19,Net Banking,Completed,2026-07-27
O001647,C0112,P0073,W005,4,114.95,85.86,373.94,UPI,Cancelled,2025-12-20
O001648,C0095,P0019,W012,5,452.83,65.68,2198.47,Debit Card,Completed,2025-11-20
O001649,C0010,P0176,W003,10,708.65,519.46,6567.04,Cash,Completed,2026-01-05
O001650,C0400,P0017,W008,2,438.91,102.01,775.81,Debit Card,Completed,2026-05-22
O001651,C0500,P0058,W010,1,607.88,94.63,513.25,Debit Card,Pending,2025-11-19
O001652,C0390,P0054,W019,5,298.13,132.18,1358.47,Debit Card,Pending,2025-10-13
O001653,C0179,P0094,W016,4,536.83,203.11,1944.21,Debit Card,Pending,2026-03-02
O001654,C0042,P0006,W005,10,615.25,943.89,5208.61,Cash,Pending,2026-02-07
O001655,C0138,P0064,W017,5,124.23,18.1,603.05,Net Banking,Pending,2026-05-08
O001656,C0202,P0113,W010,3,229.52,30.1,658.46,Debit Card,Pending,2026-08-05
O001657,C0376,P0092,W013,9,165.58,92.54,1397.68,Net Banking,Completed,2025-10-11
O001658,C0323,P0139,W018,10,261.47,490.34,2124.36,Net Banking,Completed,2025-08-07
O001659,C0044,P0016,W012,1,646.11,7.78,638.33,Debit Card,Completed,2025-11-21
O001660,C0469,P0159,W018,10,340.74,127.57,3279.83,UPI,Pending,2026-01-26
O001661,C0096,P0174,W008,7,288.11,328.1,1688.67,Credit Card,Completed,2026-05-07
O001662,C0193,P0090,W004,3,414.11,224.85,1017.48,Net Banking,Pending,2026-04-03
O001663,C0188,P0052,W005,6,697.25,488.69,3694.81,Credit Card,Pending,2025-12-30
O001664,C0093,P0002,W004,4,318.95,239.92,1035.88,Net Banking,Cancelled,2025-09-20
O001665,C0390,P0033,W006,7,316.3,327.16,1886.94,Debit Card,Cancelled,2025-08-27
O001666,C0291,P0018,W011,1,693.16,11.62,681.54,Net Banking,Cancelled,2026-08-03
O001667,C0215,P0091,W017,10,128.87,125.12,1163.58,UPI,Completed,2025-08-11
O001668,C0102,P0123,W003,5,614.42,118.82,2953.28,Debit Card,Completed,2025-10-30
O001669,C0301,P0094,W003,7,536.83,701.39,3056.42,Net Banking,Completed,2026-01-25
O001670,C0451,P0127,W018,4,830.32,211.93,3109.35,UPI,Completed,2025-10-30
O001671,C0083,P0012,W004,2,342.53,123.58,561.48,Debit Card,Pending,2025-12-04
O001672,C0271,P0054,W016,5,298.13,237.99,1252.66,Credit Card,Pending,2025-08-25
O001673,C0261,P0026,W020,7,424.88,38.87,2935.29,Debit Card,Pending,2025-10-07
O001674,C0117,P0047,W001,4,519.72,391.9,1686.98,Debit Card,Cancelled,2026-04-26
O001675,C0425,P0199,W004,7,550.92,88.66,3767.78,Credit Card,Pending,2025-12-13
O001676,C0038,P0095,W003,6,121.43,20.58,708.0,Credit Card,Completed,2026-07-22
O001677,C0469,P0061,W011,5,427.25,214.54,1921.71,Net Banking,Completed,2026-06-05
O001678,C0238,P0051,W007,10,229.62,310.05,1986.15,UPI,Completed,2025-11-01
O001679,C0149,P0052,W004,3,697.25,7.77,2083.98,Net Banking,Cancelled,2026-07-19
O001680,C0328,P0043,W010,1,759.88,73.42,686.46,UPI,Cancelled,2025-10-31
O001681,C0390,P0031,W013,4,475.72,123.09,1779.79,Credit Card,Completed,2025-08-09
O001682,C0143,P0176,W017,2,708.65,128.93,1288.37,Credit Card,Cancelled,2025-10-16
O001683,C0266,P0088,W012,9,512.39,908.16,3703.35,UPI,Cancelled,2026-07-05
O001684,C0341,P0189,W016,2,416.57,39.6,793.54,Debit Card,Cancelled,2026-01-25
O001685,C0226,P0193,W004,3,327.81,39.37,944.06,Debit Card,Completed,2026-01-03
O001686,C0425,P0123,W010,8,614.42,251.63,4663.73,Debit Card,Completed,2026-01-02
O001687,C0275,P0070,W014,10,468.0,372.23,4307.77,UPI,Cancelled,2026-02-20
O001688,C0177,P0082,W018,9,524.26,551.64,4166.7,Cash,Pending,2026-01-21
O001689,C0237,P0053,W014,4,208.63,5.24,829.28,Debit Card,Completed,2026-03-22
O001690,C0254,P0080,W015,4,24.4,0.7,96.9,Credit Card,Completed,2026-07-15
O001691,C0199,P0001,W014,9,711.01,1189.35,5209.74,Net Banking,Pending,2025-12-31
O001692,C0162,P0017,W019,8,438.91,47.85,3463.43,Debit Card,Pending,2026-05-29
O001693,C0110,P0191,W004,5,583.75,34.2,2884.55,UPI,Cancelled,2025-08-09
O001694,C0099,P0144,W016,2,642.6,211.21,1073.99,Net Banking,Completed,2026-07-19
O001695,C0342,P0171,W012,3,165.53,56.77,439.82,Cash,Cancelled,2025-09-15
O001696,C0453,P0183,W010,4,518.44,250.71,1823.05,Cash,Pending,2026-04-10
O001697,C0231,P0034,W016,5,98.84,91.51,402.69,UPI,Cancelled,2025-12-08
O001698,C0459,P0183,W007,10,518.44,153.4,5031.0,Debit Card,Completed,2026-03-27
O001699,C0406,P0183,W008,6,518.44,119.97,2990.67,UPI,Cancelled,2025-09-08
O001700,C0487,P0153,W002,8,97.2,114.47,663.13,UPI,Pending,2026-01-17
O001701,C0254,P0134,W015,5,127.8,43.85,595.15,Debit Card,Completed,2026-06-24
O001702,C0123,P0087,W009,2,52.58,20.16,85.0,Credit Card,Completed,2025-08-05
O001703,C0438,P0119,W001,9,123.87,155.49,959.34,Credit Card,Pending,2025-09-07
O001704,C0228,P0123,W009,7,614.42,540.79,3760.15,Debit Card,Pending,2025-09-24
O001705,C0416,P0072,W001,3,712.27,213.23,1923.58,Credit Card,Cancelled,2025-12-14
O001706,C0495,P0073,W012,1,114.95,10.16,104.79,Cash,Completed,2025-09-30
O001707,C0063,P0014,W013,8,248.91,255.98,1735.3,Credit Card,Pending,2026-05-08
O001708,C0385,P0103,W013,5,104.86,31.14,493.16,UPI,Completed,2026-05-17
O001709,C0444,P0062,W018,6,152.46,173.25,741.51,Net Banking,Pending,2026-04-07
O001710,C0082,P0110,W003,5,91.98,17.73,442.17,Net Banking,Completed,2025-10-24
O001711,C0382,P0013,W006,4,678.5,53.57,2660.43,Net Banking,Pending,2026-05-21
O001712,C0108,P0024,W003,4,574.38,23.75,2273.77,Debit Card,Pending,2025-09-15
O001713,C0379,P0054,W017,6,298.13,202.02,1586.76,Cash,Cancelled,2026-07-25
O001714,C0371,P0105,W012,2,537.76,208.16,867.36,Net Banking,Pending,2026-02-15
O001715,C0271,P0175,W009,1,636.16,60.69,575.47,Cash,Pending,2025-09-04
O001716,C0310,P0095,W010,10,121.43,15.65,1198.65,Credit Card,Pending,2026-06-06
O001717,C0074,P0117,W013,10,422.57,774.98,3450.72,Net Banking,Cancelled,2026-07-03
O001718,C0384,P0131,W017,8,381.9,56.09,2999.11,Net Banking,Pending,2026-06-07
O001719,C0254,P0068,W007,9,244.39,220.43,1979.08,Debit Card,Cancelled,2026-05-28
O001720,C0151,P0084,W002,8,611.84,122.62,4772.1,Debit Card,Completed,2025-11-06
O001721,C0234,P0143,W018,10,276.16,18.1,2743.5,Credit Card,Pending,2026-02-11
O001722,C0260,P0036,W016,2,550.45,8.71,1092.19,Net Banking,Pending,2025-08-07
O001723,C0183,P0155,W020,6,70.67,57.86,366.16,Net Banking,Completed,2025-11-10
O001724,C0077,P0126,W018,10,352.47,289.19,3235.51,Debit Card,Completed,2026-08-02
O001725,C0379,P0181,W013,9,510.35,145.27,4447.88,Net Banking,Completed,2026-04-03
O001726,C0122,P0181,W016,5,510.35,286.98,2264.77,Debit Card,Pending,2025-10-03
O001727,C0385,P0038,W013,4,210.73,131.27,711.65,Credit Card,Pending,2026-04-29
O001728,C0170,P0109,W013,3,51.49,23.35,131.12,Net Banking,Cancelled,2025-09-09
O001729,C0077,P0009,W001,1,127.01,7.34,119.67,Debit Card,Completed,2025-10-06
O001730,C0488,P0145,W020,4,49.46,20.22,177.62,Credit Card,Completed,2026-04-06
O001731,C0367,P0059,W012,5,691.04,565.06,2890.14,Debit Card,Cancelled,2026-01-05
O001732,C0497,P0112,W006,3,635.62,189.24,1717.62,Net Banking,Pending,2025-09-27
O001733,C0346,P0133,W007,8,659.87,921.91,4357.05,Cash,Completed,2026-01-29
O001734,C0199,P0128,W006,4,366.55,163.01,1303.19,UPI,Completed,2026-01-18
O001735,C0228,P0162,W016,1,472.72,91.46,381.26,Credit Card,Completed,2025-10-09
O001736,C0045,P0081,W002,6,583.65,494.5,3007.4,UPI,Pending,2026-02-19
O001737,C0494,P0185,W005,4,566.24,406.43,1858.53,Cash,Pending,2025-12-02
O001738,C0013,P0118,W001,5,545.32,342.68,2383.92,Cash,Cancelled,2025-12-15
O001739,C0481,P0200,W001,4,181.69,41.37,685.39,Cash,Completed,2026-02-05
O001740,C0280,P0144,W015,3,642.6,154.18,1773.62,Debit Card,Completed,2026-04-29
O001741,C0490,P0083,W013,1,557.15,68.22,488.93,UPI,Cancelled,2026-03-14
O001742,C0455,P0032,W018,8,562.17,749.59,3747.77,UPI,Cancelled,2026-05-14
O001743,C0421,P0194,W012,4,316.48,193.45,1072.47,Credit Card,Completed,2025-12-31
O001744,C0318,P0006,W012,10,615.25,333.16,5819.34,Debit Card,Cancelled,2026-07-30
O001745,C0496,P0175,W010,5,636.16,424.35,2756.45,Debit Card,Pending,2026-04-28
O001746,C0007,P0138,W011,1,574.82,35.87,538.95,Cash,Completed,2026-01-25
O001747,C0376,P0041,W020,10,471.27,910.88,3801.82,Cash,Pending,2026-05-18
O001748,C0415,P0150,W012,4,79.1,16.0,300.4,Cash,Completed,2025-11-07
O001749,C0016,P0110,W016,4,91.98,23.4,344.52,UPI,Completed,2026-05-02
O001750,C0120,P0051,W018,1,229.62,28.45,201.17,Credit Card,Completed,2026-02-20
O001751,C0382,P0104,W018,7,61.8,3.33,429.27,Credit Card,Pending,2026-01-23
O001752,C0406,P0017,W015,2,438.91,151.48,726.34,Debit Card,Completed,2025-09-12
O001753,C0380,P0135,W003,9,444.2,757.74,3240.06,Credit Card,Cancelled,2025-12-23
O001754,C0451,P0004,W003,2,47.98,8.79,87.17,Credit Card,Pending,2025-12-20
O001755,C0132,P0104,W007,9,61.8,12.35,543.85,Credit Card,Cancelled,2026-07-14
O001756,C0120,P0009,W003,9,127.01,192.77,950.32,UPI,Completed,2026-07-31
O001757,C0059,P0074,W015,4,318.47,229.75,1044.13,UPI,Pending,2025-12-09
O001758,C0452,P0199,W016,3,550.92,23.03,1629.73,UPI,Pending,2026-03-19
O001759,C0016,P0093,W006,10,102.56,139.88,885.72,Cash,Pending,2026-05-06
O001760,C0019,P0097,W012,3,339.95,88.79,931.06,Net Banking,Completed,2026-01-29
O001761,C0348,P0095,W008,10,121.43,210.71,1003.59,UPI,Cancelled,2026-07-23
O001762,C0433,P0003,W017,9,307.09,416.89,2346.92,Debit Card,Cancelled,2025-08-23
O001763,C0266,P0078,W011,4,134.38,61.96,475.56,Credit Card,Pending,2025-12-16
O001764,C0089,P0129,W015,3,649.05,58.96,1888.19,Cash,Cancelled,2026-03-07
O001765,C0138,P0160,W014,5,103.95,79.72,440.03,Cash,Completed,2025-12-06
O001766,C0140,P0095,W013,10,121.43,109.11,1105.19,Net Banking,Completed,2025-08-28
O001767,C0077,P0200,W005,7,181.69,86.13,1185.7,Net Banking,Cancelled,2025-12-19
O001768,C0413,P0019,W009,10,452.83,169.26,4359.04,Cash,Pending,2025-10-22
O001769,C0288,P0025,W005,5,464.04,317.19,2003.01,Net Banking,Pending,2026-03-28
O001770,C0172,P0042,W003,7,276.02,76.52,1855.62,Debit Card,Completed,2026-01-01
O001771,C0354,P0136,W006,6,596.21,71.81,3505.45,Credit Card,Pending,2025-09-28
O001772,C0334,P0091,W003,9,128.87,155.7,1004.13,UPI,Cancelled,2026-04-19
O001773,C0383,P0182,W018,5,103.87,3.66,515.69,Cash,Completed,2025-11-10
O001774,C0321,P0055,W015,10,691.95,1252.49,5667.01,UPI,Completed,2026-03-28
O001775,C0054,P0024,W013,8,574.38,56.29,4538.75,Cash,Cancelled,2025-10-07
O001776,C0417,P0001,W015,7,711.01,737.6,4239.47,Cash,Pending,2026-02-02
O001777,C0088,P0154,W007,7,687.94,426.97,4388.61,Cash,Completed,2026-07-18
O001778,C0187,P0147,W012,4,250.9,26.93,976.67,Net Banking,Cancelled,2025-12-06
O001779,C0314,P0087,W006,1,52.58,1.57,51.01,Cash,Pending,2025-09-25
O001780,C0495,P0096,W016,6,223.64,208.25,1133.59,UPI,Completed,2025-11-28
O001781,C0145,P0196,W008,4,403.53,3.07,1611.05,UPI,Pending,2026-06-08
O001782,C0470,P0059,W004,5,691.04,580.18,2875.02,Net Banking,Cancelled,2026-02-03
O001783,C0213,P0175,W004,7,636.16,428.36,4024.76,Cash,Completed,2025-10-06
O001784,C0351,P0125,W002,1,184.54,12.91,171.63,Credit Card,Cancelled,2025-10-30
O001785,C0363,P0194,W009,8,316.48,425.65,2106.19,Cash,Cancelled,2026-05-03
O001786,C0353,P0075,W006,4,153.98,95.49,520.43,Cash,Completed,2026-03-19
O001787,C0173,P0174,W016,10,288.11,95.85,2785.25,Cash,Completed,2026-02-21
O001788,C0165,P0025,W002,3,464.04,96.68,1295.44,UPI,Pending,2025-08-20
O001789,C0336,P0097,W017,10,339.95,463.49,2936.01,Debit Card,Cancelled,2025-10-10
O001790,C0452,P0081,W019,3,583.65,216.34,1534.61,Cash,Cancelled,2026-02-01
O001791,C0265,P0005,W007,6,616.49,667.33,3031.61,Cash,Completed,2025-09-28
O001792,C0135,P0146,W020,8,595.2,656.31,4105.29,Net Banking,Cancelled,2025-10-20
O001793,C0095,P0177,W013,8,764.51,200.33,5915.75,Cash,Completed,2025-09-19
O001794,C0049,P0191,W009,9,583.75,117.67,5136.08,Debit Card,Pending,2025-09-07
O001795,C0206,P0037,W004,8,536.12,55.03,4233.93,Debit Card,Cancelled,2026-01-10
O001796,C0465,P0083,W015,3,557.15,3.75,1667.7,Cash,Cancelled,2025-09-28
O001797,C0373,P0122,W009,4,472.24,266.79,1622.17,UPI,Cancelled,2025-08-21
O001798,C0101,P0038,W007,5,210.73,57.71,995.94,Cash,Completed,2026-06-02
O001799,C0412,P0063,W001,8,152.21,160.79,1056.89,UPI,Cancelled,2026-04-20
O001800,C0134,P0015,W013,3,435.76,177.19,1130.09,Credit Card,Completed,2025-08-16
O001801,C0400,P0053,W019,6,208.63,113.71,1138.07,Credit Card,Completed,2025-10-02
O001802,C0285,P0026,W020,7,424.88,366.13,2608.03,Debit Card,Cancelled,2026-03-29
O001803,C0079,P0101,W002,10,536.98,917.94,4451.86,Debit Card,Cancelled,2025-11-24
O001804,C0286,P0047,W013,10,519.72,481.62,4715.58,Credit Card,Completed,2026-03-29
O001805,C0160,P0103,W017,10,104.86,161.81,886.79,Credit Card,Cancelled,2026-02-28
O001806,C0285,P0001,W002,9,711.01,287.45,6111.64,Debit Card,Completed,2025-11-17
O001807,C0312,P0002,W007,7,318.95,360.93,1871.72,Debit Card,Pending,2025-10-23
O001808,C0034,P0179,W015,7,761.14,425.44,4902.54,Credit Card,Completed,2025-10-14
O001809,C0437,P0156,W002,2,716.77,255.83,1177.71,UPI,Cancelled,2025-08-10
O001810,C0358,P0002,W015,10,318.95,173.78,3015.72,Debit Card,Completed,2026-05-19
O001811,C0492,P0020,W017,4,658.43,489.0,2144.72,Cash,Cancelled,2025-10-02
O001812,C0447,P0062,W009,5,152.46,119.27,643.03,UPI,Pending,2026-06-06
O001813,C0063,P0069,W016,6,779.75,897.41,3781.09,Credit Card,Pending,2026-06-26
O001814,C0205,P0059,W011,7,691.04,69.71,4767.57,Net Banking,Cancelled,2026-05-09
O001815,C0214,P0089,W002,1,380.36,66.9,313.46,Debit Card,Cancelled,2026-05-05
O001816,C0067,P0133,W017,2,659.87,19.66,1300.08,Credit Card,Pending,2026-02-08
O001817,C0170,P0114,W005,4,433.11,224.71,1507.73,Cash,Cancelled,2026-05-29
O001818,C0407,P0087,W019,3,52.58,4.51,153.23,Credit Card,Completed,2025-10-12
O001819,C0291,P0094,W020,10,536.83,926.66,4441.64,Credit Card,Pending,2025-11-29
O001820,C0158,P0114,W003,3,433.11,70.08,1229.25,Net Banking,Pending,2025-11-23
O001821,C0234,P0194,W016,5,316.48,234.02,1348.38,Credit Card,Cancelled,2025-08-17
O001822,C0191,P0041,W002,8,471.27,573.51,3196.65,Cash,Completed,2026-06-14
O001823,C0107,P0195,W017,10,194.61,62.77,1883.33,Credit Card,Pending,2025-09-23
O001824,C0454,P0037,W004,4,536.12,64.85,2079.63,Cash,Completed,2025-09-10
O001825,C0416,P0184,W012,8,600.98,782.36,4025.48,Credit Card,Completed,2026-06-26
O001826,C0383,P0028,W008,6,169.73,75.85,942.53,Debit Card,Cancelled,2026-03-12
O001827,C0374,P0124,W014,6,711.13,622.39,3644.39,Cash,Completed,2026-06-20
O001828,C0104,P0038,W016,10,210.73,95.66,2011.64,Credit Card,Completed,2026-04-03
O001829,C0102,P0071,W003,6,324.09,179.77,1764.77,Net Banking,Cancelled,2025-11-05
O001830,C0302,P0085,W003,8,734.45,696.38,5179.22,Net Banking,Cancelled,2025-09-10
O001831,C0134,P0135,W014,7,444.2,593.56,2515.84,Cash,Cancelled,2026-03-26
O001832,C0030,P0136,W012,5,596.21,183.21,2797.84,Debit Card,Completed,2025-08-30
O001833,C0042,P0130,W016,1,247.63,22.77,224.86,Net Banking,Completed,2026-06-17
O001834,C0305,P0036,W019,7,550.45,265.55,3587.6,Credit Card,Pending,2025-10-22
O001835,C0031,P0134,W002,2,127.8,8.94,246.66,Credit Card,Pending,2026-05-10
O001836,C0278,P0159,W003,6,340.74,27.75,2016.69,Cash,Cancelled,2025-11-15
O001837,C0078,P0041,W008,3,471.27,41.11,1372.7,Net Banking,Completed,2025-12-15
O001838,C0215,P0034,W017,1,98.84,10.44,88.4,Credit Card,Pending,2025-08-30
O001839,C0235,P0173,W019,4,112.19,0.47,448.29,Net Banking,Completed,2026-05-28
O001840,C0311,P0054,W003,4,298.13,30.92,1161.6,Debit Card,Cancelled,2025-10-09
O001841,C0049,P0026,W018,7,424.88,79.36,2894.8,Debit Card,Completed,2025-12-22
O001842,C0168,P0143,W016,1,276.16,12.99,263.17,UPI,Cancelled,2026-01-28
O001843,C0059,P0111,W004,8,638.29,172.73,4933.59,Debit Card,Cancelled,2025-12-09
O001844,C0202,P0192,W010,6,392.33,288.03,2065.95,Debit Card,Cancelled,2025-10-05
O001845,C0371,P0174,W014,5,288.11,139.62,1300.93,Net Banking,Pending,2026-07-18
O001846,C0079,P0080,W014,7,24.4,1.32,169.48,Cash,Completed,2025-12-01
O001847,C0082,P0122,W009,6,472.24,150.76,2682.68,Cash,Pending,2025-11-04
O001848,C0416,P0120,W016,2,117.95,40.51,195.39,Credit Card,Pending,2026-05-02
O001849,C0255,P0152,W020,8,41.85,55.53,279.27,Net Banking,Pending,2026-01-16
O001850,C0489,P0104,W014,3,61.8,36.6,148.8,Debit Card,Pending,2025-11-16
O001851,C0194,P0050,W001,6,407.27,474.99,1968.63,UPI,Pending,2026-04-09
O001852,C0037,P0160,W004,5,103.95,93.11,426.64,Debit Card,Cancelled,2026-03-12
O001853,C0472,P0112,W013,7,635.62,545.56,3903.78,Credit Card,Completed,2025-09-25
O001854,C0028,P0133,W019,2,659.87,224.27,1095.47,Debit Card,Cancelled,2026-02-25
O001855,C0150,P0029,W018,4,380.84,288.17,1235.19,UPI,Pending,2025-12-14
O001856,C0084,P0116,W015,4,446.14,256.05,1528.51,Net Banking,Cancelled,2025-08-13
O001857,C0113,P0102,W018,10,580.08,168.71,5632.09,Cash,Completed,2025-09-10
O001858,C0042,P0016,W006,6,646.11,329.19,3547.47,Credit Card,Pending,2025-08-16
O001859,C0174,P0026,W011,7,424.88,348.15,2626.01,Debit Card,Pending,2025-10-27
O001860,C0062,P0125,W003,4,184.54,103.92,634.24,Credit Card,Cancelled,2025-10-04
O001861,C0498,P0194,W014,4,316.48,94.41,1171.51,Cash,Cancelled,2026-07-06
O001862,C0195,P0058,W014,3,607.88,3.16,1820.48,Net Banking,Pending,2025-09-25
O001863,C0236,P0152,W007,2,41.85,10.99,72.71,Net Banking,Cancelled,2026-06-05
O001864,C0459,P0061,W020,8,427.25,607.68,2810.32,Credit Card,Cancelled,2025-12-25
O001865,C0497,P0187,W018,8,557.43,420.79,4038.65,Cash,Completed,2025-10-14
O001866,C0424,P0015,W018,6,435.76,436.68,2177.88,Debit Card,Cancelled,2026-03-03
O001867,C0102,P0001,W015,9,711.01,288.21,6110.88,Credit Card,Cancelled,2026-05-25
O001868,C0416,P0096,W017,3,223.64,58.68,612.24,Net Banking,Completed,2026-07-14
O001869,C0191,P0013,W007,7,678.5,709.07,4040.43,Net Banking,Pending,2026-06-04
O001870,C0287,P0132,W002,5,661.28,199.29,3107.11,UPI,Pending,2026-03-26
O001871,C0495,P0005,W010,6,616.49,426.69,3272.25,UPI,Cancelled,2025-08-05
O001872,C0321,P0007,W004,9,86.6,137.72,641.68,Net Banking,Cancelled,2026-07-01
O001873,C0222,P0093,W012,6,102.56,25.24,590.12,Cash,Cancelled,2026-03-29
O001874,C0284,P0162,W004,9,472.72,577.68,3676.8,UPI,Cancelled,2025-11-13
O001875,C0365,P0150,W003,8,79.1,84.03,548.77,UPI,Pending,2026-03-19
O001876,C0104,P0022,W013,2,456.03,58.67,853.39,Credit Card,Pending,2025-11-06
O001877,C0254,P0036,W005,5,550.45,543.05,2209.2,Cash,Cancelled,2026-02-04
O001878,C0156,P0171,W005,2,165.53,35.77,295.29,Cash,Completed,2026-07-03
O001879,C0104,P0055,W003,1,691.95,70.91,621.04,Credit Card,Cancelled,2025-08-23
O001880,C0400,P0077,W010,7,705.01,566.54,4368.53,Credit Card,Cancelled,2025-10-27
O001881,C0471,P0079,W020,3,102.81,31.31,277.12,UPI,Pending,2026-06-17
O001882,C0102,P0073,W003,8,114.95,37.78,881.82,Debit Card,Completed,2026-07-23
O001883,C0141,P0178,W001,9,253.74,443.87,1839.79,UPI,Cancelled,2026-07-28
O001884,C0085,P0027,W019,7,78.28,100.24,447.72,Credit Card,Cancelled,2025-12-03
O001885,C0119,P0184,W019,9,600.98,918.47,4490.35,Cash,Pending,2026-01-17
O001886,C0184,P0145,W017,2,49.46,8.99,89.93,Debit Card,Completed,2026-05-20
O001887,C0080,P0084,W014,8,611.84,84.59,4810.13,Net Banking,Completed,2025-11-02
O001888,C0336,P0063,W018,6,152.21,62.36,850.9,Net Banking,Pending,2026-01-10
O001889,C0218,P0174,W007,3,288.11,11.06,853.27,UPI,Cancelled,2025-08-21
O001890,C0246,P0159,W001,2,340.74,18.53,662.95,Debit Card,Completed,2025-11-22
O001891,C0270,P0005,W010,1,616.49,12.44,604.05,Cash,Completed,2025-08-13
O001892,C0465,P0040,W012,2,533.67,37.17,1030.17,UPI,Pending,2025-08-14
O001893,C0417,P0001,W013,3,711.01,36.52,2096.51,Cash,Pending,2025-12-12
O001894,C0238,P0118,W008,1,545.32,30.8,514.52,Debit Card,Completed,2026-06-20
O001895,C0474,P0187,W020,1,557.43,30.6,526.83,Debit Card,Cancelled,2026-02-01
O001896,C0260,P0009,W015,7,127.01,81.97,807.1,Debit Card,Cancelled,2025-08-05
O001897,C0038,P0117,W015,3,422.57,171.7,1096.01,UPI,Completed,2026-01-28
O001898,C0029,P0088,W005,8,512.39,166.63,3932.49,UPI,Pending,2025-11-28
O001899,C0234,P0034,W001,10,98.84,129.2,859.2,Cash,Completed,2025-10-18
O001900,C0394,P0021,W015,8,244.16,128.8,1824.48,Net Banking,Completed,2025-08-12
O001901,C0021,P0017,W020,7,438.91,554.16,2518.21,UPI,Cancelled,2026-07-15
O001902,C0151,P0130,W004,6,247.63,133.85,1351.93,Credit Card,Cancelled,2025-11-05
O001903,C0066,P0131,W015,5,381.9,379.44,1530.06,Credit Card,Cancelled,2026-01-24
O001904,C0258,P0139,W013,1,261.47,27.69,233.78,Credit Card,Pending,2026-02-18
O001905,C0181,P0172,W006,10,355.99,432.78,3127.12,Debit Card,Cancelled,2026-01-24
O001906,C0130,P0051,W017,9,229.62,183.75,1882.83,Debit Card,Cancelled,2026-07-08
O001907,C0015,P0082,W012,5,524.26,268.23,2353.07,Debit Card,Completed,2026-05-03
O001908,C0233,P0035,W014,7,613.51,789.79,3504.78,Cash,Pending,2025-11-16
O001909,C0356,P0192,W003,3,392.33,9.83,1167.16,Debit Card,Pending,2026-01-24
O001910,C0152,P0144,W020,2,642.6,192.46,1092.74,Cash,Pending,2026-05-24
O001911,C0090,P0016,W018,7,646.11,616.33,3906.44,Cash,Pending,2026-02-23
O001912,C0303,P0138,W009,2,574.82,40.78,1108.86,Net Banking,Pending,2026-07-25
O001913,C0264,P0059,W001,3,691.04,121.16,1951.96,UPI,Cancelled,2025-12-11
O001914,C0166,P0200,W004,5,181.69,170.96,737.49,UPI,Cancelled,2026-04-06
O001915,C0369,P0161,W003,1,792.47,104.58,687.89,Debit Card,Pending,2025-09-05
O001916,C0348,P0076,W018,8,366.83,319.54,2615.1,Credit Card,Pending,2025-10-30
O001917,C0349,P0020,W017,6,658.43,250.42,3700.16,Cash,Pending,2025-08-09
O001918,C0158,P0007,W016,3,86.6,29.71,230.09,Debit Card,Cancelled,2026-02-02
O001919,C0041,P0053,W001,8,208.63,289.08,1379.96,Net Banking,Completed,2025-12-11
O001920,C0479,P0132,W008,2,661.28,173.11,1149.45,Net Banking,Pending,2026-03-26
O001921,C0107,P0014,W012,3,248.91,125.09,621.64,Debit Card,Pending,2026-01-26
O001922,C0040,P0097,W020,5,339.95,264.17,1435.58,Net Banking,Pending,2026-04-11
O001923,C0366,P0086,W017,7,781.27,108.51,5360.38,Credit Card,Cancelled,2026-05-04
O001924,C0119,P0162,W004,7,472.72,2.19,3306.85,Credit Card,Pending,2025-12-04
O001925,C0224,P0047,W011,5,519.72,488.1,2110.5,Debit Card,Completed,2026-03-12
O001926,C0181,P0145,W009,5,49.46,33.89,213.41,Net Banking,Completed,2026-03-25
O001927,C0046,P0052,W020,8,697.25,537.47,5040.53,Debit Card,Completed,2025-08-31
O001928,C0111,P0188,W018,2,149.25,29.83,268.67,Debit Card,Pending,2026-01-19
O001929,C0455,P0160,W008,9,103.95,9.83,925.72,Credit Card,Pending,2026-07-02
O001930,C0389,P0049,W007,7,200.77,278.49,1126.9,Cash,Completed,2026-06-11
O001931,C0463,P0165,W020,8,221.44,180.23,1591.29,Cash,Pending,2026-01-30
O001932,C0096,P0192,W011,4,392.33,34.33,1534.99,Debit Card,Pending,2025-10-11
O001933,C0125,P0119,W016,9,123.87,85.43,1029.4,Credit Card,Cancelled,2026-04-19
O001934,C0243,P0145,W015,1,49.46,8.15,41.31,Net Banking,Pending,2026-01-24
O001935,C0466,P0189,W020,8,416.57,198.08,3134.48,UPI,Completed,2025-11-19
O001936,C0311,P0156,W013,3,716.77,52.16,2098.15,Cash,Completed,2025-08-17
O001937,C0085,P0181,W001,3,510.35,202.27,1328.78,Debit Card,Pending,2025-11-28
O001938,C0123,P0192,W020,8,392.33,546.42,2592.22,Credit Card,Completed,2026-03-23
O001939,C0476,P0105,W008,4,537.76,262.43,1888.61,Cash,Cancelled,2025-12-25
O001940,C0354,P0088,W018,1,512.39,8.2,504.19,Cash,Pending,2026-01-21
O001941,C0224,P0008,W006,5,707.65,449.89,3088.36,UPI,Completed,2025-09-04
O001942,C0031,P0052,W013,8,697.25,193.84,5384.16,Debit Card,Cancelled,2026-05-23
O001943,C0489,P0176,W017,1,708.65,18.33,690.32,Net Banking,Pending,2026-05-17
O001944,C0374,P0136,W008,2,596.21,189.14,1003.28,UPI,Completed,2025-12-15
O001945,C0343,P0114,W018,7,433.11,201.37,2830.4,Net Banking,Completed,2026-01-30
O001946,C0362,P0007,W017,8,86.6,44.34,648.46,Net Banking,Cancelled,2025-10-22
O001947,C0129,P0187,W018,7,557.43,131.53,3770.48,UPI,Pending,2026-04-14
O001948,C0284,P0026,W013,2,424.88,113.57,736.19,UPI,Completed,2025-08-29
O001949,C0214,P0070,W006,7,468.0,439.52,2836.48,Credit Card,Completed,2026-06-16
O001950,C0331,P0032,W005,4,562.17,259.05,1989.63,Credit Card,Cancelled,2026-02-07
O001951,C0049,P0117,W002,9,422.57,406.82,3396.31,Debit Card,Completed,2026-01-23
O001952,C0018,P0142,W020,6,465.39,505.08,2287.26,Cash,Pending,2026-01-27
O001953,C0174,P0129,W005,9,649.05,53.44,5788.01,Cash,Cancelled,2025-08-16
O001954,C0115,P0186,W005,2,703.11,123.49,1282.73,Net Banking,Cancelled,2025-09-24
O001955,C0299,P0073,W003,9,114.95,2.73,1031.82,Cash,Pending,2026-05-18
O001956,C0418,P0084,W006,6,611.84,264.77,3406.27,UPI,Cancelled,2025-09-24
O001957,C0498,P0100,W009,5,451.54,130.3,2127.4,Credit Card,Cancelled,2026-01-07
O001958,C0290,P0147,W008,10,250.9,222.63,2286.37,Cash,Cancelled,2026-04-22
O001959,C0254,P0196,W016,10,403.53,560.89,3474.41,Cash,Completed,2025-08-11
O001960,C0353,P0044,W007,6,509.99,458.1,2601.84,Cash,Cancelled,2026-08-04
O001961,C0142,P0058,W010,6,607.88,204.47,3442.81,Cash,Completed,2026-05-06
O001962,C0425,P0012,W016,4,342.53,168.37,1201.75,Net Banking,Cancelled,2025-11-23
O001963,C0217,P0001,W012,6,711.01,494.21,3771.85,Net Banking,Completed,2025-08-23
O001964,C0321,P0140,W010,3,719.31,99.14,2058.79,Net Banking,Pending,2026-06-28
O001965,C0009,P0072,W014,2,712.27,161.81,1262.73,UPI,Cancelled,2025-09-24
O001966,C0058,P0188,W010,4,149.25,94.4,502.6,Cash,Completed,2025-08-27
O001967,C0138,P0179,W011,4,761.14,298.3,2746.26,UPI,Cancelled,2026-01-30
O001968,C0018,P0089,W003,8,380.36,600.78,2442.1,Debit Card,Cancelled,2026-03-23
O001969,C0057,P0065,W007,2,114.36,44.24,184.48,Net Banking,Completed,2025-10-27
O001970,C0152,P0128,W020,2,366.55,4.4,728.7,Credit Card,Completed,2026-02-02
O001971,C0054,P0053,W020,1,208.63,1.46,207.17,Cash,Pending,2026-03-22
O001972,C0140,P0045,W007,9,74.54,95.96,574.9,Net Banking,Pending,2025-12-06
O001973,C0174,P0082,W011,9,524.26,708.19,4010.15,Cash,Pending,2025-09-21
O001974,C0462,P0055,W003,6,691.95,39.81,4111.89,Credit Card,Pending,2026-01-18
O001975,C0422,P0112,W004,2,635.62,40.55,1230.69,Net Banking,Pending,2026-02-25
O001976,C0279,P0138,W019,6,574.82,159.63,3289.29,Credit Card,Completed,2026-06-06
O001977,C0166,P0184,W012,10,600.98,1086.17,4923.63,Credit Card,Cancelled,2025-10-31
O001978,C0352,P0172,W019,6,355.99,118.2,2017.74,Cash,Pending,2026-02-01
O001979,C0128,P0159,W019,9,340.74,585.39,2481.27,Cash,Pending,2026-04-28
O001980,C0340,P0002,W009,8,318.95,120.46,2431.14,UPI,Cancelled,2026-03-19
O001981,C0358,P0120,W011,7,117.95,34.35,791.3,UPI,Completed,2026-01-14
O001982,C0495,P0149,W014,5,102.98,2.82,512.08,Credit Card,Pending,2025-12-27
O001983,C0262,P0162,W006,8,472.72,424.44,3357.32,Net Banking,Completed,2026-07-16
O001984,C0239,P0062,W002,7,152.46,142.26,924.96,Cash,Cancelled,2025-12-15
O001985,C0430,P0033,W015,8,316.3,47.51,2482.89,UPI,Pending,2025-10-24
O001986,C0491,P0130,W016,2,247.63,74.69,420.57,Net Banking,Pending,2026-03-10
O001987,C0033,P0096,W005,6,223.64,250.66,1091.18,Credit Card,Pending,2025-12-07
O001988,C0410,P0193,W004,8,327.81,163.04,2459.44,Debit Card,Completed,2026-02-10
O001989,C0301,P0052,W003,9,697.25,460.45,5814.8,Net Banking,Pending,2026-02-05
O001990,C0398,P0183,W013,9,518.44,575.46,4090.5,Debit Card,Cancelled,2025-10-21
O001991,C0195,P0057,W008,10,500.43,912.54,4091.76,Credit Card,Completed,2025-11-08
O001992,C0200,P0109,W016,4,51.49,24.99,180.97,UPI,Completed,2026-04-06
O001993,C0430,P0031,W015,3,475.72,82.97,1344.19,Credit Card,Completed,2025-09-03
O001994,C0458,P0136,W016,4,596.21,302.85,2081.99,Debit Card,Cancelled,2026-03-22
O001995,C0458,P0069,W004,8,779.75,3.84,6234.16,Net Banking,Completed,2026-03-08
O001996,C0192,P0160,W012,7,103.95,143.6,584.05,Cash,Pending,2025-08-05
O001997,C0424,P0118,W005,8,545.32,109.93,4252.63,Credit Card,Completed,2026-07-22
O001998,C0020,P0044,W005,9,509.99,611.29,3978.62,UPI,Completed,2026-02-14
O001999,C0412,P0088,W012,10,512.39,28.33,5095.57,Cash,Pending,2025-08-24
O002000,C0062,P0102,W018,8,580.08,565.13,4075.51,Credit Card,Pending,2026-04-09
O002001,C0271,P0005,W018,9,616.49,524.75,5023.66,Debit Card,Cancelled,2026-03-16
O002002,C0060,P0189,W007,4,416.57,133.92,1532.36,UPI,Pending,2025-08-31
O002003,C0068,P0049,W005,1,200.77,3.39,197.38,Net Banking,Completed,2025-11-21
O002004,C0272,P0188,W004,8,149.25,15.44,1178.56,Net Banking,Completed,2025-09-27
O002005,C0138,P0182,W020,10,103.87,58.85,979.85,Debit Card,Cancelled,2025-08-29
O002006,C0453,P0200,W003,7,181.69,170.3,1101.53,Net Banking,Completed,2026-06-15
O002007,C0322,P0075,W011,2,153.98,37.0,270.96,UPI,Cancelled,2026-07-20
O002008,C0324,P0150,W020,9,79.1,55.01,656.89,Cash,Completed,2025-12-01
O002009,C0272,P0086,W007,2,781.27,188.77,1373.77,UPI,Pending,2026-06-24
O002010,C0123,P0155,W019,10,70.67,140.11,566.59,Debit Card,Cancelled,2025-09-03
O002011,C0383,P0046,W007,6,602.93,368.72,3248.86,Net Banking,Completed,2026-05-17
O002012,C0131,P0009,W003,3,127.01,21.22,359.81,Credit Card,Cancelled,2026-07-30
O002013,C0287,P0065,W018,10,114.36,109.07,1034.53,Net Banking,Pending,2026-07-28
O002014,C0139,P0147,W019,9,250.9,69.88,2188.22,Debit Card,Completed,2026-02-07
O002015,C0220,P0010,W007,3,275.52,122.61,703.95,Cash,Cancelled,2025-10-22
O002016,C0085,P0050,W001,7,407.27,21.08,2829.81,UPI,Pending,2026-01-08
O002017,C0011,P0044,W006,8,509.99,407.67,3672.25,UPI,Completed,2026-06-05
O002018,C0429,P0191,W002,9,583.75,724.69,4529.06,Cash,Pending,2025-10-03
O002019,C0438,P0055,W015,9,691.95,933.4,5294.15,Net Banking,Pending,2025-11-04
O002020,C0485,P0145,W008,2,49.46,9.39,89.53,UPI,Pending,2025-12-04
O002021,C0165,P0112,W009,7,635.62,253.11,4196.23,Credit Card,Completed,2026-02-03
O002022,C0435,P0053,W019,6,208.63,63.18,1188.6,UPI,Cancelled,2025-11-14
O002023,C0185,P0092,W013,5,165.58,120.84,707.06,Cash,Pending,2026-02-25
O002024,C0498,P0184,W012,7,600.98,181.27,4025.59,Cash,Completed,2025-11-11
O002025,C0344,P0033,W011,10,316.3,166.75,2996.25,Cash,Completed,2026-01-03
O002026,C0340,P0200,W001,8,181.69,178.91,1274.61,Cash,Cancelled,2026-07-14
O002027,C0066,P0171,W002,8,165.53,0.3,1323.94,UPI,Completed,2025-11-14
O002028,C0324,P0115,W005,9,346.43,204.11,2913.76,UPI,Pending,2025-11-07
O002029,C0006,P0130,W015,3,247.63,78.34,664.55,UPI,Cancelled,2026-04-26
O002030,C0307,P0146,W012,6,595.2,480.21,3090.99,Debit Card,Cancelled,2026-03-18
O002031,C0206,P0026,W003,6,424.88,384.88,2164.4,UPI,Pending,2025-11-07
O002032,C0036,P0118,W012,8,545.32,262.39,4100.17,Cash,Completed,2025-11-14
O002033,C0369,P0144,W016,10,642.6,480.7,5945.3,Credit Card,Pending,2026-01-30
O002034,C0105,P0142,W010,2,465.39,55.44,875.34,Credit Card,Pending,2025-09-18
O002035,C0024,P0067,W013,3,610.98,270.01,1562.93,Credit Card,Completed,2025-10-28
O002036,C0053,P0130,W014,5,247.63,31.8,1206.35,Net Banking,Completed,2026-06-11
O002037,C0015,P0159,W011,1,340.74,29.43,311.31,Debit Card,Completed,2026-05-15
O002038,C0039,P0043,W004,3,759.88,415.29,1864.35,Cash,Completed,2025-10-19
O002039,C0308,P0103,W004,3,104.86,48.76,265.82,Cash,Cancelled,2025-08-25
O002040,C0117,P0147,W016,3,250.9,23.3,729.4,Debit Card,Completed,2025-09-05
O002041,C0250,P0108,W009,10,467.1,134.35,4536.65,Cash,Completed,2026-01-26
O002042,C0113,P0076,W007,7,366.83,390.68,2177.13,Debit Card,Pending,2025-11-16
O002043,C0151,P0026,W003,9,424.88,10.22,3813.7,UPI,Completed,2026-05-12
O002044,C0113,P0055,W019,4,691.95,341.02,2426.78,Cash,Completed,2026-07-13
O002045,C0341,P0081,W016,3,583.65,346.53,1404.42,Credit Card,Pending,2025-09-01
O002046,C0380,P0194,W007,7,316.48,178.45,2036.91,Net Banking,Pending,2026-07-21
O002047,C0152,P0050,W003,10,407.27,121.09,3951.61,UPI,Completed,2026-07-24
O002048,C0245,P0008,W020,4,707.65,535.76,2294.84,Credit Card,Completed,2026-01-24
O002049,C0046,P0077,W015,1,705.01,95.29,609.72,Cash,Completed,2026-05-17
O002050,C0466,P0168,W001,3,802.22,274.14,2132.52,Debit Card,Pending,2025-10-24
O002051,C0090,P0069,W020,1,779.75,148.99,630.76,Net Banking,Completed,2026-04-27
O002052,C0061,P0157,W010,4,596.45,277.91,2107.89,UPI,Cancelled,2026-01-09
O002053,C0186,P0106,W015,2,395.02,141.1,648.94,Net Banking,Completed,2026-03-04
O002054,C0448,P0006,W009,3,615.25,348.84,1496.91,Credit Card,Pending,2026-07-29
O002055,C0366,P0012,W002,4,342.53,82.26,1287.86,Credit Card,Cancelled,2025-11-28
O002056,C0073,P0079,W016,7,102.81,96.9,622.77,Net Banking,Completed,2026-01-13
O002057,C0401,P0035,W003,6,613.51,521.61,3159.45,Net Banking,Cancelled,2025-08-22
O002058,C0117,P0089,W017,3,380.36,125.31,1015.77,UPI,Pending,2026-01-09
O002059,C0188,P0090,W003,4,414.11,185.62,1470.82,Debit Card,Completed,2025-08-12
O002060,C0229,P0098,W013,5,515.46,256.29,2321.01,UPI,Pending,2026-04-17
O002061,C0391,P0134,W014,9,127.8,60.77,1089.43,Credit Card,Pending,2025-11-04
O002062,C0059,P0115,W003,5,346.43,193.28,1538.87,Cash,Pending,2026-03-17
O002063,C0073,P0015,W003,1,435.76,76.92,358.84,UPI,Completed,2025-08-09
O002064,C0198,P0163,W016,7,561.9,698.23,3235.07,Cash,Pending,2025-10-19
O002065,C0367,P0039,W003,2,696.37,181.56,1211.18,Debit Card,Completed,2025-12-23
O002066,C0412,P0028,W004,7,169.73,129.62,1058.49,Debit Card,Cancelled,2026-02-16
O002067,C0161,P0152,W013,7,41.85,44.78,248.17,Credit Card,Completed,2026-01-31
O002068,C0242,P0004,W019,9,47.98,36.42,395.4,Debit Card,Cancelled,2026-07-29
O002069,C0371,P0111,W004,6,638.29,111.73,3718.01,Credit Card,Pending,2026-06-01
O002070,C0384,P0054,W016,6,298.13,111.86,1676.92,Debit Card,Pending,2026-05-06
O002071,C0433,P0171,W003,6,165.53,17.72,975.46,Debit Card,Pending,2026-04-22
O002072,C0385,P0122,W008,9,472.24,163.3,4086.86,Net Banking,Pending,2025-08-21
O002073,C0144,P0188,W002,2,149.25,33.87,264.63,Credit Card,Cancelled,2025-12-31
O002074,C0204,P0005,W009,1,616.49,117.14,499.35,Credit Card,Completed,2025-11-06
O002075,C0411,P0196,W006,1,403.53,52.03,351.5,Cash,Cancelled,2026-06-28
O002076,C0149,P0125,W020,2,184.54,63.14,305.94,Debit Card,Pending,2026-06-06
O002077,C0172,P0066,W002,6,156.35,109.77,828.33,Debit Card,Cancelled,2026-07-05
O002078,C0368,P0036,W006,4,550.45,42.56,2159.24,Credit Card,Completed,2025-12-02
O002079,C0265,P0065,W001,6,114.36,54.59,631.57,Net Banking,Cancelled,2026-04-24
O002080,C0326,P0131,W010,10,381.9,728.67,3090.33,Net Banking,Cancelled,2026-03-10
O002081,C0459,P0057,W003,1,500.43,40.2,460.23,Net Banking,Pending,2026-06-09
O002082,C0321,P0155,W012,3,70.67,17.9,194.11,Net Banking,Pending,2026-04-02
O002083,C0134,P0131,W012,6,381.9,316.0,1975.4,UPI,Completed,2025-08-12
O002084,C0292,P0104,W019,7,61.8,77.65,354.95,Net Banking,Completed,2025-09-26
O002085,C0102,P0037,W018,3,536.12,24.21,1584.15,Debit Card,Completed,2025-09-28
O002086,C0246,P0122,W012,5,472.24,60.88,2300.32,Debit Card,Pending,2026-06-18
O002087,C0198,P0186,W006,7,703.11,430.8,4490.97,Cash,Pending,2025-08-11
O002088,C0346,P0026,W016,7,424.88,249.43,2724.73,Credit Card,Completed,2025-10-10
O002089,C0407,P0020,W020,2,658.43,208.56,1108.3,Net Banking,Pending,2026-04-24
O002090,C0350,P0167,W003,8,121.8,15.69,958.71,Net Banking,Pending,2025-10-30
O002091,C0274,P0066,W008,6,156.35,123.99,814.11,Debit Card,Cancelled,2026-05-28
O002092,C0166,P0174,W007,6,288.11,231.43,1497.23,Debit Card,Pending,2026-07-06
O002093,C0109,P0037,W002,5,536.12,390.42,2290.18,UPI,Pending,2025-12-22
O002094,C0179,P0185,W017,5,566.24,139.99,2691.21,Credit Card,Cancelled,2025-08-20
O002095,C0222,P0155,W010,2,70.67,20.07,121.27,Credit Card,Pending,2026-02-06
O002096,C0189,P0200,W013,1,181.69,16.4,165.29,UPI,Cancelled,2026-06-09
O002097,C0044,P0099,W011,9,703.35,1252.39,5077.76,Cash,Completed,2026-03-25
O002098,C0417,P0175,W010,5,636.16,145.17,3035.63,Credit Card,Pending,2026-05-28
O002099,C0257,P0076,W008,7,366.83,56.51,2511.3,UPI,Pending,2025-11-27
O002100,C0306,P0133,W004,9,659.87,244.97,5693.86,Credit Card,Cancelled,2026-01-06
O002101,C0006,P0048,W020,7,197.9,62.15,1323.15,Cash,Cancelled,2026-02-23
O002102,C0093,P0153,W008,7,97.2,77.38,603.02,Cash,Cancelled,2025-10-02
O002103,C0325,P0164,W001,9,347.36,395.31,2730.93,Credit Card,Pending,2025-10-17
O002104,C0349,P0072,W011,1,712.27,88.59,623.68,Credit Card,Pending,2025-09-06
O002105,C0310,P0177,W017,3,764.51,324.3,1969.23,Credit Card,Cancelled,2026-02-26
O002106,C0428,P0113,W002,10,229.52,142.45,2152.75,Cash,Cancelled,2026-06-22
O002107,C0445,P0110,W008,5,91.98,43.44,416.46,Debit Card,Cancelled,2026-03-12
O002108,C0194,P0090,W004,10,414.11,680.52,3460.58,Net Banking,Cancelled,2026-08-01
O002109,C0149,P0084,W010,7,611.84,481.11,3801.77,UPI,Cancelled,2025-09-01
O002110,C0116,P0084,W005,2,611.84,11.79,1211.89,UPI,Cancelled,2025-10-12
O002111,C0450,P0102,W017,4,580.08,374.72,1945.6,UPI,Completed,2025-11-03
O002112,C0212,P0159,W020,9,340.74,128.35,2938.31,Debit Card,Completed,2025-09-07
O002113,C0331,P0131,W016,3,381.9,45.85,1099.85,Debit Card,Pending,2026-01-26
O002114,C0353,P0145,W008,3,49.46,21.58,126.8,Cash,Completed,2026-02-09
O002115,C0441,P0011,W003,10,311.47,120.01,2994.69,UPI,Cancelled,2026-03-11
O002116,C0210,P0071,W013,8,324.09,379.33,2213.39,Credit Card,Pending,2026-01-01
O002117,C0045,P0087,W005,2,52.58,4.31,100.85,Debit Card,Pending,2025-11-19
O002118,C0152,P0063,W014,3,152.21,38.07,418.56,Debit Card,Cancelled,2026-04-18
O002119,C0445,P0158,W017,9,498.73,408.51,4080.06,Debit Card,Completed,2026-06-07
O002120,C0451,P0096,W013,4,223.64,173.3,721.26,UPI,Completed,2025-08-15
O002121,C0315,P0009,W016,2,127.01,28.64,225.38,Cash,Pending,2025-10-15
O002122,C0456,P0088,W009,3,512.39,294.44,1242.73,UPI,Cancelled,2025-08-28
O002123,C0412,P0119,W019,8,123.87,25.72,965.24,Debit Card,Pending,2025-09-24
O002124,C0345,P0145,W002,2,49.46,15.68,83.24,Net Banking,Pending,2026-01-25
O002125,C0006,P0168,W012,10,802.22,982.95,7039.25,Debit Card,Pending,2026-04-17
O002126,C0292,P0016,W009,10,646.11,250.49,6210.61,Debit Card,Cancelled,2026-04-27
O002127,C0049,P0134,W015,5,127.8,5.8,633.2,Credit Card,Cancelled,2026-03-31
O002128,C0163,P0007,W020,7,86.6,82.73,523.47,UPI,Completed,2025-12-08
O002129,C0287,P0019,W014,3,452.83,73.12,1285.37,UPI,Completed,2025-12-19
O002130,C0177,P0044,W001,5,509.99,455.9,2094.05,Credit Card,Pending,2026-02-16
O002131,C0098,P0043,W001,3,759.88,422.66,1856.98,Debit Card,Completed,2025-08-28
O002132,C0029,P0021,W011,9,244.16,305.79,1891.65,Net Banking,Cancelled,2026-01-24
O002133,C0318,P0113,W002,9,229.52,408.16,1657.52,UPI,Cancelled,2025-12-10
O002134,C0433,P0149,W018,4,102.98,50.39,361.53,Debit Card,Cancelled,2025-12-08
O002135,C0044,P0091,W002,10,128.87,104.64,1184.06,Net Banking,Pending,2025-09-01
O002136,C0409,P0014,W019,9,248.91,75.75,2164.44,Debit Card,Completed,2026-07-29
O002137,C0455,P0061,W006,1,427.25,64.98,362.27,Debit Card,Cancelled,2025-12-17
O002138,C0482,P0050,W011,2,407.27,122.4,692.14,Debit Card,Completed,2026-05-09
O002139,C0130,P0116,W002,2,446.14,110.71,781.57,Cash,Cancelled,2025-12-18
O002140,C0040,P0073,W015,6,114.95,110.52,579.18,Credit Card,Cancelled,2025-09-27
O002141,C0183,P0024,W012,10,574.38,816.19,4927.61,Cash,Completed,2026-08-02
O002142,C0440,P0123,W013,10,614.42,479.65,5664.55,Debit Card,Completed,2025-08-11
O002143,C0227,P0003,W015,9,307.09,337.6,2426.21,UPI,Cancelled,2026-03-12
O002144,C0500,P0069,W003,1,779.75,138.25,641.5,Net Banking,Cancelled,2026-02-08
O002145,C0005,P0149,W002,7,102.98,57.56,663.3,Debit Card,Cancelled,2026-04-12
O002146,C0023,P0116,W014,5,446.14,5.36,2225.34,Net Banking,Completed,2026-07-26
O002147,C0265,P0200,W019,9,181.69,292.78,1342.43,Credit Card,Pending,2026-04-15
O002148,C0401,P0046,W003,9,602.93,178.69,5247.68,Net Banking,Completed,2025-09-27
O002149,C0320,P0137,W003,9,70.49,13.04,621.37,UPI,Cancelled,2026-04-10
O002150,C0468,P0149,W005,1,102.98,7.53,95.45,Debit Card,Pending,2026-06-13
O002151,C0072,P0086,W010,7,781.27,414.14,5054.75,Net Banking,Pending,2026-07-15
O002152,C0183,P0022,W007,6,456.03,247.72,2488.46,Cash,Cancelled,2025-11-11
O002153,C0301,P0064,W012,2,124.23,9.39,239.07,Credit Card,Cancelled,2025-11-27
O002154,C0326,P0081,W018,1,583.65,28.19,555.46,UPI,Pending,2026-03-28
O002155,C0374,P0115,W006,1,346.43,11.42,335.01,Net Banking,Pending,2026-04-30
O002156,C0037,P0152,W015,1,41.85,0.09,41.76,Net Banking,Cancelled,2026-02-15
O002157,C0022,P0059,W001,3,691.04,273.86,1799.26,UPI,Completed,2026-01-22
O002158,C0224,P0052,W010,10,697.25,280.25,6692.25,Cash,Completed,2026-07-29
O002159,C0272,P0001,W010,8,711.01,558.2,5129.88,Debit Card,Pending,2025-10-28
O002160,C0460,P0138,W016,10,574.82,688.6,5059.6,UPI,Completed,2025-11-13
O002161,C0459,P0193,W002,6,327.81,354.48,1612.38,Credit Card,Pending,2025-09-07
O002162,C0320,P0195,W003,4,194.61,101.39,677.05,UPI,Cancelled,2026-05-27
O002163,C0053,P0178,W014,5,253.74,213.76,1054.94,Credit Card,Pending,2026-07-03
O002164,C0015,P0147,W009,8,250.9,239.1,1768.1,Debit Card,Cancelled,2026-06-24
O002165,C0094,P0170,W013,5,505.56,424.6,2103.2,Cash,Cancelled,2025-10-02
O002166,C0179,P0035,W012,9,613.51,98.62,5422.97,UPI,Pending,2026-01-30
O002167,C0192,P0090,W006,7,414.11,246.58,2652.19,Cash,Pending,2025-11-07
O002168,C0322,P0034,W018,4,98.84,2.36,393.0,UPI,Completed,2025-10-17
O002169,C0016,P0056,W010,7,73.8,20.33,496.27,UPI,Pending,2025-08-10
O002170,C0165,P0148,W002,2,538.64,47.33,1029.95,Net Banking,Cancelled,2026-05-12
O002171,C0011,P0027,W016,3,78.28,13.63,221.21,Net Banking,Completed,2026-04-14
O002172,C0381,P0114,W013,5,433.11,250.3,1915.25,Debit Card,Completed,2026-07-21
O002173,C0219,P0088,W013,1,512.39,4.32,508.07,Cash,Completed,2026-08-01
O002174,C0360,P0038,W004,6,210.73,65.95,1198.43,Cash,Completed,2026-02-17
O002175,C0243,P0131,W019,4,381.9,10.87,1516.73,Credit Card,Pending,2026-02-24
O002176,C0002,P0083,W005,3,557.15,34.08,1637.37,UPI,Cancelled,2025-10-04
O002177,C0108,P0109,W017,6,51.49,14.08,294.86,Credit Card,Cancelled,2026-04-13
O002178,C0326,P0008,W015,9,707.65,1202.72,5166.13,Cash,Completed,2025-09-12
O002179,C0424,P0057,W006,10,500.43,586.87,4417.43,UPI,Completed,2025-09-21
O002180,C0016,P0069,W007,5,779.75,21.94,3876.81,Cash,Cancelled,2026-03-19
O002181,C0177,P0179,W006,5,761.14,476.34,3329.36,UPI,Pending,2026-01-21
O002182,C0234,P0127,W002,3,830.32,0.09,2490.87,UPI,Pending,2025-08-30
O002183,C0153,P0160,W006,5,103.95,52.93,466.82,UPI,Cancelled,2025-09-25
O002184,C0178,P0131,W004,6,381.9,422.79,1868.61,Credit Card,Pending,2026-03-26
O002185,C0325,P0152,W012,2,41.85,1.06,82.64,Debit Card,Cancelled,2025-12-04
O002186,C0223,P0185,W012,9,566.24,287.11,4809.05,Cash,Pending,2026-03-10
O002187,C0073,P0073,W017,2,114.95,24.42,205.48,Cash,Pending,2026-04-14
O002188,C0351,P0142,W001,5,465.39,111.06,2215.89,Net Banking,Cancelled,2025-08-08
O002189,C0325,P0026,W012,8,424.88,659.41,2739.63,Net Banking,Pending,2025-10-17
O002190,C0157,P0152,W009,9,41.85,7.65,369.0,Debit Card,Completed,2026-08-05
O002191,C0048,P0149,W008,2,102.98,6.04,199.92,Credit Card,Cancelled,2026-07-24
O002192,C0466,P0133,W018,3,659.87,102.58,1877.03,Credit Card,Cancelled,2026-01-07
O002193,C0130,P0071,W015,6,324.09,246.53,1698.01,Cash,Cancelled,2025-09-13
O002194,C0264,P0187,W010,10,557.43,555.58,5018.72,Cash,Completed,2026-04-01
O002195,C0183,P0003,W006,3,307.09,33.79,887.48,Credit Card,Completed,2026-07-26
O002196,C0330,P0036,W018,7,550.45,507.49,3345.66,Cash,Pending,2025-11-24
O002197,C0454,P0027,W003,10,78.28,7.54,775.26,Credit Card,Cancelled,2025-12-24
O002198,C0060,P0165,W001,6,221.44,162.15,1166.49,Debit Card,Pending,2026-05-27
O002199,C0058,P0071,W015,6,324.09,17.19,1927.35,Cash,Pending,2025-10-19
O002200,C0032,P0198,W001,9,369.55,131.3,3194.65,Cash,Cancelled,2025-09-17
O002201,C0190,P0019,W013,6,452.83,225.38,2491.6,Debit Card,Cancelled,2025-12-23
O002202,C0007,P0082,W001,2,524.26,192.68,855.84,UPI,Pending,2026-05-01
O002203,C0355,P0006,W013,5,615.25,597.73,2478.52,Debit Card,Pending,2026-06-26
O002204,C0107,P0019,W015,4,452.83,334.45,1476.87,UPI,Cancelled,2025-12-18
O002205,C0353,P0117,W010,2,422.57,84.57,760.57,Net Banking,Completed,2026-06-02
O002206,C0042,P0169,W011,6,685.11,171.56,3939.1,Credit Card,Completed,2026-07-28
O002207,C0442,P0086,W007,8,781.27,212.1,6038.06,UPI,Cancelled,2026-05-15
O002208,C0347,P0006,W020,1,615.25,68.13,547.12,UPI,Cancelled,2026-02-18
O002209,C0351,P0068,W003,9,244.39,280.17,1919.34,Net Banking,Cancelled,2026-02-16
O002210,C0397,P0098,W010,2,515.46,195.72,835.2,UPI,Completed,2026-05-15
O002211,C0481,P0117,W019,8,422.57,12.77,3367.79,Credit Card,Cancelled,2026-04-24
O002212,C0068,P0030,W007,9,129.09,217.44,944.37,Debit Card,Pending,2026-02-27
O002213,C0350,P0106,W005,1,395.02,12.74,382.28,Credit Card,Completed,2025-09-03
O002214,C0295,P0107,W010,5,223.7,186.41,932.09,Debit Card,Completed,2026-01-03
O002215,C0118,P0029,W008,3,380.84,133.36,1009.16,Cash,Completed,2025-11-09
O002216,C0333,P0040,W013,2,533.67,29.69,1037.65,UPI,Completed,2026-04-10
O002217,C0029,P0193,W017,6,327.81,372.88,1593.98,Cash,Pending,2026-07-29
O002218,C0053,P0012,W019,2,342.53,107.87,577.19,Credit Card,Completed,2026-06-24
O002219,C0257,P0050,W008,5,407.27,262.93,1773.42,UPI,Completed,2026-06-10
O002220,C0133,P0106,W008,10,395.02,173.82,3776.38,Credit Card,Completed,2025-09-12
O002221,C0203,P0042,W013,8,276.02,50.67,2157.49,Credit Card,Cancelled,2026-05-22
O002222,C0016,P0103,W008,4,104.86,34.8,384.64,Debit Card,Completed,2026-01-25
O002223,C0371,P0140,W013,2,719.31,88.58,1350.04,Cash,Cancelled,2026-06-28
O002224,C0341,P0020,W013,8,658.43,302.42,4965.02,Credit Card,Cancelled,2025-10-25
O002225,C0185,P0100,W004,10,451.54,772.05,3743.35,Debit Card,Pending,2026-02-06
O002226,C0197,P0143,W009,10,276.16,263.23,2498.37,Debit Card,Cancelled,2025-08-19
O002227,C0127,P0182,W017,10,103.87,139.76,898.94,Cash,Cancelled,2026-06-08
O002228,C0156,P0116,W017,3,446.14,201.55,1136.87,Debit Card,Pending,2025-09-01
O002229,C0495,P0095,W018,10,121.43,36.19,1178.11,Credit Card,Cancelled,2025-11-18
O002230,C0487,P0003,W001,6,307.09,361.34,1481.2,UPI,Completed,2025-08-19
O002231,C0426,P0196,W006,10,403.53,790.79,3244.51,Cash,Cancelled,2025-09-25
O002232,C0110,P0039,W011,8,696.37,366.97,5203.99,Debit Card,Cancelled,2026-07-14
O002233,C0093,P0026,W013,3,424.88,196.61,1078.03,Debit Card,Pending,2026-04-17
O002234,C0305,P0186,W015,2,703.11,212.23,1193.99,Cash,Cancelled,2026-04-24
O002235,C0479,P0057,W006,3,500.43,118.62,1382.67,Net Banking,Completed,2026-07-27
O002236,C0062,P0049,W020,10,200.77,183.05,1824.65,UPI,Pending,2025-11-22
O002237,C0500,P0138,W007,6,574.82,486.82,2962.1,Cash,Completed,2026-05-03
O002238,C0352,P0051,W008,8,229.62,342.61,1494.35,Cash,Cancelled,2026-06-20
O002239,C0257,P0077,W010,2,705.01,199.45,1210.57,Credit Card,Pending,2026-05-01
O002240,C0453,P0087,W020,9,52.58,69.94,403.28,Debit Card,Cancelled,2025-10-12
O002241,C0011,P0112,W012,2,635.62,99.72,1171.52,Cash,Completed,2026-06-16
O002242,C0498,P0012,W013,8,342.53,396.12,2344.12,Net Banking,Cancelled,2025-11-06
O002243,C0416,P0023,W008,10,673.26,1333.5,5399.1,Debit Card,Cancelled,2026-03-26
O002244,C0447,P0117,W018,8,422.57,428.6,2951.96,Cash,Cancelled,2026-01-26
O002245,C0493,P0008,W018,10,707.65,306.45,6770.05,Cash,Pending,2026-07-24
O002246,C0472,P0137,W018,4,70.49,56.29,225.67,Credit Card,Completed,2026-05-27
O002247,C0313,P0051,W006,1,229.62,0.71,228.91,Debit Card,Completed,2026-05-15
O002248,C0382,P0082,W013,5,524.26,6.19,2615.11,Cash,Completed,2025-11-09
O002249,C0332,P0138,W002,1,574.82,35.77,539.05,Debit Card,Completed,2025-10-13
O002250,C0139,P0195,W019,8,194.61,22.87,1534.01,UPI,Cancelled,2026-03-27
O002251,C0053,P0166,W019,3,399.5,73.45,1125.05,Cash,Pending,2025-10-05
O002252,C0246,P0181,W003,5,510.35,20.59,2531.16,Credit Card,Pending,2026-06-09
O002253,C0337,P0143,W005,2,276.16,13.07,539.25,Net Banking,Completed,2025-08-13
O002254,C0206,P0030,W017,3,129.09,12.55,374.72,Net Banking,Completed,2026-05-16
O002255,C0130,P0150,W005,10,79.1,94.02,696.98,Credit Card,Pending,2026-07-20
O002256,C0089,P0080,W013,1,24.4,0.14,24.26,UPI,Pending,2025-10-13
O002257,C0492,P0063,W011,3,152.21,25.7,430.93,Cash,Completed,2025-10-27
O002258,C0169,P0167,W003,10,121.8,167.98,1050.02,Cash,Completed,2026-02-15
O002259,C0294,P0109,W016,4,51.49,16.4,189.56,Cash,Completed,2026-06-12
O002260,C0148,P0037,W008,6,536.12,27.54,3189.18,Net Banking,Completed,2025-09-03
O002261,C0205,P0119,W005,8,123.87,167.74,823.22,Cash,Completed,2026-05-26
O002262,C0384,P0187,W007,9,557.43,22.0,4994.87,UPI,Cancelled,2025-10-30
O002263,C0191,P0154,W017,3,687.94,341.0,1722.82,Net Banking,Cancelled,2026-03-23
O002264,C0207,P0021,W013,7,244.16,318.67,1390.45,Net Banking,Cancelled,2026-05-29
O002265,C0074,P0149,W013,6,102.98,11.26,606.62,Credit Card,Cancelled,2026-03-21
O002266,C0259,P0039,W010,2,696.37,40.4,1352.34,Net Banking,Pending,2026-05-15
O002267,C0019,P0032,W002,1,562.17,74.81,487.36,Cash,Completed,2026-06-02
O002268,C0408,P0142,W016,7,465.39,544.42,2713.31,Net Banking,Pending,2026-04-16
O002269,C0150,P0020,W013,10,658.43,1081.15,5503.15,Credit Card,Completed,2025-11-01
O002270,C0286,P0162,W012,8,472.72,618.73,3163.03,Net Banking,Cancelled,2026-02-09
O002271,C0416,P0156,W014,8,716.77,673.63,5060.53,Cash,Cancelled,2026-03-15
O002272,C0138,P0108,W009,8,467.1,381.12,3355.68,Net Banking,Cancelled,2026-02-27
O002273,C0360,P0183,W010,2,518.44,69.23,967.65,Cash,Completed,2025-08-15
O002274,C0164,P0085,W001,6,734.45,426.54,3980.16,Debit Card,Pending,2025-11-25
O002275,C0414,P0154,W020,6,687.94,474.82,3652.82,UPI,Cancelled,2025-08-21
O002276,C0329,P0102,W013,8,580.08,377.96,4262.68,UPI,Completed,2025-09-22
O002277,C0322,P0036,W001,10,550.45,610.72,4893.78,UPI,Completed,2025-09-10
O002278,C0284,P0110,W005,9,91.98,46.83,780.99,UPI,Pending,2025-08-30
O002279,C0228,P0040,W017,2,533.67,49.78,1017.56,Net Banking,Pending,2025-10-19
O002280,C0337,P0192,W004,6,392.33,289.85,2064.13,Cash,Pending,2026-03-27
O002281,C0275,P0076,W003,6,366.83,436.63,1764.35,Debit Card,Completed,2026-04-22
O002282,C0380,P0098,W015,2,515.46,59.68,971.24,Cash,Completed,2025-09-19
O002283,C0227,P0166,W017,10,399.5,239.11,3755.89,Net Banking,Cancelled,2025-09-25
O002284,C0169,P0007,W019,4,86.6,45.71,300.69,Net Banking,Cancelled,2026-01-17
O002285,C0448,P0038,W015,7,210.73,93.43,1381.68,Net Banking,Cancelled,2025-12-09
O002286,C0225,P0012,W003,8,342.53,34.48,2705.76,Net Banking,Pending,2026-06-19
O002287,C0312,P0066,W006,9,156.35,278.29,1128.86,Credit Card,Completed,2025-09-15
O002288,C0225,P0152,W006,6,41.85,34.92,216.18,Debit Card,Cancelled,2025-09-19
O002289,C0188,P0072,W010,4,712.27,136.46,2712.62,Credit Card,Pending,2025-08-29
O002290,C0269,P0178,W016,8,253.74,53.55,1976.37,Cash,Cancelled,2025-09-27
O002291,C0332,P0003,W011,10,307.09,579.39,2491.51,UPI,Cancelled,2026-04-06
O002292,C0390,P0029,W019,10,380.84,403.48,3404.92,Debit Card,Pending,2025-11-17
O002293,C0336,P0075,W018,1,153.98,28.97,125.01,Credit Card,Completed,2025-11-12
O002294,C0103,P0127,W013,2,830.32,251.72,1408.92,Cash,Pending,2025-08-16
O002295,C0143,P0063,W018,9,152.21,19.66,1350.23,Cash,Pending,2026-02-17
O002296,C0352,P0037,W015,8,536.12,276.93,4012.03,UPI,Completed,2026-01-07
O002297,C0307,P0156,W008,2,716.77,39.67,1393.87,UPI,Cancelled,2025-10-27
O002298,C0078,P0152,W012,6,41.85,30.47,220.63,Cash,Pending,2025-10-02
O002299,C0298,P0108,W007,8,467.1,725.79,3011.01,Net Banking,Completed,2025-12-29
O002300,C0244,P0109,W017,1,51.49,2.71,48.78,Debit Card,Pending,2025-09-22
O002301,C0137,P0199,W016,3,550.92,77.0,1575.76,Debit Card,Completed,2025-11-15
O002302,C0415,P0198,W020,5,369.55,164.86,1682.89,Net Banking,Cancelled,2025-08-08
O002303,C0057,P0041,W013,10,471.27,207.03,4505.67,Credit Card,Cancelled,2025-11-08
O002304,C0198,P0117,W006,5,422.57,416.8,1696.05,Debit Card,Cancelled,2025-08-26
O002305,C0123,P0113,W014,7,229.52,28.57,1578.07,Credit Card,Cancelled,2025-11-16
O002306,C0176,P0139,W008,9,261.47,20.42,2332.81,Net Banking,Cancelled,2025-09-17
O002307,C0436,P0037,W009,2,536.12,159.14,913.1,Cash,Cancelled,2025-12-14
O002308,C0402,P0056,W020,10,73.8,113.26,624.74,Debit Card,Pending,2025-10-10
O002309,C0260,P0015,W015,8,435.76,413.22,3072.86,UPI,Cancelled,2026-03-10
O002310,C0128,P0155,W010,2,70.67,17.73,123.61,UPI,Cancelled,2026-02-06
O002311,C0360,P0020,W006,7,658.43,366.27,4242.74,Cash,Completed,2025-10-03
O002312,C0458,P0139,W004,1,261.47,21.27,240.2,UPI,Cancelled,2025-08-16
O002313,C0303,P0061,W014,6,427.25,434.75,2128.75,Net Banking,Completed,2026-05-05
O002314,C0245,P0050,W011,1,407.27,68.18,339.09,Credit Card,Pending,2026-04-25
O002315,C0204,P0190,W011,9,537.59,621.38,4216.93,Debit Card,Cancelled,2026-03-12
O002316,C0493,P0091,W009,9,128.87,198.25,961.58,Credit Card,Pending,2025-11-08
O002317,C0345,P0021,W013,3,244.16,111.94,620.54,UPI,Cancelled,2025-08-20
O002318,C0336,P0187,W007,5,557.43,417.05,2370.1,UPI,Completed,2026-03-11
O002319,C0049,P0005,W006,8,616.49,340.42,4591.5,Net Banking,Completed,2026-04-18
O002320,C0444,P0025,W013,8,464.04,628.77,3083.55,Cash,Completed,2026-04-25
O002321,C0026,P0068,W002,5,244.39,161.24,1060.71,Debit Card,Completed,2025-10-07
O002322,C0407,P0159,W005,8,340.74,146.71,2579.21,Debit Card,Pending,2026-03-19
O002323,C0481,P0079,W005,8,102.81,26.32,796.16,Net Banking,Completed,2026-01-31
O002324,C0280,P0049,W009,3,200.77,82.75,519.56,Credit Card,Pending,2026-04-16
O002325,C0473,P0077,W007,4,705.01,143.95,2676.09,Cash,Cancelled,2026-05-03
O002326,C0047,P0071,W019,1,324.09,5.34,318.75,Net Banking,Pending,2026-02-12
O002327,C0393,P0036,W014,10,550.45,1057.02,4447.48,Net Banking,Cancelled,2026-03-07
O002328,C0060,P0166,W010,9,399.5,7.22,3588.28,Cash,Pending,2025-11-03
O002329,C0350,P0173,W005,9,112.19,102.13,907.58,Cash,Completed,2026-07-31
O002330,C0192,P0125,W004,7,184.54,242.88,1048.9,UPI,Completed,2026-01-30
O002331,C0241,P0041,W011,4,471.27,63.81,1821.27,Net Banking,Completed,2025-10-26
O002332,C0067,P0034,W013,3,98.84,31.34,265.18,Debit Card,Cancelled,2025-12-29
O002333,C0120,P0139,W017,10,261.47,269.27,2345.43,Net Banking,Completed,2026-03-29
O002334,C0454,P0178,W017,2,253.74,3.2,504.28,UPI,Cancelled,2026-01-05
O002335,C0470,P0011,W004,10,311.47,339.5,2775.2,Cash,Completed,2026-06-11
O002336,C0088,P0138,W003,8,574.82,48.73,4549.83,Cash,Completed,2026-07-14
O002337,C0372,P0165,W011,1,221.44,27.78,193.66,Cash,Pending,2025-10-24
O002338,C0337,P0112,W003,1,635.62,23.46,612.16,UPI,Pending,2026-06-13
O002339,C0407,P0053,W001,9,208.63,260.75,1616.92,Credit Card,Completed,2025-10-29
O002340,C0376,P0130,W015,5,247.63,67.87,1170.28,Cash,Cancelled,2025-12-17
O002341,C0141,P0168,W006,7,802.22,552.96,5062.58,Cash,Pending,2026-03-16
O002342,C0298,P0072,W016,10,712.27,761.09,6361.61,Cash,Cancelled,2025-11-30
O002343,C0398,P0027,W008,10,78.28,73.34,709.46,Cash,Pending,2025-08-20
O002344,C0428,P0098,W016,3,515.46,273.71,1272.67,UPI,Completed,2026-06-28
O002345,C0076,P0092,W005,7,165.58,217.54,941.52,Cash,Pending,2025-09-14
O002346,C0261,P0129,W014,3,649.05,378.76,1568.39,Cash,Pending,2026-01-19
O002347,C0331,P0190,W014,9,537.59,784.2,4054.11,Debit Card,Pending,2025-10-15
O002348,C0381,P0108,W015,4,467.1,260.86,1607.54,UPI,Pending,2025-12-16
O002349,C0185,P0104,W003,7,61.8,73.52,359.08,UPI,Completed,2026-02-08
O002350,C0255,P0153,W019,5,97.2,81.23,404.77,Debit Card,Pending,2025-10-01
O002351,C0205,P0143,W014,8,276.16,304.09,1905.19,Debit Card,Pending,2025-10-02
O002352,C0229,P0006,W014,2,615.25,207.11,1023.39,Debit Card,Cancelled,2026-07-10
O002353,C0488,P0128,W004,9,366.55,366.34,2932.61,Net Banking,Pending,2025-09-17
O002354,C0246,P0088,W005,4,512.39,154.16,1895.4,Cash,Cancelled,2026-07-12
O002355,C0064,P0043,W004,1,759.88,26.48,733.4,UPI,Cancelled,2026-03-25
O002356,C0045,P0119,W011,8,123.87,46.29,944.67,Credit Card,Cancelled,2026-04-09
O002357,C0400,P0102,W011,8,580.08,74.91,4565.73,UPI,Completed,2025-11-30
O002358,C0169,P0040,W002,3,533.67,220.89,1380.12,UPI,Pending,2026-07-18
O002359,C0229,P0095,W003,7,121.43,111.91,738.1,UPI,Cancelled,2026-07-10
O002360,C0230,P0139,W001,8,261.47,297.17,1794.59,Credit Card,Completed,2025-09-21
O002361,C0281,P0142,W007,1,465.39,37.74,427.65,UPI,Cancelled,2026-02-11
O002362,C0417,P0039,W002,2,696.37,91.02,1301.72,Net Banking,Completed,2025-12-25
O002363,C0069,P0005,W006,7,616.49,462.97,3852.46,Debit Card,Cancelled,2026-06-05
O002364,C0248,P0079,W001,7,102.81,8.28,711.39,Credit Card,Pending,2026-06-25
O002365,C0376,P0036,W003,4,550.45,188.75,2013.05,Credit Card,Completed,2026-05-31
O002366,C0339,P0056,W005,1,73.8,5.02,68.78,UPI,Cancelled,2025-09-01
O002367,C0066,P0141,W002,3,473.02,115.95,1303.11,Cash,Cancelled,2025-10-06
O002368,C0331,P0184,W015,4,600.98,289.65,2114.27,Credit Card,Completed,2026-02-27
O002369,C0292,P0173,W011,4,112.19,38.77,409.99,Debit Card,Completed,2026-07-02
O002370,C0329,P0127,W018,4,830.32,211.38,3109.9,Credit Card,Pending,2026-01-01
O002371,C0174,P0121,W012,10,650.82,138.26,6369.94,UPI,Completed,2026-07-11
O002372,C0280,P0034,W015,2,98.84,18.81,178.87,Net Banking,Pending,2026-03-12
O002373,C0229,P0195,W009,1,194.61,17.7,176.91,UPI,Completed,2026-06-03
O002374,C0360,P0183,W015,4,518.44,107.11,1966.65,UPI,Completed,2026-05-22
O002375,C0208,P0038,W003,1,210.73,29.15,181.58,Net Banking,Completed,2026-07-15
O002376,C0120,P0074,W010,4,318.47,147.55,1126.33,UPI,Pending,2026-06-16
O002377,C0073,P0001,W020,4,711.01,479.22,2364.82,Net Banking,Completed,2026-06-10
O002378,C0358,P0077,W009,6,705.01,500.2,3729.86,Debit Card,Completed,2026-05-07
O002379,C0232,P0048,W012,6,197.9,8.73,1178.67,Credit Card,Pending,2025-08-18
O002380,C0102,P0168,W014,7,802.22,667.85,4947.69,Net Banking,Completed,2026-07-08
O002381,C0449,P0059,W003,6,691.04,772.63,3373.61,Net Banking,Pending,2025-09-25
O002382,C0040,P0031,W001,4,475.72,189.15,1713.73,Cash,Cancelled,2025-09-09
O002383,C0080,P0029,W020,4,380.84,56.5,1466.86,Net Banking,Pending,2026-04-11
O002384,C0045,P0145,W003,5,49.46,11.32,235.98,Cash,Completed,2026-04-29
O002385,C0486,P0005,W009,9,616.49,1013.99,4534.42,Net Banking,Cancelled,2026-05-18
O002386,C0080,P0036,W009,3,550.45,68.8,1582.55,UPI,Cancelled,2025-08-18
O002387,C0184,P0051,W010,6,229.62,22.72,1355.0,Cash,Cancelled,2025-08-20
O002388,C0350,P0126,W010,8,352.47,163.86,2655.9,UPI,Cancelled,2025-10-24
O002389,C0351,P0069,W006,2,779.75,282.51,1276.99,Cash,Pending,2026-01-24
O002390,C0023,P0088,W012,3,512.39,260.56,1276.61,Cash,Pending,2026-03-14
O002391,C0360,P0093,W017,2,102.56,39.21,165.91,UPI,Cancelled,2025-09-23
O002392,C0161,P0088,W018,9,512.39,902.45,3709.06,Cash,Cancelled,2025-10-16
O002393,C0487,P0014,W014,4,248.91,63.29,932.35,UPI,Pending,2025-12-19
O002394,C0093,P0111,W004,1,638.29,22.62,615.67,UPI,Cancelled,2026-01-13
O002395,C0270,P0140,W019,5,719.31,307.96,3288.59,Debit Card,Pending,2025-10-07
O002396,C0068,P0200,W011,8,181.69,284.33,1169.19,Credit Card,Cancelled,2025-11-02
O002397,C0106,P0082,W018,10,524.26,737.79,4504.81,UPI,Completed,2026-04-24
O002398,C0369,P0044,W017,6,509.99,427.7,2632.24,Net Banking,Cancelled,2025-08-17
O002399,C0472,P0039,W011,10,696.37,45.99,6917.71,Cash,Pending,2026-01-19
O002400,C0417,P0061,W020,8,427.25,282.25,3135.75,UPI,Cancelled,2025-09-30
O002401,C0169,P0049,W018,4,200.77,11.49,791.59,Net Banking,Cancelled,2025-08-24
O002402,C0004,P0069,W007,1,779.75,9.95,769.8,Cash,Completed,2026-05-24
O002403,C0486,P0013,W005,8,678.5,360.2,5067.8,Credit Card,Completed,2025-09-21
O002404,C0231,P0054,W017,4,298.13,70.46,1122.06,Cash,Completed,2026-02-25
O002405,C0069,P0106,W008,2,395.02,111.4,678.64,Credit Card,Pending,2026-02-27
O002406,C0063,P0030,W008,4,129.09,17.47,498.89,Cash,Completed,2025-10-30
O002407,C0108,P0123,W010,2,614.42,105.2,1123.64,Cash,Completed,2026-07-27
O002408,C0447,P0103,W019,1,104.86,18.56,86.3,Credit Card,Pending,2026-06-29
O002409,C0024,P0045,W004,1,74.54,2.56,71.98,Net Banking,Cancelled,2025-08-10
O002410,C0068,P0011,W013,2,311.47,38.5,584.44,Debit Card,Pending,2025-09-09
O002411,C0136,P0175,W010,7,636.16,735.09,3718.03,UPI,Cancelled,2025-10-28
O002412,C0393,P0026,W015,4,424.88,108.16,1591.36,Cash,Cancelled,2026-04-27
O002413,C0165,P0093,W018,9,102.56,101.98,821.06,Net Banking,Completed,2026-04-08
O002414,C0062,P0129,W013,10,649.05,456.89,6033.61,Net Banking,Completed,2025-11-30
O002415,C0345,P0139,W011,3,261.47,133.83,650.58,Cash,Cancelled,2025-08-30
O002416,C0006,P0075,W011,9,153.98,172.2,1213.62,Cash,Cancelled,2025-09-19
O002417,C0472,P0079,W013,6,102.81,116.84,500.02,Net Banking,Cancelled,2026-01-15
O002418,C0352,P0168,W010,4,802.22,552.79,2656.09,Debit Card,Cancelled,2026-04-10
O002419,C0036,P0068,W018,2,244.39,69.98,418.8,Cash,Completed,2025-11-28
O002420,C0178,P0031,W016,8,475.72,692.4,3113.36,Credit Card,Completed,2025-12-23
O002421,C0040,P0031,W011,2,475.72,143.14,808.3,UPI,Cancelled,2025-12-10
O002422,C0051,P0191,W007,5,583.75,523.32,2395.43,Debit Card,Pending,2026-01-23
O002423,C0339,P0113,W010,2,229.52,66.72,392.32,Net Banking,Pending,2025-09-11
O002424,C0189,P0156,W019,8,716.77,66.64,5667.52,Cash,Completed,2025-09-28
O002425,C0009,P0024,W016,6,574.38,349.86,3096.42,Cash,Pending,2025-09-29
O002426,C0464,P0132,W018,9,661.28,686.6,5264.92,Debit Card,Completed,2025-09-11
O002427,C0139,P0021,W015,3,244.16,31.13,701.35,Debit Card,Cancelled,2025-09-07
O002428,C0190,P0154,W014,4,687.94,381.54,2370.22,Net Banking,Completed,2026-04-25
O002429,C0214,P0072,W016,7,712.27,341.82,4644.07,Debit Card,Cancelled,2025-11-20
O002430,C0223,P0041,W019,1,471.27,57.01,414.26,Cash,Pending,2025-09-03
O002431,C0117,P0161,W009,7,792.47,101.39,5445.9,Debit Card,Completed,2025-09-14
O002432,C0173,P0141,W003,8,473.02,517.2,3266.96,UPI,Cancelled,2026-07-16
O002433,C0052,P0027,W016,7,78.28,101.02,446.94,UPI,Cancelled,2025-11-01
O002434,C0101,P0057,W017,5,500.43,216.49,2285.66,Debit Card,Completed,2026-06-06
O002435,C0177,P0088,W012,7,512.39,362.63,3224.1,Net Banking,Cancelled,2026-05-02
O002436,C0091,P0009,W002,7,127.01,54.31,834.76,UPI,Pending,2025-08-07
O002437,C0305,P0024,W001,3,574.38,179.47,1543.67,UPI,Completed,2026-04-15
O002438,C0048,P0070,W013,6,468.0,214.53,2593.47,Net Banking,Pending,2025-11-10
O002439,C0194,P0031,W009,5,475.72,139.04,2239.56,UPI,Pending,2025-10-23
O002440,C0185,P0168,W019,10,802.22,393.69,7628.51,Net Banking,Cancelled,2025-08-21
O002441,C0176,P0018,W002,9,693.16,151.39,6087.05,Credit Card,Completed,2025-10-23
O002442,C0337,P0064,W003,10,124.23,239.48,1002.82,Cash,Pending,2025-10-20
O002443,C0493,P0126,W015,1,352.47,28.88,323.59,UPI,Cancelled,2025-11-27
O002444,C0364,P0168,W001,7,802.22,465.48,5150.06,Net Banking,Cancelled,2026-07-12
O002445,C0108,P0046,W010,4,602.93,462.81,1948.91,UPI,Cancelled,2025-08-05
O002446,C0035,P0106,W010,7,395.02,334.3,2430.84,Net Banking,Pending,2025-08-19
O002447,C0470,P0017,W006,1,438.91,22.97,415.94,UPI,Completed,2025-12-03
O002448,C0227,P0187,W011,4,557.43,261.92,1967.8,Debit Card,Completed,2026-05-19
O002449,C0139,P0076,W001,8,366.83,336.66,2597.98,Debit Card,Cancelled,2025-12-16
O002450,C0211,P0161,W010,4,792.47,601.7,2568.18,Cash,Cancelled,2026-07-19
O002451,C0228,P0053,W004,9,208.63,251.27,1626.4,Net Banking,Pending,2026-03-26
O002452,C0497,P0085,W004,1,734.45,91.49,642.96,Net Banking,Cancelled,2026-03-18
O002453,C0355,P0062,W006,1,152.46,14.25,138.21,Net Banking,Completed,2026-03-05
O002454,C0484,P0021,W018,6,244.16,283.78,1181.18,Net Banking,Completed,2026-03-01
O002455,C0385,P0155,W013,3,70.67,13.94,198.07,Credit Card,Completed,2025-08-18
O002456,C0301,P0081,W009,3,583.65,8.98,1741.97,Net Banking,Cancelled,2025-09-01
O002457,C0061,P0096,W019,10,223.64,369.95,1866.45,Debit Card,Pending,2026-01-06
O002458,C0282,P0164,W017,7,347.36,123.51,2308.01,Credit Card,Completed,2025-09-21
O002459,C0344,P0067,W004,10,610.98,662.66,5447.14,UPI,Pending,2025-09-11
O002460,C0257,P0166,W002,1,399.5,66.73,332.77,UPI,Pending,2026-03-03
O002461,C0014,P0089,W009,4,380.36,90.35,1431.09,Cash,Pending,2026-02-24
O002462,C0307,P0034,W009,1,98.84,10.76,88.08,Cash,Cancelled,2026-08-05
O002463,C0028,P0177,W020,4,764.51,368.02,2690.02,UPI,Completed,2026-06-10
O002464,C0103,P0140,W008,7,719.31,891.92,4143.25,Net Banking,Cancelled,2026-05-20
O002465,C0331,P0005,W015,10,616.49,106.01,6058.89,UPI,Completed,2026-02-20
O002466,C0396,P0169,W004,8,685.11,46.52,5434.36,Cash,Pending,2026-03-13
O002467,C0116,P0086,W009,1,781.27,16.52,764.75,UPI,Cancelled,2026-07-07
O002468,C0112,P0119,W010,3,123.87,30.53,341.08,Cash,Completed,2026-04-10
O002469,C0327,P0151,W009,3,359.46,77.6,1000.78,Debit Card,Pending,2025-12-15
O002470,C0070,P0051,W018,10,229.62,300.27,1995.93,Cash,Pending,2025-11-12
O002471,C0157,P0006,W019,3,615.25,14.02,1831.73,UPI,Completed,2025-11-05
O002472,C0288,P0150,W017,5,79.1,22.96,372.54,Credit Card,Completed,2026-02-06
O002473,C0182,P0189,W006,8,416.57,598.48,2734.08,Net Banking,Cancelled,2026-07-31
O002474,C0144,P0104,W005,9,61.8,107.06,449.14,Net Banking,Cancelled,2026-02-17
O002475,C0448,P0150,W005,7,79.1,90.5,463.2,Credit Card,Cancelled,2025-08-09
O002476,C0185,P0164,W013,9,347.36,470.2,2656.04,Net Banking,Completed,2026-04-24
O002477,C0375,P0175,W004,7,636.16,149.19,4303.93,Credit Card,Pending,2025-09-19
O002478,C0098,P0031,W001,2,475.72,141.46,809.98,UPI,Completed,2026-03-22
O002479,C0297,P0027,W010,4,78.28,48.94,264.18,Cash,Cancelled,2026-01-24
O002480,C0265,P0126,W014,7,352.47,440.35,2026.94,Net Banking,Pending,2026-05-04
O002481,C0277,P0136,W010,5,596.21,303.68,2677.37,Cash,Cancelled,2025-10-22
O002482,C0065,P0147,W001,10,250.9,225.02,2283.98,Debit Card,Pending,2026-08-02
O002483,C0131,P0122,W013,7,472.24,5.5,3300.18,UPI,Pending,2026-02-13
O002484,C0147,P0135,W003,5,444.2,4.76,2216.24,Debit Card,Pending,2025-10-02
O002485,C0315,P0004,W010,4,47.98,26.59,165.33,Debit Card,Pending,2026-02-08
O002486,C0067,P0173,W018,8,112.19,32.68,864.84,Debit Card,Completed,2026-07-02
O002487,C0401,P0174,W002,9,288.11,396.65,2196.34,Credit Card,Cancelled,2026-03-03
O002488,C0445,P0097,W013,4,339.95,260.96,1098.84,UPI,Completed,2025-09-03
O002489,C0278,P0001,W001,3,711.01,171.18,1961.85,Credit Card,Completed,2026-04-03
O002490,C0308,P0089,W001,6,380.36,302.43,1979.73,Net Banking,Cancelled,2025-10-15
O002491,C0071,P0124,W006,10,711.13,475.67,6635.63,UPI,Pending,2025-08-14
O002492,C0146,P0017,W004,2,438.91,85.45,792.37,Net Banking,Completed,2025-10-09
O002493,C0299,P0170,W016,1,505.56,66.5,439.06,UPI,Cancelled,2026-01-27
O002494,C0201,P0027,W001,5,78.28,3.21,388.19,Cash,Pending,2026-03-17
O002495,C0152,P0096,W002,8,223.64,45.6,1743.52,Cash,Pending,2026-03-13
O002496,C0252,P0064,W017,6,124.23,115.02,630.36,Cash,Cancelled,2025-12-06
O002497,C0241,P0124,W010,7,711.13,752.13,4225.78,Net Banking,Pending,2026-01-29
O002498,C0128,P0184,W005,7,600.98,671.49,3535.37,Cash,Pending,2026-03-05
O002499,C0432,P0038,W014,5,210.73,20.22,1033.43,Net Banking,Cancelled,2025-10-10
O002500,C0016,P0163,W003,4,561.9,301.03,1946.57,Credit Card,Pending,2026-06-05
O002501,C0207,P0139,W001,6,261.47,309.21,1259.61,UPI,Cancelled,2026-04-19
O002502,C0048,P0066,W006,4,156.35,80.73,544.67,Cash,Cancelled,2026-07-06
O002503,C0006,P0130,W006,7,247.63,4.13,1729.28,UPI,Pending,2025-09-20
O002504,C0308,P0189,W018,7,416.57,563.29,2352.7,Credit Card,Pending,2026-03-22
O002505,C0064,P0146,W004,5,595.2,256.07,2719.93,UPI,Cancelled,2025-08-16
O002506,C0103,P0002,W011,6,318.95,123.61,1790.09,Net Banking,Cancelled,2026-05-23
O002507,C0298,P0045,W009,6,74.54,22.7,424.54,Debit Card,Cancelled,2025-11-08
O002508,C0292,P0132,W010,3,661.28,203.72,1780.12,Cash,Pending,2025-08-18
O002509,C0044,P0004,W014,4,47.98,37.59,154.33,Cash,Cancelled,2026-04-21
O002510,C0324,P0107,W015,8,223.7,7.15,1782.45,Debit Card,Completed,2026-01-04
O002511,C0200,P0151,W011,2,359.46,80.35,638.57,UPI,Completed,2026-01-18
O002512,C0343,P0163,W006,7,561.9,131.34,3801.96,Debit Card,Cancelled,2026-06-15
O002513,C0252,P0071,W013,5,324.09,288.1,1332.35,UPI,Completed,2025-08-14
O002514,C0499,P0184,W012,1,600.98,28.05,572.93,Credit Card,Pending,2025-09-13
O002515,C0128,P0131,W003,8,381.9,88.4,2966.8,Cash,Pending,2026-06-09
O002516,C0257,P0023,W001,9,673.26,993.35,5065.99,Cash,Cancelled,2026-02-10
O002517,C0471,P0074,W010,5,318.47,207.94,1384.41,Credit Card,Cancelled,2026-01-10
O002518,C0119,P0148,W017,4,538.64,41.02,2113.54,Credit Card,Completed,2025-10-26
O002519,C0458,P0078,W003,7,134.38,31.72,908.94,UPI,Cancelled,2026-06-02
O002520,C0483,P0036,W015,5,550.45,193.33,2558.92,Credit Card,Cancelled,2025-08-27
O002521,C0394,P0058,W008,3,607.88,210.91,1612.73,Debit Card,Cancelled,2026-01-06
O002522,C0467,P0191,W006,4,583.75,226.23,2108.77,Net Banking,Pending,2026-05-09
O002523,C0483,P0001,W013,4,711.01,472.79,2371.25,Cash,Completed,2025-11-17
O002524,C0041,P0099,W002,6,703.35,684.46,3535.64,Cash,Cancelled,2025-12-10
O002525,C0267,P0110,W007,3,91.98,47.29,228.65,UPI,Completed,2025-09-12
O002526,C0240,P0029,W015,7,380.84,329.49,2336.39,Cash,Pending,2026-04-09
O002527,C0491,P0189,W002,10,416.57,362.63,3803.07,Debit Card,Pending,2026-01-14
O002528,C0060,P0027,W015,4,78.28,45.75,267.37,Cash,Completed,2026-05-13
O002529,C0283,P0092,W016,1,165.58,28.62,136.96,Credit Card,Pending,2026-06-20
O002530,C0015,P0034,W017,10,98.84,114.44,873.96,UPI,Completed,2026-04-27
O002531,C0077,P0031,W003,9,475.72,115.49,4165.99,UPI,Pending,2026-07-19
O002532,C0021,P0058,W019,1,607.88,38.45,569.43,Net Banking,Cancelled,2026-04-22
O002533,C0183,P0150,W013,9,79.1,54.6,657.3,Net Banking,Pending,2025-08-16
O002534,C0347,P0144,W012,10,642.6,84.79,6341.21,Debit Card,Cancelled,2026-05-04
O002535,C0260,P0186,W015,1,703.11,0.66,702.45,Cash,Cancelled,2025-09-07
O002536,C0480,P0103,W011,4,104.86,49.54,369.9,UPI,Cancelled,2026-03-12
O002537,C0044,P0182,W009,4,103.87,0.11,415.37,Net Banking,Pending,2025-12-12
O002538,C0398,P0110,W016,4,91.98,71.24,296.68,Net Banking,Completed,2026-05-03
O002539,C0122,P0188,W015,2,149.25,36.89,261.61,UPI,Pending,2025-11-16
O002540,C0196,P0064,W012,9,124.23,84.25,1033.82,Net Banking,Completed,2025-10-23
O002541,C0457,P0001,W012,1,711.01,6.79,704.22,Cash,Cancelled,2025-11-14
O002542,C0295,P0105,W003,7,537.76,301.42,3462.9,UPI,Cancelled,2026-04-04
O002543,C0430,P0026,W020,10,424.88,287.21,3961.59,Debit Card,Cancelled,2025-10-07
O002544,C0274,P0005,W002,6,616.49,557.02,3141.92,Debit Card,Cancelled,2025-10-28
O002545,C0335,P0134,W013,4,127.8,65.01,446.19,UPI,Cancelled,2026-07-11
O002546,C0364,P0088,W013,8,512.39,409.04,3690.08,Cash,Completed,2026-03-07
O002547,C0093,P0034,W002,10,98.84,92.23,896.17,Net Banking,Cancelled,2026-05-05
O002548,C0284,P0117,W007,9,422.57,96.05,3707.08,Debit Card,Cancelled,2026-02-04
O002549,C0301,P0072,W006,4,712.27,55.69,2793.39,UPI,Cancelled,2025-08-18
O002550,C0366,P0138,W005,1,574.82,85.88,488.94,Net Banking,Completed,2025-11-03
O002551,C0445,P0097,W007,9,339.95,354.81,2704.74,UPI,Completed,2025-11-29
O002552,C0377,P0088,W009,10,512.39,645.56,4478.34,UPI,Cancelled,2025-10-27
O002553,C0488,P0039,W013,9,696.37,736.18,5531.15,Net Banking,Cancelled,2026-03-20
O002554,C0301,P0015,W003,10,435.76,384.99,3972.61,Cash,Pending,2025-09-02
O002555,C0470,P0019,W013,6,452.83,356.85,2360.13,Credit Card,Pending,2025-10-15
O002556,C0260,P0045,W012,9,74.54,23.04,647.82,Cash,Cancelled,2025-12-18
O002557,C0003,P0032,W018,6,562.17,85.3,3287.72,Debit Card,Cancelled,2025-12-14
O002558,C0240,P0022,W020,10,456.03,899.38,3660.92,Debit Card,Pending,2025-08-22
O002559,C0034,P0182,W008,6,103.87,30.54,592.68,Cash,Completed,2025-09-22
O002560,C0231,P0056,W004,1,73.8,6.7,67.1,UPI,Completed,2025-11-05
O002561,C0240,P0012,W002,5,342.53,113.35,1599.3,Cash,Pending,2026-01-28
O002562,C0289,P0027,W011,1,78.28,12.78,65.5,Debit Card,Cancelled,2026-01-28
O002563,C0466,P0143,W020,1,276.16,4.52,271.64,Credit Card,Completed,2026-06-10
O002564,C0165,P0024,W006,1,574.38,1.83,572.55,Credit Card,Pending,2025-12-21
O002565,C0198,P0194,W011,2,316.48,34.15,598.81,Debit Card,Cancelled,2026-08-02
O002566,C0422,P0157,W017,1,596.45,40.76,555.69,Net Banking,Cancelled,2025-10-30
O002567,C0001,P0119,W005,3,123.87,61.3,310.31,UPI,Cancelled,2026-01-09
O002568,C0088,P0195,W005,5,194.61,121.61,851.44,Credit Card,Completed,2025-08-12
O002569,C0190,P0026,W016,8,424.88,613.47,2785.57,Credit Card,Completed,2025-11-08
O002570,C0125,P0049,W011,5,200.77,83.48,920.37,Credit Card,Pending,2026-07-11
O002571,C0204,P0049,W007,1,200.77,27.22,173.55,Net Banking,Pending,2025-09-30
O002572,C0418,P0054,W015,1,298.13,38.44,259.69,UPI,Cancelled,2025-12-22
O002573,C0158,P0115,W020,4,346.43,226.58,1159.14,Cash,Pending,2026-02-07
O002574,C0439,P0121,W014,4,650.82,153.75,2449.53,UPI,Cancelled,2025-09-20
O002575,C0395,P0109,W008,7,51.49,0.94,359.49,Cash,Cancelled,2025-12-11
O002576,C0106,P0184,W016,6,600.98,245.86,3360.02,UPI,Cancelled,2025-08-21
O002577,C0100,P0093,W020,10,102.56,177.15,848.45,Net Banking,Cancelled,2025-09-19
O002578,C0064,P0018,W003,10,693.16,0.84,6930.76,Debit Card,Pending,2026-05-26
O002579,C0416,P0137,W017,9,70.49,79.74,554.67,Debit Card,Completed,2025-10-06
O002580,C0011,P0123,W020,3,614.42,163.68,1679.58,Cash,Cancelled,2025-11-18
O002581,C0438,P0146,W018,6,595.2,526.06,3045.14,Credit Card,Pending,2025-09-25
O002582,C0334,P0164,W008,2,347.36,68.01,626.71,Credit Card,Pending,2026-03-25
O002583,C0342,P0011,W003,1,311.47,10.37,301.1,UPI,Cancelled,2025-11-22
O002584,C0080,P0098,W015,5,515.46,30.98,2546.32,Cash,Pending,2026-07-30
O002585,C0499,P0188,W005,10,149.25,40.95,1451.55,Net Banking,Cancelled,2025-09-30
O002586,C0374,P0050,W013,5,407.27,46.71,1989.64,Debit Card,Pending,2026-03-09
O002587,C0184,P0012,W018,5,342.53,149.07,1563.58,Debit Card,Cancelled,2025-10-06
O002588,C0436,P0084,W009,5,611.84,137.95,2921.25,Cash,Cancelled,2025-10-25
O002589,C0266,P0160,W009,8,103.95,132.13,699.47,UPI,Pending,2026-07-30
O002590,C0109,P0001,W012,2,711.01,75.63,1346.39,Cash,Completed,2025-11-28
O002591,C0017,P0120,W013,9,117.95,70.49,991.06,UPI,Completed,2026-07-26
O002592,C0052,P0120,W012,1,117.95,16.51,101.44,Cash,Cancelled,2026-02-21
O002593,C0115,P0021,W010,2,244.16,72.27,416.05,Debit Card,Completed,2025-12-16
O002594,C0145,P0001,W011,10,711.01,432.87,6677.23,UPI,Completed,2026-06-24
O002595,C0153,P0197,W003,5,603.05,392.42,2622.83,Net Banking,Cancelled,2025-11-16
O002596,C0463,P0168,W017,6,802.22,875.63,3937.69,Credit Card,Completed,2025-10-06
O002597,C0265,P0079,W014,8,102.81,88.6,733.88,Debit Card,Pending,2026-03-15
O002598,C0166,P0178,W002,6,253.74,123.44,1399.0,Cash,Cancelled,2026-03-07
O002599,C0191,P0071,W003,2,324.09,15.63,632.55,UPI,Completed,2025-08-05
O002600,C0161,P0042,W002,4,276.02,168.21,935.87,UPI,Completed,2026-03-22
O002601,C0431,P0069,W003,8,779.75,1115.6,5122.4,UPI,Completed,2025-09-16
O002602,C0192,P0028,W006,4,169.73,18.02,660.9,Cash,Cancelled,2026-05-06
O002603,C0180,P0199,W002,7,550.92,730.19,3126.25,Net Banking,Pending,2026-02-08
O002604,C0146,P0037,W020,9,536.12,933.93,3891.15,Cash,Pending,2026-04-25
O002605,C0021,P0099,W011,2,703.35,34.68,1372.02,Cash,Pending,2025-10-05
O002606,C0212,P0094,W016,7,536.83,380.56,3377.25,Cash,Pending,2026-03-10
O002607,C0133,P0140,W018,4,719.31,69.85,2807.39,Debit Card,Pending,2025-08-16
O002608,C0446,P0158,W002,7,498.73,238.42,3252.69,Debit Card,Pending,2026-07-15
O002609,C0101,P0040,W013,7,533.67,722.75,3012.94,Net Banking,Cancelled,2026-03-24
O002610,C0498,P0022,W007,2,456.03,137.13,774.93,Net Banking,Cancelled,2026-01-23
O002611,C0461,P0148,W006,1,538.64,33.84,504.8,UPI,Pending,2026-03-10
O002612,C0159,P0025,W001,10,464.04,56.45,4583.95,Debit Card,Completed,2026-07-01
O002613,C0199,P0126,W012,10,352.47,375.19,3149.51,Cash,Pending,2026-06-25
O002614,C0408,P0055,W002,8,691.95,774.47,4761.13,Net Banking,Pending,2026-03-10
O002615,C0260,P0071,W015,4,324.09,192.67,1103.69,Credit Card,Cancelled,2025-11-21
O002616,C0134,P0145,W018,8,49.46,13.32,382.36,Cash,Cancelled,2026-02-16
O002617,C0203,P0131,W018,5,381.9,184.55,1724.95,UPI,Pending,2025-09-19
O002618,C0417,P0121,W005,4,650.82,510.64,2092.64,Cash,Pending,2025-10-29
O002619,C0473,P0132,W014,6,661.28,45.33,3922.35,Credit Card,Pending,2026-05-14
O002620,C0207,P0013,W005,6,678.5,498.54,3572.46,Debit Card,Completed,2026-01-08
O002621,C0279,P0124,W012,8,711.13,941.06,4747.98,Debit Card,Pending,2025-09-16
O002622,C0310,P0057,W015,7,500.43,381.11,3121.9,Cash,Completed,2026-03-21
O002623,C0145,P0144,W002,5,642.6,7.81,3205.19,Cash,Cancelled,2026-04-08
O002624,C0239,P0137,W006,5,70.49,51.57,300.88,Net Banking,Cancelled,2026-05-18
O002625,C0422,P0146,W005,2,595.2,175.18,1015.22,Net Banking,Completed,2025-11-16
O002626,C0375,P0004,W002,1,47.98,9.13,38.85,Cash,Cancelled,2026-07-20
O002627,C0090,P0135,W003,10,444.2,396.26,4045.74,Debit Card,Cancelled,2026-04-30
O002628,C0411,P0153,W017,7,97.2,8.81,671.59,Credit Card,Cancelled,2026-06-05
O002629,C0084,P0111,W013,2,638.29,10.28,1266.3,UPI,Cancelled,2025-11-25
O002630,C0089,P0129,W006,6,649.05,58.56,3835.74,UPI,Cancelled,2026-03-02
O002631,C0337,P0168,W012,8,802.22,167.73,6250.03,Net Banking,Cancelled,2025-08-17
O002632,C0436,P0039,W008,3,696.37,152.55,1936.56,Credit Card,Pending,2026-07-06
O002633,C0418,P0163,W006,10,561.9,226.45,5392.55,Credit Card,Completed,2026-01-10
O002634,C0342,P0146,W007,6,595.2,470.62,3100.58,Debit Card,Cancelled,2026-04-12
O002635,C0436,P0030,W011,7,129.09,68.0,835.63,Cash,Cancelled,2026-01-22
O002636,C0219,P0197,W009,6,603.05,283.81,3334.49,Net Banking,Pending,2025-11-09
O002637,C0017,P0049,W001,1,200.77,30.67,170.1,Net Banking,Pending,2026-02-26
O002638,C0495,P0160,W018,5,103.95,35.7,484.05,UPI,Cancelled,2026-04-11
O002639,C0487,P0105,W020,7,537.76,294.19,3470.13,UPI,Completed,2026-04-19
O002640,C0333,P0082,W020,6,524.26,456.73,2688.83,UPI,Pending,2025-09-08
O002641,C0370,P0115,W016,3,346.43,30.35,1008.94,Net Banking,Cancelled,2025-12-29
O002642,C0111,P0017,W019,6,438.91,107.99,2525.47,Cash,Cancelled,2026-01-27
O002643,C0411,P0192,W001,1,392.33,56.49,335.84,Debit Card,Completed,2025-09-27
O002644,C0232,P0196,W006,9,403.53,276.85,3354.92,UPI,Cancelled,2025-08-08
O002645,C0050,P0112,W003,5,635.62,11.79,3166.31,UPI,Pending,2026-02-26
O002646,C0430,P0050,W010,4,407.27,60.27,1568.81,UPI,Pending,2026-01-04
O002647,C0220,P0152,W019,10,41.85,16.27,402.23,Net Banking,Pending,2025-11-18
O002648,C0302,P0105,W017,6,537.76,201.42,3025.14,UPI,Pending,2025-12-16
O002649,C0392,P0087,W020,8,52.58,9.56,411.08,Credit Card,Cancelled,2025-12-04
O002650,C0071,P0005,W020,3,616.49,61.14,1788.33,Net Banking,Pending,2026-05-12
O002651,C0376,P0161,W006,8,792.47,1007.89,5331.87,Credit Card,Pending,2026-02-05
O002652,C0441,P0041,W004,5,471.27,340.91,2015.44,Debit Card,Completed,2025-08-26
O002653,C0459,P0185,W017,9,566.24,837.88,4258.28,UPI,Cancelled,2026-05-14
O002654,C0115,P0188,W010,7,149.25,19.26,1025.49,Credit Card,Pending,2026-05-09
O002655,C0380,P0029,W016,7,380.84,400.21,2265.67,UPI,Pending,2025-09-04
O002656,C0216,P0168,W020,3,802.22,71.79,2334.87,Net Banking,Completed,2026-02-12
O002657,C0184,P0096,W010,8,223.64,53.32,1735.8,Cash,Completed,2026-05-06
O002658,C0174,P0038,W009,3,210.73,26.6,605.59,Debit Card,Cancelled,2025-09-04
O002659,C0143,P0009,W018,3,127.01,7.74,373.29,Cash,Cancelled,2026-03-30
O002660,C0387,P0098,W009,5,515.46,187.01,2390.29,Cash,Completed,2025-12-22
O002661,C0482,P0016,W007,5,646.11,397.91,2832.64,Cash,Pending,2025-12-30
O002662,C0197,P0052,W006,9,697.25,891.78,5383.47,Debit Card,Cancelled,2025-11-09
O002663,C0094,P0118,W004,4,545.32,273.06,1908.22,UPI,Completed,2025-09-25
O002664,C0334,P0183,W017,7,518.44,639.11,2989.97,Credit Card,Cancelled,2026-01-21
O002665,C0226,P0140,W013,6,719.31,141.83,4174.03,Credit Card,Pending,2025-10-12
O002666,C0372,P0077,W006,1,705.01,12.04,692.97,Credit Card,Pending,2025-12-11
O002667,C0098,P0015,W005,9,435.76,438.47,3483.37,Debit Card,Completed,2026-01-14
O002668,C0215,P0109,W003,4,51.49,28.37,177.59,UPI,Pending,2026-05-12
O002669,C0260,P0014,W019,8,248.91,377.3,1613.98,Net Banking,Cancelled,2026-02-16
O002670,C0311,P0183,W012,4,518.44,207.61,1866.15,UPI,Completed,2026-03-14
O002671,C0177,P0081,W003,2,583.65,31.19,1136.11,Credit Card,Completed,2026-03-20
O002672,C0088,P0033,W007,6,316.3,80.07,1817.73,Cash,Completed,2025-11-23
O002673,C0372,P0025,W001,1,464.04,8.83,455.21,UPI,Cancelled,2025-12-27
O002674,C0387,P0115,W003,9,346.43,355.0,2762.87,Cash,Completed,2026-07-27
O002675,C0192,P0115,W008,1,346.43,24.34,322.09,Cash,Cancelled,2026-03-03
O002676,C0205,P0088,W015,10,512.39,224.37,4899.53,Debit Card,Completed,2025-12-24
O002677,C0091,P0006,W008,5,615.25,8.96,3067.29,Cash,Cancelled,2026-05-08
O002678,C0216,P0046,W008,7,602.93,99.99,4120.52,Credit Card,Cancelled,2026-05-29
O002679,C0157,P0005,W002,9,616.49,259.72,5288.69,Debit Card,Completed,2025-10-29
O002680,C0107,P0059,W015,2,691.04,4.26,1377.82,Debit Card,Completed,2026-04-13
O002681,C0498,P0144,W007,9,642.6,1091.4,4692.0,UPI,Pending,2026-07-09
O002682,C0286,P0143,W018,4,276.16,99.34,1005.3,Cash,Cancelled,2026-03-28
O002683,C0215,P0156,W015,7,716.77,950.56,4066.83,Debit Card,Completed,2026-06-21
O002684,C0213,P0033,W020,5,316.3,270.35,1311.15,UPI,Completed,2026-03-24
O002685,C0304,P0178,W002,4,253.74,174.03,840.93,Net Banking,Completed,2026-06-27
O002686,C0445,P0092,W008,10,165.58,255.56,1400.24,Debit Card,Pending,2026-02-24
O002687,C0189,P0167,W007,3,121.8,2.01,363.39,Cash,Completed,2026-03-06
O002688,C0197,P0192,W011,2,392.33,131.02,653.64,UPI,Cancelled,2025-12-07
O002689,C0140,P0106,W007,6,395.02,232.4,2137.72,Credit Card,Pending,2025-08-13
O002690,C0118,P0106,W018,2,395.02,31.05,758.99,Net Banking,Completed,2026-01-22
O002691,C0220,P0147,W010,3,250.9,143.3,609.4,Debit Card,Completed,2026-01-06
O002692,C0106,P0159,W019,8,340.74,142.59,2583.33,UPI,Pending,2026-07-14
O002693,C0023,P0045,W007,1,74.54,8.63,65.91,Debit Card,Completed,2026-01-14
O002694,C0324,P0054,W008,7,298.13,366.18,1720.73,UPI,Pending,2026-04-14
O002695,C0396,P0040,W004,4,533.67,3.55,2131.13,Net Banking,Completed,2025-08-26
O002696,C0243,P0054,W016,7,298.13,1.54,2085.37,Debit Card,Pending,2026-02-28
O002697,C0143,P0144,W002,8,642.6,339.26,4801.54,Net Banking,Completed,2026-05-30
O002698,C0406,P0107,W012,10,223.7,351.54,1885.46,Net Banking,Pending,2025-11-21
O002699,C0063,P0128,W010,5,366.55,165.77,1666.98,Cash,Pending,2026-06-13
O002700,C0064,P0167,W015,2,121.8,37.88,205.72,UPI,Cancelled,2026-07-04
O002701,C0481,P0117,W009,10,422.57,634.71,3590.99,Cash,Completed,2026-05-09
O002702,C0075,P0164,W005,9,347.36,306.12,2820.12,Net Banking,Cancelled,2026-08-04
O002703,C0207,P0042,W008,2,276.02,84.49,467.55,Net Banking,Pending,2026-02-26
O002704,C0234,P0090,W010,9,414.11,713.99,3013.0,Credit Card,Pending,2026-01-09
O002705,C0293,P0011,W016,7,311.47,377.43,1802.86,Debit Card,Pending,2026-01-06
O002706,C0069,P0009,W018,9,127.01,174.39,968.7,UPI,Cancelled,2025-12-26
O002707,C0090,P0190,W010,4,537.59,381.04,1769.32,UPI,Pending,2026-03-03
O002708,C0439,P0032,W005,8,562.17,316.81,4180.55,Cash,Cancelled,2026-04-07
O002709,C0292,P0188,W008,4,149.25,22.92,574.08,Cash,Cancelled,2026-04-11
O002710,C0084,P0159,W014,10,340.74,493.47,2913.93,UPI,Cancelled,2026-02-01
O002711,C0336,P0004,W002,1,47.98,0.11,47.87,UPI,Completed,2026-02-07
O002712,C0283,P0129,W018,7,649.05,48.9,4494.45,Credit Card,Pending,2025-09-10
O002713,C0044,P0150,W020,7,79.1,75.09,478.61,Credit Card,Completed,2025-09-01
O002714,C0208,P0066,W002,9,156.35,4.03,1403.12,Net Banking,Cancelled,2025-09-10
O002715,C0388,P0172,W008,2,355.99,3.13,708.85,Credit Card,Pending,2025-11-20
O002716,C0046,P0009,W013,9,127.01,129.1,1013.99,Credit Card,Cancelled,2026-07-10
O002717,C0089,P0042,W011,7,276.02,266.16,1665.98,Debit Card,Cancelled,2026-05-06
O002718,C0089,P0143,W010,3,276.16,64.0,764.48,UPI,Pending,2026-03-25
O002719,C0397,P0040,W020,10,533.67,567.27,4769.43,UPI,Completed,2025-12-16
O002720,C0134,P0120,W014,4,117.95,39.98,431.82,Credit Card,Pending,2026-02-04
O002721,C0122,P0083,W015,10,557.15,254.39,5317.11,Cash,Cancelled,2025-09-13
O002722,C0375,P0051,W018,1,229.62,37.93,191.69,Cash,Pending,2025-10-21
O002723,C0335,P0176,W015,7,708.65,141.07,4819.48,Cash,Completed,2026-02-17
O002724,C0218,P0099,W008,6,703.35,583.83,3636.27,Debit Card,Completed,2025-10-08
O002725,C0263,P0145,W017,5,49.46,44.66,202.64,Credit Card,Pending,2025-08-15
O002726,C0311,P0032,W020,4,562.17,34.01,2214.67,Credit Card,Completed,2026-06-09
O002727,C0121,P0091,W008,9,128.87,137.5,1022.33,Cash,Cancelled,2025-11-28
O002728,C0480,P0117,W008,7,422.57,388.91,2569.08,Credit Card,Completed,2026-03-12
O002729,C0143,P0059,W017,7,691.04,632.28,4205.0,Credit Card,Cancelled,2026-07-31
O002730,C0254,P0104,W017,6,61.8,11.2,359.6,UPI,Completed,2026-06-08
O002731,C0292,P0182,W017,8,103.87,53.83,777.13,Cash,Pending,2026-07-28
O002732,C0392,P0064,W019,8,124.23,158.09,835.75,UPI,Completed,2026-04-05
O002733,C0373,P0096,W008,10,223.64,140.6,2095.8,Cash,Cancelled,2026-04-03
O002734,C0319,P0076,W004,7,366.83,208.74,2359.07,Credit Card,Completed,2026-01-29
O002735,C0127,P0190,W006,2,537.59,120.1,955.08,Net Banking,Cancelled,2026-04-12
O002736,C0062,P0082,W011,8,524.26,141.52,4052.56,Cash,Cancelled,2026-01-10
O002737,C0078,P0041,W016,5,471.27,236.1,2120.25,Credit Card,Cancelled,2026-07-08
O002738,C0146,P0117,W011,2,422.57,156.91,688.23,Cash,Pending,2026-07-13
O002739,C0497,P0029,W016,2,380.84,118.91,642.77,UPI,Pending,2026-07-20
O002740,C0016,P0104,W019,2,61.8,21.03,102.57,Credit Card,Pending,2025-08-28
O002741,C0063,P0121,W014,8,650.82,357.08,4849.48,Net Banking,Pending,2025-08-31
O002742,C0015,P0106,W008,1,395.02,62.93,332.09,Cash,Pending,2025-09-24
O002743,C0225,P0171,W013,2,165.53,15.47,315.59,UPI,Completed,2025-08-18
O002744,C0453,P0113,W008,1,229.52,5.25,224.27,UPI,Completed,2025-11-16
O002745,C0473,P0102,W013,3,580.08,249.61,1490.63,Debit Card,Cancelled,2025-12-12
O002746,C0045,P0125,W020,8,184.54,83.02,1393.3,Cash,Pending,2026-03-29
O002747,C0030,P0162,W011,5,472.72,356.9,2006.7,Credit Card,Completed,2026-01-31
O002748,C0238,P0104,W013,3,61.8,15.12,170.28,Debit Card,Cancelled,2025-12-31
O002749,C0098,P0156,W011,2,716.77,33.46,1400.08,Credit Card,Cancelled,2026-05-13
O002750,C0186,P0032,W018,8,562.17,518.25,3979.11,Cash,Cancelled,2026-04-20
O002751,C0021,P0048,W003,2,197.9,63.88,331.92,UPI,Pending,2025-10-31
O002752,C0192,P0148,W008,6,538.64,401.15,2830.69,Net Banking,Cancelled,2026-03-31
O002753,C0194,P0188,W010,10,149.25,247.01,1245.49,Debit Card,Completed,2026-07-17
O002754,C0220,P0074,W001,3,318.47,18.15,937.26,Credit Card,Cancelled,2026-03-18
O002755,C0178,P0120,W005,4,117.95,76.79,395.01,UPI,Pending,2025-08-07
O002756,C0074,P0106,W008,6,395.02,237.93,2132.19,Cash,Cancelled,2026-02-08
O002757,C0353,P0180,W002,1,83.12,8.44,74.68,Credit Card,Cancelled,2026-07-26
O002758,C0057,P0083,W008,3,557.15,215.8,1455.65,Cash,Cancelled,2026-04-27
O002759,C0480,P0198,W018,1,369.55,41.4,328.15,Debit Card,Cancelled,2025-09-05
O002760,C0479,P0091,W005,5,128.87,7.66,636.69,Cash,Completed,2026-08-02
O002761,C0156,P0114,W016,5,433.11,368.28,1797.27,Cash,Cancelled,2026-03-13
O002762,C0024,P0035,W004,7,613.51,830.23,3464.34,Cash,Completed,2026-08-01
O002763,C0031,P0027,W003,10,78.28,27.54,755.26,Cash,Pending,2026-07-26
O002764,C0207,P0157,W003,8,596.45,40.5,4731.1,Cash,Pending,2026-01-08
O002765,C0343,P0151,W013,5,359.46,123.31,1673.99,Net Banking,Completed,2025-09-25
O002766,C0453,P0155,W019,5,70.67,52.03,301.32,Credit Card,Completed,2026-01-05
O002767,C0438,P0130,W004,5,247.63,235.75,1002.4,Net Banking,Cancelled,2026-06-28
O002768,C0452,P0174,W010,8,288.11,440.14,1864.74,Net Banking,Pending,2026-03-06
O002769,C0292,P0036,W020,5,550.45,217.94,2534.31,Cash,Pending,2026-02-02
O002770,C0072,P0072,W017,5,712.27,32.87,3528.48,Net Banking,Pending,2025-11-03
O002771,C0310,P0079,W007,2,102.81,8.63,196.99,Credit Card,Cancelled,2025-09-28
O002772,C0112,P0140,W017,2,719.31,65.8,1372.82,Net Banking,Completed,2026-05-23
O002773,C0416,P0183,W011,7,518.44,362.72,3266.36,Credit Card,Cancelled,2026-01-24
O002774,C0237,P0021,W019,2,244.16,78.22,410.1,Cash,Cancelled,2026-03-20
O002775,C0234,P0046,W004,3,602.93,219.6,1589.19,Credit Card,Completed,2026-02-05
O002776,C0355,P0109,W013,1,51.49,7.44,44.05,Credit Card,Completed,2026-01-11
O002777,C0310,P0147,W012,1,250.9,41.28,209.62,Credit Card,Completed,2026-08-04
O002778,C0450,P0108,W013,1,467.1,59.86,407.24,Debit Card,Pending,2025-11-08
O002779,C0092,P0077,W014,7,705.01,918.81,4016.26,Net Banking,Cancelled,2025-11-02
O002780,C0438,P0134,W010,4,127.8,52.14,459.06,Cash,Completed,2026-05-09
O002781,C0469,P0083,W005,3,557.15,80.47,1590.98,Debit Card,Cancelled,2026-01-18
O002782,C0427,P0145,W017,1,49.46,1.63,47.83,Net Banking,Completed,2026-05-29
O002783,C0274,P0068,W020,2,244.39,7.73,481.05,Net Banking,Completed,2025-10-29
O002784,C0150,P0134,W015,9,127.8,160.09,990.11,Net Banking,Pending,2026-03-10
O002785,C0483,P0127,W014,8,830.32,636.49,6006.07,Credit Card,Pending,2026-04-15
O002786,C0323,P0044,W005,2,509.99,92.18,927.8,Cash,Pending,2026-05-04
O002787,C0460,P0157,W005,6,596.45,653.01,2925.69,Net Banking,Completed,2026-03-07
O002788,C0409,P0033,W005,9,316.3,211.39,2635.31,UPI,Cancelled,2026-02-26
O002789,C0123,P0128,W017,1,366.55,59.91,306.64,Cash,Completed,2025-12-30
O002790,C0247,P0168,W013,10,802.22,195.51,7826.69,Credit Card,Cancelled,2025-09-23
O002791,C0260,P0117,W004,2,422.57,163.59,681.55,Debit Card,Pending,2025-09-10
O002792,C0320,P0180,W020,10,83.12,26.55,804.65,Debit Card,Completed,2025-08-14
O002793,C0094,P0188,W015,5,149.25,47.25,699.0,Net Banking,Completed,2026-02-01
O002794,C0459,P0179,W002,2,761.14,145.74,1376.54,Credit Card,Cancelled,2025-12-24
O002795,C0031,P0086,W017,7,781.27,499.71,4969.18,UPI,Completed,2025-08-20
O002796,C0099,P0114,W013,6,433.11,110.56,2488.1,Net Banking,Cancelled,2025-11-11
O002797,C0421,P0005,W010,4,616.49,438.15,2027.81,Net Banking,Pending,2026-05-16
O002798,C0082,P0110,W012,1,91.98,5.57,86.41,UPI,Cancelled,2026-04-04
O002799,C0239,P0030,W003,4,129.09,102.57,413.79,Debit Card,Cancelled,2025-11-28
O002800,C0481,P0078,W014,9,134.38,95.94,1113.48,Credit Card,Pending,2026-08-05
O002801,C0088,P0150,W002,3,79.1,33.59,203.71,Net Banking,Cancelled,2026-01-30
O002802,C0012,P0169,W020,8,685.11,194.72,5286.16,Debit Card,Cancelled,2025-08-25
O002803,C0225,P0020,W014,7,658.43,715.09,3893.92,Cash,Completed,2026-03-26
O002804,C0056,P0179,W002,2,761.14,60.99,1461.29,UPI,Cancelled,2026-05-28
O002805,C0329,P0031,W007,3,475.72,249.81,1177.35,Credit Card,Pending,2026-05-30
O002806,C0276,P0172,W008,10,355.99,617.38,2942.52,Cash,Pending,2025-10-14
O002807,C0328,P0001,W006,5,711.01,553.39,3001.66,Credit Card,Pending,2026-07-19
O002808,C0216,P0067,W008,9,610.98,36.99,5461.83,Debit Card,Pending,2026-04-01
O002809,C0358,P0136,W020,2,596.21,135.49,1056.93,Net Banking,Pending,2026-02-02
O002810,C0165,P0117,W007,4,422.57,70.77,1619.51,UPI,Pending,2026-02-16
O002811,C0015,P0057,W014,10,500.43,787.48,4216.82,UPI,Cancelled,2025-11-03
O002812,C0001,P0106,W015,2,395.02,46.01,744.03,Credit Card,Pending,2026-06-04
O002813,C0448,P0068,W007,6,244.39,269.98,1196.36,UPI,Completed,2025-10-11
O002814,C0416,P0073,W019,7,114.95,50.96,753.69,Credit Card,Pending,2026-01-07
O002815,C0210,P0133,W008,10,659.87,1044.7,5554.0,Debit Card,Pending,2026-08-02
O002816,C0188,P0145,W017,7,49.46,40.68,305.54,UPI,Cancelled,2025-08-16
O002817,C0394,P0152,W015,7,41.85,30.41,262.54,UPI,Completed,2026-07-23
O002818,C0120,P0126,W002,7,352.47,207.07,2260.22,Net Banking,Cancelled,2026-04-25
O002819,C0214,P0088,W002,7,512.39,650.85,2935.88,UPI,Pending,2026-02-08
O002820,C0315,P0034,W005,3,98.84,5.22,291.3,UPI,Cancelled,2025-09-20
O002821,C0028,P0120,W001,8,117.95,3.32,940.28,UPI,Pending,2026-03-30
O002822,C0245,P0073,W016,3,114.95,48.05,296.8,UPI,Pending,2026-02-26
O002823,C0371,P0006,W016,8,615.25,276.22,4645.78,Credit Card,Completed,2025-11-01
O002824,C0068,P0181,W011,3,510.35,252.28,1278.77,UPI,Cancelled,2025-10-25
O002825,C0348,P0146,W015,3,595.2,326.33,1459.27,Debit Card,Completed,2026-06-30
O002826,C0066,P0149,W020,8,102.98,42.02,781.82,Credit Card,Pending,2026-02-24
O002827,C0272,P0171,W018,10,165.53,50.69,1604.61,Net Banking,Pending,2025-08-11
O002828,C0453,P0038,W004,1,210.73,10.86,199.87,Cash,Pending,2026-04-01
O002829,C0160,P0197,W006,9,603.05,260.7,5166.75,Debit Card,Pending,2026-06-04
O002830,C0168,P0116,W001,3,446.14,48.73,1289.69,Credit Card,Cancelled,2025-09-06
O002831,C0057,P0141,W011,10,473.02,545.61,4184.59,Credit Card,Completed,2026-01-16
O002832,C0240,P0100,W015,10,451.54,306.54,4208.86,Credit Card,Completed,2025-10-09
O002833,C0180,P0180,W003,9,83.12,69.83,678.25,Debit Card,Cancelled,2026-01-08
O002834,C0033,P0047,W008,2,519.72,109.56,929.88,UPI,Completed,2025-09-27
O002835,C0128,P0053,W012,2,208.63,55.88,361.38,Debit Card,Cancelled,2026-03-08
O002836,C0126,P0090,W013,1,414.11,28.74,385.37,Credit Card,Pending,2025-11-15
O002837,C0351,P0094,W008,6,536.83,581.28,2639.7,Cash,Cancelled,2025-10-15
O002838,C0395,P0151,W018,10,359.46,705.38,2889.22,Debit Card,Cancelled,2026-03-11
O002839,C0311,P0028,W005,10,169.73,71.97,1625.33,UPI,Pending,2026-07-24
O002840,C0282,P0025,W007,9,464.04,453.27,3723.09,Debit Card,Pending,2026-04-05
O002841,C0148,P0174,W020,1,288.11,40.48,247.63,Credit Card,Pending,2026-02-02
O002842,C0231,P0198,W011,5,369.55,118.13,1729.62,Debit Card,Pending,2025-11-04
O002843,C0103,P0009,W002,7,127.01,63.37,825.7,Cash,Cancelled,2025-10-01
O002844,C0252,P0145,W008,10,49.46,66.91,427.69,Cash,Completed,2026-04-28
O002845,C0094,P0161,W013,5,792.47,722.97,3239.38,Net Banking,Completed,2025-10-14
O002846,C0069,P0065,W015,4,114.36,50.71,406.73,Cash,Pending,2026-03-14
O002847,C0142,P0119,W001,4,123.87,28.34,467.14,Net Banking,Completed,2026-03-05
O002848,C0436,P0098,W006,9,515.46,451.87,4187.27,Credit Card,Pending,2026-03-17
O002849,C0365,P0182,W005,5,103.87,49.27,470.08,Debit Card,Cancelled,2025-10-22
O002850,C0038,P0197,W010,9,603.05,699.66,4727.79,UPI,Pending,2026-03-07
O002851,C0494,P0019,W019,5,452.83,330.09,1934.06,Credit Card,Completed,2025-12-04
O002852,C0473,P0170,W020,4,505.56,279.2,1743.04,Cash,Cancelled,2026-02-10
O002853,C0134,P0012,W014,6,342.53,90.55,1964.63,Cash,Completed,2026-05-25
O002854,C0015,P0130,W015,9,247.63,118.04,2110.63,Cash,Pending,2026-04-10
O002855,C0157,P0134,W010,8,127.8,107.9,914.5,Net Banking,Completed,2026-07-17
O002856,C0394,P0032,W005,6,562.17,172.71,3200.31,Cash,Cancelled,2026-05-29
O002857,C0212,P0021,W015,4,244.16,153.71,822.93,UPI,Completed,2026-01-30
O002858,C0362,P0177,W011,5,764.51,448.36,3374.19,Cash,Pending,2026-05-12
O002859,C0270,P0122,W005,9,472.24,628.73,3621.43,Credit Card,Pending,2026-06-25
O002860,C0275,P0136,W005,9,596.21,56.81,5309.08,Debit Card,Cancelled,2026-02-09
O002861,C0407,P0012,W002,9,342.53,135.38,2947.39,Debit Card,Pending,2026-06-28
O002862,C0131,P0067,W014,8,610.98,17.82,4870.02,Debit Card,Completed,2026-02-20
O002863,C0434,P0170,W016,3,505.56,248.71,1267.97,Net Banking,Cancelled,2026-07-22
O002864,C0252,P0085,W008,7,734.45,167.76,4973.39,Net Banking,Pending,2025-11-06
O002865,C0097,P0118,W008,7,545.32,748.28,3068.96,UPI,Pending,2025-09-28
O002866,C0054,P0098,W018,3,515.46,49.74,1496.64,Cash,Completed,2025-10-28
O002867,C0033,P0181,W007,3,510.35,141.36,1389.69,Credit Card,Completed,2026-07-15
O002868,C0286,P0093,W007,6,102.56,31.44,583.92,Credit Card,Completed,2025-09-13
O002869,C0276,P0050,W009,9,407.27,156.76,3508.67,Credit Card,Cancelled,2025-11-21
O002870,C0267,P0032,W004,3,562.17,108.45,1578.06,Cash,Completed,2025-08-09
O002871,C0141,P0005,W017,3,616.49,317.28,1532.19,UPI,Completed,2025-11-19
O002872,C0293,P0119,W008,7,123.87,22.02,845.07,Cash,Pending,2025-09-25
O002873,C0364,P0090,W012,8,414.11,375.93,2936.95,Debit Card,Completed,2025-11-28
O002874,C0422,P0092,W011,8,165.58,69.03,1255.61,Credit Card,Cancelled,2026-01-18
O002875,C0171,P0011,W003,7,311.47,35.79,2144.5,UPI,Cancelled,2026-05-28
O002876,C0034,P0040,W009,6,533.67,589.41,2612.61,UPI,Cancelled,2026-01-02
O002877,C0412,P0114,W012,5,433.11,260.14,1905.41,Debit Card,Completed,2026-01-04
O002878,C0123,P0003,W020,7,307.09,364.93,1784.7,Net Banking,Cancelled,2025-08-25
O002879,C0193,P0196,W019,3,403.53,115.17,1095.42,Cash,Pending,2026-03-17
O002880,C0246,P0065,W010,10,114.36,221.55,922.05,Debit Card,Completed,2025-10-18
O002881,C0220,P0179,W020,4,761.14,259.0,2785.56,Cash,Cancelled,2025-11-21
O002882,C0224,P0050,W010,9,407.27,63.18,3602.25,Net Banking,Cancelled,2025-10-09
O002883,C0035,P0107,W007,2,223.7,31.04,416.36,Credit Card,Pending,2026-07-01
O002884,C0094,P0030,W005,10,129.09,117.57,1173.33,Net Banking,Cancelled,2025-10-07
O002885,C0295,P0122,W012,8,472.24,513.01,3264.91,Credit Card,Pending,2026-03-25
O002886,C0355,P0049,W005,4,200.77,105.84,697.24,Credit Card,Completed,2025-12-09
O002887,C0058,P0003,W016,2,307.09,11.41,602.77,Cash,Pending,2025-10-17
O002888,C0367,P0166,W010,4,399.5,93.11,1504.89,Net Banking,Completed,2026-07-17
O002889,C0141,P0133,W002,6,659.87,266.78,3692.44,UPI,Pending,2026-04-27
O002890,C0092,P0008,W003,4,707.65,531.86,2298.74,Debit Card,Cancelled,2026-06-30
O002891,C0197,P0055,W010,10,691.95,1296.7,5622.8,Debit Card,Pending,2025-10-08
O002892,C0035,P0148,W004,2,538.64,192.22,885.06,Debit Card,Pending,2026-01-15
O002893,C0230,P0080,W004,7,24.4,34.07,136.73,Debit Card,Pending,2026-03-30
O002894,C0283,P0011,W015,5,311.47,70.36,1486.99,Credit Card,Completed,2025-12-21
O002895,C0174,P0053,W007,6,208.63,203.44,1048.34,UPI,Pending,2026-07-19
O002896,C0448,P0169,W007,6,685.11,782.51,3328.15,Cash,Pending,2026-07-10
O002897,C0242,P0184,W014,8,600.98,562.39,4245.45,Cash,Pending,2025-09-28
O002898,C0071,P0031,W008,6,475.72,407.04,2447.28,Credit Card,Pending,2026-05-08
O002899,C0214,P0057,W014,2,500.43,145.91,854.95,Cash,Pending,2026-07-05
O002900,C0168,P0140,W011,6,719.31,96.06,4219.8,Net Banking,Completed,2025-10-17
O002901,C0043,P0137,W009,6,70.49,20.54,402.4,Debit Card,Cancelled,2026-05-24
O002902,C0041,P0144,W016,5,642.6,527.15,2685.85,Debit Card,Completed,2025-12-04
O002903,C0197,P0157,W016,8,596.45,686.63,4084.97,Debit Card,Completed,2026-01-27
O002904,C0138,P0154,W013,10,687.94,66.26,6813.14,Debit Card,Cancelled,2026-04-24
O002905,C0282,P0153,W002,3,97.2,21.98,269.62,Net Banking,Pending,2025-10-08
O002906,C0477,P0050,W003,8,407.27,51.16,3207.0,UPI,Pending,2026-06-23
O002907,C0172,P0193,W019,1,327.81,61.88,265.93,Cash,Completed,2025-10-18
O002908,C0257,P0031,W019,7,475.72,24.27,3305.77,Debit Card,Completed,2026-01-11
O002909,C0451,P0064,W014,1,124.23,20.84,103.39,Debit Card,Cancelled,2025-12-19
O002910,C0475,P0019,W013,8,452.83,16.79,3605.85,Net Banking,Completed,2025-10-16
O002911,C0142,P0136,W002,10,596.21,1119.03,4843.07,Net Banking,Pending,2025-09-17
O002912,C0500,P0020,W010,3,658.43,35.15,1940.14,Cash,Pending,2025-09-30
O002913,C0484,P0122,W014,3,472.24,163.3,1253.42,Cash,Completed,2025-10-20
O002914,C0163,P0009,W004,9,127.01,87.28,1055.81,Credit Card,Cancelled,2025-08-28
O002915,C0363,P0171,W006,7,165.53,8.07,1150.64,Net Banking,Pending,2025-09-26
O002916,C0172,P0022,W019,10,456.03,162.45,4397.85,Cash,Completed,2026-01-03
O002917,C0177,P0013,W003,8,678.5,700.95,4727.05,Debit Card,Cancelled,2026-08-03
O002918,C0244,P0152,W012,6,41.85,16.63,234.47,Debit Card,Completed,2026-07-30
O002919,C0493,P0017,W017,3,438.91,14.13,1302.6,Credit Card,Cancelled,2025-11-07
O002920,C0359,P0136,W011,2,596.21,136.09,1056.33,Debit Card,Cancelled,2026-02-19
O002921,C0357,P0055,W003,1,691.95,81.15,610.8,Credit Card,Completed,2026-03-12
O002922,C0302,P0029,W018,3,380.84,8.34,1134.18,Credit Card,Pending,2025-12-11
O002923,C0256,P0004,W020,1,47.98,1.65,46.33,Credit Card,Cancelled,2026-05-08
O002924,C0500,P0004,W020,7,47.98,52.78,283.08,Cash,Pending,2026-04-20
O002925,C0465,P0007,W007,3,86.6,46.36,213.44,UPI,Completed,2026-01-14
O002926,C0090,P0025,W015,2,464.04,0.18,927.9,Cash,Completed,2026-04-14
O002927,C0163,P0024,W014,10,574.38,271.08,5472.72,Net Banking,Pending,2025-09-17
O002928,C0477,P0063,W001,10,152.21,303.85,1218.25,Net Banking,Cancelled,2025-11-24
O002929,C0181,P0031,W018,9,475.72,758.04,3523.44,Debit Card,Completed,2025-10-25
O002930,C0034,P0043,W017,5,759.88,521.44,3277.96,Net Banking,Pending,2025-11-03
O002931,C0338,P0139,W015,7,261.47,257.08,1573.21,Credit Card,Pending,2026-07-17
O002932,C0210,P0078,W009,2,134.38,41.09,227.67,Cash,Pending,2025-08-06
O002933,C0120,P0100,W005,9,451.54,720.55,3343.31,Net Banking,Completed,2026-04-01
O002934,C0255,P0020,W020,4,658.43,342.36,2291.36,Credit Card,Cancelled,2026-07-26
O002935,C0483,P0085,W019,10,734.45,311.57,7032.93,Debit Card,Completed,2026-02-23
O002936,C0377,P0147,W009,5,250.9,134.91,1119.59,Debit Card,Completed,2026-06-25
O002937,C0194,P0154,W011,7,687.94,913.8,3901.78,Cash,Pending,2026-03-06
O002938,C0044,P0196,W014,7,403.53,516.69,2308.02,Credit Card,Completed,2025-10-14
O002939,C0478,P0189,W019,1,416.57,11.26,405.31,Debit Card,Pending,2026-03-15
O002940,C0161,P0049,W002,4,200.77,116.33,686.75,Cash,Pending,2026-07-07
O002941,C0492,P0037,W013,8,536.12,650.83,3638.13,Net Banking,Pending,2026-04-21
O002942,C0237,P0068,W004,6,244.39,197.09,1269.25,Credit Card,Cancelled,2026-04-21
O002943,C0176,P0024,W009,9,574.38,777.7,4391.72,Cash,Completed,2025-11-28
O002944,C0065,P0092,W012,3,165.58,14.44,482.3,Net Banking,Pending,2026-03-26
O002945,C0286,P0038,W015,2,210.73,20.82,400.64,Net Banking,Cancelled,2025-08-09
O002946,C0197,P0047,W002,2,519.72,98.7,940.74,UPI,Completed,2026-04-13
O002947,C0032,P0101,W017,5,536.98,523.58,2161.32,Cash,Completed,2025-09-24
O002948,C0353,P0140,W020,4,719.31,466.29,2410.95,Debit Card,Cancelled,2026-06-19
O002949,C0139,P0160,W003,8,103.95,50.01,781.59,Cash,Completed,2025-12-09
O002950,C0326,P0143,W018,1,276.16,32.73,243.43,Credit Card,Cancelled,2026-06-22
O002951,C0395,P0028,W010,7,169.73,234.85,953.26,Cash,Cancelled,2025-10-23
O002952,C0419,P0145,W004,9,49.46,87.61,357.53,Cash,Completed,2025-10-04
O002953,C0463,P0052,W019,5,697.25,546.16,2940.09,Cash,Pending,2026-06-23
O002954,C0254,P0042,W014,10,276.02,224.92,2535.28,UPI,Pending,2026-06-02
O002955,C0450,P0158,W011,6,498.73,532.45,2459.93,Cash,Pending,2025-09-11
O002956,C0029,P0163,W005,3,561.9,112.81,1572.89,Net Banking,Cancelled,2026-04-28
O002957,C0404,P0131,W007,9,381.9,472.73,2964.37,Credit Card,Pending,2025-09-02
O002958,C0353,P0200,W005,8,181.69,66.83,1386.69,Net Banking,Completed,2026-02-13
O002959,C0312,P0132,W005,2,661.28,203.9,1118.66,Credit Card,Cancelled,2026-02-21
O002960,C0155,P0131,W005,8,381.9,343.68,2711.52,Cash,Cancelled,2025-12-22
O002961,C0024,P0154,W002,10,687.94,125.97,6753.43,Net Banking,Completed,2025-12-07
O002962,C0313,P0140,W017,6,719.31,363.58,3952.28,UPI,Pending,2025-11-21
O002963,C0090,P0021,W010,9,244.16,287.88,1909.56,Cash,Pending,2026-03-02
O002964,C0476,P0016,W019,4,646.11,74.02,2510.42,Debit Card,Pending,2025-09-23
O002965,C0367,P0003,W002,9,307.09,303.85,2459.96,Net Banking,Pending,2026-04-20
O002966,C0235,P0064,W014,8,124.23,9.72,984.12,Cash,Pending,2026-06-25
O002967,C0452,P0168,W017,5,802.22,91.73,3919.37,UPI,Cancelled,2025-11-22
O002968,C0454,P0175,W017,4,636.16,141.19,2403.45,Net Banking,Pending,2025-10-21
O002969,C0294,P0183,W014,6,518.44,535.51,2575.13,Cash,Cancelled,2026-02-24
O002970,C0059,P0098,W010,9,515.46,757.26,3881.88,Net Banking,Completed,2026-02-23
O002971,C0455,P0069,W017,9,779.75,725.23,6292.52,Cash,Pending,2025-10-31
O002972,C0473,P0117,W003,5,422.57,230.98,1881.87,Credit Card,Pending,2026-07-31
O002973,C0096,P0132,W008,10,661.28,266.92,6345.88,Credit Card,Pending,2026-06-09
O002974,C0256,P0104,W020,9,61.8,80.72,475.48,Credit Card,Pending,2026-01-15
O002975,C0044,P0196,W009,2,403.53,109.06,698.0,Debit Card,Cancelled,2026-06-07
O002976,C0306,P0055,W018,2,691.95,119.36,1264.54,Cash,Pending,2026-04-29
O002977,C0215,P0177,W012,7,764.51,1.2,5350.37,Cash,Completed,2026-07-28
O002978,C0097,P0084,W017,9,611.84,16.76,5489.8,Cash,Completed,2026-02-16
O002979,C0372,P0172,W013,4,355.99,44.88,1379.08,Net Banking,Pending,2026-01-09
O002980,C0211,P0140,W016,9,719.31,498.28,5975.51,Net Banking,Pending,2025-10-22
O002981,C0405,P0045,W008,1,74.54,12.65,61.89,Net Banking,Pending,2026-04-30
O002982,C0336,P0021,W015,2,244.16,3.86,484.46,UPI,Pending,2026-03-25
O002983,C0463,P0134,W005,1,127.8,8.52,119.28,UPI,Cancelled,2026-02-14
O002984,C0031,P0185,W004,5,566.24,368.85,2462.35,UPI,Completed,2025-11-10
O002985,C0395,P0185,W005,7,566.24,154.74,3808.94,Net Banking,Completed,2026-05-15
O002986,C0341,P0068,W012,2,244.39,21.27,467.51,Debit Card,Cancelled,2026-03-17
O002987,C0177,P0065,W002,5,114.36,59.02,512.78,Cash,Pending,2026-07-07
O002988,C0080,P0023,W006,2,673.26,33.42,1313.1,Debit Card,Completed,2026-04-13
O002989,C0122,P0036,W020,5,550.45,440.79,2311.46,Net Banking,Cancelled,2025-12-26
O002990,C0376,P0063,W005,5,152.21,139.42,621.63,UPI,Cancelled,2026-02-28
O002991,C0087,P0026,W003,8,424.88,649.13,2749.91,Cash,Cancelled,2026-05-12
O002992,C0099,P0030,W010,6,129.09,40.57,733.97,Debit Card,Completed,2025-12-01
O002993,C0175,P0129,W004,10,649.05,551.99,5938.51,Net Banking,Pending,2026-06-11
O002994,C0150,P0062,W003,9,152.46,137.1,1235.04,UPI,Pending,2026-06-09
O002995,C0246,P0112,W010,10,635.62,446.3,5909.9,Credit Card,Cancelled,2026-03-26
O002996,C0491,P0062,W002,2,152.46,50.6,254.32,Credit Card,Cancelled,2026-02-28
O002997,C0237,P0175,W006,8,636.16,331.35,4757.93,UPI,Pending,2026-06-26
O002998,C0151,P0047,W008,5,519.72,508.3,2090.3,Credit Card,Pending,2025-12-25
O002999,C0233,P0045,W018,2,74.54,8.04,141.04,Credit Card,Pending,2026-02-07
O003000,C0386,P0196,W013,2,403.53,83.15,723.91,Cash,Completed,2026-07-13
O003001,C0352,P0102,W020,4,580.08,381.23,1939.09,Net Banking,Pending,2025-08-11
O003002,C0345,P0198,W012,4,369.55,29.16,1449.04,Credit Card,Cancelled,2025-10-13
O003003,C0255,P0142,W002,2,465.39,163.84,766.94,Net Banking,Pending,2025-11-26
O003004,C0111,P0054,W017,5,298.13,33.66,1456.99,Debit Card,Pending,2025-10-24
O003005,C0466,P0114,W015,7,433.11,22.24,3009.53,Net Banking,Completed,2026-07-15
O003006,C0240,P0056,W004,10,73.8,105.09,632.91,UPI,Cancelled,2026-06-11
O003007,C0451,P0134,W017,6,127.8,88.72,678.08,Net Banking,Completed,2026-02-03
O003008,C0306,P0113,W020,4,229.52,166.55,751.53,Debit Card,Cancelled,2025-11-23
O003009,C0136,P0092,W011,8,165.58,85.05,1239.59,Net Banking,Cancelled,2025-12-21
O003010,C0053,P0007,W006,6,86.6,11.55,508.05,Debit Card,Cancelled,2025-10-08
O003011,C0378,P0001,W014,4,711.01,504.22,2339.82,Debit Card,Cancelled,2026-04-20
O003012,C0313,P0114,W002,9,433.11,380.76,3517.23,Credit Card,Cancelled,2026-03-31
O003013,C0473,P0124,W011,3,711.13,251.8,1881.59,Debit Card,Cancelled,2026-01-23
O003014,C0138,P0083,W008,9,557.15,176.56,4837.79,UPI,Completed,2026-01-26
O003015,C0470,P0018,W014,8,693.16,402.46,5142.82,Credit Card,Completed,2025-12-10
O003016,C0335,P0004,W007,7,47.98,59.66,276.2,Debit Card,Cancelled,2026-04-05
O003017,C0098,P0180,W012,1,83.12,0.85,82.27,Debit Card,Completed,2025-12-29
O003018,C0043,P0179,W001,6,761.14,779.48,3787.36,UPI,Completed,2026-04-04
O003019,C0138,P0121,W019,1,650.82,76.04,574.78,Credit Card,Cancelled,2026-07-10
O003020,C0273,P0048,W018,8,197.9,271.55,1311.65,Debit Card,Cancelled,2025-12-31
O003021,C0097,P0072,W009,9,712.27,356.86,6053.57,UPI,Cancelled,2025-10-07
O003022,C0029,P0083,W020,3,557.15,275.73,1395.72,Debit Card,Pending,2025-11-08
O003023,C0406,P0179,W018,7,761.14,353.64,4974.34,Credit Card,Cancelled,2025-11-30
O003024,C0288,P0151,W012,6,359.46,144.2,2012.56,Debit Card,Completed,2025-08-15
O003025,C0252,P0088,W010,2,512.39,97.63,927.15,UPI,Pending,2025-12-12
O003026,C0453,P0149,W006,8,102.98,46.48,777.36,Cash,Completed,2026-07-24
O003027,C0402,P0139,W011,4,261.47,205.63,840.25,Debit Card,Completed,2025-09-07
O003028,C0429,P0046,W020,5,602.93,165.42,2849.23,Net Banking,Pending,2025-10-24
O003029,C0292,P0074,W014,4,318.47,135.95,1137.93,Net Banking,Completed,2026-02-16
O003030,C0006,P0129,W004,8,649.05,893.53,4298.87,Net Banking,Pending,2025-12-07
O003031,C0334,P0087,W020,5,52.58,29.22,233.68,Net Banking,Cancelled,2026-03-11
O003032,C0139,P0164,W005,3,347.36,119.49,922.59,Debit Card,Pending,2025-08-23
O003033,C0046,P0112,W004,5,635.62,617.25,2560.85,Net Banking,Completed,2026-01-03
O003034,C0230,P0063,W003,10,152.21,159.18,1362.92,Cash,Cancelled,2026-07-04
O003035,C0434,P0181,W019,9,510.35,73.59,4519.56,Credit Card,Pending,2025-11-03
O003036,C0021,P0050,W006,9,407.27,239.67,3425.76,Cash,Pending,2025-09-23
O003037,C0044,P0112,W006,5,635.62,421.45,2756.65,UPI,Cancelled,2026-04-15
O003038,C0220,P0152,W013,1,41.85,3.75,38.1,UPI,Cancelled,2026-07-12
O003039,C0245,P0080,W008,5,24.4,5.98,116.02,Debit Card,Pending,2026-02-22
O003040,C0191,P0135,W014,3,444.2,265.95,1066.65,Net Banking,Pending,2026-03-12
O003041,C0497,P0160,W002,3,103.95,21.44,290.41,Debit Card,Pending,2025-08-17
O003042,C0313,P0053,W017,8,208.63,72.19,1596.85,Net Banking,Cancelled,2026-02-15
O003043,C0277,P0072,W017,6,712.27,112.34,4161.28,UPI,Pending,2026-06-08
O003044,C0210,P0185,W014,10,566.24,799.91,4862.49,Debit Card,Completed,2026-07-10
O003045,C0068,P0107,W001,7,223.7,231.46,1334.44,Net Banking,Pending,2026-01-05
O003046,C0156,P0097,W001,2,339.95,82.42,597.48,Credit Card,Completed,2025-10-22
O003047,C0349,P0160,W015,1,103.95,4.12,99.83,UPI,Cancelled,2025-11-12
O003048,C0018,P0131,W001,8,381.9,44.85,3010.35,Debit Card,Completed,2026-05-14
O003049,C0414,P0113,W016,8,229.52,349.58,1486.58,Credit Card,Cancelled,2026-03-24
O003050,C0489,P0119,W017,6,123.87,35.17,708.05,Net Banking,Pending,2025-11-20
O003051,C0487,P0083,W008,7,557.15,624.64,3275.41,Net Banking,Pending,2026-08-01
O003052,C0079,P0068,W003,7,244.39,164.7,1546.03,Net Banking,Completed,2025-10-09
O003053,C0092,P0139,W008,6,261.47,20.94,1547.88,Net Banking,Pending,2025-11-09
O003054,C0430,P0114,W001,2,433.11,118.08,748.14,Credit Card,Pending,2026-05-09
O003055,C0328,P0166,W020,7,399.5,315.66,2480.84,UPI,Cancelled,2026-04-30
O003056,C0026,P0140,W018,7,719.31,312.59,4722.58,Net Banking,Pending,2026-03-11
O003057,C0083,P0026,W009,6,424.88,101.76,2447.52,UPI,Cancelled,2025-09-19
O003058,C0380,P0121,W013,8,650.82,405.95,4800.61,Debit Card,Cancelled,2026-04-07
O003059,C0118,P0037,W003,2,536.12,198.16,874.08,Net Banking,Pending,2026-07-20
O003060,C0324,P0032,W003,8,562.17,368.75,4128.61,UPI,Completed,2026-08-02
O003061,C0034,P0188,W010,9,149.25,80.98,1262.27,UPI,Completed,2025-12-21
O003062,C0285,P0198,W006,3,369.55,118.39,990.26,Debit Card,Cancelled,2025-12-31
O003063,C0376,P0044,W018,5,509.99,402.01,2147.94,Net Banking,Cancelled,2026-02-24
O003064,C0038,P0005,W004,10,616.49,1118.35,5046.55,Net Banking,Pending,2025-11-18
O003065,C0039,P0096,W019,8,223.64,224.69,1564.43,Net Banking,Completed,2025-11-24
O003066,C0354,P0046,W015,3,602.93,233.53,1575.26,Cash,Pending,2025-09-22
O003067,C0395,P0124,W015,10,711.13,1112.16,5999.14,Cash,Completed,2026-04-07
O003068,C0165,P0059,W012,10,691.04,725.55,6184.85,UPI,Completed,2025-11-02
O003069,C0214,P0080,W014,4,24.4,11.47,86.13,Cash,Pending,2025-09-27
O003070,C0216,P0024,W001,2,574.38,229.33,919.43,Credit Card,Pending,2025-12-21
O003071,C0372,P0034,W017,9,98.84,14.76,874.8,Cash,Cancelled,2025-11-08
O003072,C0078,P0195,W013,3,194.61,87.72,496.11,Net Banking,Cancelled,2025-09-03
O003073,C0033,P0174,W012,5,288.11,22.46,1418.09,Net Banking,Completed,2026-07-30
O003074,C0007,P0197,W020,7,603.05,36.06,4185.29,Debit Card,Cancelled,2026-02-20
O003075,C0053,P0020,W013,8,658.43,206.86,5060.58,Credit Card,Completed,2026-02-25
O003076,C0199,P0039,W011,4,696.37,28.02,2757.46,Net Banking,Completed,2026-07-08
O003077,C0272,P0098,W006,9,515.46,438.48,4200.66,Debit Card,Pending,2026-03-22
O003078,C0085,P0161,W005,1,792.47,64.35,728.12,Cash,Completed,2026-06-29
O003079,C0268,P0112,W014,6,635.62,180.12,3633.6,Credit Card,Completed,2026-07-20
O003080,C0247,P0162,W012,10,472.72,175.72,4551.48,Cash,Completed,2026-02-10
O003081,C0156,P0138,W011,2,574.82,145.12,1004.52,Cash,Completed,2026-02-10
O003082,C0194,P0127,W009,4,830.32,436.81,2884.47,Credit Card,Completed,2025-08-12
O003083,C0421,P0087,W007,2,52.58,16.28,88.88,Net Banking,Completed,2025-11-17
O003084,C0246,P0163,W019,8,561.9,476.28,4018.92,UPI,Completed,2025-11-12
O003085,C0185,P0038,W008,8,210.73,263.24,1422.6,Net Banking,Pending,2026-04-27
O003086,C0154,P0186,W001,7,703.11,283.5,4638.27,UPI,Pending,2026-04-02
O003087,C0394,P0162,W020,2,472.72,12.62,932.82,UPI,Completed,2026-01-26
O003088,C0035,P0071,W012,2,324.09,94.65,553.53,Credit Card,Cancelled,2025-12-29
O003089,C0078,P0005,W014,8,616.49,308.11,4623.81,UPI,Completed,2026-06-11
O003090,C0429,P0193,W004,8,327.81,492.41,2130.07,Credit Card,Cancelled,2025-11-01
O003091,C0007,P0071,W016,7,324.09,311.15,1957.48,Net Banking,Cancelled,2026-02-19
O003092,C0365,P0049,W018,4,200.77,158.93,644.15,UPI,Completed,2026-06-21
O003093,C0125,P0013,W017,10,678.5,1053.12,5731.88,Debit Card,Pending,2026-02-24
O003094,C0475,P0183,W016,6,518.44,53.96,3056.68,UPI,Completed,2026-07-11
O003095,C0154,P0091,W012,7,128.87,28.18,873.91,Debit Card,Completed,2026-04-29
O003096,C0394,P0145,W005,5,49.46,20.02,227.28,Credit Card,Cancelled,2025-11-06
O003097,C0015,P0181,W014,3,510.35,285.2,1245.85,Debit Card,Pending,2025-08-12
O003098,C0236,P0081,W019,5,583.65,104.51,2813.74,UPI,Cancelled,2026-05-26
O003099,C0332,P0186,W020,9,703.11,12.77,6315.22,Cash,Completed,2026-06-16
O003100,C0069,P0005,W007,7,616.49,420.84,3894.59,Credit Card,Cancelled,2025-12-08
O003101,C0093,P0167,W010,8,121.8,182.81,791.59,Credit Card,Completed,2026-06-24
O003102,C0040,P0103,W009,2,104.86,7.81,201.91,Cash,Completed,2025-11-21
O003103,C0141,P0176,W020,9,708.65,757.11,5620.74,Credit Card,Pending,2025-08-16
O003104,C0339,P0066,W003,3,156.35,52.95,416.1,Credit Card,Cancelled,2025-12-24
O003105,C0170,P0009,W018,1,127.01,24.84,102.17,Cash,Cancelled,2026-02-19
O003106,C0054,P0193,W011,1,327.81,36.41,291.4,Cash,Pending,2026-03-08
O003107,C0020,P0117,W002,1,422.57,82.94,339.63,Cash,Completed,2026-01-07
O003108,C0255,P0018,W008,8,693.16,49.12,5496.16,Credit Card,Cancelled,2026-05-09
O003109,C0028,P0173,W002,6,112.19,4.51,668.63,UPI,Cancelled,2025-09-08
O003110,C0499,P0108,W016,4,467.1,123.98,1744.42,Net Banking,Completed,2025-10-16
O003111,C0459,P0185,W014,1,566.24,31.17,535.07,UPI,Pending,2026-05-18
O003112,C0353,P0076,W010,5,366.83,252.74,1581.41,Debit Card,Completed,2026-07-16
O003113,C0119,P0028,W017,2,169.73,1.69,337.77,UPI,Completed,2025-08-27
O003114,C0058,P0115,W014,7,346.43,244.63,2180.38,Cash,Completed,2026-02-09
O003115,C0288,P0042,W012,7,276.02,335.33,1596.81,Credit Card,Completed,2026-07-01
O003116,C0136,P0017,W013,4,438.91,321.53,1434.11,Credit Card,Pending,2025-09-03
O003117,C0014,P0170,W018,7,505.56,8.43,3530.49,Net Banking,Cancelled,2026-03-12
O003118,C0368,P0074,W014,3,318.47,121.03,834.38,Credit Card,Pending,2025-12-19
O003119,C0128,P0111,W004,10,638.29,463.01,5919.89,Debit Card,Pending,2026-07-30
O003120,C0264,P0110,W015,3,91.98,40.85,235.09,Credit Card,Completed,2025-10-20
O003121,C0359,P0098,W009,4,515.46,85.48,1976.36,Cash,Pending,2025-10-22
O003122,C0422,P0007,W016,10,86.6,132.33,733.67,UPI,Completed,2026-01-07
O003123,C0421,P0127,W014,3,830.32,145.27,2345.69,UPI,Pending,2025-10-26
O003124,C0263,P0112,W011,9,635.62,251.8,5468.78,Net Banking,Cancelled,2025-10-04
O003125,C0214,P0173,W016,3,112.19,53.1,283.47,Debit Card,Cancelled,2026-05-31
O003126,C0029,P0081,W004,5,583.65,436.81,2481.44,Debit Card,Completed,2026-05-30
O003127,C0063,P0053,W012,3,208.63,58.75,567.14,Debit Card,Completed,2025-10-16
O003128,C0418,P0045,W011,7,74.54,77.49,444.29,UPI,Completed,2026-07-21
O003129,C0159,P0013,W014,10,678.5,891.74,5893.26,UPI,Cancelled,2026-01-06
O003130,C0138,P0169,W019,9,685.11,1011.75,5154.24,Debit Card,Completed,2026-05-05
O003131,C0305,P0042,W016,8,276.02,223.32,1984.84,Credit Card,Cancelled,2026-04-13
O003132,C0200,P0050,W009,3,407.27,47.68,1174.13,Cash,Cancelled,2026-04-17
O003133,C0468,P0032,W013,3,562.17,162.07,1524.44,Credit Card,Pending,2026-01-30
O003134,C0435,P0058,W007,3,607.88,317.15,1506.49,UPI,Cancelled,2025-11-23
O003135,C0029,P0066,W018,3,156.35,58.34,410.71,Net Banking,Completed,2026-07-11
O003136,C0355,P0079,W016,3,102.81,35.73,272.7,Net Banking,Cancelled,2026-01-27
O003137,C0472,P0197,W017,10,603.05,345.21,5685.29,Credit Card,Completed,2026-01-27
O003138,C0063,P0045,W016,8,74.54,76.21,520.11,Net Banking,Pending,2026-07-29
O003139,C0443,P0029,W011,10,380.84,645.43,3162.97,UPI,Cancelled,2025-12-08
O003140,C0129,P0147,W018,1,250.9,29.07,221.83,Net Banking,Pending,2026-06-08
O003141,C0278,P0096,W017,2,223.64,86.5,360.78,Net Banking,Cancelled,2026-06-21
O003142,C0326,P0191,W015,7,583.75,584.66,3501.59,UPI,Completed,2026-04-04
O003143,C0082,P0044,W008,6,509.99,578.08,2481.86,Net Banking,Cancelled,2025-08-05
O003144,C0121,P0039,W013,7,696.37,374.19,4500.4,UPI,Cancelled,2025-11-08
O003145,C0212,P0158,W011,8,498.73,454.5,3535.34,Cash,Completed,2025-08-15
O003146,C0414,P0118,W003,10,545.32,503.47,4949.73,UPI,Completed,2025-11-14
O003147,C0415,P0181,W012,2,510.35,176.76,843.94,Net Banking,Cancelled,2026-05-12
O003148,C0127,P0018,W010,5,693.16,109.58,3356.22,Credit Card,Completed,2026-02-04
O003149,C0206,P0067,W008,3,610.98,337.01,1495.93,UPI,Pending,2026-02-14
O003150,C0081,P0169,W007,6,685.11,509.32,3601.34,Credit Card,Completed,2026-03-31
O003151,C0417,P0092,W014,1,165.58,20.7,144.88,UPI,Completed,2025-08-23
O003152,C0444,P0001,W016,9,711.01,187.72,6211.37,UPI,Pending,2025-11-15
O003153,C0168,P0197,W020,2,603.05,188.29,1017.81,Debit Card,Pending,2026-06-13
O003154,C0202,P0041,W004,2,471.27,37.93,904.61,Cash,Cancelled,2025-10-13
O003155,C0390,P0069,W015,8,779.75,1246.61,4991.39,Credit Card,Pending,2025-12-03
O003156,C0199,P0085,W009,9,734.45,589.6,6020.45,Credit Card,Cancelled,2025-08-07
O003157,C0116,P0079,W013,5,102.81,72.42,441.63,UPI,Completed,2025-11-07
O003158,C0162,P0010,W015,3,275.52,106.11,720.45,UPI,Completed,2025-10-09
O003159,C0040,P0110,W020,5,91.98,56.56,403.34,Net Banking,Cancelled,2026-05-27
O003160,C0456,P0112,W004,1,635.62,126.26,509.36,Credit Card,Completed,2026-06-08
O003161,C0269,P0037,W001,3,536.12,273.32,1335.04,Debit Card,Completed,2026-08-02
O003162,C0113,P0112,W005,2,635.62,8.46,1262.78,Debit Card,Cancelled,2025-12-24
O003163,C0300,P0145,W009,2,49.46,3.23,95.69,Credit Card,Completed,2025-09-07
O003164,C0115,P0160,W002,10,103.95,31.17,1008.33,Credit Card,Completed,2026-08-03
O003165,C0319,P0008,W010,5,707.65,424.71,3113.54,Net Banking,Completed,2026-07-31
O003166,C0458,P0024,W017,10,574.38,682.95,5060.85,UPI,Cancelled,2026-05-06
O003167,C0317,P0188,W001,3,149.25,22.21,425.54,UPI,Pending,2025-12-03
O003168,C0492,P0152,W019,2,41.85,16.0,67.7,Credit Card,Completed,2026-06-15
O003169,C0091,P0108,W008,6,467.1,178.32,2624.28,Cash,Pending,2026-02-17
O003170,C0042,P0147,W003,2,250.9,29.53,472.27,Debit Card,Completed,2025-12-22
O003171,C0457,P0036,W010,9,550.45,882.12,4071.93,Credit Card,Cancelled,2025-10-31
O003172,C0437,P0127,W011,2,830.32,312.15,1348.49,UPI,Cancelled,2026-01-15
O003173,C0328,P0160,W011,7,103.95,47.31,680.34,UPI,Cancelled,2026-07-12
O003174,C0184,P0122,W003,2,472.24,6.92,937.56,Net Banking,Cancelled,2025-10-10
O003175,C0067,P0045,W010,7,74.54,72.3,449.48,Net Banking,Cancelled,2025-10-16
O003176,C0459,P0149,W008,9,102.98,46.93,879.89,Credit Card,Pending,2025-10-03
O003177,C0357,P0113,W005,1,229.52,7.5,222.02,UPI,Cancelled,2026-02-26
O003178,C0235,P0071,W019,3,324.09,90.07,882.2,Debit Card,Completed,2026-05-22
O003179,C0319,P0065,W009,4,114.36,21.23,436.21,Net Banking,Pending,2025-10-14
O003180,C0445,P0018,W017,3,693.16,357.7,1721.78,Debit Card,Completed,2026-06-21
O003181,C0324,P0157,W002,9,596.45,967.78,4400.27,Debit Card,Cancelled,2025-08-10
O003182,C0280,P0121,W003,10,650.82,499.55,6008.65,UPI,Completed,2025-12-29
O003183,C0275,P0183,W004,2,518.44,126.57,910.31,Cash,Pending,2026-06-16
O003184,C0398,P0120,W016,10,117.95,227.47,952.03,Cash,Pending,2025-11-27
O003185,C0293,P0073,W017,9,114.95,200.51,834.04,Debit Card,Cancelled,2026-02-01
O003186,C0041,P0123,W019,5,614.42,30.7,3041.4,Cash,Completed,2026-07-19
O003187,C0202,P0082,W008,4,524.26,205.03,1892.01,UPI,Pending,2026-05-05
O003188,C0086,P0004,W005,8,47.98,26.57,357.27,Cash,Completed,2026-03-20
O003189,C0004,P0199,W019,1,550.92,50.94,499.98,Cash,Cancelled,2025-11-24
O003190,C0470,P0160,W012,4,103.95,1.16,414.64,Cash,Completed,2026-05-13
O003191,C0040,P0043,W004,4,759.88,379.4,2660.12,Net Banking,Cancelled,2025-10-05
O003192,C0460,P0007,W016,3,86.6,31.55,228.25,UPI,Completed,2025-12-12
O003193,C0001,P0172,W015,1,355.99,66.5,289.49,Debit Card,Pending,2026-02-04
O003194,C0180,P0162,W002,2,472.72,135.26,810.18,Credit Card,Completed,2025-10-10
O003195,C0108,P0049,W012,3,200.77,80.6,521.71,Net Banking,Pending,2026-08-01
O003196,C0412,P0137,W006,4,70.49,18.42,263.54,Net Banking,Cancelled,2025-11-23
O003197,C0383,P0050,W013,7,407.27,323.62,2527.27,Debit Card,Pending,2026-01-16
O003198,C0455,P0003,W004,5,307.09,258.7,1276.75,UPI,Completed,2025-08-19
O003199,C0253,P0101,W013,7,536.98,368.28,3390.58,Credit Card,Cancelled,2026-03-20
O003200,C0418,P0184,W011,2,600.98,31.62,1170.34,Net Banking,Completed,2025-11-15
O003201,C0365,P0007,W015,8,86.6,46.86,645.94,Cash,Pending,2025-12-28
O003202,C0086,P0002,W018,3,318.95,91.31,865.54,Cash,Cancelled,2026-01-09
O003203,C0056,P0159,W018,4,340.74,135.46,1227.5,Net Banking,Completed,2025-10-31
O003204,C0209,P0096,W020,1,223.64,17.46,206.18,Debit Card,Pending,2026-01-29
O003205,C0375,P0050,W001,2,407.27,38.39,776.15,Credit Card,Completed,2026-04-12
O003206,C0394,P0127,W009,8,830.32,322.99,6319.57,UPI,Completed,2026-01-26
O003207,C0356,P0032,W008,7,562.17,395.42,3539.77,Credit Card,Cancelled,2025-10-26
O003208,C0249,P0009,W018,4,127.01,64.28,443.76,Debit Card,Completed,2026-07-20
O003209,C0066,P0095,W012,2,121.43,26.26,216.6,Net Banking,Cancelled,2026-07-30
O003210,C0027,P0009,W006,4,127.01,12.12,495.92,Cash,Completed,2026-01-10
O003211,C0407,P0094,W012,9,536.83,238.06,4593.41,Cash,Completed,2025-08-11
O003212,C0281,P0138,W004,7,574.82,557.97,3465.77,Net Banking,Completed,2026-03-23
O003213,C0412,P0101,W017,5,536.98,381.7,2303.2,Debit Card,Cancelled,2025-12-11
O003214,C0416,P0153,W015,7,97.2,12.05,668.35,UPI,Pending,2025-10-05
O003215,C0236,P0045,W020,2,74.54,22.15,126.93,Cash,Pending,2026-02-28
O003216,C0270,P0114,W010,4,433.11,251.68,1480.76,Debit Card,Completed,2026-04-07
O003217,C0345,P0121,W012,1,650.82,29.81,621.01,UPI,Pending,2026-03-29
O003218,C0444,P0126,W020,7,352.47,394.9,2072.39,Net Banking,Pending,2026-08-01
O003219,C0362,P0043,W020,2,759.88,136.24,1383.52,Credit Card,Cancelled,2025-11-01
O003220,C0392,P0184,W002,4,600.98,166.54,2237.38,Net Banking,Pending,2026-06-29
O003221,C0202,P0050,W002,8,407.27,459.72,2798.44,Net Banking,Pending,2025-11-23
O003222,C0005,P0087,W016,7,52.58,24.45,343.61,Debit Card,Cancelled,2026-02-15
O003223,C0297,P0134,W007,2,127.8,29.71,225.89,UPI,Cancelled,2025-08-31
O003224,C0233,P0056,W009,10,73.8,58.12,679.88,UPI,Pending,2025-08-05
O003225,C0051,P0025,W004,8,464.04,515.89,3196.43,Credit Card,Cancelled,2025-11-17
O003226,C0267,P0107,W007,6,223.7,231.32,1110.88,Debit Card,Cancelled,2026-02-27
O003227,C0188,P0029,W007,9,380.84,242.25,3185.31,UPI,Cancelled,2025-08-31
O003228,C0340,P0125,W013,7,184.54,172.07,1119.71,Net Banking,Completed,2026-04-16
O003229,C0095,P0144,W014,7,642.6,351.05,4147.15,Net Banking,Pending,2026-04-14
O003230,C0170,P0121,W009,3,650.82,360.1,1592.36,Cash,Pending,2026-01-09
O003231,C0441,P0149,W015,9,102.98,57.86,868.96,Net Banking,Cancelled,2026-01-09
O003232,C0034,P0117,W010,1,422.57,35.04,387.53,Credit Card,Cancelled,2025-08-11
O003233,C0071,P0081,W002,2,583.65,216.8,950.5,Cash,Pending,2025-12-07
O003234,C0157,P0171,W013,8,165.53,20.15,1304.09,Cash,Cancelled,2025-09-02
O003235,C0167,P0163,W012,5,561.9,462.54,2346.96,Debit Card,Cancelled,2025-08-10
O003236,C0239,P0083,W006,5,557.15,263.76,2521.99,Cash,Pending,2025-08-10
O003237,C0195,P0085,W007,9,734.45,194.03,6416.02,Net Banking,Cancelled,2026-06-15
O003238,C0306,P0053,W008,10,208.63,206.25,1880.05,Debit Card,Completed,2025-10-28
O003239,C0248,P0012,W007,7,342.53,309.28,2088.43,UPI,Cancelled,2026-06-29
O003240,C0200,P0015,W008,7,435.76,386.85,2663.47,Cash,Completed,2025-09-30
O003241,C0328,P0021,W016,10,244.16,443.89,1997.71,UPI,Pending,2025-09-09
O003242,C0109,P0192,W008,2,392.33,13.01,771.65,UPI,Cancelled,2026-06-19
O003243,C0418,P0110,W006,7,91.98,5.86,638.0,Debit Card,Pending,2026-06-25
O003244,C0098,P0106,W010,6,395.02,253.56,2116.56,Credit Card,Cancelled,2026-06-08
O003245,C0124,P0142,W003,8,465.39,49.92,3673.2,Debit Card,Pending,2026-04-23
O003246,C0338,P0193,W004,7,327.81,235.48,2059.19,UPI,Completed,2026-04-19
O003247,C0167,P0012,W016,8,342.53,288.63,2451.61,Credit Card,Cancelled,2025-08-10
O003248,C0123,P0185,W013,5,566.24,443.15,2388.05,Debit Card,Pending,2025-08-07
O003249,C0192,P0189,W012,5,416.57,189.43,1893.42,Cash,Completed,2025-08-28
O003250,C0215,P0022,W009,10,456.03,578.95,3981.35,UPI,Cancelled,2025-10-12
O003251,C0179,P0197,W008,9,603.05,207.2,5220.25,Debit Card,Pending,2025-11-04
O003252,C0017,P0058,W009,7,607.88,532.36,3722.8,Credit Card,Completed,2026-02-23
O003253,C0041,P0198,W009,8,369.55,86.45,2869.95,Net Banking,Pending,2026-02-15
O003254,C0131,P0094,W004,4,536.83,26.58,2120.74,UPI,Cancelled,2025-11-21
O003255,C0499,P0050,W012,2,407.27,114.31,700.23,Credit Card,Pending,2025-08-31
O003256,C0325,P0047,W018,9,519.72,873.69,3803.79,Debit Card,Pending,2025-12-16
O003257,C0245,P0041,W011,6,471.27,558.86,2268.76,UPI,Cancelled,2026-03-20
O003258,C0407,P0072,W013,7,712.27,251.91,4733.98,Net Banking,Cancelled,2025-09-27
O003259,C0196,P0194,W019,9,316.48,565.88,2282.44,Cash,Pending,2026-01-17
O003260,C0115,P0065,W004,3,114.36,63.08,280.0,UPI,Completed,2025-11-10
O003261,C0345,P0008,W004,2,707.65,187.55,1227.75,Net Banking,Pending,2026-07-14
O003262,C0364,P0140,W018,6,719.31,658.15,3657.71,Cash,Cancelled,2026-08-02
O003263,C0369,P0008,W001,8,707.65,307.75,5353.45,Debit Card,Completed,2025-10-12
O003264,C0304,P0176,W005,10,708.65,883.0,6203.5,Credit Card,Completed,2026-04-01
O003265,C0359,P0174,W001,8,288.11,91.87,2213.01,UPI,Pending,2025-08-28
O003266,C0122,P0044,W001,8,509.99,384.13,3695.79,Debit Card,Cancelled,2026-08-05
O003267,C0331,P0170,W016,5,505.56,309.22,2218.58,Cash,Pending,2026-02-20
O003268,C0008,P0023,W017,4,673.26,431.27,2261.77,Net Banking,Cancelled,2026-02-22
O003269,C0160,P0140,W016,4,719.31,537.91,2339.33,Credit Card,Pending,2025-10-07
O003270,C0066,P0096,W003,3,223.64,7.78,663.14,Credit Card,Completed,2026-04-29
O003271,C0116,P0041,W020,3,471.27,276.7,1137.11,Net Banking,Completed,2026-08-05
O003272,C0193,P0001,W019,3,711.01,355.6,1777.43,Cash,Cancelled,2026-01-16
O003273,C0311,P0075,W020,10,153.98,227.31,1312.49,Net Banking,Cancelled,2026-07-18
O003274,C0454,P0185,W001,4,566.24,217.43,2047.53,Net Banking,Pending,2025-09-30
O003275,C0162,P0091,W013,6,128.87,50.45,722.77,Cash,Pending,2025-08-25
O003276,C0422,P0162,W013,10,472.72,196.66,4530.54,Cash,Completed,2026-01-19
O003277,C0057,P0174,W005,4,288.11,18.6,1133.84,Net Banking,Cancelled,2025-11-24
O003278,C0017,P0196,W010,7,403.53,520.45,2304.26,Net Banking,Completed,2026-07-21
O003279,C0437,P0100,W009,3,451.54,27.68,1326.94,Cash,Pending,2025-08-22
O003280,C0380,P0036,W020,3,550.45,96.78,1554.57,Net Banking,Cancelled,2026-01-23
O003281,C0357,P0097,W017,4,339.95,249.09,1110.71,Net Banking,Completed,2025-09-10
O003282,C0452,P0055,W020,1,691.95,2.52,689.43,Net Banking,Cancelled,2026-08-03
O003283,C0039,P0040,W005,2,533.67,168.24,899.1,UPI,Cancelled,2026-05-30
O003284,C0119,P0120,W014,2,117.95,8.5,227.4,Net Banking,Cancelled,2025-08-23
O003285,C0341,P0091,W009,3,128.87,13.26,373.35,Debit Card,Pending,2026-03-24
O003286,C0146,P0192,W014,3,392.33,213.1,963.89,Credit Card,Cancelled,2025-09-05
O003287,C0347,P0018,W001,4,693.16,79.05,2693.59,Debit Card,Cancelled,2025-10-15
O003288,C0207,P0179,W015,7,761.14,466.44,4861.54,Debit Card,Pending,2026-05-02
O003289,C0243,P0013,W013,3,678.5,290.59,1744.91,Cash,Completed,2026-04-21
O003290,C0327,P0128,W015,6,366.55,27.48,2171.82,UPI,Cancelled,2026-01-12
O003291,C0499,P0092,W009,6,165.58,176.38,817.1,Cash,Cancelled,2026-04-25
O003292,C0213,P0023,W006,7,673.26,349.66,4363.16,Credit Card,Pending,2025-08-17
O003293,C0219,P0116,W010,6,446.14,7.35,2669.49,UPI,Pending,2025-09-28
O003294,C0382,P0173,W015,1,112.19,11.25,100.94,UPI,Completed,2026-05-23
O003295,C0414,P0199,W016,8,550.92,671.2,3736.16,Credit Card,Cancelled,2026-03-24
O003296,C0316,P0048,W017,5,197.9,105.38,884.12,Credit Card,Cancelled,2025-11-17
O003297,C0202,P0172,W013,2,355.99,84.52,627.46,Cash,Cancelled,2026-04-30
O003298,C0044,P0094,W011,6,536.83,32.48,3188.5,Net Banking,Pending,2026-04-05
O003299,C0024,P0068,W003,3,244.39,74.36,658.81,UPI,Cancelled,2025-12-04
O003300,C0442,P0006,W005,10,615.25,1046.29,5106.21,Debit Card,Completed,2025-09-18
O003301,C0059,P0143,W004,3,276.16,47.3,781.18,Credit Card,Cancelled,2026-06-27
O003302,C0466,P0005,W019,9,616.49,332.62,5215.79,Cash,Cancelled,2025-10-09
O003303,C0495,P0170,W001,4,505.56,54.49,1967.75,Credit Card,Completed,2025-08-29
O003304,C0086,P0025,W014,5,464.04,88.04,2232.16,Cash,Pending,2025-12-28
O003305,C0356,P0028,W020,4,169.73,82.65,596.27,Credit Card,Cancelled,2025-11-07
O003306,C0415,P0144,W020,3,642.6,92.64,1835.16,Cash,Completed,2026-03-08
O003307,C0042,P0035,W004,4,613.51,242.48,2211.56,Cash,Completed,2026-07-23
O003308,C0007,P0172,W020,6,355.99,246.4,1889.54,Credit Card,Cancelled,2026-03-19
O003309,C0060,P0038,W005,1,210.73,26.4,184.33,UPI,Completed,2026-04-19
O003310,C0463,P0006,W012,7,615.25,565.91,3740.84,Debit Card,Completed,2026-04-18
O003311,C0408,P0068,W002,1,244.39,38.83,205.56,Credit Card,Completed,2026-06-18
O003312,C0235,P0004,W004,1,47.98,4.3,43.68,Debit Card,Cancelled,2026-05-18
O003313,C0044,P0047,W009,5,519.72,441.52,2157.08,Net Banking,Cancelled,2026-07-25
O003314,C0234,P0117,W020,7,422.57,56.46,2901.53,Net Banking,Pending,2026-05-03
O003315,C0462,P0194,W014,4,316.48,80.86,1185.06,Cash,Cancelled,2026-04-14
O003316,C0179,P0029,W020,8,380.84,247.05,2799.67,Cash,Pending,2025-11-03
O003317,C0306,P0116,W020,8,446.14,12.82,3556.3,Debit Card,Pending,2025-08-26
O003318,C0412,P0058,W007,6,607.88,325.87,3321.41,Cash,Pending,2025-11-02
O003319,C0472,P0063,W016,5,152.21,116.13,644.92,Credit Card,Completed,2026-07-16
O003320,C0064,P0073,W005,10,114.95,119.98,1029.52,Net Banking,Completed,2026-03-04
O003321,C0211,P0027,W004,10,78.28,123.6,659.2,Cash,Pending,2025-12-09
O003322,C0172,P0045,W002,3,74.54,24.7,198.92,UPI,Pending,2025-09-11
O003323,C0141,P0139,W005,6,261.47,87.34,1481.48,Net Banking,Cancelled,2026-07-30
O003324,C0256,P0042,W003,7,276.02,366.94,1565.2,UPI,Completed,2025-12-06
O003325,C0250,P0001,W016,5,711.01,500.22,3054.83,Credit Card,Completed,2025-09-23
O003326,C0254,P0110,W002,10,91.98,66.23,853.57,Cash,Pending,2026-06-24
O003327,C0054,P0178,W012,3,253.74,29.54,731.68,Cash,Pending,2025-12-14
O003328,C0110,P0177,W004,6,764.51,67.65,4519.41,Cash,Pending,2025-11-30
O003329,C0096,P0189,W019,2,416.57,37.85,795.29,Net Banking,Completed,2025-08-17
O003330,C0032,P0130,W007,8,247.63,226.57,1754.47,Net Banking,Pending,2026-06-29
O003331,C0436,P0135,W003,9,444.2,277.14,3720.66,UPI,Completed,2025-11-23
O003332,C0442,P0058,W003,5,607.88,291.13,2748.27,Cash,Completed,2025-08-15
O003333,C0462,P0143,W002,6,276.16,48.42,1608.54,Debit Card,Pending,2026-04-22
O003334,C0444,P0166,W017,7,399.5,54.46,2742.04,Credit Card,Completed,2025-09-06
O003335,C0419,P0191,W017,9,583.75,646.65,4607.1,Debit Card,Cancelled,2026-06-05
O003336,C0327,P0112,W018,6,635.62,480.43,3333.29,Cash,Cancelled,2026-03-27
O003337,C0101,P0095,W018,4,121.43,79.46,406.26,Debit Card,Pending,2026-01-23
O003338,C0071,P0108,W004,1,467.1,93.18,373.92,Debit Card,Completed,2025-10-28
O003339,C0425,P0152,W010,2,41.85,6.95,76.75,Credit Card,Pending,2025-12-25
O003340,C0054,P0123,W015,8,614.42,762.55,4152.81,UPI,Cancelled,2026-01-02
O003341,C0485,P0143,W005,4,276.16,113.95,990.69,UPI,Pending,2025-10-13
O003342,C0441,P0175,W018,2,636.16,142.13,1130.19,UPI,Pending,2026-07-12
O003343,C0003,P0149,W017,2,102.98,39.92,166.04,UPI,Completed,2026-01-13
O003344,C0192,P0077,W018,8,705.01,493.31,5146.77,Credit Card,Pending,2025-11-06
O003345,C0025,P0077,W008,3,705.01,101.14,2013.89,Cash,Completed,2025-09-03
O003346,C0163,P0148,W006,6,538.64,631.89,2599.95,Debit Card,Pending,2026-02-28
O003347,C0303,P0102,W013,8,580.08,587.54,4053.1,Debit Card,Pending,2025-08-24
O003348,C0193,P0127,W007,2,830.32,149.21,1511.43,Credit Card,Completed,2026-01-28
O003349,C0230,P0073,W016,3,114.95,49.63,295.22,Net Banking,Pending,2025-09-20
O003350,C0412,P0057,W017,1,500.43,15.53,484.9,Net Banking,Cancelled,2026-04-21
O003351,C0264,P0073,W020,8,114.95,5.28,914.32,UPI,Pending,2025-09-19
O003352,C0326,P0188,W015,2,149.25,50.92,247.58,Net Banking,Completed,2026-07-15
O003353,C0162,P0106,W012,4,395.02,300.73,1279.35,Net Banking,Cancelled,2025-12-10
O003354,C0194,P0091,W003,5,128.87,113.75,530.6,Credit Card,Cancelled,2026-07-15
O003355,C0188,P0013,W008,4,678.5,110.33,2603.67,UPI,Completed,2026-06-24
O003356,C0138,P0194,W013,9,316.48,139.42,2708.9,Cash,Completed,2025-08-22
O003357,C0386,P0166,W005,4,399.5,13.62,1584.38,UPI,Completed,2026-05-17
O003358,C0445,P0148,W002,1,538.64,92.09,446.55,Cash,Completed,2025-12-11
O003359,C0283,P0023,W012,4,673.26,63.04,2630.0,Cash,Completed,2026-01-14
O003360,C0053,P0057,W010,9,500.43,60.42,4443.45,Cash,Pending,2026-05-27
O003361,C0363,P0055,W001,9,691.95,1171.45,5056.1,Credit Card,Completed,2025-10-05
O003362,C0257,P0155,W004,2,70.67,8.51,132.83,UPI,Completed,2025-08-21
O003363,C0478,P0062,W003,4,152.46,21.73,588.11,Cash,Cancelled,2025-09-07
O003364,C0345,P0038,W005,7,210.73,30.29,1444.82,Debit Card,Cancelled,2025-10-25
O003365,C0134,P0143,W005,4,276.16,215.99,888.65,Cash,Completed,2026-03-19
O003366,C0151,P0007,W018,2,86.6,2.16,171.04,Credit Card,Completed,2025-08-07
O003367,C0361,P0086,W013,5,781.27,584.46,3321.89,UPI,Completed,2025-11-12
O003368,C0130,P0059,W002,6,691.04,592.08,3554.16,UPI,Pending,2025-10-29
O003369,C0170,P0057,W009,4,500.43,362.38,1639.34,Cash,Cancelled,2026-01-13
O003370,C0047,P0106,W017,4,395.02,217.72,1362.36,Net Banking,Cancelled,2025-09-06
O003371,C0306,P0107,W006,2,223.7,30.55,416.85,Cash,Cancelled,2026-06-29
O003372,C0434,P0135,W018,5,444.2,331.29,1889.71,UPI,Completed,2025-08-26
O003373,C0498,P0137,W001,10,70.49,56.47,648.43,Cash,Cancelled,2026-03-06
O003374,C0039,P0021,W004,9,244.16,220.68,1976.76,Cash,Pending,2026-03-30
O003375,C0026,P0119,W011,2,123.87,40.75,206.99,Cash,Pending,2026-04-15
O003376,C0157,P0156,W020,1,716.77,65.17,651.6,Credit Card,Pending,2026-05-21
O003377,C0386,P0165,W008,8,221.44,86.31,1685.21,UPI,Pending,2025-10-25
O003378,C0237,P0015,W001,9,435.76,14.45,3907.39,Debit Card,Pending,2026-05-06
O003379,C0018,P0012,W017,10,342.53,311.24,3114.06,Cash,Pending,2026-07-22
O003380,C0063,P0010,W020,6,275.52,67.21,1585.91,UPI,Cancelled,2026-06-06
O003381,C0426,P0091,W010,8,128.87,134.67,896.29,Debit Card,Cancelled,2026-01-20
O003382,C0181,P0094,W009,8,536.83,340.33,3954.31,Cash,Cancelled,2025-12-03
O003383,C0218,P0018,W013,2,693.16,199.93,1186.39,UPI,Completed,2026-02-20
O003384,C0113,P0100,W016,7,451.54,177.62,2983.16,Cash,Completed,2026-04-06
O003385,C0357,P0119,W011,10,123.87,170.01,1068.69,Credit Card,Completed,2026-07-25
O003386,C0496,P0195,W014,3,194.61,96.36,487.47,Net Banking,Pending,2026-04-11
O003387,C0141,P0152,W001,10,41.85,44.32,374.18,Net Banking,Completed,2026-06-08
O003388,C0277,P0075,W018,10,153.98,190.76,1349.04,Debit Card,Cancelled,2026-03-06
O003389,C0223,P0108,W006,4,467.1,159.14,1709.26,Credit Card,Completed,2026-02-17
O003390,C0402,P0193,W015,10,327.81,257.19,3020.91,Cash,Pending,2026-07-01
O003391,C0498,P0011,W019,10,311.47,420.95,2693.75,UPI,Pending,2025-12-01
O003392,C0465,P0115,W013,10,346.43,437.2,3027.1,Debit Card,Completed,2026-03-14
O003393,C0444,P0025,W001,8,464.04,64.92,3647.4,Credit Card,Pending,2025-11-05
O003394,C0120,P0191,W018,9,583.75,523.07,4730.68,Net Banking,Completed,2026-01-30
O003395,C0138,P0096,W018,5,223.64,150.75,967.45,Credit Card,Pending,2025-10-09
O003396,C0053,P0027,W008,2,78.28,14.62,141.94,UPI,Pending,2026-03-06
O003397,C0259,P0021,W011,5,244.16,223.75,997.05,UPI,Completed,2026-06-20
O003398,C0336,P0190,W017,2,537.59,160.79,914.39,Cash,Pending,2026-01-04
O003399,C0443,P0067,W020,9,610.98,129.76,5369.06,Debit Card,Completed,2026-05-30
O003400,C0495,P0031,W012,2,475.72,140.98,810.46,Debit Card,Pending,2025-10-11
O003401,C0147,P0161,W004,7,792.47,726.94,4820.35,UPI,Pending,2025-08-14
O003402,C0138,P0114,W020,6,433.11,519.69,2078.97,Cash,Cancelled,2025-09-17
O003403,C0014,P0002,W008,4,318.95,61.83,1213.97,Debit Card,Cancelled,2026-04-07
O003404,C0226,P0196,W004,3,403.53,154.84,1055.75,Debit Card,Completed,2026-07-15
O003405,C0318,P0016,W001,7,646.11,365.19,4157.58,Debit Card,Pending,2026-01-01
O003406,C0099,P0133,W018,9,659.87,133.36,5805.47,Net Banking,Completed,2025-09-07
O003407,C0375,P0178,W007,5,253.74,79.44,1189.26,Net Banking,Cancelled,2025-10-23
O003408,C0350,P0050,W006,7,407.27,226.13,2624.76,UPI,Cancelled,2026-04-05
O003409,C0106,P0021,W020,9,244.16,30.82,2166.62,Credit Card,Cancelled,2025-11-16
O003410,C0398,P0028,W014,3,169.73,83.92,425.27,Debit Card,Completed,2026-01-23
O003411,C0367,P0142,W001,10,465.39,619.96,4033.94,Net Banking,Pending,2025-09-28
O003412,C0183,P0120,W012,5,117.95,75.81,513.94,Credit Card,Completed,2026-01-18
O003413,C0481,P0016,W010,8,646.11,617.43,4551.45,Cash,Pending,2025-09-17
O003414,C0116,P0123,W020,6,614.42,379.12,3307.4,UPI,Pending,2026-02-14
O003415,C0203,P0161,W011,2,792.47,79.52,1505.42,Credit Card,Cancelled,2025-11-02
O003416,C0129,P0078,W017,5,134.38,20.47,651.43,Net Banking,Completed,2025-08-07
O003417,C0140,P0088,W011,10,512.39,993.19,4130.71,Credit Card,Pending,2026-07-17
O003418,C0389,P0041,W014,1,471.27,6.4,464.87,Debit Card,Cancelled,2026-02-07
O003419,C0126,P0057,W009,8,500.43,298.28,3705.16,Net Banking,Pending,2026-04-07
O003420,C0026,P0188,W007,3,149.25,39.73,408.02,Credit Card,Completed,2026-03-10
O003421,C0056,P0083,W001,1,557.15,56.52,500.63,Credit Card,Pending,2025-09-04
O003422,C0471,P0196,W013,6,403.53,431.61,1989.57,Cash,Completed,2025-10-17
O003423,C0312,P0098,W018,3,515.46,295.85,1250.53,Net Banking,Pending,2026-01-06
O003424,C0387,P0146,W007,8,595.2,290.73,4470.87,Net Banking,Pending,2026-07-08
O003425,C0124,P0101,W013,8,536.98,351.89,3943.95,Cash,Pending,2026-05-14
O003426,C0205,P0183,W020,8,518.44,457.42,3690.1,Debit Card,Cancelled,2026-03-17
O003427,C0419,P0129,W004,4,649.05,273.66,2322.54,Net Banking,Cancelled,2025-11-28
O003428,C0413,P0052,W010,5,697.25,133.32,3352.93,Cash,Cancelled,2026-04-09
O003429,C0090,P0124,W017,7,711.13,624.84,4353.07,Net Banking,Completed,2026-02-18
O003430,C0475,P0136,W020,5,596.21,134.5,2846.55,Debit Card,Pending,2025-11-02
O003431,C0491,P0188,W014,1,149.25,13.44,135.81,Cash,Pending,2026-01-23
O003432,C0299,P0118,W011,10,545.32,468.15,4985.05,Debit Card,Completed,2025-11-23
O003433,C0380,P0057,W005,9,500.43,398.22,4105.65,Net Banking,Pending,2025-10-18
O003434,C0015,P0076,W001,1,366.83,64.03,302.8,Net Banking,Pending,2026-02-15
O003435,C0224,P0018,W010,8,693.16,729.64,4815.64,Cash,Pending,2025-12-03
O003436,C0412,P0095,W003,8,121.43,117.81,853.63,Net Banking,Completed,2026-07-25
O003437,C0262,P0179,W002,5,761.14,166.16,3639.54,Credit Card,Cancelled,2025-11-28
O003438,C0088,P0115,W015,9,346.43,199.46,2918.41,UPI,Cancelled,2026-06-25
O003439,C0229,P0160,W017,9,103.95,13.96,921.59,Net Banking,Completed,2026-04-29
O003440,C0367,P0042,W014,8,276.02,372.4,1835.76,Debit Card,Pending,2026-05-26
O003441,C0390,P0079,W015,4,102.81,47.55,363.69,Debit Card,Pending,2026-04-12
O003442,C0302,P0146,W004,7,595.2,66.09,4100.31,Net Banking,Completed,2026-07-15
O003443,C0262,P0009,W003,7,127.01,14.86,874.21,Cash,Completed,2026-07-19
O003444,C0125,P0180,W019,3,83.12,40.3,209.06,Debit Card,Cancelled,2026-04-30
O003445,C0211,P0188,W020,1,149.25,15.67,133.58,Credit Card,Cancelled,2025-10-27
O003446,C0416,P0100,W018,9,451.54,227.99,3835.87,Debit Card,Cancelled,2025-10-12
O003447,C0324,P0077,W004,1,705.01,77.85,627.16,Credit Card,Pending,2026-03-27
O003448,C0071,P0139,W019,1,261.47,35.35,226.12,Credit Card,Cancelled,2025-10-28
O003449,C0071,P0059,W003,2,691.04,120.1,1261.98,Net Banking,Completed,2026-05-28
O003450,C0365,P0008,W009,2,707.65,168.9,1246.4,UPI,Cancelled,2025-12-24
O003451,C0181,P0010,W004,2,275.52,104.67,446.37,Credit Card,Cancelled,2025-09-28
O003452,C0347,P0163,W005,2,561.9,173.21,950.59,Credit Card,Pending,2025-11-12
O003453,C0304,P0033,W018,5,316.3,298.03,1283.47,UPI,Pending,2026-04-09
O003454,C0331,P0017,W010,10,438.91,508.77,3880.33,Debit Card,Completed,2026-03-01
O003455,C0459,P0159,W001,6,340.74,65.22,1979.22,Credit Card,Completed,2025-11-06
O003456,C0378,P0027,W003,9,78.28,23.62,680.9,Debit Card,Cancelled,2025-08-20
O003457,C0263,P0194,W011,3,316.48,96.42,853.02,Credit Card,Cancelled,2025-11-18
O003458,C0248,P0001,W017,5,711.01,670.75,2884.3,Net Banking,Pending,2026-07-22
O003459,C0234,P0070,W001,2,468.0,115.27,820.73,Debit Card,Cancelled,2026-03-09
O003460,C0278,P0087,W015,9,52.58,10.75,462.47,Net Banking,Completed,2025-10-13
O003461,C0004,P0101,W019,9,536.98,81.68,4751.14,Debit Card,Cancelled,2026-03-02
O003462,C0419,P0074,W005,2,318.47,80.81,556.13,Credit Card,Pending,2026-02-15
O003463,C0166,P0027,W016,6,78.28,75.8,393.88,Debit Card,Pending,2026-03-08
O003464,C0238,P0200,W014,4,181.69,64.42,662.34,Net Banking,Cancelled,2026-01-20
O003465,C0414,P0118,W019,8,545.32,280.88,4081.68,Cash,Completed,2026-04-24
O003466,C0003,P0181,W002,3,510.35,124.76,1406.29,Cash,Cancelled,2026-03-10
O003467,C0095,P0067,W014,3,610.98,268.66,1564.28,Debit Card,Completed,2026-05-19
O003468,C0281,P0055,W019,8,691.95,187.41,5348.19,Credit Card,Cancelled,2026-02-27
O003469,C0164,P0151,W001,7,359.46,75.41,2440.81,Net Banking,Cancelled,2026-07-21
O003470,C0220,P0037,W012,4,536.12,23.81,2120.67,Debit Card,Cancelled,2025-12-01
O003471,C0348,P0070,W010,2,468.0,148.16,787.84,Cash,Completed,2026-05-20
O003472,C0469,P0131,W014,5,381.9,168.7,1740.8,Net Banking,Cancelled,2026-02-01
O003473,C0280,P0049,W001,4,200.77,40.08,763.0,Debit Card,Cancelled,2026-06-29
O003474,C0077,P0172,W016,10,355.99,629.3,2930.6,Credit Card,Pending,2025-10-03
O003475,C0049,P0108,W009,3,467.1,69.67,1331.63,Debit Card,Completed,2025-09-17
O003476,C0371,P0117,W005,8,422.57,208.53,3172.03,Net Banking,Pending,2026-04-27
O003477,C0011,P0077,W004,2,705.01,21.79,1388.23,Cash,Cancelled,2025-12-23
O003478,C0111,P0082,W012,5,524.26,364.5,2256.8,Debit Card,Cancelled,2025-12-04
O003479,C0286,P0166,W012,9,399.5,532.48,3063.02,Cash,Cancelled,2026-06-23
O003480,C0449,P0130,W004,1,247.63,40.5,207.13,Cash,Pending,2026-04-24
O003481,C0359,P0198,W012,10,369.55,269.79,3425.71,UPI,Completed,2025-12-12
O003482,C0311,P0061,W020,5,427.25,282.69,1853.56,UPI,Cancelled,2025-09-06
O003483,C0149,P0152,W009,2,41.85,10.65,73.05,UPI,Completed,2026-02-17
O003484,C0231,P0173,W008,4,112.19,63.93,384.83,Net Banking,Pending,2026-05-01
O003485,C0437,P0034,W004,4,98.84,7.07,388.29,UPI,Cancelled,2025-11-28
O003486,C0249,P0142,W018,4,465.39,206.81,1654.75,UPI,Pending,2026-06-09
O003487,C0473,P0156,W018,10,716.77,276.82,6890.88,Credit Card,Pending,2026-04-15
O003488,C0117,P0074,W020,10,318.47,296.67,2888.03,Credit Card,Cancelled,2026-01-07
O003489,C0259,P0177,W017,9,764.51,676.27,6204.32,Net Banking,Completed,2026-04-27
O003490,C0297,P0032,W008,6,562.17,325.58,3047.44,Cash,Completed,2025-10-04
O003491,C0498,P0117,W007,7,422.57,539.89,2418.1,Credit Card,Completed,2026-01-21
O003492,C0075,P0015,W012,6,435.76,406.1,2208.46,UPI,Completed,2025-11-16
O003493,C0382,P0195,W012,2,194.61,5.86,383.36,Credit Card,Cancelled,2025-11-28
O003494,C0187,P0080,W018,7,24.4,2.46,168.34,Cash,Cancelled,2025-12-28
O003495,C0192,P0174,W005,6,288.11,219.51,1509.15,Net Banking,Cancelled,2026-02-06
O003496,C0065,P0129,W008,8,649.05,383.44,4808.96,UPI,Completed,2026-03-08
O003497,C0141,P0185,W011,1,566.24,77.18,489.06,UPI,Completed,2025-11-24
O003498,C0019,P0067,W009,1,610.98,61.59,549.39,Credit Card,Cancelled,2026-06-23
O003499,C0246,P0072,W007,3,712.27,396.71,1740.1,UPI,Cancelled,2026-03-18
O003500,C0142,P0200,W013,6,181.69,200.01,890.13,Net Banking,Cancelled,2025-09-22
O003501,C0342,P0007,W016,4,86.6,17.81,328.59,Credit Card,Completed,2025-12-10
O003502,C0309,P0026,W006,5,424.88,26.15,2098.25,Cash,Cancelled,2025-12-02
O003503,C0145,P0199,W018,7,550.92,266.15,3590.29,Cash,Completed,2026-04-01
O003504,C0443,P0152,W009,3,41.85,6.92,118.63,Net Banking,Pending,2026-07-25
O003505,C0291,P0038,W009,8,210.73,289.81,1396.03,Debit Card,Pending,2026-05-14
O003506,C0291,P0104,W004,9,61.8,99.06,457.14,Debit Card,Pending,2026-05-13
O003507,C0302,P0159,W006,10,340.74,249.61,3157.79,Cash,Completed,2025-12-24
O003508,C0032,P0143,W013,2,276.16,19.17,533.15,UPI,Pending,2025-09-11
O003509,C0224,P0171,W010,8,165.53,217.26,1106.98,Net Banking,Cancelled,2026-01-28
O003510,C0136,P0022,W017,1,456.03,29.2,426.83,UPI,Cancelled,2026-01-11
O003511,C0381,P0041,W019,8,471.27,188.56,3581.6,Net Banking,Pending,2025-11-19
O003512,C0248,P0161,W006,1,792.47,14.34,778.13,UPI,Pending,2025-10-16
O003513,C0127,P0011,W011,10,311.47,50.61,3064.09,UPI,Cancelled,2025-11-13
O003514,C0181,P0090,W007,8,414.11,7.73,3305.15,Debit Card,Completed,2026-06-21
O003515,C0065,P0035,W011,3,613.51,319.71,1520.82,UPI,Completed,2026-04-23
O003516,C0456,P0007,W010,9,86.6,118.99,660.41,UPI,Completed,2026-04-09
O003517,C0132,P0071,W012,2,324.09,35.52,612.66,Cash,Cancelled,2026-06-23
O003518,C0311,P0122,W010,8,472.24,710.5,3067.42,Net Banking,Pending,2026-07-31
O003519,C0188,P0152,W017,7,41.85,2.4,290.55,Credit Card,Pending,2026-06-16
O003520,C0322,P0192,W006,9,392.33,684.46,2846.51,UPI,Pending,2026-01-23
O003521,C0075,P0038,W011,8,210.73,170.94,1514.9,UPI,Completed,2026-06-27
O003522,C0267,P0167,W005,8,121.8,22.96,951.44,Debit Card,Cancelled,2026-01-09
O003523,C0234,P0095,W020,5,121.43,75.59,531.56,UPI,Pending,2026-01-16
O003524,C0337,P0119,W007,6,123.87,33.32,709.9,UPI,Pending,2026-01-10
O003525,C0499,P0104,W003,7,61.8,7.16,425.44,Net Banking,Completed,2026-06-27
O003526,C0438,P0160,W008,2,103.95,4.07,203.83,Cash,Pending,2025-09-02
O003527,C0262,P0055,W015,5,691.95,283.11,3176.64,Credit Card,Completed,2025-10-04
O003528,C0417,P0101,W005,4,536.98,74.36,2073.56,Cash,Pending,2026-06-10
O003529,C0478,P0097,W011,1,339.95,39.14,300.81,Debit Card,Completed,2026-07-31
O003530,C0140,P0180,W018,10,83.12,85.06,746.14,Net Banking,Pending,2025-10-27
O003531,C0291,P0180,W009,3,83.12,41.98,207.38,Credit Card,Completed,2025-12-18
O003532,C0360,P0124,W011,2,711.13,102.8,1319.46,Cash,Cancelled,2025-12-11
O003533,C0155,P0163,W018,3,561.9,162.11,1523.59,UPI,Cancelled,2026-01-13
O003534,C0403,P0163,W020,4,561.9,257.53,1990.07,Net Banking,Completed,2025-12-01
O003535,C0499,P0123,W006,8,614.42,60.64,4854.72,UPI,Pending,2025-12-14
O003536,C0304,P0129,W003,9,649.05,199.82,5641.63,Cash,Cancelled,2026-01-09
O003537,C0356,P0001,W014,9,711.01,716.96,5682.13,Net Banking,Pending,2025-08-15
O003538,C0461,P0041,W014,10,471.27,785.95,3926.75,Credit Card,Completed,2025-09-24
O003539,C0224,P0180,W002,1,83.12,5.95,77.17,Debit Card,Completed,2026-04-20
O003540,C0311,P0123,W019,5,614.42,377.97,2694.13,Cash,Cancelled,2025-09-26
O003541,C0127,P0107,W010,5,223.7,135.44,983.06,Debit Card,Pending,2026-05-20
O003542,C0103,P0100,W013,5,451.54,72.3,2185.4,Net Banking,Cancelled,2026-02-18
O003543,C0431,P0197,W020,8,603.05,473.52,4350.88,UPI,Pending,2026-08-05
O003544,C0042,P0092,W005,5,165.58,85.32,742.58,Net Banking,Cancelled,2025-12-11
O003545,C0494,P0077,W003,9,705.01,572.64,5772.45,UPI,Pending,2026-07-30
O003546,C0459,P0132,W014,7,661.28,425.44,4203.52,Cash,Completed,2025-08-24
O003547,C0076,P0187,W014,6,557.43,486.45,2858.13,Credit Card,Completed,2026-02-08
O003548,C0202,P0167,W010,9,121.8,120.26,975.94,Debit Card,Completed,2026-05-07
O003549,C0206,P0020,W013,7,658.43,276.28,4332.73,Cash,Cancelled,2025-11-23
O003550,C0028,P0054,W010,8,298.13,265.41,2119.63,Credit Card,Pending,2025-12-23
O003551,C0165,P0011,W003,8,311.47,152.67,2339.09,Debit Card,Pending,2026-05-22
O003552,C0317,P0137,W017,2,70.49,10.3,130.68,Net Banking,Cancelled,2025-12-29
O003553,C0496,P0062,W016,4,152.46,90.26,519.58,Debit Card,Completed,2026-02-10
O003554,C0354,P0189,W016,6,416.57,365.87,2133.55,Credit Card,Pending,2026-01-19
O003555,C0378,P0045,W019,10,74.54,58.84,686.56,Cash,Completed,2025-11-16
O003556,C0282,P0092,W004,1,165.58,17.37,148.21,Cash,Pending,2026-03-30
O003557,C0257,P0154,W004,9,687.94,914.57,5276.89,Cash,Cancelled,2025-10-14
O003558,C0429,P0064,W006,5,124.23,113.25,507.9,Cash,Cancelled,2025-12-30
O003559,C0202,P0183,W019,10,518.44,896.43,4287.97,UPI,Completed,2026-08-01
O003560,C0132,P0200,W015,2,181.69,51.72,311.66,Debit Card,Cancelled,2026-03-28
O003561,C0338,P0186,W005,10,703.11,450.48,6580.62,Debit Card,Cancelled,2025-10-13
O003562,C0055,P0005,W004,1,616.49,21.26,595.23,Credit Card,Pending,2026-05-27
O003563,C0200,P0180,W007,9,83.12,34.02,714.06,Debit Card,Cancelled,2026-06-28
O003564,C0239,P0137,W018,4,70.49,22.36,259.6,Debit Card,Pending,2025-10-08
O003565,C0364,P0075,W016,7,153.98,185.93,891.93,Debit Card,Cancelled,2025-09-14
O003566,C0204,P0191,W017,6,583.75,333.98,3168.52,Cash,Completed,2026-04-26
O003567,C0374,P0084,W008,8,611.84,638.02,4256.7,Debit Card,Pending,2025-10-16
O003568,C0106,P0174,W018,7,288.11,239.06,1777.71,UPI,Cancelled,2026-01-13
O003569,C0362,P0111,W010,4,638.29,191.91,2361.25,Debit Card,Completed,2026-05-04
O003570,C0026,P0045,W010,5,74.54,25.6,347.1,Cash,Cancelled,2025-11-08
O003571,C0378,P0037,W004,10,536.12,185.14,5176.06,Credit Card,Completed,2026-02-24
O003572,C0119,P0092,W005,8,165.58,232.7,1091.94,Credit Card,Completed,2026-02-03
O003573,C0272,P0122,W003,3,472.24,76.7,1340.02,Cash,Completed,2026-01-22
O003574,C0212,P0068,W008,2,244.39,54.89,433.89,Net Banking,Completed,2026-02-01
O003575,C0363,P0165,W007,4,221.44,120.81,764.95,Cash,Cancelled,2026-06-30
O003576,C0281,P0081,W018,6,583.65,409.57,3092.33,UPI,Completed,2025-12-13
O003577,C0334,P0181,W010,10,510.35,589.09,4514.41,Debit Card,Cancelled,2025-09-16
O003578,C0249,P0176,W012,3,708.65,25.84,2100.11,Debit Card,Cancelled,2026-05-12
O003579,C0254,P0124,W019,4,711.13,108.62,2735.9,Debit Card,Cancelled,2026-01-16
O003580,C0258,P0172,W017,3,355.99,70.42,997.55,Debit Card,Cancelled,2026-06-29
O003581,C0003,P0124,W019,7,711.13,895.89,4082.02,Debit Card,Cancelled,2026-03-23
O003582,C0337,P0008,W003,9,707.65,472.8,5896.05,Debit Card,Pending,2026-01-07
O003583,C0085,P0014,W010,10,248.91,268.67,2220.43,Cash,Completed,2025-11-19
O003584,C0076,P0176,W011,10,708.65,1350.34,5736.16,Net Banking,Cancelled,2025-11-29
O003585,C0074,P0199,W004,8,550.92,656.96,3750.4,Net Banking,Pending,2025-09-11
O003586,C0263,P0014,W009,8,248.91,78.45,1912.83,Debit Card,Completed,2026-07-31
O003587,C0371,P0010,W016,8,275.52,91.1,2113.06,UPI,Pending,2026-02-27
O003588,C0165,P0046,W001,2,602.93,191.01,1014.85,Credit Card,Cancelled,2026-05-17
O003589,C0449,P0195,W012,8,194.61,269.8,1287.08,UPI,Completed,2026-05-07
O003590,C0405,P0041,W013,1,471.27,89.0,382.27,Credit Card,Completed,2026-05-21
O003591,C0318,P0081,W020,2,583.65,30.92,1136.38,Debit Card,Completed,2026-02-25
O003592,C0358,P0085,W007,2,734.45,112.01,1356.89,UPI,Pending,2025-08-30
O003593,C0138,P0196,W007,10,403.53,535.34,3499.96,UPI,Cancelled,2025-10-04
O003594,C0027,P0163,W003,8,561.9,157.07,4338.13,UPI,Pending,2026-05-21
O003595,C0492,P0157,W010,1,596.45,115.99,480.46,Debit Card,Completed,2026-06-02
O003596,C0356,P0155,W018,2,70.67,7.94,133.4,Net Banking,Completed,2026-01-11
O003597,C0027,P0031,W006,5,475.72,187.38,2191.22,Net Banking,Completed,2025-10-31
O003598,C0395,P0155,W009,6,70.67,59.9,364.12,UPI,Pending,2025-10-18
O003599,C0218,P0182,W009,6,103.87,49.34,573.88,Net Banking,Pending,2026-06-26
O003600,C0499,P0110,W013,7,91.98,120.54,523.32,Cash,Cancelled,2026-02-07
O003601,C0134,P0095,W005,4,121.43,41.41,444.31,Debit Card,Completed,2026-04-23
O003602,C0488,P0169,W002,8,685.11,58.11,5422.77,UPI,Completed,2026-06-15
O003603,C0236,P0057,W005,4,500.43,241.16,1760.56,Credit Card,Completed,2025-12-06
O003604,C0401,P0050,W006,5,407.27,66.13,1970.22,Cash,Cancelled,2026-06-02
O003605,C0104,P0145,W016,2,49.46,16.54,82.38,Credit Card,Cancelled,2025-09-13
O003606,C0014,P0018,W017,7,693.16,770.77,4081.35,Net Banking,Pending,2026-03-14
O003607,C0246,P0145,W004,5,49.46,38.78,208.52,Net Banking,Completed,2026-04-01
O003608,C0209,P0165,W015,3,221.44,9.65,654.67,UPI,Completed,2026-03-22
O003609,C0227,P0165,W002,1,221.44,28.14,193.3,UPI,Cancelled,2026-01-09
O003610,C0103,P0120,W008,10,117.95,62.95,1116.55,Cash,Pending,2025-08-21
O003611,C0299,P0057,W013,10,500.43,854.78,4149.52,UPI,Cancelled,2026-06-29
O003612,C0347,P0126,W004,6,352.47,409.01,1705.81,Debit Card,Completed,2026-04-13
O003613,C0082,P0178,W013,7,253.74,221.26,1554.92,UPI,Cancelled,2025-10-07
O003614,C0161,P0091,W018,3,128.87,22.56,364.05,Credit Card,Cancelled,2026-04-24
O003615,C0172,P0163,W013,8,561.9,382.69,4112.51,Net Banking,Cancelled,2025-11-12
O003616,C0408,P0121,W011,1,650.82,88.52,562.3,Credit Card,Completed,2026-05-24
O003617,C0375,P0001,W015,1,711.01,29.18,681.83,UPI,Completed,2025-09-16
O003618,C0298,P0005,W017,9,616.49,394.39,5154.02,Net Banking,Pending,2025-09-17
O003619,C0355,P0113,W010,3,229.52,6.43,682.13,Debit Card,Completed,2026-05-13
O003620,C0440,P0054,W002,9,298.13,35.15,2648.02,Credit Card,Pending,2025-11-13
O003621,C0407,P0162,W007,8,472.72,342.45,3439.31,UPI,Cancelled,2026-04-26
O003622,C0207,P0080,W016,8,24.4,13.39,181.81,UPI,Cancelled,2026-03-11
O003623,C0038,P0117,W014,10,422.57,540.91,3684.79,Net Banking,Cancelled,2026-02-01
O003624,C0258,P0020,W006,9,658.43,857.48,5068.39,Debit Card,Completed,2026-04-01
O003625,C0485,P0103,W009,1,104.86,7.6,97.26,Net Banking,Cancelled,2026-06-28
O003626,C0151,P0028,W015,10,169.73,292.91,1404.39,Cash,Cancelled,2026-01-10
O003627,C0356,P0074,W013,5,318.47,295.07,1297.28,Cash,Pending,2025-12-27
O003628,C0218,P0126,W013,5,352.47,97.26,1665.09,Net Banking,Pending,2026-02-19
O003629,C0105,P0056,W002,6,73.8,32.26,410.54,Credit Card,Completed,2026-05-08
O003630,C0434,P0092,W004,9,165.58,284.99,1205.23,Credit Card,Completed,2025-12-01
O003631,C0014,P0164,W017,5,347.36,220.53,1516.27,Net Banking,Completed,2026-01-20
O003632,C0124,P0017,W004,8,438.91,567.59,2943.69,UPI,Pending,2026-03-09
O003633,C0438,P0176,W002,2,708.65,53.12,1364.18,UPI,Cancelled,2026-01-09
O003634,C0029,P0106,W013,5,395.02,203.82,1771.28,Credit Card,Cancelled,2026-05-07
O003635,C0066,P0113,W001,4,229.52,113.2,804.88,Net Banking,Cancelled,2026-07-24
O003636,C0314,P0143,W020,1,276.16,6.57,269.59,Net Banking,Cancelled,2026-07-05
O003637,C0455,P0038,W013,9,210.73,167.27,1729.3,Cash,Pending,2026-05-05
O003638,C0265,P0178,W011,5,253.74,233.29,1035.41,Net Banking,Pending,2025-08-10
O003639,C0494,P0061,W014,3,427.25,179.11,1102.64,Net Banking,Cancelled,2026-02-24
O003640,C0123,P0033,W013,8,316.3,164.5,2365.9,Debit Card,Completed,2026-08-03
O003641,C0338,P0084,W005,8,611.84,607.86,4286.86,UPI,Pending,2025-08-23
O003642,C0249,P0024,W020,4,574.38,202.71,2094.81,Cash,Pending,2026-06-07
O003643,C0410,P0159,W018,2,340.74,35.48,646.0,Net Banking,Completed,2026-04-16
O003644,C0128,P0138,W010,8,574.82,780.37,3818.19,Debit Card,Pending,2025-10-03
O003645,C0110,P0156,W011,6,716.77,322.94,3977.68,Net Banking,Completed,2025-11-02
O003646,C0239,P0199,W004,5,550.92,118.89,2635.71,Debit Card,Pending,2025-10-13
O003647,C0170,P0180,W004,8,83.12,70.69,594.27,UPI,Pending,2026-01-12
O003648,C0155,P0112,W004,5,635.62,357.67,2820.43,Net Banking,Completed,2025-12-06
O003649,C0138,P0140,W008,9,719.31,338.31,6135.48,Credit Card,Completed,2025-11-07
O003650,C0204,P0062,W018,9,152.46,230.55,1141.59,UPI,Completed,2026-06-24
O003651,C0029,P0077,W009,3,705.01,62.33,2052.7,Net Banking,Cancelled,2026-03-11
O003652,C0265,P0169,W005,5,685.11,24.81,3400.74,Debit Card,Pending,2026-07-05
O003653,C0054,P0139,W002,7,261.47,344.16,1486.13,Cash,Completed,2026-01-16
O003654,C0286,P0010,W013,5,275.52,199.37,1178.23,Cash,Completed,2026-01-12
O003655,C0116,P0034,W013,10,98.84,114.8,873.6,UPI,Cancelled,2025-12-05
O003656,C0281,P0042,W014,3,276.02,72.68,755.38,UPI,Pending,2026-05-14
O003657,C0334,P0160,W007,6,103.95,4.04,619.66,Debit Card,Completed,2026-04-11
O003658,C0157,P0162,W005,4,472.72,97.39,1793.49,Cash,Cancelled,2026-04-25
O003659,C0091,P0173,W012,10,112.19,165.86,956.04,Cash,Completed,2026-02-03
O003660,C0334,P0086,W003,1,781.27,127.03,654.24,Credit Card,Pending,2026-02-28
O003661,C0363,P0160,W002,1,103.95,7.6,96.35,Credit Card,Cancelled,2026-01-09
O003662,C0104,P0042,W015,5,276.02,260.66,1119.44,UPI,Pending,2025-11-11
O003663,C0446,P0176,W004,3,708.65,170.24,1955.71,Cash,Cancelled,2026-01-10
O003664,C0381,P0157,W008,7,596.45,100.08,4075.07,Cash,Cancelled,2025-08-28
O003665,C0001,P0134,W004,1,127.8,18.91,108.89,Cash,Completed,2026-05-23
O003666,C0030,P0120,W019,4,117.95,56.18,415.62,Debit Card,Pending,2025-11-19
O003667,C0244,P0113,W014,2,229.52,30.93,428.11,UPI,Cancelled,2025-09-12
O003668,C0005,P0051,W010,2,229.62,36.18,423.06,Cash,Cancelled,2025-10-06
O003669,C0407,P0149,W004,4,102.98,57.88,354.04,Credit Card,Completed,2026-02-26
O003670,C0460,P0110,W014,2,91.98,23.91,160.05,Debit Card,Completed,2026-05-02
O003671,C0026,P0149,W003,2,102.98,34.13,171.83,Net Banking,Pending,2025-09-27
O003672,C0222,P0105,W001,2,537.76,180.63,894.89,Credit Card,Pending,2026-07-04
O003673,C0322,P0057,W017,2,500.43,146.46,854.4,UPI,Pending,2025-10-11
O003674,C0353,P0044,W005,6,509.99,256.39,2803.55,Credit Card,Completed,2026-03-29
O003675,C0200,P0169,W019,10,685.11,1244.05,5607.05,Cash,Pending,2026-07-22
O003676,C0002,P0154,W002,6,687.94,347.85,3779.79,Credit Card,Pending,2026-05-15
O003677,C0363,P0128,W005,2,366.55,44.1,689.0,Credit Card,Pending,2026-02-20
O003678,C0091,P0010,W009,2,275.52,46.9,504.14,Debit Card,Cancelled,2025-08-12
O003679,C0456,P0104,W010,10,61.8,39.7,578.3,UPI,Pending,2025-10-24
O003680,C0351,P0097,W020,5,339.95,255.34,1444.41,Debit Card,Cancelled,2026-01-06
O003681,C0221,P0066,W005,6,156.35,36.75,901.35,Debit Card,Pending,2026-01-24
O003682,C0367,P0057,W020,2,500.43,59.39,941.47,UPI,Pending,2025-08-08
O003683,C0352,P0067,W016,7,610.98,392.76,3884.1,Net Banking,Pending,2026-06-21
O003684,C0440,P0143,W006,6,276.16,99.14,1557.82,Credit Card,Cancelled,2026-03-03
O003685,C0298,P0116,W013,9,446.14,118.14,3897.12,Net Banking,Pending,2025-10-08
O003686,C0321,P0182,W005,5,103.87,95.03,424.32,Cash,Cancelled,2025-11-08
O003687,C0338,P0112,W018,5,635.62,603.57,2574.53,Credit Card,Completed,2026-03-12
O003688,C0267,P0175,W002,2,636.16,194.81,1077.51,Cash,Pending,2026-02-12
O003689,C0211,P0152,W010,9,41.85,72.0,304.65,Debit Card,Completed,2026-03-09
O003690,C0211,P0019,W018,2,452.83,111.64,794.02,Net Banking,Completed,2025-09-11
O003691,C0318,P0043,W010,5,759.88,693.03,3106.37,UPI,Cancelled,2026-04-14
O003692,C0290,P0176,W018,7,708.65,458.16,4502.39,UPI,Pending,2025-12-04
O003693,C0492,P0133,W012,8,659.87,234.76,5044.2,Debit Card,Completed,2026-05-24
O003694,C0222,P0017,W018,3,438.91,250.31,1066.42,Credit Card,Pending,2025-11-04
O003695,C0215,P0184,W008,8,600.98,562.56,4245.28,Net Banking,Cancelled,2026-05-06
O003696,C0132,P0078,W014,7,134.38,128.25,812.41,Net Banking,Cancelled,2026-07-14
O003697,C0394,P0080,W014,6,24.4,23.57,122.83,Cash,Pending,2025-09-05
O003698,C0065,P0111,W014,2,638.29,22.38,1254.2,UPI,Cancelled,2026-02-01
O003699,C0462,P0007,W017,10,86.6,2.91,863.09,Cash,Cancelled,2026-04-09
O003700,C0300,P0120,W017,8,117.95,15.74,927.86,Credit Card,Pending,2026-01-29
O003701,C0404,P0152,W004,7,41.85,40.97,251.98,UPI,Pending,2025-09-14
O003702,C0183,P0137,W017,2,70.49,1.41,139.57,Credit Card,Completed,2025-11-12
O003703,C0440,P0121,W008,7,650.82,707.47,3848.27,Debit Card,Completed,2026-06-13
O003704,C0056,P0019,W003,8,452.83,576.18,3046.46,Credit Card,Pending,2026-05-16
O003705,C0422,P0045,W005,2,74.54,1.72,147.36,Net Banking,Completed,2026-07-11
O003706,C0190,P0178,W019,3,253.74,116.23,644.99,Net Banking,Cancelled,2026-06-17
O003707,C0404,P0167,W010,7,121.8,128.51,724.09,UPI,Pending,2025-10-03
O003708,C0338,P0146,W018,5,595.2,580.43,2395.57,Cash,Cancelled,2026-03-11
O003709,C0430,P0029,W015,5,380.84,140.78,1763.42,Debit Card,Cancelled,2026-06-13
O003710,C0353,P0189,W010,9,416.57,655.42,3093.71,Net Banking,Pending,2025-10-24
O003711,C0293,P0123,W015,6,614.42,509.62,3176.9,Net Banking,Completed,2025-09-02
O003712,C0128,P0142,W013,7,465.39,125.93,3131.8,Credit Card,Pending,2026-04-21
O003713,C0140,P0108,W012,6,467.1,536.27,2266.33,Cash,Completed,2025-10-30
O003714,C0044,P0104,W020,9,61.8,84.09,472.11,UPI,Pending,2026-02-03
O003715,C0060,P0167,W002,6,121.8,31.22,699.58,Debit Card,Pending,2025-11-04
O003716,C0285,P0001,W005,7,711.01,578.25,4398.82,Credit Card,Pending,2026-04-02
O003717,C0022,P0143,W004,9,276.16,464.97,2020.47,UPI,Completed,2025-09-16
O003718,C0368,P0008,W007,7,707.65,677.76,4275.79,Net Banking,Pending,2026-03-25
O003719,C0150,P0171,W003,6,165.53,3.2,989.98,Net Banking,Completed,2026-04-20
O003720,C0457,P0142,W014,3,465.39,155.39,1240.78,Net Banking,Completed,2025-10-14
O003721,C0361,P0055,W006,5,691.95,679.88,2779.87,UPI,Completed,2025-09-01
O003722,C0364,P0094,W013,10,536.83,850.32,4517.98,UPI,Pending,2026-02-23
O003723,C0164,P0052,W015,2,697.25,118.65,1275.85,Credit Card,Cancelled,2026-04-26
O003724,C0439,P0084,W019,6,611.84,610.03,3061.01,Cash,Completed,2026-06-01
O003725,C0458,P0057,W013,6,500.43,173.01,2829.57,Credit Card,Pending,2025-09-08
O003726,C0159,P0038,W020,6,210.73,122.01,1142.37,Cash,Cancelled,2026-04-17
O003727,C0404,P0181,W017,1,510.35,16.76,493.59,Credit Card,Cancelled,2025-09-27
O003728,C0034,P0146,W018,4,595.2,40.82,2339.98,Credit Card,Pending,2026-05-08
O003729,C0438,P0148,W018,2,538.64,74.2,1003.08,Net Banking,Completed,2025-12-18
O003730,C0086,P0186,W003,4,703.11,303.58,2508.86,Net Banking,Completed,2026-03-22
O003731,C0255,P0136,W007,2,596.21,234.53,957.89,Debit Card,Pending,2025-09-25
O003732,C0071,P0153,W003,1,97.2,13.19,84.01,Credit Card,Completed,2026-03-14
O003733,C0202,P0196,W011,6,403.53,206.07,2215.11,Debit Card,Cancelled,2025-10-07
O003734,C0244,P0138,W002,7,574.82,674.78,3348.96,Net Banking,Completed,2025-09-26
O003735,C0127,P0103,W007,9,104.86,74.84,868.9,Cash,Completed,2026-01-10
O003736,C0344,P0195,W006,8,194.61,222.39,1334.49,Net Banking,Completed,2026-03-25
O003737,C0082,P0092,W015,4,165.58,55.75,606.57,Cash,Completed,2025-08-27
O003738,C0148,P0119,W015,1,123.87,18.84,105.03,Credit Card,Completed,2025-08-25
O003739,C0394,P0156,W005,5,716.77,352.02,3231.83,Debit Card,Completed,2026-03-14
O003740,C0411,P0177,W012,5,764.51,239.79,3582.76,Cash,Cancelled,2026-05-30
O003741,C0185,P0134,W004,4,127.8,83.96,427.24,Credit Card,Completed,2025-11-11
O003742,C0046,P0025,W007,9,464.04,663.13,3513.23,Debit Card,Completed,2025-12-03
O003743,C0092,P0005,W010,10,616.49,672.27,5492.63,Cash,Completed,2025-10-10
O003744,C0201,P0123,W008,5,614.42,576.16,2495.94,Debit Card,Cancelled,2026-06-17
O003745,C0034,P0043,W014,3,759.88,106.53,2173.11,Debit Card,Cancelled,2026-07-02
O003746,C0320,P0052,W013,10,697.25,997.25,5975.25,Credit Card,Cancelled,2025-10-07
O003747,C0089,P0035,W011,8,613.51,897.0,4011.08,Credit Card,Completed,2026-03-03
O003748,C0116,P0081,W017,7,583.65,642.46,3443.09,Debit Card,Cancelled,2026-07-18
O003749,C0298,P0067,W003,6,610.98,635.92,3029.96,Cash,Completed,2026-01-21
O003750,C0475,P0070,W004,10,468.0,146.09,4533.91,UPI,Completed,2026-06-22
O003751,C0440,P0152,W009,6,41.85,26.17,224.93,Cash,Pending,2026-01-01
O003752,C0276,P0105,W010,4,537.76,346.56,1804.48,Net Banking,Completed,2025-11-25
O003753,C0426,P0175,W004,5,636.16,139.7,3041.1,Debit Card,Cancelled,2026-06-14
O003754,C0089,P0179,W019,10,761.14,467.3,7144.1,Cash,Completed,2026-07-17
O003755,C0204,P0144,W008,2,642.6,82.89,1202.31,Credit Card,Completed,2026-06-16
O003756,C0435,P0083,W009,7,557.15,506.1,3393.95,Credit Card,Completed,2026-04-12
O003757,C0463,P0199,W007,1,550.92,57.87,493.05,Cash,Pending,2026-07-25
O003758,C0082,P0200,W008,8,181.69,15.48,1438.04,Net Banking,Pending,2026-07-07
O003759,C0118,P0030,W011,10,129.09,4.39,1286.51,UPI,Cancelled,2025-10-04
O003760,C0172,P0035,W006,3,613.51,279.29,1561.24,UPI,Pending,2025-09-22
O003761,C0383,P0103,W013,7,104.86,138.7,595.32,Debit Card,Cancelled,2026-02-26
O003762,C0042,P0191,W009,7,583.75,102.56,3983.69,UPI,Pending,2025-08-13
O003763,C0111,P0153,W012,6,97.2,5.09,578.11,Cash,Cancelled,2026-05-15
O003764,C0057,P0051,W014,5,229.62,196.14,951.96,Credit Card,Cancelled,2026-07-09
O003765,C0162,P0050,W019,10,407.27,448.85,3623.85,Debit Card,Cancelled,2026-03-06
O003766,C0409,P0153,W016,10,97.2,182.62,789.38,Debit Card,Pending,2026-03-09
O003767,C0453,P0058,W010,3,607.88,332.57,1491.07,Debit Card,Completed,2025-12-11
O003768,C0296,P0007,W002,9,86.6,62.41,716.99,Debit Card,Completed,2025-12-06
O003769,C0455,P0074,W013,5,318.47,22.72,1569.63,Net Banking,Pending,2025-08-27
O003770,C0479,P0156,W002,3,716.77,81.41,2068.9,Net Banking,Cancelled,2026-07-30
O003771,C0371,P0060,W017,8,220.07,281.57,1478.99,UPI,Pending,2026-06-19
O003772,C0477,P0174,W009,1,288.11,7.67,280.44,Net Banking,Pending,2026-07-01
O003773,C0012,P0200,W005,9,181.69,204.41,1430.8,Cash,Pending,2026-04-01
O003774,C0365,P0172,W002,8,355.99,136.0,2711.92,Debit Card,Completed,2025-12-08
O003775,C0386,P0020,W020,3,658.43,337.42,1637.87,UPI,Pending,2026-06-08
O003776,C0136,P0131,W004,1,381.9,61.18,320.72,Credit Card,Completed,2025-10-09
O003777,C0095,P0048,W017,10,197.9,6.85,1972.15,UPI,Completed,2026-03-14
O003778,C0054,P0044,W012,7,509.99,363.65,3206.28,Credit Card,Pending,2025-11-14
O003779,C0328,P0154,W005,6,687.94,158.72,3968.92,UPI,Pending,2026-05-29
O003780,C0452,P0084,W002,1,611.84,36.92,574.92,Cash,Cancelled,2026-04-18
O003781,C0295,P0195,W001,1,194.61,19.54,175.07,Debit Card,Completed,2025-09-08
O003782,C0383,P0092,W016,7,165.58,231.78,927.28,Debit Card,Pending,2025-10-08
O003783,C0129,P0180,W010,5,83.12,59.9,355.7,UPI,Completed,2026-06-20
O003784,C0067,P0083,W018,8,557.15,744.27,3712.93,Debit Card,Cancelled,2026-02-15
O003785,C0291,P0169,W007,7,685.11,428.93,4366.84,Debit Card,Completed,2026-06-28
O003786,C0465,P0013,W002,5,678.5,270.52,3121.98,Cash,Completed,2026-06-18
O003787,C0081,P0093,W005,2,102.56,11.64,193.48,Debit Card,Pending,2026-06-25
O003788,C0297,P0101,W017,1,536.98,38.34,498.64,Debit Card,Cancelled,2026-05-22
O003789,C0481,P0070,W004,7,468.0,213.56,3062.44,Credit Card,Completed,2025-09-26
O003790,C0077,P0188,W020,5,149.25,51.13,695.12,Net Banking,Cancelled,2025-11-03
O003791,C0252,P0088,W003,5,512.39,339.44,2222.51,Net Banking,Completed,2025-09-17
O003792,C0424,P0196,W017,8,403.53,405.96,2822.28,Debit Card,Pending,2026-02-20
O003793,C0493,P0019,W004,7,452.83,495.65,2674.16,UPI,Pending,2025-12-04
O003794,C0118,P0058,W013,3,607.88,254.26,1569.38,Credit Card,Completed,2026-01-14
O003795,C0048,P0057,W014,7,500.43,164.02,3338.99,Credit Card,Pending,2025-11-02
O003796,C0074,P0026,W020,9,424.88,696.96,3126.96,Cash,Completed,2025-08-24
O003797,C0261,P0058,W016,10,607.88,167.76,5911.04,Cash,Completed,2026-02-06
O003798,C0087,P0033,W001,7,316.3,267.61,1946.49,Debit Card,Pending,2026-04-07
O003799,C0024,P0012,W011,10,342.53,136.43,3288.87,Cash,Pending,2025-10-14
O003800,C0373,P0136,W007,4,596.21,252.69,2132.15,UPI,Completed,2025-10-18
O003801,C0438,P0190,W006,2,537.59,139.22,935.96,Credit Card,Pending,2026-06-06
O003802,C0060,P0141,W008,3,473.02,193.52,1225.54,UPI,Cancelled,2025-08-28
O003803,C0102,P0040,W020,2,533.67,5.18,1062.16,Net Banking,Cancelled,2026-07-04
O003804,C0491,P0192,W004,7,392.33,327.43,2418.88,Net Banking,Completed,2026-06-15
O003805,C0498,P0172,W011,4,355.99,151.19,1272.77,Credit Card,Cancelled,2026-01-23
O003806,C0177,P0040,W001,9,533.67,123.8,4679.23,Net Banking,Completed,2026-04-13
O003807,C0192,P0014,W016,2,248.91,86.18,411.64,Cash,Cancelled,2026-04-27
O003808,C0390,P0004,W018,7,47.98,59.33,276.53,Cash,Completed,2025-10-02
O003809,C0046,P0151,W020,10,359.46,379.33,3215.27,Cash,Pending,2025-08-30
O003810,C0251,P0141,W011,5,473.02,289.65,2075.45,Cash,Pending,2026-04-21
O003811,C0201,P0143,W013,7,276.16,160.23,1772.89,Cash,Cancelled,2025-11-23
O003812,C0302,P0020,W014,9,658.43,1132.29,4793.58,Credit Card,Cancelled,2026-07-10
O003813,C0202,P0083,W006,2,557.15,160.92,953.38,Net Banking,Cancelled,2026-04-20
O003814,C0299,P0114,W016,9,433.11,269.24,3628.75,UPI,Pending,2026-05-08
O003815,C0264,P0090,W006,1,414.11,71.3,342.81,Cash,Completed,2026-05-08
O003816,C0205,P0047,W004,2,519.72,47.16,992.28,Debit Card,Pending,2026-05-18
O003817,C0201,P0163,W013,6,561.9,582.67,2788.73,Cash,Cancelled,2026-07-06
O003818,C0430,P0068,W005,7,244.39,288.48,1422.25,UPI,Pending,2026-03-18
O003819,C0217,P0187,W009,2,557.43,16.86,1098.0,UPI,Cancelled,2025-08-15
O003820,C0444,P0059,W008,4,691.04,69.57,2694.59,UPI,Completed,2025-08-10
O003821,C0327,P0040,W017,3,533.67,252.53,1348.48,Debit Card,Completed,2025-08-14
O003822,C0404,P0118,W009,2,545.32,20.93,1069.71,Net Banking,Cancelled,2026-06-09
O003823,C0329,P0026,W017,5,424.88,13.26,2111.14,Net Banking,Completed,2026-04-26
O003824,C0449,P0032,W015,2,562.17,43.86,1080.48,UPI,Cancelled,2026-03-19
O003825,C0022,P0198,W005,7,369.55,482.14,2104.71,Net Banking,Pending,2026-06-07
O003826,C0344,P0087,W010,6,52.58,2.84,312.64,Cash,Cancelled,2026-04-26
O003827,C0260,P0179,W004,3,761.14,251.19,2032.23,Net Banking,Cancelled,2025-08-05
O003828,C0139,P0150,W015,1,79.1,4.66,74.44,Cash,Cancelled,2026-06-04
O003829,C0105,P0087,W018,7,52.58,9.13,358.93,Debit Card,Pending,2026-03-07
O003830,C0334,P0066,W016,7,156.35,114.77,979.68,Debit Card,Pending,2026-04-21
O003831,C0406,P0192,W001,4,392.33,90.49,1478.83,UPI,Completed,2026-04-01
O003832,C0497,P0136,W016,10,596.21,837.41,5124.69,Net Banking,Completed,2025-09-20
O003833,C0299,P0179,W004,9,761.14,1031.63,5818.63,UPI,Cancelled,2025-12-21
O003834,C0464,P0171,W001,4,165.53,27.74,634.38,UPI,Completed,2025-10-05
O003835,C0480,P0141,W009,8,473.02,344.65,3439.51,Credit Card,Pending,2026-07-09
O003836,C0370,P0151,W009,2,359.46,114.35,604.57,Debit Card,Pending,2026-02-09
O003837,C0346,P0180,W009,1,83.12,9.76,73.36,Credit Card,Cancelled,2025-08-25
O003838,C0343,P0154,W008,9,687.94,702.14,5489.32,Debit Card,Cancelled,2025-10-11
O003839,C0419,P0154,W009,8,687.94,719.19,4784.33,Net Banking,Cancelled,2025-08-21
O003840,C0421,P0119,W005,2,123.87,31.84,215.9,Debit Card,Completed,2025-11-16
O003841,C0258,P0014,W009,3,248.91,50.18,696.55,Debit Card,Completed,2025-08-27
O003842,C0079,P0119,W001,1,123.87,10.12,113.75,Net Banking,Completed,2026-07-06
O003843,C0086,P0040,W002,8,533.67,764.71,3504.65,Debit Card,Completed,2025-12-06
O003844,C0161,P0196,W014,4,403.53,83.88,1530.24,Debit Card,Pending,2026-03-18
O003845,C0188,P0048,W011,2,197.9,49.71,346.09,Debit Card,Completed,2025-12-15
O003846,C0478,P0048,W006,9,197.9,115.24,1665.86,Net Banking,Cancelled,2025-10-16
O003847,C0024,P0194,W006,3,316.48,112.45,836.99,Cash,Cancelled,2025-08-16
O003848,C0354,P0183,W016,5,518.44,64.3,2527.9,Cash,Cancelled,2025-10-06
O003849,C0240,P0185,W019,10,566.24,70.58,5591.82,Net Banking,Cancelled,2026-07-13
O003850,C0189,P0057,W001,2,500.43,123.72,877.14,Debit Card,Cancelled,2026-07-24
O003851,C0392,P0105,W018,1,537.76,1.75,536.01,Credit Card,Pending,2026-05-14
O003852,C0198,P0018,W015,2,693.16,58.02,1328.3,UPI,Cancelled,2026-02-21
O003853,C0373,P0189,W014,2,416.57,1.95,831.19,Debit Card,Pending,2026-02-12
O003854,C0357,P0058,W001,3,607.88,316.1,1507.54,UPI,Cancelled,2026-04-21
O003855,C0018,P0006,W009,6,615.25,660.69,3030.81,Credit Card,Cancelled,2025-12-09
O003856,C0417,P0096,W014,10,223.64,247.56,1988.84,Cash,Completed,2025-09-30
O003857,C0279,P0092,W001,10,165.58,196.89,1458.91,Credit Card,Cancelled,2026-03-13
O003858,C0324,P0185,W003,7,566.24,602.01,3361.67,UPI,Completed,2026-03-22
O003859,C0326,P0125,W007,10,184.54,274.86,1570.54,UPI,Completed,2026-04-24
O003860,C0183,P0188,W009,10,149.25,188.48,1304.02,Debit Card,Completed,2026-02-16
O003861,C0337,P0114,W007,4,433.11,231.02,1501.42,Credit Card,Pending,2026-03-09
O003862,C0056,P0116,W003,10,446.14,778.43,3682.97,Debit Card,Cancelled,2025-11-18
O003863,C0120,P0188,W004,5,149.25,116.75,629.5,Debit Card,Cancelled,2026-05-20
O003864,C0027,P0011,W014,10,311.47,233.1,2881.6,Credit Card,Cancelled,2026-05-06
O003865,C0210,P0148,W018,7,538.64,634.33,3136.15,Net Banking,Cancelled,2026-06-09
O003866,C0405,P0042,W017,2,276.02,45.89,506.15,Credit Card,Cancelled,2026-07-03
O003867,C0192,P0041,W002,6,471.27,253.6,2574.02,Debit Card,Pending,2026-01-14
O003868,C0124,P0044,W018,6,509.99,342.69,2717.25,Debit Card,Cancelled,2025-11-09
O003869,C0098,P0063,W011,8,152.21,174.31,1043.37,Credit Card,Completed,2026-02-12
O003870,C0424,P0183,W004,1,518.44,100.97,417.47,Cash,Pending,2026-04-19
O003871,C0073,P0078,W020,6,134.38,137.16,669.12,Credit Card,Pending,2025-12-11
O003872,C0311,P0138,W003,1,574.82,63.38,511.44,Cash,Pending,2025-10-03
O003873,C0017,P0047,W005,5,519.72,331.67,2266.93,Debit Card,Cancelled,2025-12-22
O003874,C0106,P0178,W007,10,253.74,417.35,2120.05,Cash,Cancelled,2025-12-10
O003875,C0251,P0167,W008,2,121.8,38.28,205.32,Credit Card,Cancelled,2025-09-06
O003876,C0023,P0149,W019,8,102.98,132.29,691.55,UPI,Completed,2026-06-23
O003877,C0404,P0143,W018,8,276.16,427.11,1782.17,UPI,Pending,2026-07-10
O003878,C0262,P0047,W015,3,519.72,17.91,1541.25,Net Banking,Pending,2026-05-27
O003879,C0242,P0016,W007,10,646.11,14.88,6446.22,UPI,Pending,2025-09-08
O003880,C0329,P0135,W009,8,444.2,118.4,3435.2,Cash,Pending,2025-12-01
O003881,C0045,P0153,W020,1,97.2,17.43,79.77,Debit Card,Cancelled,2026-06-19
O003882,C0314,P0117,W019,5,422.57,417.34,1695.51,Credit Card,Pending,2026-02-06
O003883,C0410,P0172,W007,7,355.99,410.36,2081.57,Debit Card,Completed,2025-08-08
O003884,C0343,P0108,W008,4,467.1,152.59,1715.81,Credit Card,Completed,2026-01-11
O003885,C0292,P0132,W016,4,661.28,309.58,2335.54,UPI,Completed,2025-11-02
O003886,C0359,P0111,W008,10,638.29,769.19,5613.71,Debit Card,Pending,2026-01-06
O003887,C0247,P0065,W013,6,114.36,51.34,634.82,Cash,Pending,2026-07-12
O003888,C0048,P0030,W001,8,129.09,40.79,991.93,Debit Card,Cancelled,2025-09-24
O003889,C0081,P0164,W019,9,347.36,447.33,2678.91,Net Banking,Cancelled,2026-01-04
O003890,C0095,P0162,W004,1,472.72,86.59,386.13,Credit Card,Pending,2025-11-01
O003891,C0361,P0009,W001,8,127.01,89.64,926.44,Debit Card,Pending,2026-06-21
O003892,C0081,P0130,W008,7,247.63,285.68,1447.73,Cash,Cancelled,2025-12-17
O003893,C0125,P0105,W013,2,537.76,29.95,1045.57,Debit Card,Cancelled,2025-08-06
O003894,C0152,P0146,W012,6,595.2,406.94,3164.26,Net Banking,Completed,2025-10-19
O003895,C0379,P0180,W001,2,83.12,11.07,155.17,Debit Card,Cancelled,2026-01-24
O003896,C0218,P0193,W012,4,327.81,106.92,1204.32,Debit Card,Cancelled,2026-03-31
O003897,C0166,P0007,W008,10,86.6,149.06,716.94,Cash,Cancelled,2025-11-27
O003898,C0285,P0048,W001,1,197.9,9.94,187.96,Net Banking,Cancelled,2025-08-16
O003899,C0146,P0009,W013,1,127.01,9.89,117.12,Debit Card,Pending,2026-05-19
O003900,C0452,P0100,W020,8,451.54,373.86,3238.46,Cash,Pending,2025-12-26
O003901,C0176,P0134,W010,10,127.8,7.97,1270.03,Credit Card,Completed,2026-06-26
O003902,C0067,P0111,W019,3,638.29,366.72,1548.15,UPI,Cancelled,2025-12-27
O003903,C0326,P0016,W003,2,646.11,177.6,1114.62,Cash,Cancelled,2026-08-03
O003904,C0368,P0163,W012,3,561.9,257.7,1428.0,UPI,Completed,2026-02-22
O003905,C0147,P0107,W002,5,223.7,181.44,937.06,UPI,Pending,2026-04-11
O003906,C0380,P0108,W003,7,467.1,521.76,2747.94,Debit Card,Completed,2025-10-20
O003907,C0064,P0027,W002,10,78.28,42.96,739.84,Debit Card,Cancelled,2026-01-09
O003908,C0392,P0079,W014,7,102.81,58.72,660.95,Net Banking,Completed,2025-12-28
O003909,C0483,P0019,W002,3,452.83,72.47,1286.02,Credit Card,Completed,2025-11-17
O003910,C0019,P0198,W002,7,369.55,160.6,2426.25,Cash,Completed,2025-09-26
O003911,C0400,P0126,W018,4,352.47,171.04,1238.84,Net Banking,Pending,2026-06-04
O003912,C0319,P0039,W017,4,696.37,348.02,2437.46,Net Banking,Completed,2025-12-24
O003913,C0349,P0130,W006,9,247.63,165.01,2063.66,Credit Card,Pending,2025-09-18
O003914,C0274,P0199,W008,4,550.92,251.9,1951.78,UPI,Cancelled,2025-08-27
O003915,C0377,P0096,W018,3,223.64,69.43,601.49,UPI,Pending,2025-12-08
O003916,C0496,P0046,W001,3,602.93,148.48,1660.31,UPI,Completed,2025-08-21
O003917,C0146,P0155,W008,1,70.67,10.73,59.94,UPI,Pending,2025-09-23
O003918,C0061,P0197,W004,5,603.05,144.23,2871.02,UPI,Completed,2026-05-23
O003919,C0474,P0026,W017,10,424.88,636.99,3611.81,UPI,Completed,2026-07-20
O003920,C0252,P0150,W009,6,79.1,36.52,438.08,UPI,Completed,2026-01-14
O003921,C0151,P0118,W012,2,545.32,4.19,1086.45,Debit Card,Cancelled,2025-10-02
O003922,C0366,P0153,W002,5,97.2,10.03,475.97,Cash,Completed,2025-12-15
O003923,C0157,P0107,W008,8,223.7,84.73,1704.87,Credit Card,Cancelled,2025-12-06
O003924,C0463,P0038,W001,1,210.73,14.14,196.59,Cash,Pending,2026-01-08
O003925,C0127,P0063,W014,4,152.21,105.0,503.84,Cash,Completed,2026-04-22
O003926,C0286,P0024,W008,9,574.38,738.72,4430.7,UPI,Cancelled,2026-05-07
O003927,C0260,P0077,W007,3,705.01,182.75,1932.28,UPI,Pending,2025-12-03
O003928,C0380,P0021,W007,7,244.16,160.68,1548.44,Debit Card,Cancelled,2025-08-10
O003929,C0411,P0138,W014,6,574.82,280.06,3168.86,UPI,Pending,2026-03-07
O003930,C0403,P0061,W020,7,427.25,471.14,2519.61,UPI,Cancelled,2026-02-02
O003931,C0340,P0012,W005,5,342.53,269.06,1443.59,Cash,Cancelled,2025-11-12
O003932,C0390,P0187,W010,5,557.43,537.02,2250.13,Cash,Completed,2026-05-11
O003933,C0275,P0092,W014,9,165.58,154.94,1335.28,Cash,Pending,2025-11-07
O003934,C0408,P0150,W016,9,79.1,110.81,601.09,Net Banking,Pending,2026-04-12
O003935,C0226,P0047,W019,10,519.72,851.16,4346.04,Net Banking,Cancelled,2026-06-06
O003936,C0232,P0148,W001,5,538.64,117.13,2576.07,Cash,Pending,2025-08-31
O003937,C0068,P0189,W002,2,416.57,43.82,789.32,Credit Card,Cancelled,2025-11-02
O003938,C0458,P0163,W016,9,561.9,548.74,4508.36,Cash,Cancelled,2026-02-24
O003939,C0275,P0035,W009,6,613.51,688.63,2992.43,Credit Card,Cancelled,2026-02-27
O003940,C0027,P0151,W004,5,359.46,148.21,1649.09,UPI,Cancelled,2025-11-17
O003941,C0072,P0016,W016,8,646.11,188.86,4980.02,Net Banking,Cancelled,2026-07-13
O003942,C0282,P0072,W018,7,712.27,747.12,4238.77,Credit Card,Pending,2026-05-29
O003943,C0157,P0151,W006,7,359.46,154.77,2361.45,Cash,Cancelled,2025-12-17
O003944,C0027,P0066,W019,5,156.35,98.85,682.9,UPI,Cancelled,2026-01-23
O003945,C0229,P0009,W011,2,127.01,42.96,211.06,UPI,Cancelled,2026-05-22
O003946,C0116,P0003,W008,5,307.09,266.53,1268.92,Debit Card,Cancelled,2025-09-16
O003947,C0478,P0017,W003,7,438.91,277.18,2795.19,Net Banking,Pending,2026-05-30
O003948,C0299,P0199,W016,7,550.92,540.36,3316.08,Credit Card,Pending,2026-01-21
O003949,C0262,P0005,W008,8,616.49,352.55,4579.37,Net Banking,Completed,2026-05-29
O003950,C0248,P0076,W019,7,366.83,28.93,2538.88,Cash,Pending,2026-03-16
O003951,C0052,P0159,W020,1,340.74,40.83,299.91,Debit Card,Cancelled,2026-07-07
O003952,C0435,P0024,W006,2,574.38,116.8,1031.96,Credit Card,Completed,2026-05-17
O003953,C0073,P0069,W017,4,779.75,376.34,2742.66,Debit Card,Cancelled,2026-03-04
O003954,C0046,P0153,W006,8,97.2,5.65,771.95,Net Banking,Completed,2026-05-28
O003955,C0389,P0011,W003,7,311.47,119.42,2060.87,UPI,Pending,2025-09-30
O003956,C0051,P0170,W002,6,505.56,41.06,2992.3,Credit Card,Cancelled,2026-08-04
O003957,C0187,P0003,W009,3,307.09,163.5,757.77,Debit Card,Completed,2026-05-09
O003958,C0152,P0135,W016,4,444.2,98.48,1678.32,Debit Card,Pending,2025-09-12
O003959,C0431,P0142,W002,4,465.39,240.88,1620.68,UPI,Cancelled,2025-11-28
O003960,C0424,P0034,W016,9,98.84,63.77,825.79,Credit Card,Pending,2026-07-03
O003961,C0143,P0163,W018,6,561.9,405.64,2965.76,Debit Card,Completed,2025-12-05
O003962,C0297,P0179,W005,8,761.14,1195.28,4893.84,UPI,Cancelled,2025-12-08
O003963,C0405,P0060,W009,1,220.07,2.01,218.06,Cash,Cancelled,2026-05-05
O003964,C0271,P0064,W003,9,124.23,7.09,1110.98,Credit Card,Cancelled,2026-02-22
O003965,C0181,P0177,W017,5,764.51,611.06,3211.49,UPI,Completed,2026-07-31
O003966,C0101,P0017,W005,5,438.91,211.46,1983.09,Credit Card,Pending,2026-06-30
O003967,C0068,P0131,W010,6,381.9,423.65,1867.75,Credit Card,Pending,2025-11-16
O003968,C0039,P0063,W018,9,152.21,243.57,1126.32,Debit Card,Pending,2026-03-16
O003969,C0473,P0170,W004,10,505.56,306.24,4749.36,Debit Card,Pending,2026-03-28
O003970,C0375,P0157,W004,4,596.45,330.34,2055.46,Credit Card,Cancelled,2026-06-25
O003971,C0075,P0006,W005,7,615.25,282.29,4024.46,Credit Card,Pending,2025-08-16
O003972,C0067,P0048,W005,8,197.9,270.02,1313.18,Net Banking,Completed,2025-09-19
O003973,C0034,P0092,W018,9,165.58,267.67,1222.55,UPI,Cancelled,2025-08-17
O003974,C0140,P0110,W019,2,91.98,18.27,165.69,Credit Card,Pending,2025-08-23
O003975,C0463,P0049,W006,8,200.77,25.64,1580.52,Cash,Cancelled,2026-04-06
O003976,C0471,P0085,W019,8,734.45,528.57,5347.03,Credit Card,Pending,2026-05-06
O003977,C0453,P0157,W007,8,596.45,228.08,4543.52,Cash,Completed,2025-08-21
O003978,C0197,P0185,W005,10,566.24,563.27,5099.13,Credit Card,Completed,2026-05-18
O003979,C0143,P0104,W009,8,61.8,52.66,441.74,Debit Card,Cancelled,2026-04-25
O003980,C0158,P0006,W014,2,615.25,168.75,1061.75,Debit Card,Cancelled,2025-10-16
O003981,C0189,P0058,W007,10,607.88,1036.67,5042.13,UPI,Cancelled,2026-01-09
O003982,C0413,P0043,W014,6,759.88,647.66,3911.62,Debit Card,Cancelled,2025-10-19
O003983,C0301,P0182,W007,1,103.87,13.65,90.22,Debit Card,Completed,2026-03-26
O003984,C0313,P0198,W013,8,369.55,176.78,2779.62,Credit Card,Cancelled,2025-11-30
O003985,C0169,P0034,W001,4,98.84,37.25,358.11,Credit Card,Pending,2025-09-23
O003986,C0158,P0068,W013,5,244.39,105.96,1115.99,UPI,Pending,2025-09-11
O003987,C0176,P0105,W007,4,537.76,272.1,1878.94,Credit Card,Completed,2025-12-22
O003988,C0299,P0179,W018,2,761.14,265.49,1256.79,Cash,Pending,2025-09-15
O003989,C0395,P0155,W016,1,70.67,11.46,59.21,UPI,Pending,2026-04-12
O003990,C0016,P0017,W010,1,438.91,4.99,433.92,UPI,Completed,2026-01-23
O003991,C0470,P0112,W003,1,635.62,83.59,552.03,Credit Card,Pending,2025-10-13
O003992,C0078,P0027,W003,10,78.28,129.2,653.6,Net Banking,Pending,2026-06-22
O003993,C0029,P0017,W020,2,438.91,153.63,724.19,Net Banking,Completed,2025-09-10
O003994,C0474,P0034,W007,6,98.84,1.85,591.19,Debit Card,Cancelled,2025-11-02
O003995,C0053,P0043,W001,10,759.88,1264.65,6334.15,Credit Card,Cancelled,2026-01-04
O003996,C0490,P0093,W015,7,102.56,43.76,674.16,Credit Card,Pending,2025-11-09
O003997,C0427,P0173,W004,9,112.19,144.4,865.31,Cash,Pending,2025-09-06
O003998,C0359,P0063,W005,4,152.21,14.87,593.97,Credit Card,Pending,2025-09-30
O003999,C0368,P0113,W006,1,229.52,9.83,219.69,Credit Card,Pending,2025-10-07
O004000,C0211,P0167,W017,10,121.8,193.16,1024.84,Cash,Pending,2025-08-13
O004001,C0416,P0054,W015,8,298.13,171.15,2213.89,Debit Card,Pending,2025-12-05
O004002,C0083,P0076,W011,5,366.83,288.39,1545.76,UPI,Pending,2025-10-07
O004003,C0292,P0033,W018,9,316.3,151.66,2695.04,Cash,Cancelled,2026-07-30
O004004,C0368,P0036,W012,10,550.45,395.92,5108.58,Debit Card,Completed,2025-08-11
O004005,C0098,P0059,W005,1,691.04,115.37,575.67,Net Banking,Completed,2026-03-13
O004006,C0012,P0153,W003,2,97.2,3.67,190.73,Cash,Pending,2026-05-13
O004007,C0317,P0112,W016,4,635.62,370.39,2172.09,Debit Card,Cancelled,2026-06-21
O004008,C0158,P0021,W009,2,244.16,10.43,477.89,Cash,Cancelled,2025-10-24
O004009,C0337,P0105,W016,6,537.76,510.96,2715.6,UPI,Cancelled,2025-09-26
O004010,C0257,P0178,W002,10,253.74,281.91,2255.49,UPI,Pending,2026-01-29
O004011,C0014,P0066,W004,3,156.35,55.83,413.22,Cash,Pending,2026-05-15
O004012,C0181,P0114,W020,5,433.11,54.55,2111.0,Credit Card,Cancelled,2025-11-04
O004013,C0364,P0150,W012,5,79.1,28.45,367.05,Credit Card,Pending,2026-04-23
O004014,C0098,P0152,W010,7,41.85,46.33,246.62,Credit Card,Pending,2026-03-14
O004015,C0424,P0101,W002,10,536.98,625.41,4744.39,Net Banking,Cancelled,2026-03-14
O004016,C0446,P0092,W012,3,165.58,60.83,435.91,Net Banking,Completed,2026-04-18
O004017,C0024,P0087,W005,10,52.58,6.74,519.06,Debit Card,Completed,2026-04-29
O004018,C0082,P0142,W015,8,465.39,102.39,3620.73,Debit Card,Completed,2026-07-31
O004019,C0111,P0044,W007,10,509.99,891.62,4208.28,Net Banking,Pending,2026-03-21
O004020,C0023,P0166,W014,3,399.5,40.72,1157.78,Debit Card,Completed,2026-04-13
O004021,C0383,P0027,W007,10,78.28,26.7,756.1,Net Banking,Cancelled,2025-09-15
O004022,C0142,P0144,W010,8,642.6,900.8,4240.0,Cash,Completed,2025-11-19
O004023,C0428,P0060,W008,6,220.07,119.54,1200.88,UPI,Pending,2026-01-18
O004024,C0195,P0199,W010,9,550.92,881.9,4076.38,Cash,Pending,2026-07-30
O004025,C0243,P0070,W003,6,468.0,523.87,2284.13,UPI,Completed,2026-05-08
O004026,C0064,P0040,W009,7,533.67,46.32,3689.37,Cash,Completed,2025-09-07
O004027,C0101,P0137,W011,9,70.49,113.0,521.41,UPI,Completed,2026-05-09
O004028,C0321,P0088,W010,1,512.39,20.3,492.09,Debit Card,Cancelled,2025-09-12
O004029,C0211,P0012,W009,2,342.53,59.33,625.73,Cash,Pending,2025-08-08
O004030,C0074,P0191,W017,4,583.75,339.55,1995.45,UPI,Completed,2026-05-04
O004031,C0442,P0158,W002,9,498.73,882.24,3606.33,UPI,Completed,2026-01-10
O004032,C0165,P0086,W020,10,781.27,240.13,7572.57,Net Banking,Pending,2026-07-30
O004033,C0417,P0098,W004,7,515.46,517.23,3090.99,Net Banking,Cancelled,2025-12-19
O004034,C0073,P0175,W018,8,636.16,707.99,4381.29,Debit Card,Cancelled,2026-02-24
O004035,C0236,P0059,W020,3,691.04,37.09,2036.03,UPI,Cancelled,2026-08-03
O004036,C0234,P0034,W009,2,98.84,16.05,181.63,Credit Card,Pending,2026-02-17
O004037,C0343,P0017,W015,6,438.91,148.42,2485.04,Credit Card,Cancelled,2026-04-30
O004038,C0081,P0101,W019,10,536.98,642.74,4727.06,Cash,Cancelled,2026-01-09
O004039,C0374,P0135,W001,8,444.2,480.12,3073.48,Credit Card,Completed,2026-04-06
O004040,C0415,P0029,W008,7,380.84,92.36,2573.52,Net Banking,Pending,2025-08-23
O004041,C0078,P0116,W007,1,446.14,54.77,391.37,Net Banking,Completed,2025-11-21
O004042,C0282,P0085,W001,5,734.45,570.45,3101.8,Credit Card,Pending,2025-09-29
O004043,C0105,P0190,W004,9,537.59,838.49,3999.82,Net Banking,Cancelled,2026-07-22
O004044,C0345,P0078,W006,9,134.38,209.41,1000.01,Cash,Cancelled,2025-09-03
O004045,C0369,P0087,W018,6,52.58,18.98,296.5,Credit Card,Cancelled,2026-01-12
O004046,C0292,P0021,W014,9,244.16,37.2,2160.24,Cash,Pending,2025-09-10
O004047,C0474,P0200,W013,8,181.69,229.72,1223.8,Credit Card,Completed,2025-10-25
O004048,C0198,P0038,W011,3,210.73,31.65,600.54,Net Banking,Pending,2025-08-28
O004049,C0321,P0109,W013,4,51.49,33.96,172.0,Credit Card,Cancelled,2025-10-13
O004050,C0137,P0052,W010,10,697.25,1280.78,5691.72,Credit Card,Pending,2025-12-16
O004051,C0303,P0049,W013,1,200.77,26.84,173.93,Credit Card,Completed,2026-02-12
O004052,C0006,P0108,W015,2,467.1,75.81,858.39,Debit Card,Pending,2025-11-30
O004053,C0278,P0033,W007,4,316.3,228.82,1036.38,Cash,Cancelled,2025-12-29
O004054,C0088,P0091,W016,6,128.87,3.9,769.32,UPI,Completed,2026-05-20
O004055,C0363,P0198,W003,2,369.55,116.88,622.22,Net Banking,Pending,2025-12-17
O004056,C0462,P0129,W006,9,649.05,1016.44,4825.01,Credit Card,Pending,2025-11-05
O004057,C0264,P0070,W016,1,468.0,42.04,425.96,Cash,Pending,2026-03-02
O004058,C0052,P0023,W018,8,673.26,1027.42,4358.66,UPI,Pending,2025-08-27
O004059,C0127,P0160,W003,6,103.95,116.97,506.73,Credit Card,Completed,2026-04-19
O004060,C0263,P0146,W007,4,595.2,87.3,2293.5,Debit Card,Completed,2026-05-26
O004061,C0110,P0118,W009,4,545.32,281.79,1899.49,Debit Card,Pending,2025-10-21
O004062,C0132,P0124,W012,1,711.13,38.03,673.1,Cash,Completed,2025-11-25
O004063,C0177,P0150,W008,5,79.1,13.24,382.26,Debit Card,Cancelled,2026-04-19
O004064,C0080,P0195,W005,9,194.61,254.3,1497.19,Net Banking,Cancelled,2026-05-21
O004065,C0323,P0141,W017,9,473.02,51.43,4205.75,Credit Card,Pending,2026-04-23
O004066,C0061,P0088,W012,1,512.39,63.39,449.0,Credit Card,Completed,2026-05-23
O004067,C0388,P0058,W002,6,607.88,470.77,3176.51,UPI,Completed,2025-10-12
O004068,C0265,P0067,W020,8,610.98,868.51,4019.33,Debit Card,Pending,2025-12-16
O004069,C0193,P0190,W001,8,537.59,660.72,3640.0,Cash,Completed,2026-05-11
O004070,C0245,P0047,W006,7,519.72,726.6,2911.44,UPI,Completed,2026-05-13
O004071,C0176,P0094,W010,9,536.83,324.1,4507.37,UPI,Pending,2026-01-29
O004072,C0018,P0184,W018,2,600.98,14.12,1187.84,Net Banking,Completed,2026-04-28
O004073,C0197,P0002,W016,10,318.95,249.07,2940.43,Credit Card,Pending,2026-02-24
O004074,C0208,P0150,W009,1,79.1,4.97,74.13,UPI,Cancelled,2025-11-28
O004075,C0476,P0044,W010,8,509.99,212.72,3867.2,Credit Card,Completed,2026-04-03
O004076,C0081,P0089,W004,2,380.36,15.37,745.35,Credit Card,Completed,2025-10-28
O004077,C0307,P0153,W016,10,97.2,88.68,883.32,Net Banking,Completed,2025-12-27
O004078,C0036,P0139,W001,9,261.47,185.19,2168.04,UPI,Pending,2025-09-14
O004079,C0107,P0145,W007,10,49.46,13.46,481.14,Cash,Completed,2025-11-17
O004080,C0405,P0071,W013,5,324.09,276.71,1343.74,Cash,Pending,2026-01-13
O004081,C0038,P0196,W018,7,403.53,412.96,2411.75,Net Banking,Pending,2026-06-17
O004082,C0355,P0097,W010,2,339.95,66.81,613.09,Debit Card,Pending,2026-03-16
O004083,C0117,P0118,W005,2,545.32,65.16,1025.48,Cash,Pending,2026-05-25
O004084,C0030,P0071,W010,5,324.09,304.1,1316.35,Cash,Cancelled,2026-02-18
O004085,C0492,P0041,W020,7,471.27,212.71,3086.18,UPI,Pending,2026-04-27
O004086,C0184,P0017,W007,4,438.91,263.05,1492.59,Net Banking,Pending,2026-06-13
O004087,C0389,P0186,W011,6,703.11,386.86,3831.8,Credit Card,Cancelled,2025-08-25
O004088,C0255,P0001,W017,7,711.01,920.66,4056.41,Credit Card,Pending,2025-09-19
O004089,C0260,P0142,W008,5,465.39,84.92,2242.03,Cash,Completed,2025-10-06
O004090,C0481,P0178,W012,6,253.74,220.18,1302.26,Debit Card,Pending,2025-10-26
O004091,C0201,P0032,W005,4,562.17,231.55,2017.13,Credit Card,Completed,2026-05-17
O004092,C0413,P0033,W004,1,316.3,3.69,312.61,Cash,Pending,2026-04-24
O004093,C0484,P0190,W014,1,537.59,84.56,453.03,Cash,Completed,2026-06-14
O004094,C0397,P0177,W018,1,764.51,50.34,714.17,UPI,Completed,2025-08-22
O004095,C0187,P0051,W008,7,229.62,318.56,1288.78,UPI,Completed,2025-10-20
O004096,C0059,P0184,W004,2,600.98,53.63,1148.33,Credit Card,Cancelled,2025-09-06
O004097,C0292,P0028,W011,10,169.73,134.64,1562.66,UPI,Cancelled,2026-07-05
O004098,C0135,P0010,W002,2,275.52,84.64,466.4,UPI,Completed,2025-12-09
O004099,C0123,P0065,W004,3,114.36,18.82,324.26,Credit Card,Completed,2026-01-10
O004100,C0195,P0017,W009,8,438.91,67.04,3444.24,Net Banking,Completed,2026-03-01
O004101,C0169,P0046,W019,7,602.93,539.06,3681.45,Debit Card,Completed,2025-11-02
O004102,C0309,P0109,W013,9,51.49,80.32,383.09,Net Banking,Completed,2026-03-19
O004103,C0308,P0001,W012,7,711.01,305.84,4671.23,Cash,Cancelled,2025-10-17
O004104,C0313,P0049,W004,2,200.77,0.95,400.59,Credit Card,Pending,2025-11-01
O004105,C0295,P0191,W013,8,583.75,21.27,4648.73,UPI,Cancelled,2026-03-08
O004106,C0106,P0164,W010,10,347.36,306.78,3166.82,Net Banking,Completed,2025-10-07
O004107,C0407,P0159,W012,10,340.74,293.49,3113.91,Net Banking,Cancelled,2025-09-23
O004108,C0188,P0072,W001,1,712.27,44.83,667.44,Credit Card,Cancelled,2025-10-31
O004109,C0277,P0090,W015,4,414.11,291.88,1364.56,Cash,Completed,2025-10-10
O004110,C0221,P0071,W019,2,324.09,54.46,593.72,Debit Card,Completed,2026-06-09
O004111,C0171,P0017,W004,7,438.91,49.8,3022.57,Debit Card,Completed,2026-01-01
O004112,C0384,P0178,W005,4,253.74,33.08,981.88,Debit Card,Pending,2025-08-09
O004113,C0284,P0068,W007,2,244.39,81.0,407.78,Debit Card,Pending,2025-10-22
O004114,C0308,P0172,W009,3,355.99,0.69,1067.28,Net Banking,Pending,2026-06-21
O004115,C0101,P0128,W001,6,366.55,133.84,2065.46,Net Banking,Completed,2026-07-08
O004116,C0368,P0033,W007,6,316.3,142.64,1755.16,Debit Card,Cancelled,2025-10-31
O004117,C0290,P0098,W005,1,515.46,84.57,430.89,Net Banking,Cancelled,2026-01-26
O004118,C0320,P0150,W016,2,79.1,5.77,152.43,Debit Card,Cancelled,2026-01-24
O004119,C0176,P0067,W002,6,610.98,254.88,3411.0,Net Banking,Completed,2026-02-18
O004120,C0253,P0196,W006,6,403.53,227.02,2194.16,Net Banking,Pending,2025-09-28
O004121,C0113,P0142,W015,10,465.39,319.07,4334.83,Credit Card,Cancelled,2026-02-07
O004122,C0172,P0070,W008,3,468.0,209.24,1194.76,UPI,Cancelled,2026-04-19
O004123,C0052,P0148,W007,4,538.64,401.56,1753.0,Credit Card,Cancelled,2026-06-18
O004124,C0198,P0166,W005,9,399.5,74.17,3521.33,Cash,Pending,2025-09-06
O004125,C0380,P0089,W010,5,380.36,372.66,1529.14,Cash,Cancelled,2026-03-24
O004126,C0028,P0062,W016,3,152.46,25.4,431.98,Net Banking,Cancelled,2025-11-09
O004127,C0476,P0139,W016,10,261.47,227.95,2386.75,Cash,Cancelled,2026-07-03
O004128,C0497,P0125,W004,3,184.54,94.39,459.23,Credit Card,Cancelled,2026-02-08
O004129,C0420,P0181,W020,1,510.35,8.64,501.71,Credit Card,Pending,2026-03-01
O004130,C0251,P0166,W017,6,399.5,119.6,2277.4,Debit Card,Pending,2025-08-07
O004131,C0109,P0093,W008,9,102.56,43.4,879.64,Net Banking,Cancelled,2026-06-12
O004132,C0366,P0160,W017,10,103.95,42.79,996.71,Cash,Pending,2026-02-10
O004133,C0453,P0007,W018,6,86.6,53.14,466.46,UPI,Completed,2026-02-22
O004134,C0140,P0066,W017,7,156.35,126.95,967.5,Net Banking,Pending,2026-03-07
O004135,C0355,P0088,W003,3,512.39,74.81,1462.36,Cash,Pending,2026-03-17
O004136,C0289,P0177,W009,4,764.51,246.46,2811.58,Credit Card,Pending,2025-10-12
O004137,C0230,P0158,W011,1,498.73,23.58,475.15,Cash,Pending,2026-01-17
O004138,C0491,P0128,W017,4,366.55,265.16,1201.04,UPI,Completed,2026-06-10
O004139,C0153,P0001,W003,5,711.01,310.39,3244.66,Debit Card,Cancelled,2026-05-15
O004140,C0231,P0013,W016,9,678.5,1118.84,4987.66,Credit Card,Completed,2026-07-13
O004141,C0341,P0139,W014,5,261.47,32.49,1274.86,Debit Card,Completed,2026-03-20
O004142,C0329,P0026,W006,2,424.88,99.49,750.27,UPI,Pending,2026-01-25
O004143,C0161,P0165,W006,4,221.44,122.45,763.31,Cash,Pending,2026-07-20
O004144,C0085,P0033,W017,4,316.3,116.85,1148.35,Net Banking,Pending,2025-10-23
O004145,C0041,P0062,W014,9,152.46,133.38,1238.76,UPI,Completed,2026-03-15
O004146,C0022,P0176,W008,9,708.65,1274.95,5102.9,Debit Card,Completed,2026-07-24
O004147,C0430,P0177,W020,4,764.51,125.97,2932.07,UPI,Cancelled,2026-07-13
O004148,C0109,P0018,W015,2,693.16,125.63,1260.69,Net Banking,Completed,2025-10-25
O004149,C0092,P0148,W001,3,538.64,70.62,1545.3,Debit Card,Completed,2026-02-05
O004150,C0422,P0040,W019,6,533.67,108.52,3093.5,Cash,Pending,2025-09-07
O004151,C0411,P0007,W007,5,86.6,55.23,377.77,Net Banking,Pending,2026-07-25
O004152,C0342,P0053,W018,1,208.63,39.78,168.85,Credit Card,Cancelled,2025-09-04
O004153,C0037,P0093,W002,5,102.56,12.02,500.78,Credit Card,Pending,2025-08-14
O004154,C0421,P0014,W020,8,248.91,365.25,1626.03,Cash,Completed,2026-06-18
O004155,C0360,P0102,W018,7,580.08,692.15,3368.41,Cash,Cancelled,2025-11-25
O004156,C0088,P0032,W015,4,562.17,401.85,1846.83,UPI,Completed,2026-05-03
O004157,C0420,P0027,W001,4,78.28,58.28,254.84,Credit Card,Completed,2025-10-24
O004158,C0012,P0019,W001,4,452.83,84.41,1726.91,UPI,Cancelled,2025-09-13
O004159,C0349,P0046,W008,4,602.93,404.12,2007.6,UPI,Completed,2026-07-12
O004160,C0396,P0193,W011,5,327.81,256.28,1382.77,Cash,Completed,2026-04-21
O004161,C0336,P0157,W013,8,596.45,332.02,4439.58,Cash,Pending,2025-12-21
O004162,C0394,P0173,W002,3,112.19,9.32,327.25,Debit Card,Pending,2026-01-26
O004163,C0113,P0127,W018,7,830.32,922.25,4889.99,Credit Card,Completed,2025-08-10
O004164,C0439,P0141,W016,3,473.02,71.9,1347.16,UPI,Pending,2025-09-23
O004165,C0388,P0089,W015,8,380.36,104.41,2938.47,Cash,Pending,2025-08-10
O004166,C0089,P0010,W005,5,275.52,147.5,1230.1,Debit Card,Cancelled,2025-12-08
O004167,C0130,P0055,W005,4,691.95,335.35,2432.45,UPI,Completed,2026-03-22
O004168,C0156,P0146,W017,6,595.2,412.21,3158.99,Credit Card,Cancelled,2026-01-13
O004169,C0373,P0073,W019,7,114.95,154.71,649.94,UPI,Pending,2026-03-29
O004170,C0069,P0072,W003,6,712.27,107.41,4166.21,Debit Card,Pending,2026-06-28
O004171,C0229,P0088,W009,6,512.39,75.7,2998.64,Debit Card,Completed,2026-06-17
O004172,C0270,P0055,W011,8,691.95,334.3,5201.3,Cash,Completed,2025-12-23
O004173,C0185,P0046,W005,3,602.93,231.98,1576.81,Cash,Pending,2026-06-28
O004174,C0190,P0167,W018,5,121.8,31.98,577.02,Credit Card,Cancelled,2026-04-07
O004175,C0273,P0158,W020,1,498.73,17.7,481.03,Net Banking,Pending,2026-04-13
O004176,C0441,P0164,W012,1,347.36,56.42,290.94,Cash,Pending,2025-10-16
O004177,C0322,P0141,W006,10,473.02,738.44,3991.76,Debit Card,Pending,2025-11-23
O004178,C0414,P0186,W013,4,703.11,552.13,2260.31,Credit Card,Completed,2026-03-26
O004179,C0430,P0095,W017,7,121.43,97.59,752.42,Debit Card,Pending,2026-03-20
O004180,C0123,P0141,W010,2,473.02,156.87,789.17,UPI,Cancelled,2026-05-13
O004181,C0015,P0150,W019,8,79.1,40.15,592.65,Debit Card,Completed,2025-08-23
O004182,C0213,P0052,W002,4,697.25,466.01,2322.99,Credit Card,Pending,2025-08-11
O004183,C0256,P0193,W014,10,327.81,572.51,2705.59,UPI,Pending,2026-07-08
O004184,C0281,P0090,W016,2,414.11,140.74,687.48,Debit Card,Completed,2026-03-11
O004185,C0458,P0088,W004,8,512.39,93.41,4005.71,Debit Card,Completed,2026-07-04
O004186,C0277,P0118,W005,8,545.32,409.56,3953.0,UPI,Pending,2025-09-08
O004187,C0163,P0077,W019,10,705.01,373.54,6676.56,Cash,Cancelled,2026-05-19
O004188,C0458,P0033,W004,4,316.3,185.05,1080.15,UPI,Cancelled,2026-06-25
O004189,C0008,P0111,W017,3,638.29,5.41,1909.46,Net Banking,Completed,2026-03-16
O004190,C0227,P0048,W006,1,197.9,0.63,197.27,UPI,Pending,2026-07-22
O004191,C0422,P0040,W008,8,533.67,536.23,3733.13,Net Banking,Cancelled,2026-05-13
O004192,C0053,P0003,W011,3,307.09,152.48,768.79,UPI,Cancelled,2026-07-03
O004193,C0290,P0181,W006,4,510.35,213.79,1827.61,Net Banking,Pending,2026-04-02
O004194,C0072,P0069,W003,10,779.75,437.71,7359.79,Debit Card,Completed,2026-01-21
O004195,C0431,P0004,W002,5,47.98,36.54,203.36,Cash,Completed,2025-08-06
O004196,C0339,P0067,W002,3,610.98,163.42,1669.52,UPI,Pending,2025-10-15
O004197,C0151,P0164,W003,6,347.36,286.64,1797.52,Net Banking,Cancelled,2026-07-07
O004198,C0022,P0073,W006,7,114.95,18.33,786.32,Credit Card,Completed,2025-09-20
O004199,C0292,P0198,W014,6,369.55,349.57,1867.73,Cash,Cancelled,2026-03-17
O004200,C0381,P0042,W014,5,276.02,129.33,1250.77,Credit Card,Completed,2026-05-19
O004201,C0180,P0146,W010,3,595.2,284.52,1501.08,Net Banking,Cancelled,2025-10-26
O004202,C0006,P0059,W003,5,691.04,170.88,3284.32,UPI,Pending,2026-01-13
O004203,C0215,P0125,W017,10,184.54,101.87,1743.53,Net Banking,Cancelled,2026-07-12
O004204,C0168,P0200,W016,7,181.69,19.56,1252.27,Net Banking,Cancelled,2026-01-25
O004205,C0200,P0110,W014,3,91.98,34.85,241.09,Net Banking,Pending,2026-07-28
O004206,C0406,P0072,W002,5,712.27,188.88,3372.47,Credit Card,Completed,2026-07-17
O004207,C0129,P0150,W007,3,79.1,45.9,191.4,Debit Card,Completed,2025-11-19
O004208,C0149,P0123,W014,1,614.42,52.49,561.93,Net Banking,Cancelled,2025-12-31
O004209,C0055,P0051,W012,7,229.62,259.05,1348.29,Net Banking,Completed,2026-01-25
O004210,C0075,P0049,W015,6,200.77,133.95,1070.67,Debit Card,Pending,2025-08-20
O004211,C0020,P0107,W006,10,223.7,86.63,2150.37,Net Banking,Completed,2026-06-21
O004212,C0285,P0148,W005,10,538.64,952.54,4433.86,Net Banking,Pending,2025-08-17
O004213,C0461,P0151,W015,4,359.46,167.26,1270.58,Debit Card,Pending,2025-09-09
O004214,C0011,P0125,W020,7,184.54,125.87,1165.91,Debit Card,Cancelled,2026-03-20
O004215,C0138,P0178,W005,7,253.74,212.3,1563.88,UPI,Completed,2026-05-29
O004216,C0171,P0012,W019,5,342.53,201.3,1511.35,Credit Card,Pending,2026-07-29
O004217,C0430,P0168,W015,2,802.22,187.88,1416.56,Credit Card,Cancelled,2025-09-29
O004218,C0016,P0025,W005,5,464.04,383.76,1936.44,Debit Card,Cancelled,2026-05-08
O004219,C0027,P0110,W011,2,91.98,16.17,167.79,UPI,Cancelled,2026-03-30
O004220,C0046,P0157,W008,1,596.45,24.5,571.95,UPI,Pending,2026-05-15
O004221,C0187,P0155,W010,3,70.67,22.11,189.9,Debit Card,Pending,2026-04-21
O004222,C0366,P0022,W002,6,456.03,526.57,2209.61,Net Banking,Completed,2026-01-23
O004223,C0132,P0100,W001,3,451.54,249.1,1105.52,Cash,Cancelled,2026-02-16
O004224,C0310,P0004,W002,1,47.98,2.66,45.32,Cash,Cancelled,2025-11-01
O004225,C0490,P0142,W008,1,465.39,49.78,415.61,Credit Card,Pending,2026-05-16
O004226,C0009,P0076,W003,9,366.83,550.27,2751.2,Debit Card,Cancelled,2026-06-10
O004227,C0287,P0144,W020,2,642.6,29.46,1255.74,UPI,Completed,2025-08-17
O004228,C0155,P0121,W003,10,650.82,418.54,6089.66,Cash,Completed,2026-01-05
O004229,C0097,P0111,W012,8,638.29,749.69,4356.63,Debit Card,Pending,2025-11-07
O004230,C0210,P0076,W013,4,366.83,41.82,1425.5,Debit Card,Cancelled,2025-09-19
O004231,C0486,P0187,W018,4,557.43,237.31,1992.41,Credit Card,Pending,2025-08-30
O004232,C0140,P0038,W015,10,210.73,129.55,1977.75,UPI,Cancelled,2025-12-19
O004233,C0079,P0056,W005,5,73.8,18.62,350.38,Credit Card,Completed,2026-03-13
O004234,C0114,P0057,W014,5,500.43,178.73,2323.42,Net Banking,Pending,2025-09-05
O004235,C0262,P0194,W016,1,316.48,49.62,266.86,Net Banking,Pending,2026-02-19
O004236,C0325,P0043,W017,3,759.88,188.53,2091.11,Cash,Pending,2025-09-29
O004237,C0309,P0043,W005,5,759.88,174.0,3625.4,UPI,Cancelled,2026-07-19
O004238,C0291,P0105,W013,9,537.76,67.25,4772.59,Credit Card,Cancelled,2025-09-18
O004239,C0246,P0165,W012,6,221.44,201.39,1127.25,Cash,Pending,2025-11-17
O004240,C0342,P0164,W014,6,347.36,144.0,1940.16,UPI,Completed,2025-10-04
O004241,C0265,P0180,W017,1,83.12,6.48,76.64,UPI,Completed,2026-03-18
O004242,C0364,P0068,W014,3,244.39,33.41,699.76,Net Banking,Cancelled,2026-01-26
O004243,C0058,P0075,W008,1,153.98,29.71,124.27,UPI,Pending,2026-04-11
O004244,C0243,P0173,W018,10,112.19,82.87,1039.03,Net Banking,Cancelled,2026-06-12
O004245,C0247,P0104,W012,4,61.8,5.54,241.66,Net Banking,Completed,2025-10-20
O004246,C0464,P0014,W002,3,248.91,62.31,684.42,Cash,Pending,2026-07-13
O004247,C0173,P0113,W002,4,229.52,24.55,893.53,Net Banking,Cancelled,2026-01-29
O004248,C0495,P0153,W020,3,97.2,30.0,261.6,Debit Card,Completed,2025-12-31
O004249,C0452,P0124,W017,9,711.13,792.3,5607.87,Credit Card,Cancelled,2026-07-06
O004250,C0407,P0135,W017,1,444.2,47.64,396.56,UPI,Cancelled,2025-12-09
O004251,C0198,P0070,W016,4,468.0,229.96,1642.04,Net Banking,Pending,2025-11-28
O004252,C0257,P0163,W007,5,561.9,505.07,2304.43,Credit Card,Pending,2026-03-16
O004253,C0222,P0007,W012,8,86.6,42.72,650.08,UPI,Cancelled,2026-07-31
O004254,C0268,P0095,W017,2,121.43,18.42,224.44,Cash,Pending,2026-02-26
O004255,C0334,P0138,W010,3,574.82,300.71,1423.75,UPI,Cancelled,2025-11-21
O004256,C0369,P0172,W005,5,355.99,200.02,1579.93,Net Banking,Completed,2025-09-01
O004257,C0446,P0175,W003,7,636.16,165.41,4287.71,Cash,Completed,2026-03-05
O004258,C0429,P0066,W015,5,156.35,20.18,761.57,Cash,Pending,2025-08-30
O004259,C0145,P0022,W016,4,456.03,74.23,1749.89,Cash,Completed,2026-03-02
O004260,C0014,P0088,W008,2,512.39,118.3,906.48,Cash,Completed,2026-07-25
O004261,C0057,P0183,W012,9,518.44,461.22,4204.74,Credit Card,Cancelled,2026-05-14
O004262,C0044,P0197,W014,3,603.05,111.06,1698.09,UPI,Pending,2026-07-19
O004263,C0382,P0107,W001,3,223.7,74.53,596.57,Net Banking,Pending,2025-10-02
O004264,C0074,P0137,W009,9,70.49,41.07,593.34,Credit Card,Cancelled,2026-04-19
O004265,C0332,P0093,W004,1,102.56,3.36,99.2,Cash,Cancelled,2026-04-28
O004266,C0400,P0193,W008,8,327.81,343.05,2279.43,Debit Card,Completed,2025-12-01
O004267,C0297,P0014,W019,8,248.91,295.92,1695.36,Debit Card,Cancelled,2025-08-09
O004268,C0401,P0070,W018,7,468.0,116.31,3159.69,Net Banking,Completed,2025-10-08
O004269,C0458,P0159,W007,8,340.74,135.1,2590.82,Credit Card,Pending,2025-12-30
O004270,C0058,P0037,W014,8,536.12,178.0,4110.96,Cash,Pending,2026-03-27
O004271,C0241,P0081,W020,2,583.65,174.36,992.94,Debit Card,Completed,2026-06-03
O004272,C0331,P0138,W003,5,574.82,376.81,2497.29,Cash,Completed,2026-03-10
O004273,C0473,P0005,W006,10,616.49,1034.33,5130.57,Net Banking,Pending,2026-04-20
O004274,C0282,P0108,W006,1,467.1,42.63,424.47,Net Banking,Completed,2026-06-17
O004275,C0312,P0176,W010,1,708.65,84.26,624.39,Debit Card,Completed,2026-04-02
O004276,C0306,P0146,W018,10,595.2,1034.02,4917.98,Credit Card,Pending,2026-01-22
O004277,C0264,P0100,W007,4,451.54,135.83,1670.33,Cash,Pending,2025-08-17
O004278,C0388,P0098,W005,4,515.46,258.34,1803.5,Cash,Cancelled,2026-04-16
O004279,C0067,P0200,W003,9,181.69,129.59,1505.62,Credit Card,Completed,2026-03-11
O004280,C0442,P0137,W007,2,70.49,21.12,119.86,UPI,Pending,2026-05-02
O004281,C0152,P0167,W016,8,121.8,150.27,824.13,Cash,Pending,2025-09-26
O004282,C0151,P0136,W009,1,596.21,28.81,567.4,Net Banking,Pending,2026-07-27
O004283,C0014,P0056,W018,1,73.8,8.0,65.8,Debit Card,Cancelled,2026-03-10
O004284,C0205,P0061,W003,3,427.25,143.77,1137.98,UPI,Completed,2026-03-23
O004285,C0102,P0068,W008,5,244.39,43.15,1178.8,Net Banking,Completed,2026-03-02
O004286,C0315,P0184,W018,1,600.98,12.14,588.84,Debit Card,Cancelled,2026-03-18
O004287,C0268,P0010,W003,7,275.52,337.99,1590.65,Debit Card,Pending,2026-06-25
O004288,C0145,P0105,W010,1,537.76,86.54,451.22,Debit Card,Pending,2026-06-07
O004289,C0208,P0067,W016,5,610.98,49.89,3005.01,Debit Card,Pending,2026-05-31
O004290,C0465,P0178,W001,1,253.74,36.19,217.55,Net Banking,Completed,2026-06-15
O004291,C0193,P0011,W003,7,311.47,2.61,2177.68,Debit Card,Pending,2025-08-25
O004292,C0434,P0082,W014,1,524.26,28.58,495.68,Debit Card,Completed,2026-02-27
O004293,C0208,P0181,W010,9,510.35,89.91,4503.24,Debit Card,Cancelled,2025-08-05
O004294,C0155,P0015,W015,4,435.76,82.91,1660.13,UPI,Pending,2026-01-23
O004295,C0316,P0044,W013,4,509.99,75.02,1964.94,Credit Card,Pending,2026-05-30
O004296,C0337,P0054,W011,4,298.13,226.35,966.17,Net Banking,Pending,2026-08-05
O004297,C0280,P0084,W012,4,611.84,147.25,2300.11,Cash,Completed,2026-07-31
O004298,C0301,P0020,W006,3,658.43,166.71,1808.58,Credit Card,Completed,2026-05-24
O004299,C0177,P0165,W008,4,221.44,128.05,757.71,UPI,Pending,2025-11-03
O004300,C0400,P0062,W004,6,152.46,126.69,788.07,UPI,Cancelled,2025-08-26
O004301,C0293,P0194,W008,1,316.48,5.82,310.66,Cash,Pending,2026-03-17
O004302,C0339,P0024,W017,10,574.38,711.5,5032.3,Credit Card,Cancelled,2025-09-14
O004303,C0024,P0120,W005,5,117.95,59.17,530.58,Cash,Completed,2025-09-22
O004304,C0069,P0163,W007,3,561.9,144.25,1541.45,UPI,Completed,2026-03-16
O004305,C0031,P0130,W019,2,247.63,94.18,401.08,Net Banking,Pending,2026-04-23
O004306,C0177,P0109,W010,6,51.49,7.47,301.47,UPI,Completed,2025-10-18
O004307,C0064,P0141,W016,7,473.02,324.37,2986.77,Credit Card,Cancelled,2026-05-25
O004308,C0345,P0049,W007,2,200.77,79.32,322.22,Debit Card,Completed,2026-02-20
O004309,C0281,P0070,W005,6,468.0,384.82,2423.18,Debit Card,Pending,2025-09-21
O004310,C0490,P0163,W005,4,561.9,232.51,2015.09,UPI,Completed,2025-08-12
O004311,C0254,P0016,W007,10,646.11,275.2,6185.9,Net Banking,Pending,2026-05-07
O004312,C0128,P0013,W017,2,678.5,65.91,1291.09,Cash,Completed,2025-11-09
O004313,C0217,P0085,W010,7,734.45,838.12,4303.03,Credit Card,Completed,2025-12-09
O004314,C0034,P0155,W015,4,70.67,28.27,254.41,Debit Card,Pending,2025-08-20
O004315,C0407,P0117,W003,6,422.57,301.13,2234.29,Credit Card,Pending,2026-06-18
O004316,C0192,P0021,W011,1,244.16,43.34,200.82,Cash,Completed,2026-07-11
O004317,C0023,P0159,W012,8,340.74,360.93,2364.99,Net Banking,Pending,2025-11-10
O004318,C0276,P0160,W004,3,103.95,23.61,288.24,UPI,Cancelled,2026-06-19
O004319,C0280,P0200,W007,2,181.69,0.06,363.32,Net Banking,Cancelled,2025-10-27
O004320,C0126,P0051,W012,8,229.62,356.52,1480.44,Cash,Cancelled,2026-04-03
O004321,C0001,P0026,W016,9,424.88,149.33,3674.59,UPI,Pending,2026-07-31
O004322,C0064,P0094,W017,3,536.83,65.5,1544.99,Cash,Cancelled,2025-11-26
O004323,C0056,P0003,W004,8,307.09,65.66,2391.06,Cash,Pending,2026-04-01
O004324,C0399,P0194,W010,2,316.48,17.16,615.8,Cash,Pending,2026-05-28
O004325,C0307,P0111,W017,9,638.29,541.91,5202.7,UPI,Cancelled,2026-06-05
O004326,C0278,P0164,W019,8,347.36,365.12,2413.76,Debit Card,Completed,2025-10-08
O004327,C0301,P0197,W018,6,603.05,292.22,3326.08,Cash,Pending,2026-05-07
O004328,C0379,P0024,W002,4,574.38,15.07,2282.45,Credit Card,Cancelled,2026-02-24
O004329,C0224,P0101,W017,10,536.98,565.04,4804.76,Credit Card,Cancelled,2026-07-31
O004330,C0168,P0054,W012,3,298.13,71.88,822.51,Credit Card,Completed,2025-12-04
O004331,C0094,P0188,W018,4,149.25,76.74,520.26,Net Banking,Cancelled,2026-03-14
O004332,C0440,P0126,W017,1,352.47,60.35,292.12,Net Banking,Completed,2025-10-17
O004333,C0299,P0052,W018,4,697.25,360.39,2428.61,Debit Card,Cancelled,2025-08-14
O004334,C0018,P0135,W013,10,444.2,171.16,4270.84,Cash,Completed,2026-06-07
O004335,C0283,P0180,W001,6,83.12,41.71,457.01,Debit Card,Completed,2025-12-15
O004336,C0371,P0027,W015,8,78.28,78.92,547.32,Cash,Completed,2026-04-21
O004337,C0111,P0173,W011,6,112.19,120.83,552.31,UPI,Cancelled,2025-08-07
O004338,C0167,P0044,W010,10,509.99,189.51,4910.39,UPI,Completed,2025-09-06
O004339,C0273,P0005,W003,2,616.49,8.98,1224.0,Cash,Cancelled,2026-01-06
O004340,C0440,P0143,W014,3,276.16,104.33,724.15,UPI,Completed,2025-12-09
O004341,C0157,P0133,W001,8,659.87,606.32,4672.64,Net Banking,Cancelled,2026-01-01
O004342,C0134,P0012,W019,4,342.53,47.12,1323.0,Net Banking,Cancelled,2026-02-24
O004343,C0170,P0039,W018,10,696.37,725.2,6238.5,Debit Card,Pending,2026-06-03
O004344,C0262,P0122,W006,5,472.24,216.94,2144.26,Debit Card,Pending,2026-08-02
O004345,C0435,P0128,W018,6,366.55,111.74,2087.56,Net Banking,Completed,2026-06-12
O004346,C0078,P0184,W007,3,600.98,97.38,1705.56,Cash,Pending,2026-06-09
O004347,C0293,P0090,W016,3,414.11,227.96,1014.37,Credit Card,Completed,2026-04-19
O004348,C0369,P0080,W017,9,24.4,36.55,183.05,Debit Card,Pending,2026-04-03
O004349,C0100,P0184,W001,1,600.98,15.02,585.96,Cash,Cancelled,2026-03-23
O004350,C0032,P0130,W010,3,247.63,39.97,702.92,Net Banking,Pending,2025-11-28
O004351,C0123,P0179,W011,8,761.14,357.39,5731.73,Cash,Pending,2026-02-12
O004352,C0091,P0020,W014,4,658.43,209.17,2424.55,Net Banking,Cancelled,2026-02-24
O004353,C0325,P0127,W019,9,830.32,1011.41,6461.47,Credit Card,Cancelled,2025-12-07
O004354,C0483,P0163,W008,9,561.9,1010.67,4046.43,Net Banking,Completed,2026-05-15
O004355,C0343,P0004,W017,2,47.98,10.63,85.33,Debit Card,Cancelled,2026-02-04
O004356,C0292,P0112,W019,5,635.62,104.29,3073.81,Debit Card,Cancelled,2025-11-25
O004357,C0420,P0087,W013,8,52.58,76.88,343.76,Net Banking,Cancelled,2025-10-01
O004358,C0340,P0124,W019,7,711.13,950.75,4027.16,Cash,Completed,2026-04-29
O004359,C0239,P0040,W017,3,533.67,197.39,1403.62,Net Banking,Completed,2026-04-22
O004360,C0405,P0004,W020,10,47.98,70.67,409.13,Net Banking,Pending,2026-03-20
O004361,C0430,P0007,W019,7,86.6,79.2,527.0,Net Banking,Completed,2025-12-25
O004362,C0131,P0002,W020,2,318.95,95.31,542.59,Credit Card,Cancelled,2026-03-27
O004363,C0488,P0110,W001,1,91.98,6.17,85.81,Cash,Completed,2025-12-12
O004364,C0054,P0059,W006,10,691.04,120.48,6789.92,Net Banking,Cancelled,2025-09-18
O004365,C0147,P0115,W005,5,346.43,186.38,1545.77,Credit Card,Pending,2026-01-16
O004366,C0448,P0159,W004,9,340.74,223.97,2842.69,Cash,Completed,2026-02-22
O004367,C0359,P0169,W014,1,685.11,25.19,659.92,Cash,Completed,2026-07-07
O004368,C0499,P0184,W019,9,600.98,626.39,4782.43,UPI,Pending,2025-09-26
O004369,C0243,P0118,W013,8,545.32,87.72,4274.84,Cash,Pending,2026-01-18
O004370,C0007,P0055,W010,6,691.95,29.44,4122.26,Net Banking,Cancelled,2025-12-18
O004371,C0485,P0029,W016,1,380.84,61.8,319.04,Cash,Cancelled,2026-05-19
O004372,C0390,P0057,W018,6,500.43,41.96,2960.62,Debit Card,Completed,2025-12-26
O004373,C0158,P0185,W008,6,566.24,29.01,3368.43,Debit Card,Completed,2026-06-20
O004374,C0463,P0016,W002,1,646.11,30.89,615.22,UPI,Cancelled,2026-08-01
O004375,C0322,P0084,W019,10,611.84,97.75,6020.65,Debit Card,Cancelled,2025-12-20
O004376,C0094,P0076,W015,10,366.83,336.43,3331.87,Debit Card,Completed,2026-02-01
O004377,C0347,P0153,W018,9,97.2,56.49,818.31,Cash,Pending,2026-06-18
O004378,C0120,P0021,W010,7,244.16,19.22,1689.9,Debit Card,Cancelled,2026-03-30
O004379,C0086,P0131,W015,2,381.9,5.88,757.92,Cash,Completed,2026-07-18
O004380,C0403,P0185,W013,8,566.24,270.48,4259.44,Credit Card,Completed,2025-09-03
O004381,C0194,P0076,W008,6,366.83,55.68,2145.3,UPI,Completed,2026-07-13
O004382,C0178,P0118,W004,5,545.32,281.46,2445.14,Net Banking,Cancelled,2026-04-29
O004383,C0240,P0069,W001,1,779.75,37.13,742.62,Debit Card,Completed,2026-04-04
O004384,C0311,P0136,W015,3,596.21,345.48,1443.15,Credit Card,Completed,2025-12-13
O004385,C0152,P0020,W014,10,658.43,1034.88,5549.42,UPI,Cancelled,2025-11-20
O004386,C0400,P0154,W019,5,687.94,267.25,3172.45,Debit Card,Cancelled,2025-12-30
O004387,C0036,P0011,W009,3,311.47,66.54,867.87,Credit Card,Completed,2026-04-26
O004388,C0101,P0022,W013,10,456.03,693.8,3866.5,Debit Card,Cancelled,2026-07-29
O004389,C0035,P0042,W019,9,276.02,90.48,2393.7,Net Banking,Cancelled,2025-11-24
O004390,C0331,P0128,W010,2,366.55,92.66,640.44,Debit Card,Completed,2026-07-22
O004391,C0309,P0161,W004,2,792.47,172.19,1412.75,UPI,Completed,2026-07-02
O004392,C0228,P0039,W005,6,696.37,718.14,3460.08,Cash,Pending,2026-01-30
O004393,C0474,P0130,W004,6,247.63,273.99,1211.79,Debit Card,Pending,2025-10-27
O004394,C0481,P0179,W004,5,761.14,508.7,3297.0,Cash,Pending,2025-11-17
O004395,C0432,P0041,W001,4,471.27,356.26,1528.82,Net Banking,Completed,2025-10-24
O004396,C0155,P0125,W012,2,184.54,69.45,299.63,UPI,Pending,2026-01-01
O004397,C0460,P0157,W006,8,596.45,81.76,4689.84,Credit Card,Pending,2025-10-16
O004398,C0114,P0028,W020,4,169.73,59.85,619.07,Debit Card,Completed,2025-08-23
O004399,C0161,P0013,W011,1,678.5,40.46,638.04,Net Banking,Completed,2026-03-17
O004400,C0083,P0141,W018,9,473.02,644.99,3612.19,Net Banking,Completed,2026-03-16
O004401,C0160,P0148,W015,3,538.64,45.14,1570.78,Cash,Completed,2026-03-07
O004402,C0264,P0104,W015,2,61.8,18.77,104.83,Cash,Completed,2026-07-28
O004403,C0330,P0041,W016,2,471.27,144.49,798.05,Cash,Pending,2025-11-03
O004404,C0124,P0038,W010,4,210.73,140.09,702.83,Credit Card,Cancelled,2026-06-28
O004405,C0078,P0026,W019,1,424.88,45.51,379.37,Net Banking,Completed,2025-09-05
O004406,C0184,P0190,W018,1,537.59,75.96,461.63,Cash,Cancelled,2025-09-02
O004407,C0355,P0053,W020,9,208.63,352.75,1524.92,UPI,Cancelled,2025-09-14
O004408,C0500,P0023,W002,3,673.26,345.88,1673.9,Net Banking,Pending,2026-06-05
O004409,C0385,P0014,W009,8,248.91,96.14,1895.14,Debit Card,Cancelled,2026-07-10
O004410,C0046,P0080,W003,7,24.4,7.72,163.08,Cash,Completed,2026-05-27
O004411,C0138,P0199,W010,4,550.92,126.75,2076.93,Net Banking,Pending,2025-08-28
O004412,C0269,P0109,W005,2,51.49,3.8,99.18,Debit Card,Completed,2025-10-17
O004413,C0134,P0200,W002,3,181.69,88.15,456.92,Debit Card,Completed,2026-01-26
O004414,C0039,P0046,W020,9,602.93,75.9,5350.47,UPI,Completed,2026-07-20
O004415,C0036,P0033,W015,1,316.3,40.46,275.84,UPI,Completed,2026-02-01
O004416,C0078,P0086,W017,5,781.27,116.06,3790.29,UPI,Cancelled,2026-02-16
O004417,C0109,P0116,W016,6,446.14,10.82,2666.02,Cash,Completed,2026-03-23
O004418,C0268,P0111,W001,5,638.29,63.2,3128.25,Debit Card,Pending,2025-10-03
O004419,C0181,P0066,W020,7,156.35,166.35,928.1,Net Banking,Pending,2025-10-05
O004420,C0365,P0154,W011,5,687.94,239.67,3200.03,Cash,Pending,2025-11-23
O004421,C0032,P0123,W019,9,614.42,519.21,5010.57,Net Banking,Pending,2026-03-07
O004422,C0143,P0160,W003,3,103.95,46.3,265.55,Net Banking,Completed,2025-08-29
O004423,C0381,P0113,W017,8,229.52,246.51,1589.65,Cash,Pending,2025-09-04
O004424,C0088,P0108,W003,2,467.1,181.99,752.21,Net Banking,Completed,2026-01-24
O004425,C0301,P0097,W005,4,339.95,72.65,1287.15,Net Banking,Cancelled,2026-04-30
O004426,C0292,P0066,W016,5,156.35,122.84,658.91,Debit Card,Pending,2026-02-26
O004427,C0360,P0174,W018,10,288.11,22.91,2858.19,UPI,Completed,2026-01-05
O004428,C0491,P0074,W017,9,318.47,265.35,2600.88,Net Banking,Cancelled,2026-07-03
O004429,C0285,P0199,W002,8,550.92,275.64,4131.72,Cash,Pending,2025-12-14
O004430,C0047,P0154,W002,10,687.94,117.92,6761.48,Net Banking,Completed,2026-04-17
O004431,C0461,P0036,W009,10,550.45,115.26,5389.24,UPI,Completed,2026-06-22
O004432,C0099,P0035,W006,4,613.51,131.99,2322.05,Credit Card,Completed,2026-06-03
O004433,C0138,P0009,W016,10,127.01,126.11,1143.99,Net Banking,Cancelled,2025-11-07
O004434,C0491,P0096,W020,9,223.64,158.39,1854.37,Cash,Completed,2026-02-04
O004435,C0128,P0051,W004,3,229.62,124.66,564.2,UPI,Completed,2025-11-27
O004436,C0304,P0039,W007,4,696.37,3.19,2782.29,Cash,Cancelled,2026-07-05
O004437,C0030,P0024,W015,6,574.38,297.08,3149.2,Debit Card,Completed,2026-02-23
O004438,C0315,P0015,W017,8,435.76,447.66,3038.42,Credit Card,Pending,2026-07-23
O004439,C0450,P0174,W004,1,288.11,38.71,249.4,Credit Card,Completed,2026-02-08
O004440,C0064,P0173,W013,5,112.19,1.13,559.82,Credit Card,Completed,2026-06-23
O004441,C0290,P0049,W019,3,200.77,89.98,512.33,Debit Card,Completed,2025-11-06
O004442,C0233,P0092,W016,1,165.58,25.68,139.9,Net Banking,Completed,2025-10-27
O004443,C0360,P0020,W011,8,658.43,605.86,4661.58,Net Banking,Cancelled,2026-02-26
O004444,C0136,P0178,W006,7,253.74,279.48,1496.7,UPI,Pending,2026-06-26
O004445,C0234,P0091,W006,7,128.87,132.73,769.36,Cash,Completed,2026-01-06
O004446,C0031,P0044,W019,7,509.99,158.65,3411.28,Debit Card,Completed,2025-09-14
O004447,C0135,P0146,W010,6,595.2,469.6,3101.6,UPI,Pending,2025-12-26
O004448,C0443,P0088,W006,6,512.39,524.8,2549.54,Net Banking,Pending,2025-08-21
O004449,C0185,P0169,W012,7,685.11,244.56,4551.21,Debit Card,Completed,2026-04-24
O004450,C0330,P0088,W005,4,512.39,135.11,1914.45,Net Banking,Cancelled,2025-12-13
O004451,C0330,P0177,W013,5,764.51,717.72,3104.83,Credit Card,Cancelled,2026-02-15
O004452,C0149,P0198,W009,7,369.55,102.4,2484.45,Net Banking,Pending,2026-07-17
O004453,C0292,P0188,W009,5,149.25,100.57,645.68,Net Banking,Completed,2025-10-01
O004454,C0183,P0105,W005,6,537.76,240.45,2986.11,Net Banking,Completed,2026-05-24
O004455,C0005,P0129,W019,8,649.05,751.12,4441.28,Cash,Completed,2026-08-04
O004456,C0196,P0066,W012,2,156.35,42.24,270.46,Net Banking,Pending,2025-11-24
O004457,C0324,P0143,W006,7,276.16,333.19,1599.93,Cash,Pending,2026-06-10
O004458,C0213,P0021,W011,8,244.16,207.44,1745.84,Net Banking,Cancelled,2025-08-25
O004459,C0354,P0069,W002,6,779.75,805.21,3873.29,Debit Card,Pending,2026-04-13
O004460,C0013,P0073,W002,6,114.95,84.06,605.64,Debit Card,Cancelled,2026-01-18
O004461,C0161,P0113,W019,4,229.52,174.21,743.87,UPI,Cancelled,2026-05-13
O004462,C0022,P0130,W018,4,247.63,84.28,906.24,Net Banking,Cancelled,2026-01-21
O004463,C0249,P0038,W006,9,210.73,305.52,1591.05,Net Banking,Completed,2026-05-08
O004464,C0248,P0093,W019,5,102.56,83.92,428.88,Credit Card,Pending,2026-07-09
O004465,C0035,P0047,W004,9,519.72,417.43,4260.05,UPI,Completed,2026-03-25
O004466,C0481,P0044,W003,3,509.99,85.05,1444.92,Debit Card,Pending,2026-04-12
O004467,C0227,P0151,W005,3,359.46,121.44,956.94,Credit Card,Completed,2025-10-27
O004468,C0212,P0164,W013,10,347.36,638.75,2834.85,Credit Card,Cancelled,2025-12-05
O004469,C0251,P0152,W004,9,41.85,46.02,330.63,Cash,Cancelled,2026-05-17
O004470,C0193,P0141,W014,1,473.02,44.31,428.71,Credit Card,Cancelled,2025-09-06
O004471,C0179,P0152,W015,4,41.85,23.52,143.88,Credit Card,Pending,2025-10-08
O004472,C0226,P0162,W017,2,472.72,139.05,806.39,UPI,Pending,2026-07-27
O004473,C0346,P0126,W020,9,352.47,42.7,3129.53,Net Banking,Pending,2026-04-08
O004474,C0040,P0170,W013,7,505.56,567.58,2971.34,Net Banking,Pending,2025-09-06
O004475,C0447,P0116,W005,3,446.14,256.61,1081.81,Credit Card,Completed,2026-05-06
O004476,C0077,P0144,W002,3,642.6,250.13,1677.67,Debit Card,Pending,2026-06-26
O004477,C0216,P0100,W019,2,451.54,102.51,800.57,Net Banking,Completed,2025-10-08
O004478,C0416,P0041,W012,7,471.27,471.3,2827.59,Credit Card,Completed,2025-11-30
O004479,C0134,P0071,W010,6,324.09,47.7,1896.84,UPI,Cancelled,2026-04-13
O004480,C0038,P0150,W008,2,79.1,8.5,149.7,Debit Card,Cancelled,2025-11-19
O004481,C0165,P0034,W008,4,98.84,78.43,316.93,Cash,Pending,2026-06-18
O004482,C0046,P0148,W001,6,538.64,269.09,2962.75,Cash,Cancelled,2026-03-05
O004483,C0449,P0175,W013,3,636.16,199.47,1709.01,Debit Card,Cancelled,2026-05-22
O004484,C0366,P0166,W017,8,399.5,456.5,2739.5,Cash,Pending,2026-06-18
O004485,C0421,P0012,W002,5,342.53,252.34,1460.31,Cash,Pending,2025-10-09
O004486,C0147,P0037,W003,8,536.12,153.91,4135.05,UPI,Cancelled,2026-01-25
O004487,C0337,P0191,W005,10,583.75,192.42,5645.08,Cash,Cancelled,2025-08-10
O004488,C0160,P0111,W014,2,638.29,113.32,1163.26,UPI,Pending,2026-05-14
O004489,C0158,P0075,W016,6,153.98,180.71,743.17,Net Banking,Completed,2026-01-10
O004490,C0141,P0118,W013,8,545.32,384.97,3977.59,Credit Card,Cancelled,2026-06-16
O004491,C0196,P0078,W016,9,134.38,129.55,1079.87,Debit Card,Completed,2026-07-24
O004492,C0435,P0146,W020,9,595.2,920.5,4436.3,Net Banking,Pending,2026-05-07
O004493,C0225,P0199,W019,2,550.92,145.87,955.97,UPI,Cancelled,2026-06-19
O004494,C0391,P0192,W015,5,392.33,31.08,1930.57,Credit Card,Completed,2026-05-20
O004495,C0266,P0189,W015,5,416.57,194.07,1888.78,Cash,Cancelled,2026-06-07
O004496,C0402,P0191,W016,10,583.75,1080.9,4756.6,Credit Card,Pending,2026-03-13
O004497,C0376,P0191,W018,6,583.75,473.12,3029.38,UPI,Cancelled,2026-05-23
O004498,C0017,P0157,W018,1,596.45,88.26,508.19,UPI,Cancelled,2026-07-21
O004499,C0073,P0192,W016,9,392.33,299.77,3231.2,Net Banking,Completed,2026-07-17
O004500,C0313,P0095,W014,1,121.43,4.76,116.67,Net Banking,Completed,2025-09-25
O004501,C0153,P0066,W020,6,156.35,18.77,919.33,Net Banking,Pending,2026-01-15
O004502,C0132,P0016,W008,5,646.11,599.07,2631.48,UPI,Cancelled,2026-03-19
O004503,C0420,P0188,W013,4,149.25,114.7,482.3,Net Banking,Completed,2026-05-27
O004504,C0233,P0031,W014,1,475.72,56.91,418.81,Net Banking,Completed,2025-10-17
O004505,C0045,P0176,W019,2,708.65,9.89,1407.41,Credit Card,Completed,2025-09-17
O004506,C0363,P0054,W014,1,298.13,6.69,291.44,Cash,Completed,2026-02-26
O004507,C0092,P0002,W008,6,318.95,201.35,1712.35,Credit Card,Cancelled,2026-03-02
O004508,C0400,P0106,W019,9,395.02,199.67,3355.51,UPI,Completed,2026-03-03
O004509,C0305,P0009,W013,9,127.01,58.95,1084.14,Cash,Cancelled,2025-09-12
O004510,C0261,P0033,W016,8,316.3,84.26,2446.14,Credit Card,Pending,2025-12-09
O004511,C0233,P0151,W009,3,359.46,82.66,995.72,Credit Card,Pending,2026-07-05
O004512,C0194,P0185,W009,6,566.24,405.94,2991.5,UPI,Pending,2025-12-31
O004513,C0460,P0085,W009,6,734.45,552.15,3854.55,Debit Card,Pending,2026-07-29
O004514,C0349,P0158,W014,10,498.73,789.57,4197.73,Cash,Pending,2026-02-05
O004515,C0322,P0097,W019,6,339.95,348.67,1691.03,UPI,Pending,2026-04-13
O004516,C0436,P0179,W011,10,761.14,1350.36,6261.04,Credit Card,Cancelled,2026-05-27
O004517,C0408,P0025,W015,1,464.04,44.2,419.84,Credit Card,Cancelled,2025-08-23
O004518,C0486,P0034,W009,4,98.84,47.96,347.4,Cash,Cancelled,2026-03-22
O004519,C0148,P0033,W017,5,316.3,284.44,1297.06,UPI,Completed,2025-09-27
O004520,C0452,P0156,W018,6,716.77,210.6,4090.02,Debit Card,Completed,2025-11-14
O004521,C0096,P0064,W005,7,124.23,57.12,812.49,Credit Card,Cancelled,2026-01-17
O004522,C0026,P0147,W012,5,250.9,81.42,1173.08,UPI,Completed,2025-08-22
O004523,C0100,P0176,W006,10,708.65,1236.83,5849.67,Debit Card,Completed,2026-02-08
O004524,C0263,P0101,W019,1,536.98,64.1,472.88,Credit Card,Cancelled,2025-09-02
O004525,C0461,P0109,W002,5,51.49,27.88,229.57,Cash,Completed,2026-06-15
O004526,C0303,P0145,W001,1,49.46,7.55,41.91,Debit Card,Completed,2025-12-10
O004527,C0055,P0144,W008,2,642.6,70.49,1214.71,Cash,Cancelled,2026-05-27
O004528,C0377,P0122,W012,7,472.24,457.62,2848.06,Cash,Pending,2026-07-07
O004529,C0288,P0093,W002,9,102.56,26.97,896.07,Cash,Pending,2026-05-16
O004530,C0218,P0075,W005,9,153.98,24.05,1361.77,Credit Card,Pending,2026-05-22
O004531,C0233,P0176,W014,6,708.65,467.91,3783.99,Credit Card,Pending,2026-06-21
O004532,C0157,P0124,W020,3,711.13,164.8,1968.59,UPI,Cancelled,2025-08-17
O004533,C0350,P0135,W001,3,444.2,61.05,1271.55,Cash,Cancelled,2026-04-18
O004534,C0459,P0049,W018,5,200.77,169.88,833.97,UPI,Pending,2026-01-23
O004535,C0401,P0133,W020,8,659.87,780.54,4498.42,UPI,Pending,2026-07-14
O004536,C0408,P0009,W016,8,127.01,195.43,820.65,Net Banking,Pending,2026-07-25
O004537,C0483,P0100,W012,9,451.54,71.38,3992.48,Debit Card,Cancelled,2025-12-26
O004538,C0499,P0101,W002,6,536.98,116.9,3104.98,Debit Card,Pending,2026-07-01
O004539,C0203,P0134,W016,1,127.8,9.37,118.43,Cash,Pending,2026-07-30
O004540,C0142,P0028,W020,7,169.73,58.64,1129.47,Net Banking,Completed,2025-10-06
O004541,C0291,P0164,W002,7,347.36,472.73,1958.79,UPI,Cancelled,2026-02-15
O004542,C0274,P0193,W005,8,327.81,267.53,2354.95,Net Banking,Pending,2026-03-20
O004543,C0082,P0062,W014,1,152.46,24.07,128.39,Net Banking,Cancelled,2026-05-07
O004544,C0314,P0130,W015,7,247.63,23.8,1709.61,Net Banking,Cancelled,2025-11-20
O004545,C0127,P0196,W012,5,403.53,87.51,1930.14,UPI,Completed,2025-09-28
O004546,C0311,P0011,W001,10,311.47,393.03,2721.67,Credit Card,Completed,2025-11-11
O004547,C0330,P0011,W016,5,311.47,117.5,1439.85,Cash,Pending,2025-12-16
O004548,C0148,P0079,W014,10,102.81,82.64,945.46,Credit Card,Pending,2025-11-25
O004549,C0229,P0180,W011,2,83.12,21.19,145.05,UPI,Cancelled,2026-02-18
O004550,C0414,P0003,W004,9,307.09,61.31,2702.5,UPI,Completed,2025-09-07
O004551,C0390,P0197,W009,5,603.05,441.24,2574.01,Cash,Completed,2026-01-22
O004552,C0474,P0108,W011,2,467.1,93.17,841.03,Debit Card,Cancelled,2026-03-06
O004553,C0124,P0161,W003,4,792.47,622.81,2547.07,Credit Card,Pending,2025-12-17
O004554,C0460,P0151,W015,4,359.46,215.21,1222.63,Net Banking,Cancelled,2025-08-13
O004555,C0124,P0019,W010,5,452.83,343.74,1920.41,UPI,Pending,2026-04-25
O004556,C0442,P0089,W014,7,380.36,348.9,2313.62,Cash,Pending,2025-08-05
O004557,C0388,P0139,W004,4,261.47,55.01,990.87,Net Banking,Completed,2026-05-11
O004558,C0024,P0031,W010,9,475.72,465.53,3815.95,Debit Card,Pending,2025-09-19
O004559,C0149,P0135,W003,5,444.2,338.91,1882.09,Cash,Cancelled,2026-04-28
O004560,C0211,P0159,W014,9,340.74,168.7,2897.96,Debit Card,Cancelled,2026-06-01
O004561,C0289,P0060,W019,6,220.07,225.88,1094.54,UPI,Cancelled,2026-07-27
O004562,C0186,P0067,W012,10,610.98,400.13,5709.67,UPI,Pending,2025-08-06
O004563,C0470,P0170,W008,6,505.56,348.65,2684.71,UPI,Completed,2026-02-27
O004564,C0002,P0156,W003,8,716.77,670.3,5063.86,Debit Card,Completed,2026-02-21
O004565,C0137,P0198,W003,1,369.55,52.67,316.88,Cash,Cancelled,2025-08-05
O004566,C0117,P0073,W001,1,114.95,6.43,108.52,Cash,Cancelled,2026-02-15
O004567,C0437,P0157,W006,9,596.45,494.29,4873.76,Credit Card,Cancelled,2026-05-02
O004568,C0319,P0017,W012,2,438.91,132.31,745.51,Cash,Completed,2025-10-11
O004569,C0409,P0166,W019,8,399.5,37.29,3158.71,Cash,Pending,2025-10-22
O004570,C0015,P0087,W020,4,52.58,28.71,181.61,UPI,Cancelled,2025-11-01
O004571,C0467,P0149,W004,4,102.98,39.2,372.72,Cash,Completed,2025-08-19
O004572,C0189,P0178,W009,7,253.74,29.36,1746.82,Credit Card,Cancelled,2026-02-21
O004573,C0229,P0169,W013,5,685.11,488.22,2937.33,Net Banking,Pending,2025-10-05
O004574,C0224,P0013,W007,7,678.5,248.53,4500.97,Credit Card,Pending,2025-10-26
O004575,C0343,P0123,W010,10,614.42,82.36,6061.84,Debit Card,Pending,2026-04-25
O004576,C0195,P0065,W008,8,114.36,87.61,827.27,Net Banking,Completed,2026-06-22
O004577,C0075,P0056,W020,4,73.8,13.63,281.57,Net Banking,Cancelled,2026-07-14
O004578,C0455,P0127,W006,2,830.32,133.89,1526.75,Cash,Cancelled,2026-07-28
O004579,C0219,P0125,W014,6,184.54,73.64,1033.6,UPI,Cancelled,2026-07-21
O004580,C0099,P0041,W018,9,471.27,455.17,3786.26,UPI,Completed,2025-10-08
O004581,C0250,P0025,W016,10,464.04,466.15,4174.25,Debit Card,Cancelled,2026-01-10
O004582,C0308,P0064,W012,3,124.23,5.47,367.22,Cash,Cancelled,2026-06-28
O004583,C0487,P0040,W011,1,533.67,42.26,491.41,Cash,Completed,2025-08-19
O004584,C0050,P0084,W010,8,611.84,697.98,4196.74,Debit Card,Cancelled,2026-07-08
O004585,C0341,P0089,W006,4,380.36,1.43,1520.01,UPI,Completed,2026-07-26
O004586,C0489,P0011,W003,10,311.47,451.28,2663.42,Cash,Completed,2026-08-02
O004587,C0367,P0011,W015,9,311.47,48.64,2754.59,Credit Card,Completed,2025-11-03
O004588,C0124,P0053,W004,6,208.63,167.71,1084.07,Net Banking,Cancelled,2026-01-01
O004589,C0107,P0037,W009,6,536.12,294.31,2922.41,Net Banking,Pending,2025-09-01
O004590,C0188,P0078,W010,9,134.38,61.06,1148.36,Net Banking,Completed,2026-04-23
O004591,C0231,P0108,W005,5,467.1,372.63,1962.87,Debit Card,Completed,2026-07-30
O004592,C0451,P0113,W011,9,229.52,156.36,1909.32,Net Banking,Completed,2026-02-16
O004593,C0198,P0163,W009,2,561.9,137.34,986.46,Net Banking,Cancelled,2025-08-17
O004594,C0119,P0148,W012,9,538.64,827.92,4019.84,Debit Card,Cancelled,2025-09-10
O004595,C0116,P0124,W009,7,711.13,286.89,4691.02,Credit Card,Cancelled,2026-06-25
O004596,C0129,P0110,W005,9,91.98,110.64,717.18,Net Banking,Completed,2025-09-03
O004597,C0333,P0103,W001,8,104.86,38.9,799.98,Credit Card,Pending,2025-11-27
O004598,C0005,P0105,W009,8,537.76,90.79,4211.29,Credit Card,Cancelled,2026-05-26
O004599,C0180,P0130,W006,9,247.63,224.4,2004.27,Net Banking,Completed,2026-03-30
O004600,C0096,P0130,W001,5,247.63,192.82,1045.33,Debit Card,Cancelled,2026-06-29
O004601,C0201,P0106,W011,5,395.02,276.49,1698.61,Debit Card,Completed,2025-08-09
O004602,C0042,P0047,W003,5,519.72,22.13,2576.47,UPI,Pending,2026-07-20
O004603,C0319,P0135,W010,1,444.2,9.34,434.86,Net Banking,Completed,2026-02-18
O004604,C0227,P0116,W004,1,446.14,27.22,418.92,Credit Card,Completed,2026-05-21
O004605,C0406,P0155,W013,6,70.67,73.49,350.53,Credit Card,Pending,2026-05-07
O004606,C0024,P0016,W005,7,646.11,450.52,4072.25,Cash,Pending,2025-08-29
O004607,C0349,P0074,W010,10,318.47,356.81,2827.89,Cash,Cancelled,2026-05-08
O004608,C0150,P0139,W014,6,261.47,64.9,1503.92,Debit Card,Cancelled,2025-11-14
O004609,C0423,P0014,W009,10,248.91,217.72,2271.38,Debit Card,Completed,2026-04-04
O004610,C0460,P0132,W013,3,661.28,361.4,1622.44,Credit Card,Pending,2026-05-15
O004611,C0444,P0042,W006,9,276.02,371.58,2112.6,Credit Card,Cancelled,2026-03-31
O004612,C0180,P0137,W017,3,70.49,6.67,204.8,UPI,Completed,2025-08-24
O004613,C0399,P0198,W014,4,369.55,217.17,1261.03,Debit Card,Completed,2026-04-14
O004614,C0467,P0090,W015,1,414.11,40.78,373.33,Debit Card,Pending,2026-04-22
O004615,C0446,P0063,W020,5,152.21,45.83,715.22,Net Banking,Completed,2026-07-06
O004616,C0375,P0039,W011,9,696.37,639.67,5627.66,UPI,Cancelled,2026-07-12
O004617,C0120,P0135,W018,9,444.2,261.79,3736.01,Debit Card,Pending,2025-12-22
O004618,C0380,P0034,W001,5,98.84,56.26,437.94,Cash,Cancelled,2026-01-30
O004619,C0330,P0067,W001,6,610.98,183.43,3482.45,Credit Card,Completed,2026-07-08
O004620,C0431,P0143,W007,1,276.16,36.77,239.39,Cash,Completed,2025-11-12
O004621,C0305,P0032,W001,6,562.17,292.63,3080.39,Credit Card,Cancelled,2025-08-22
O004622,C0302,P0173,W010,4,112.19,35.58,413.18,Credit Card,Cancelled,2026-05-02
O004623,C0223,P0029,W018,5,380.84,254.05,1650.15,Credit Card,Pending,2025-08-21
O004624,C0350,P0120,W003,3,117.95,23.68,330.17,UPI,Completed,2026-03-06
O004625,C0152,P0082,W010,8,524.26,22.68,4171.4,Cash,Completed,2025-09-11
O004626,C0465,P0190,W013,1,537.59,97.9,439.69,UPI,Pending,2026-03-30
O004627,C0139,P0092,W001,2,165.58,24.08,307.08,Net Banking,Completed,2026-06-14
O004628,C0083,P0029,W016,2,380.84,5.32,756.36,Credit Card,Cancelled,2026-04-14
O004629,C0072,P0164,W002,5,347.36,263.95,1472.85,Net Banking,Completed,2025-12-21
O004630,C0119,P0044,W011,6,509.99,115.92,2944.02,Debit Card,Pending,2025-11-30
O004631,C0328,P0173,W001,7,112.19,30.94,754.39,Cash,Cancelled,2025-10-10
O004632,C0061,P0026,W007,2,424.88,61.97,787.79,Net Banking,Completed,2025-09-16
O004633,C0481,P0023,W006,5,673.26,338.0,3028.3,UPI,Completed,2026-05-07
O004634,C0500,P0026,W014,2,424.88,56.36,793.4,Cash,Cancelled,2026-04-19
O004635,C0251,P0145,W020,9,49.46,87.69,357.45,Debit Card,Pending,2026-03-28
O004636,C0038,P0029,W007,8,380.84,531.83,2514.89,Debit Card,Cancelled,2026-01-21
O004637,C0311,P0177,W015,1,764.51,37.83,726.68,Credit Card,Completed,2026-04-11
O004638,C0459,P0011,W001,6,311.47,207.2,1661.62,Net Banking,Completed,2026-06-01
O004639,C0439,P0149,W017,2,102.98,29.14,176.82,Net Banking,Cancelled,2026-07-07
O004640,C0063,P0043,W015,2,759.88,190.12,1329.64,Credit Card,Cancelled,2026-07-18
O004641,C0374,P0123,W014,5,614.42,167.92,2904.18,Debit Card,Cancelled,2026-06-26
O004642,C0146,P0102,W001,8,580.08,903.9,3736.74,Debit Card,Cancelled,2026-06-26
O004643,C0280,P0198,W006,10,369.55,42.17,3653.33,Net Banking,Pending,2026-02-06
O004644,C0170,P0122,W015,3,472.24,142.77,1273.95,Debit Card,Completed,2026-03-27
O004645,C0210,P0158,W003,7,498.73,402.83,3088.28,Cash,Cancelled,2026-01-10
O004646,C0250,P0099,W008,2,703.35,255.93,1150.77,Debit Card,Completed,2026-05-01
O004647,C0427,P0021,W004,4,244.16,38.08,938.56,Debit Card,Cancelled,2025-08-10
O004648,C0297,P0051,W014,7,229.62,291.19,1316.15,Net Banking,Completed,2026-02-01
O004649,C0141,P0003,W008,3,307.09,174.34,746.93,Debit Card,Completed,2026-07-01
O004650,C0029,P0115,W002,9,346.43,546.49,2571.38,UPI,Completed,2026-02-25
O004651,C0323,P0114,W003,3,433.11,142.65,1156.68,Debit Card,Cancelled,2025-11-10
O004652,C0048,P0167,W012,9,121.8,78.64,1017.56,Net Banking,Pending,2026-06-28
O004653,C0269,P0056,W020,7,73.8,54.65,461.95,UPI,Cancelled,2025-10-24
O004654,C0226,P0126,W004,5,352.47,299.04,1463.31,UPI,Completed,2026-07-16
O004655,C0272,P0020,W007,5,658.43,206.04,3086.11,Debit Card,Cancelled,2026-06-09
O004656,C0020,P0124,W020,10,711.13,989.21,6122.09,Credit Card,Completed,2025-11-23
O004657,C0419,P0143,W017,2,276.16,52.69,499.63,Net Banking,Cancelled,2026-08-03
O004658,C0249,P0139,W005,5,261.47,14.41,1292.94,Credit Card,Pending,2026-08-05
O004659,C0441,P0039,W010,5,696.37,449.62,3032.23,Cash,Pending,2026-06-23
O004660,C0254,P0175,W004,7,636.16,867.8,3585.32,UPI,Pending,2026-01-17
O004661,C0275,P0002,W006,5,318.95,93.43,1501.32,Net Banking,Cancelled,2025-12-05
O004662,C0500,P0160,W008,8,103.95,54.87,776.73,Credit Card,Pending,2025-12-23
O004663,C0146,P0177,W007,9,764.51,327.88,6552.71,Cash,Pending,2026-01-01
O004664,C0309,P0193,W014,7,327.81,279.26,2015.41,Credit Card,Cancelled,2025-11-02
O004665,C0373,P0125,W006,5,184.54,20.22,902.48,UPI,Pending,2026-07-31
O004666,C0309,P0012,W015,1,342.53,37.06,305.47,Credit Card,Completed,2025-12-06
O004667,C0270,P0040,W009,4,533.67,76.82,2057.86,Net Banking,Pending,2025-10-22
O004668,C0351,P0086,W014,9,781.27,1303.79,5727.64,Net Banking,Completed,2026-02-23
O004669,C0324,P0134,W001,6,127.8,100.15,666.65,Credit Card,Pending,2025-12-26
O004670,C0119,P0038,W020,4,210.73,68.31,774.61,UPI,Completed,2026-02-13
O004671,C0330,P0199,W010,2,550.92,34.73,1067.11,Net Banking,Completed,2025-11-07
O004672,C0269,P0026,W019,7,424.88,583.35,2390.81,Debit Card,Completed,2026-01-23
O004673,C0463,P0043,W012,4,759.88,439.46,2600.06,UPI,Pending,2025-10-19
O004674,C0352,P0187,W018,2,557.43,222.25,892.61,UPI,Cancelled,2025-12-18
O004675,C0084,P0138,W002,8,574.82,535.7,4062.86,Credit Card,Cancelled,2025-10-01
O004676,C0002,P0193,W016,8,327.81,304.59,2317.89,UPI,Completed,2025-09-23
O004677,C0393,P0149,W001,6,102.98,29.38,588.5,Debit Card,Completed,2026-01-30
O004678,C0280,P0104,W017,3,61.8,33.59,151.81,UPI,Pending,2026-05-10
O004679,C0182,P0159,W015,2,340.74,36.24,645.24,UPI,Completed,2025-11-30
O004680,C0310,P0002,W007,7,318.95,225.31,2007.34,UPI,Completed,2025-12-24
O004681,C0135,P0166,W017,10,399.5,233.59,3761.41,Debit Card,Cancelled,2026-06-19
O004682,C0365,P0170,W011,4,505.56,40.74,1981.5,Net Banking,Cancelled,2026-03-15
O004683,C0397,P0175,W011,7,636.16,32.36,4420.76,Net Banking,Cancelled,2026-07-17
O004684,C0229,P0006,W007,6,615.25,623.18,3068.32,Credit Card,Cancelled,2025-11-23
O004685,C0033,P0108,W005,1,467.1,43.88,423.22,Credit Card,Pending,2025-10-10
O004686,C0430,P0190,W007,6,537.59,590.13,2635.41,Debit Card,Pending,2026-04-27
O004687,C0244,P0180,W010,7,83.12,51.65,530.19,Credit Card,Completed,2025-12-09
O004688,C0485,P0006,W005,3,615.25,164.04,1681.71,UPI,Completed,2026-02-17
O004689,C0394,P0015,W019,6,435.76,224.07,2390.49,Net Banking,Cancelled,2026-02-12
O004690,C0058,P0032,W015,10,562.17,621.77,4999.93,Net Banking,Pending,2025-09-24
O004691,C0456,P0034,W013,1,98.84,7.75,91.09,UPI,Cancelled,2026-06-08
O004692,C0204,P0121,W010,7,650.82,447.45,4108.29,Cash,Completed,2026-01-15
O004693,C0035,P0013,W013,1,678.5,111.55,566.95,UPI,Completed,2026-03-06
O004694,C0368,P0191,W009,4,583.75,7.18,2327.82,UPI,Cancelled,2026-04-04
O004695,C0386,P0090,W015,7,414.11,512.36,2386.41,Cash,Completed,2025-10-09
O004696,C0377,P0197,W006,2,603.05,214.93,991.17,Credit Card,Cancelled,2026-07-02
O004697,C0421,P0145,W018,9,49.46,50.31,394.83,Net Banking,Pending,2026-02-07
O004698,C0497,P0028,W005,1,169.73,33.11,136.62,Cash,Completed,2026-02-07
O004699,C0316,P0056,W020,4,73.8,58.06,237.14,Net Banking,Cancelled,2026-05-25
O004700,C0108,P0178,W007,2,253.74,93.22,414.26,Net Banking,Cancelled,2026-07-01
O004701,C0124,P0055,W019,6,691.95,99.29,4052.41,Debit Card,Completed,2026-07-13
O004702,C0304,P0109,W017,8,51.49,11.1,400.82,Net Banking,Cancelled,2026-03-01
O004703,C0399,P0124,W015,3,711.13,71.77,2061.62,Debit Card,Completed,2026-04-24
O004704,C0183,P0074,W012,4,318.47,172.34,1101.54,Credit Card,Completed,2026-04-09
O004705,C0211,P0188,W009,3,149.25,24.82,422.93,Net Banking,Completed,2026-02-07
O004706,C0364,P0025,W016,7,464.04,473.06,2775.22,UPI,Completed,2026-05-05
O004707,C0403,P0140,W007,10,719.31,1197.95,5995.15,Cash,Cancelled,2026-07-03
O004708,C0107,P0039,W014,7,696.37,666.8,4207.79,Net Banking,Cancelled,2026-03-03
O004709,C0125,P0184,W009,4,600.98,447.06,1956.86,Cash,Completed,2025-08-12
O004710,C0098,P0020,W002,3,658.43,292.53,1682.76,Net Banking,Completed,2025-10-25
O004711,C0404,P0099,W009,6,703.35,73.91,4146.19,Cash,Completed,2026-05-14
O004712,C0378,P0167,W012,10,121.8,65.75,1152.25,Credit Card,Pending,2026-07-12
O004713,C0280,P0017,W001,10,438.91,8.92,4380.18,Cash,Completed,2026-06-24
O004714,C0170,P0043,W012,1,759.88,60.8,699.08,UPI,Completed,2025-08-09
O004715,C0051,P0041,W015,7,471.27,98.95,3199.94,Net Banking,Cancelled,2025-09-05
O004716,C0007,P0030,W014,5,129.09,126.4,519.05,UPI,Completed,2026-07-09
O004717,C0005,P0026,W013,3,424.88,170.21,1104.43,UPI,Completed,2025-08-26
O004718,C0463,P0176,W010,5,708.65,93.2,3450.05,Net Banking,Cancelled,2025-10-25
O004719,C0100,P0110,W016,6,91.98,66.14,485.74,UPI,Completed,2025-09-03
O004720,C0480,P0195,W001,7,194.61,53.31,1308.96,Cash,Completed,2026-07-12
O004721,C0356,P0142,W007,8,465.39,358.99,3364.13,UPI,Pending,2026-06-23
O004722,C0229,P0009,W017,4,127.01,4.76,503.28,Cash,Completed,2026-03-14
O004723,C0270,P0018,W018,10,693.16,3.12,6928.48,Debit Card,Completed,2025-10-17
O004724,C0012,P0118,W005,3,545.32,55.28,1580.68,Net Banking,Completed,2026-03-17
O004725,C0209,P0065,W011,8,114.36,142.19,772.69,Cash,Completed,2025-10-30
O004726,C0040,P0081,W014,3,583.65,185.97,1564.98,Cash,Cancelled,2026-07-01
O004727,C0297,P0174,W015,6,288.11,326.13,1402.53,Credit Card,Completed,2025-12-10
O004728,C0251,P0136,W003,7,596.21,50.11,4123.36,Net Banking,Completed,2026-04-09
O004729,C0390,P0133,W001,1,659.87,38.88,620.99,Cash,Cancelled,2025-08-11
O004730,C0476,P0114,W012,1,433.11,33.83,399.28,Net Banking,Pending,2026-01-23
O004731,C0328,P0101,W009,7,536.98,608.96,3149.9,UPI,Pending,2025-10-18
O004732,C0363,P0055,W016,6,691.95,680.61,3471.09,Credit Card,Completed,2026-05-10
O004733,C0084,P0034,W009,9,98.84,165.64,723.92,Cash,Cancelled,2026-04-27
O004734,C0111,P0060,W009,10,220.07,390.97,1809.73,Net Banking,Pending,2025-09-26
O004735,C0145,P0072,W019,10,712.27,1102.25,6020.45,Credit Card,Cancelled,2025-12-15
O004736,C0385,P0180,W017,1,83.12,5.04,78.08,Net Banking,Completed,2026-07-21
O004737,C0222,P0170,W012,3,505.56,256.98,1259.7,Cash,Pending,2026-05-26
O004738,C0128,P0023,W009,4,673.26,203.53,2489.51,Credit Card,Cancelled,2025-08-31
O004739,C0022,P0070,W005,2,468.0,59.32,876.68,Net Banking,Cancelled,2026-07-22
O004740,C0309,P0047,W015,3,519.72,204.99,1354.17,Credit Card,Cancelled,2026-06-30
O004741,C0308,P0036,W009,1,550.45,30.82,519.63,Cash,Pending,2026-06-02
O004742,C0355,P0187,W002,6,557.43,383.0,2961.58,UPI,Cancelled,2026-03-07
O004743,C0269,P0082,W001,6,524.26,254.56,2891.0,Debit Card,Cancelled,2026-01-23
O004744,C0216,P0174,W018,4,288.11,63.43,1089.01,Debit Card,Pending,2026-05-13
O004745,C0156,P0009,W009,2,127.01,29.23,224.79,Net Banking,Completed,2025-09-23
O004746,C0416,P0088,W006,10,512.39,743.76,4380.14,UPI,Completed,2025-10-23
O004747,C0377,P0117,W011,6,422.57,465.58,2069.84,Cash,Completed,2026-04-05
O004748,C0057,P0140,W013,2,719.31,23.57,1415.05,Cash,Cancelled,2025-12-10
O004749,C0137,P0103,W005,4,104.86,31.9,387.54,UPI,Cancelled,2026-07-29
O004750,C0313,P0128,W013,4,366.55,190.99,1275.21,Credit Card,Pending,2026-03-04
O004751,C0300,P0181,W002,9,510.35,723.66,3869.49,Debit Card,Completed,2025-08-09
O004752,C0072,P0089,W007,2,380.36,11.09,749.63,Credit Card,Cancelled,2026-06-24
O004753,C0094,P0137,W018,3,70.49,41.58,169.89,UPI,Cancelled,2026-03-14
O004754,C0214,P0016,W008,8,646.11,827.2,4341.68,Debit Card,Cancelled,2026-02-21
O004755,C0449,P0152,W012,6,41.85,8.67,242.43,UPI,Completed,2026-05-10
O004756,C0066,P0056,W016,6,73.8,19.92,422.88,Cash,Pending,2026-07-22
O004757,C0201,P0045,W011,8,74.54,34.99,561.33,Net Banking,Completed,2026-04-28
O004758,C0372,P0190,W015,10,537.59,72.31,5303.59,Credit Card,Pending,2025-08-28
O004759,C0114,P0078,W009,3,134.38,11.91,391.23,UPI,Completed,2026-06-22
O004760,C0129,P0154,W002,4,687.94,302.22,2449.54,UPI,Pending,2025-11-29
O004761,C0208,P0091,W006,6,128.87,88.36,684.86,Credit Card,Completed,2025-10-04
O004762,C0243,P0186,W001,3,703.11,104.81,2004.52,Credit Card,Completed,2026-04-10
O004763,C0268,P0173,W009,4,112.19,53.5,395.26,Net Banking,Completed,2025-11-28
O004764,C0419,P0133,W016,9,659.87,72.44,5866.39,Net Banking,Completed,2026-04-11
O004765,C0365,P0165,W015,2,221.44,45.08,397.8,Debit Card,Cancelled,2026-01-14
O004766,C0208,P0059,W005,2,691.04,95.71,1286.37,Credit Card,Pending,2026-04-13
O004767,C0335,P0196,W015,1,403.53,64.77,338.76,Credit Card,Completed,2026-04-13
O004768,C0462,P0128,W009,1,366.55,52.93,313.62,Cash,Completed,2025-12-12
O004769,C0199,P0104,W013,8,61.8,96.31,398.09,Debit Card,Cancelled,2025-08-19
O004770,C0238,P0106,W011,8,395.02,525.44,2634.72,Net Banking,Cancelled,2025-12-24
O004771,C0314,P0095,W010,7,121.43,38.88,811.13,UPI,Cancelled,2025-10-18
O004772,C0205,P0182,W001,7,103.87,5.77,721.32,Net Banking,Cancelled,2025-12-16
O004773,C0456,P0169,W012,1,685.11,132.57,552.54,Credit Card,Completed,2026-06-21
O004774,C0446,P0065,W018,6,114.36,94.25,591.91,Cash,Cancelled,2025-09-09
O004775,C0135,P0006,W015,8,615.25,29.31,4892.69,Debit Card,Pending,2025-11-25
O004776,C0384,P0120,W018,2,117.95,44.56,191.34,Cash,Pending,2025-09-03
O004777,C0255,P0092,W016,2,165.58,9.41,321.75,Credit Card,Completed,2025-10-17
O004778,C0491,P0064,W014,7,124.23,94.27,775.34,UPI,Pending,2026-03-13
O004779,C0312,P0187,W009,5,557.43,162.49,2624.66,Credit Card,Completed,2026-03-27
O004780,C0226,P0041,W006,4,471.27,227.13,1657.95,Net Banking,Cancelled,2025-11-16
O004781,C0310,P0139,W017,4,261.47,37.17,1008.71,Cash,Cancelled,2026-02-11
O004782,C0176,P0073,W007,7,114.95,133.93,670.72,Credit Card,Pending,2026-01-18
O004783,C0155,P0096,W012,9,223.64,175.89,1836.87,Debit Card,Cancelled,2025-09-02
O004784,C0179,P0018,W008,4,693.16,549.33,2223.31,Cash,Completed,2025-08-09
O004785,C0173,P0170,W009,3,505.56,160.04,1356.64,Net Banking,Completed,2025-12-24
O004786,C0126,P0057,W014,7,500.43,335.24,3167.77,Net Banking,Pending,2026-01-18
O004787,C0028,P0144,W017,8,642.6,828.45,4312.35,UPI,Completed,2025-08-10
O004788,C0074,P0130,W004,9,247.63,396.5,1832.17,Net Banking,Pending,2026-07-08
O004789,C0087,P0089,W012,9,380.36,233.72,3189.52,Cash,Completed,2026-02-07
O004790,C0018,P0069,W004,5,779.75,569.91,3328.84,UPI,Pending,2025-10-24
O004791,C0101,P0012,W006,7,342.53,222.76,2174.95,Cash,Cancelled,2025-08-08
O004792,C0412,P0113,W002,3,229.52,13.14,675.42,UPI,Cancelled,2025-12-16
O004793,C0306,P0106,W008,9,395.02,183.64,3371.54,Credit Card,Completed,2026-07-05
O004794,C0089,P0110,W008,10,91.98,164.98,754.82,UPI,Pending,2025-11-24
O004795,C0438,P0132,W010,8,661.28,945.23,4345.01,Debit Card,Pending,2025-10-09
O004796,C0426,P0017,W003,7,438.91,37.69,3034.68,Net Banking,Completed,2025-11-06
O004797,C0321,P0031,W009,3,475.72,125.75,1301.41,Credit Card,Cancelled,2026-07-03
O004798,C0500,P0160,W019,5,103.95,71.04,448.71,Net Banking,Cancelled,2026-03-29
O004799,C0203,P0179,W014,2,761.14,19.01,1503.27,Credit Card,Cancelled,2026-03-13
O004800,C0173,P0041,W011,8,471.27,119.66,3650.5,Credit Card,Pending,2026-07-29
O004801,C0361,P0134,W005,6,127.8,37.82,728.98,Net Banking,Cancelled,2026-05-10
O004802,C0183,P0070,W001,1,468.0,62.35,405.65,Credit Card,Cancelled,2025-09-12
O004803,C0270,P0191,W005,9,583.75,750.13,4503.62,Debit Card,Pending,2025-10-06
O004804,C0028,P0156,W013,1,716.77,110.98,605.79,UPI,Completed,2025-10-26
O004805,C0255,P0063,W010,6,152.21,67.04,846.22,Debit Card,Pending,2025-11-15
O004806,C0404,P0049,W005,3,200.77,71.85,530.46,Credit Card,Completed,2025-09-30
O004807,C0022,P0006,W016,2,615.25,33.95,1196.55,Debit Card,Cancelled,2026-04-13
O004808,C0017,P0183,W006,7,518.44,84.9,3544.18,Cash,Completed,2026-03-28
O004809,C0415,P0019,W010,7,452.83,23.48,3146.33,UPI,Cancelled,2026-04-07
O004810,C0042,P0175,W020,4,636.16,352.97,2191.67,Net Banking,Cancelled,2025-10-22
O004811,C0166,P0028,W018,1,169.73,21.41,148.32,Debit Card,Pending,2026-06-24
O004812,C0196,P0097,W001,5,339.95,324.68,1375.07,Credit Card,Completed,2025-09-05
O004813,C0089,P0098,W013,5,515.46,411.65,2165.65,Cash,Completed,2026-01-22
O004814,C0254,P0070,W019,5,468.0,221.6,2118.4,Net Banking,Cancelled,2026-06-16
O004815,C0428,P0141,W010,8,473.02,573.17,3210.99,Cash,Pending,2026-07-04
O004816,C0434,P0009,W004,7,127.01,57.08,831.99,Cash,Pending,2025-10-28
O004817,C0145,P0042,W019,2,276.02,3.52,548.52,Net Banking,Cancelled,2026-01-31
O004818,C0455,P0143,W012,2,276.16,14.17,538.15,Net Banking,Completed,2026-02-04
O004819,C0030,P0062,W008,4,152.46,42.28,567.56,Cash,Cancelled,2026-07-11
O004820,C0299,P0009,W004,6,127.01,84.64,677.42,UPI,Cancelled,2026-05-18
O004821,C0312,P0042,W020,4,276.02,125.05,979.03,Cash,Cancelled,2026-05-23
O004822,C0373,P0049,W001,7,200.77,170.25,1235.14,Net Banking,Pending,2025-09-20
O004823,C0497,P0166,W014,2,399.5,5.56,793.44,Net Banking,Pending,2025-11-18
O004824,C0358,P0194,W003,1,316.48,8.73,307.75,Net Banking,Completed,2025-10-21
O004825,C0354,P0180,W003,3,83.12,1.3,248.06,Net Banking,Completed,2026-03-17
O004826,C0225,P0137,W020,8,70.49,41.13,522.79,UPI,Cancelled,2026-07-29
O004827,C0338,P0079,W002,10,102.81,99.18,928.92,Net Banking,Pending,2025-10-20
O004828,C0103,P0199,W020,7,550.92,400.44,3456.0,Debit Card,Pending,2025-09-04
O004829,C0467,P0010,W011,8,275.52,76.35,2127.81,UPI,Pending,2026-04-03
O004830,C0085,P0193,W019,9,327.81,415.04,2535.25,Credit Card,Pending,2026-07-09
O004831,C0479,P0178,W019,9,253.74,54.33,2229.33,UPI,Completed,2025-11-24
O004832,C0126,P0073,W018,7,114.95,60.3,744.35,Credit Card,Cancelled,2026-01-15
O004833,C0330,P0036,W016,9,550.45,675.52,4278.53,UPI,Cancelled,2026-04-29
O004834,C0174,P0002,W004,4,318.95,205.49,1070.31,Credit Card,Completed,2026-06-06
O004835,C0275,P0163,W014,8,561.9,269.3,4225.9,Net Banking,Completed,2025-08-05
O004836,C0216,P0081,W017,1,583.65,11.59,572.06,UPI,Cancelled,2025-11-21
O004837,C0462,P0174,W014,5,288.11,99.13,1341.42,Net Banking,Cancelled,2026-03-27
O004838,C0166,P0130,W003,4,247.63,154.65,835.87,Debit Card,Cancelled,2026-05-04
O004839,C0251,P0179,W008,10,761.14,39.12,7572.28,Credit Card,Cancelled,2025-10-08
O004840,C0070,P0061,W012,5,427.25,72.02,2064.23,Credit Card,Pending,2025-09-23
O004841,C0191,P0080,W010,7,24.4,25.04,145.76,Credit Card,Completed,2025-12-29
O004842,C0047,P0066,W005,3,156.35,20.63,448.42,Cash,Pending,2025-08-22
O004843,C0265,P0055,W003,3,691.95,264.71,1811.14,Net Banking,Pending,2025-11-10
O004844,C0410,P0164,W013,8,347.36,172.25,2606.63,Debit Card,Pending,2026-01-22
O004845,C0343,P0146,W017,4,595.2,24.36,2356.44,Cash,Pending,2025-12-22
O004846,C0299,P0114,W003,2,433.11,65.43,800.79,Debit Card,Pending,2026-02-01
O004847,C0056,P0143,W016,5,276.16,64.75,1316.05,Cash,Cancelled,2026-04-29
O004848,C0124,P0019,W002,3,452.83,126.82,1231.67,Debit Card,Completed,2026-03-14
O004849,C0050,P0109,W001,9,51.49,60.52,402.89,UPI,Cancelled,2025-08-21
O004850,C0146,P0096,W004,6,223.64,213.48,1128.36,Credit Card,Cancelled,2025-08-21
O004851,C0223,P0040,W011,1,533.67,14.38,519.29,Net Banking,Cancelled,2026-04-18
O004852,C0268,P0154,W013,5,687.94,119.17,3320.53,Cash,Completed,2025-11-26
O004853,C0204,P0124,W011,4,711.13,110.01,2734.51,UPI,Completed,2026-04-13
O004854,C0201,P0033,W018,9,316.3,514.78,2331.92,Net Banking,Cancelled,2026-07-02
O004855,C0183,P0002,W016,2,318.95,42.95,594.95,Net Banking,Pending,2026-02-16
O004856,C0204,P0002,W004,9,318.95,58.04,2812.51,Cash,Pending,2025-09-19
O004857,C0383,P0146,W004,8,595.2,277.43,4484.17,Cash,Cancelled,2026-04-17
O004858,C0377,P0185,W003,9,566.24,918.33,4177.83,Debit Card,Cancelled,2025-11-12
O004859,C0429,P0029,W005,5,380.84,210.71,1693.49,Debit Card,Pending,2025-12-30
O004860,C0344,P0075,W005,8,153.98,141.62,1090.22,Debit Card,Pending,2026-01-07
O004861,C0186,P0021,W002,8,244.16,90.84,1862.44,Credit Card,Completed,2026-04-22
O004862,C0398,P0166,W009,7,399.5,255.72,2540.78,UPI,Pending,2025-12-10
O004863,C0041,P0023,W019,7,673.26,237.35,4475.47,Credit Card,Pending,2026-05-13
O004864,C0350,P0161,W017,10,792.47,1420.13,6504.57,UPI,Pending,2026-08-04
O004865,C0299,P0178,W009,8,253.74,169.33,1860.59,UPI,Completed,2026-01-04
O004866,C0229,P0079,W001,4,102.81,21.83,389.41,Cash,Cancelled,2025-12-09
O004867,C0347,P0162,W008,2,472.72,160.54,784.9,Credit Card,Completed,2025-10-19
O004868,C0215,P0041,W011,9,471.27,759.36,3482.07,Debit Card,Completed,2026-05-03
O004869,C0233,P0186,W018,2,703.11,239.41,1166.81,UPI,Completed,2025-12-14
O004870,C0122,P0199,W017,6,550.92,603.39,2702.13,Net Banking,Completed,2025-10-15
O004871,C0444,P0111,W016,2,638.29,65.9,1210.68,Credit Card,Cancelled,2026-01-14
O004872,C0358,P0017,W019,3,438.91,203.82,1112.91,Net Banking,Cancelled,2026-07-16
O004873,C0241,P0097,W010,2,339.95,89.98,589.92,Net Banking,Cancelled,2026-04-23
O004874,C0253,P0065,W003,4,114.36,83.26,374.18,UPI,Pending,2026-07-23
O004875,C0155,P0164,W020,3,347.36,14.15,1027.93,Net Banking,Completed,2025-11-07
O004876,C0404,P0183,W006,9,518.44,376.08,4289.88,Credit Card,Completed,2025-10-03
O004877,C0237,P0096,W019,7,223.64,94.38,1471.1,Debit Card,Cancelled,2025-11-09
O004878,C0161,P0122,W015,4,472.24,1.57,1887.39,Net Banking,Completed,2026-02-26
O004879,C0003,P0004,W013,4,47.98,11.39,180.53,Credit Card,Pending,2026-02-21
O004880,C0136,P0004,W007,4,47.98,27.22,164.7,Credit Card,Cancelled,2026-06-15
O004881,C0275,P0079,W009,1,102.81,10.67,92.14,Net Banking,Cancelled,2026-07-09
O004882,C0129,P0093,W008,9,102.56,103.57,819.47,Debit Card,Pending,2026-02-07
O004883,C0445,P0020,W019,2,658.43,177.69,1139.17,Debit Card,Pending,2025-09-28
O004884,C0080,P0006,W008,9,615.25,1014.66,4522.59,Credit Card,Cancelled,2026-01-31
O004885,C0403,P0149,W008,4,102.98,24.03,387.89,Credit Card,Pending,2026-07-26
O004886,C0321,P0075,W018,5,153.98,27.33,742.57,Debit Card,Cancelled,2026-04-03
O004887,C0266,P0013,W007,4,678.5,501.06,2212.94,UPI,Pending,2026-04-02
O004888,C0233,P0096,W017,2,223.64,78.55,368.73,Net Banking,Pending,2026-07-09
O004889,C0237,P0080,W006,8,24.4,15.87,179.33,UPI,Completed,2026-02-02
O004890,C0453,P0107,W009,3,223.7,96.27,574.83,UPI,Pending,2025-10-15
O004891,C0322,P0089,W003,6,380.36,229.37,2052.79,Cash,Cancelled,2025-08-06
O004892,C0192,P0009,W020,7,127.01,129.89,759.18,Debit Card,Pending,2025-11-23
O004893,C0151,P0107,W009,9,223.7,291.67,1721.63,Cash,Completed,2026-05-08
O004894,C0483,P0014,W004,3,248.91,1.38,745.35,Cash,Pending,2026-07-07
O004895,C0222,P0170,W006,7,505.56,126.55,3412.37,Cash,Completed,2026-01-12
O004896,C0324,P0018,W011,2,693.16,209.23,1177.09,Net Banking,Pending,2025-08-05
O004897,C0406,P0177,W012,6,764.51,103.93,4483.13,Net Banking,Completed,2025-08-22
O004898,C0185,P0148,W007,5,538.64,146.31,2546.89,UPI,Pending,2026-06-02
O004899,C0340,P0034,W015,8,98.84,40.6,750.12,Cash,Cancelled,2026-03-06
O004900,C0098,P0132,W003,4,661.28,246.89,2398.23,Credit Card,Pending,2026-02-26
O004901,C0336,P0195,W008,10,194.61,328.67,1617.43,Net Banking,Completed,2026-04-29
O004902,C0316,P0174,W019,4,288.11,76.93,1075.51,Debit Card,Cancelled,2025-12-24
O004903,C0389,P0047,W004,6,519.72,72.62,3045.7,UPI,Completed,2025-08-06
O004904,C0119,P0035,W013,4,613.51,207.43,2246.61,Debit Card,Completed,2025-12-31
O004905,C0066,P0110,W017,7,91.98,16.15,627.71,Credit Card,Pending,2025-12-26
O004906,C0105,P0015,W004,1,435.76,5.33,430.43,Credit Card,Cancelled,2026-03-19
O004907,C0224,P0081,W015,2,583.65,91.73,1075.57,UPI,Completed,2025-10-11
O004908,C0389,P0053,W016,2,208.63,81.11,336.15,Net Banking,Cancelled,2026-01-02
O004909,C0185,P0021,W006,1,244.16,44.86,199.3,Net Banking,Completed,2025-09-04
O004910,C0353,P0061,W011,2,427.25,150.11,704.39,Net Banking,Pending,2025-10-29
O004911,C0198,P0133,W008,8,659.87,577.99,4700.97,Credit Card,Completed,2026-07-27
O004912,C0187,P0197,W018,2,603.05,217.84,988.26,Debit Card,Completed,2025-09-20
O004913,C0152,P0073,W016,5,114.95,81.34,493.41,Debit Card,Pending,2026-05-09
O004914,C0163,P0150,W007,3,79.1,12.13,225.17,Cash,Cancelled,2026-01-30
O004915,C0485,P0069,W004,6,779.75,802.3,3876.2,Net Banking,Cancelled,2026-01-08
O004916,C0302,P0099,W001,6,703.35,9.3,4210.8,Debit Card,Completed,2025-08-16
O004917,C0075,P0068,W002,1,244.39,14.42,229.97,Debit Card,Completed,2025-11-27
O004918,C0481,P0198,W016,7,369.55,264.43,2322.42,Debit Card,Cancelled,2026-04-22
O004919,C0312,P0045,W016,8,74.54,37.02,559.3,Cash,Cancelled,2026-01-09
O004920,C0479,P0076,W006,2,366.83,97.5,636.16,Debit Card,Completed,2026-05-20
O004921,C0062,P0055,W009,4,691.95,304.6,2463.2,UPI,Completed,2026-03-21
O004922,C0307,P0098,W013,2,515.46,1.13,1029.79,Cash,Pending,2025-11-16
O004923,C0128,P0157,W006,8,596.45,563.52,4208.08,Debit Card,Cancelled,2025-09-12
O004924,C0056,P0129,W008,4,649.05,237.72,2358.48,Net Banking,Cancelled,2026-01-14
O004925,C0163,P0152,W013,4,41.85,26.35,141.05,Net Banking,Cancelled,2026-04-22
O004926,C0382,P0166,W008,8,399.5,547.73,2648.27,Cash,Pending,2025-10-25
O004927,C0202,P0101,W010,1,536.98,107.2,429.78,Cash,Pending,2026-07-05
O004928,C0247,P0144,W019,9,642.6,1084.89,4698.51,Cash,Pending,2026-06-12
O004929,C0036,P0179,W017,4,761.14,70.55,2974.01,UPI,Pending,2025-10-22
O004930,C0097,P0059,W004,10,691.04,382.73,6527.67,Debit Card,Pending,2025-11-06
O004931,C0300,P0055,W008,3,691.95,372.57,1703.28,Net Banking,Cancelled,2025-10-14
O004932,C0167,P0096,W016,3,223.64,53.53,617.39,Credit Card,Cancelled,2026-04-06
O004933,C0492,P0148,W001,7,538.64,439.24,3331.24,Cash,Pending,2026-06-24
O004934,C0160,P0002,W002,5,318.95,66.85,1527.9,Debit Card,Pending,2025-11-12
O004935,C0117,P0170,W019,7,505.56,194.63,3344.29,Cash,Completed,2026-04-24
O004936,C0303,P0034,W012,5,98.84,89.63,404.57,Net Banking,Pending,2025-09-21
O004937,C0479,P0124,W007,8,711.13,146.47,5542.57,Cash,Cancelled,2026-02-19
O004938,C0045,P0129,W011,7,649.05,594.53,3948.82,Debit Card,Completed,2026-04-07
O004939,C0315,P0180,W014,5,83.12,62.41,353.19,Net Banking,Completed,2025-09-06
O004940,C0377,P0109,W011,10,51.49,59.53,455.37,Net Banking,Completed,2025-11-01
O004941,C0270,P0036,W012,6,550.45,410.81,2891.89,UPI,Cancelled,2026-03-22
O004942,C0174,P0142,W014,5,465.39,455.96,1870.99,Net Banking,Pending,2026-05-14
O004943,C0074,P0085,W002,7,734.45,181.53,4959.62,UPI,Pending,2025-10-01
O004944,C0348,P0134,W012,1,127.8,2.31,125.49,Net Banking,Completed,2026-07-25
O004945,C0149,P0168,W001,4,802.22,584.1,2624.78,Credit Card,Completed,2025-09-16
O004946,C0121,P0133,W020,9,659.87,89.42,5849.41,UPI,Pending,2025-12-23
O004947,C0238,P0063,W003,2,152.21,24.02,280.4,Cash,Completed,2025-10-21
O004948,C0468,P0091,W017,8,128.87,141.45,889.51,Net Banking,Cancelled,2025-09-13
O004949,C0487,P0110,W003,3,91.98,24.18,251.76,UPI,Pending,2026-04-21
O004950,C0357,P0035,W018,3,613.51,368.05,1472.48,Debit Card,Completed,2026-05-20
O004951,C0097,P0084,W008,7,611.84,44.19,4238.69,Credit Card,Completed,2026-07-14
O004952,C0346,P0172,W016,3,355.99,213.22,854.75,Credit Card,Cancelled,2026-01-05
O004953,C0103,P0179,W004,10,761.14,106.34,7505.06,UPI,Pending,2025-11-12
O004954,C0434,P0072,W017,6,712.27,505.0,3768.62,Net Banking,Pending,2025-11-11
O004955,C0494,P0004,W020,2,47.98,7.13,88.83,Net Banking,Pending,2026-05-27
O004956,C0340,P0051,W019,8,229.62,350.15,1486.81,Debit Card,Cancelled,2026-06-02
O004957,C0127,P0103,W016,4,104.86,72.98,346.46,Cash,Pending,2025-08-12
O004958,C0360,P0072,W002,8,712.27,401.55,5296.61,UPI,Cancelled,2026-01-20
O004959,C0287,P0041,W004,9,471.27,430.54,3810.89,Net Banking,Completed,2026-06-15
O004960,C0166,P0139,W015,6,261.47,273.17,1295.65,Credit Card,Pending,2026-05-28
O004961,C0045,P0027,W009,8,78.28,20.24,606.0,Net Banking,Cancelled,2026-07-17
O004962,C0493,P0002,W013,7,318.95,128.99,2103.66,UPI,Pending,2026-08-03
O004963,C0135,P0170,W019,7,505.56,698.43,2840.49,Net Banking,Completed,2026-03-25
O004964,C0073,P0148,W014,4,538.64,25.7,2128.86,Debit Card,Cancelled,2025-10-16
O004965,C0128,P0175,W009,3,636.16,84.15,1824.33,UPI,Cancelled,2025-08-25
O004966,C0043,P0032,W010,5,562.17,411.95,2398.9,Net Banking,Pending,2026-01-09
O004967,C0183,P0129,W004,8,649.05,272.68,4919.72,Debit Card,Cancelled,2026-06-28
O004968,C0444,P0004,W006,6,47.98,17.66,270.22,UPI,Completed,2026-05-16
O004969,C0063,P0047,W001,10,519.72,799.56,4397.64,Debit Card,Pending,2026-02-02
O004970,C0023,P0055,W012,6,691.95,739.02,3412.68,Cash,Completed,2026-05-25
O004971,C0294,P0115,W003,6,346.43,149.63,1928.95,Net Banking,Cancelled,2025-08-19
O004972,C0309,P0059,W019,9,691.04,933.63,5285.73,Credit Card,Cancelled,2026-02-25
O004973,C0487,P0054,W013,8,298.13,270.34,2114.7,UPI,Pending,2026-07-07
O004974,C0389,P0048,W002,7,197.9,11.43,1373.87,Net Banking,Cancelled,2025-12-09
O004975,C0356,P0143,W004,3,276.16,94.28,734.2,Net Banking,Pending,2026-02-06
O004976,C0098,P0040,W010,7,533.67,561.0,3174.69,Credit Card,Pending,2026-06-29
O004977,C0034,P0186,W001,1,703.11,117.96,585.15,Debit Card,Completed,2026-07-11
O004978,C0099,P0102,W016,5,580.08,126.73,2773.67,Debit Card,Completed,2026-05-14
O004979,C0119,P0073,W006,3,114.95,42.52,302.33,Net Banking,Cancelled,2025-12-12
O004980,C0495,P0029,W008,1,380.84,37.31,343.53,Cash,Cancelled,2026-06-17
O004981,C0395,P0143,W005,2,276.16,89.0,463.32,Credit Card,Cancelled,2026-01-10
O004982,C0296,P0041,W017,6,471.27,170.81,2656.81,Net Banking,Pending,2026-06-11
O004983,C0172,P0049,W003,6,200.77,182.25,1022.37,Debit Card,Pending,2025-11-22
O004984,C0347,P0168,W012,8,802.22,1008.1,5409.66,UPI,Completed,2026-01-06
O004985,C0066,P0027,W013,4,78.28,40.23,272.89,Credit Card,Cancelled,2025-08-12
O004986,C0206,P0126,W016,8,352.47,54.61,2765.15,Net Banking,Cancelled,2026-05-02
O004987,C0476,P0042,W014,8,276.02,359.36,1848.8,Credit Card,Pending,2026-05-17
O004988,C0120,P0102,W019,8,580.08,651.53,3989.11,Cash,Completed,2025-11-19
O004989,C0222,P0072,W019,10,712.27,1012.27,6110.43,Net Banking,Cancelled,2026-02-05
O004990,C0088,P0005,W012,7,616.49,364.19,3951.24,Cash,Cancelled,2026-02-25
O004991,C0016,P0176,W009,4,708.65,504.79,2329.81,UPI,Pending,2025-11-16
O004992,C0331,P0134,W020,2,127.8,7.29,248.31,Net Banking,Cancelled,2025-11-19
O004993,C0013,P0090,W015,8,414.11,212.56,3100.32,Debit Card,Pending,2025-11-05
O004994,C0108,P0185,W014,4,566.24,404.5,1860.46,UPI,Pending,2026-02-25
O004995,C0148,P0008,W007,10,707.65,1365.52,5710.98,Credit Card,Pending,2026-07-04
O004996,C0062,P0165,W015,4,221.44,128.28,757.48,Net Banking,Completed,2026-06-06
O004997,C0326,P0072,W011,6,712.27,778.34,3495.28,Net Banking,Cancelled,2026-06-01
O004998,C0468,P0023,W015,5,673.26,670.61,2695.69,UPI,Cancelled,2025-12-29
O004999,C0087,P0096,W016,5,223.64,213.08,905.12,UPI,Completed,2025-12-30
O005000,C0042,P0147,W003,2,250.9,55.49,446.31,Cash,Pending,2025-12-10
O005001,C0216,P0017,W018,3,438.91,84.77,1231.96,Credit Card,Cancelled,2026-07-17
O005002,C0203,P0147,W011,1,250.9,46.34,204.56,Cash,Cancelled,2026-04-27
O005003,C0290,P0183,W010,4,518.44,116.95,1956.81,Net Banking,Completed,2026-02-09
O005004,C0327,P0108,W003,5,467.1,235.15,2100.35,Credit Card,Cancelled,2025-09-19
O005005,C0205,P0077,W005,2,705.01,42.99,1367.03,UPI,Cancelled,2026-04-21
O005006,C0447,P0183,W007,4,518.44,23.16,2050.6,UPI,Pending,2026-01-18
O005007,C0146,P0160,W002,6,103.95,107.09,516.61,Net Banking,Cancelled,2026-01-11
O005008,C0346,P0079,W006,7,102.81,98.85,620.82,Net Banking,Pending,2025-08-16
O005009,C0208,P0132,W006,1,661.28,11.99,649.29,UPI,Cancelled,2025-12-20
O005010,C0156,P0087,W011,5,52.58,0.92,261.98,Debit Card,Pending,2025-10-02
O005011,C0046,P0094,W006,2,536.83,187.78,885.88,Net Banking,Cancelled,2026-08-05
O005012,C0236,P0185,W015,3,566.24,176.75,1521.97,Cash,Pending,2025-10-14
O005013,C0186,P0034,W011,4,98.84,35.71,359.65,UPI,Completed,2026-01-25
O005014,C0493,P0131,W009,1,381.9,68.45,313.45,Cash,Pending,2026-03-14
O005015,C0163,P0110,W014,6,91.98,86.66,465.22,Debit Card,Completed,2025-09-29
O005016,C0116,P0154,W009,7,687.94,769.32,4046.26,Credit Card,Pending,2026-08-04
O005017,C0411,P0184,W005,1,600.98,111.4,489.58,Credit Card,Completed,2026-08-02
O005018,C0320,P0088,W013,3,512.39,87.02,1450.15,Net Banking,Completed,2026-04-29
O005019,C0205,P0089,W020,5,380.36,170.74,1731.06,Net Banking,Cancelled,2026-01-31
O005020,C0158,P0151,W020,4,359.46,6.11,1431.73,Net Banking,Completed,2026-02-22
O005021,C0301,P0038,W018,1,210.73,14.6,196.13,UPI,Cancelled,2026-04-29
O005022,C0382,P0185,W002,5,566.24,111.44,2719.76,Net Banking,Cancelled,2026-01-05
O005023,C0378,P0120,W016,3,117.95,68.53,285.32,Net Banking,Completed,2026-02-03
O005024,C0006,P0067,W012,1,610.98,50.16,560.82,Credit Card,Cancelled,2025-12-22
O005025,C0417,P0180,W008,4,83.12,32.32,300.16,Credit Card,Completed,2026-01-11
O005026,C0406,P0015,W018,1,435.76,27.78,407.98,Debit Card,Pending,2026-04-25
O005027,C0192,P0062,W016,4,152.46,58.99,550.85,Cash,Completed,2025-09-02
O005028,C0274,P0038,W016,1,210.73,37.35,173.38,Credit Card,Completed,2026-05-15
O005029,C0203,P0103,W012,2,104.86,6.38,203.34,Debit Card,Completed,2025-09-04
O005030,C0145,P0174,W007,7,288.11,325.44,1691.33,Net Banking,Cancelled,2026-04-27
O005031,C0034,P0189,W011,6,416.57,101.55,2397.87,Debit Card,Completed,2026-06-09
O005032,C0433,P0012,W003,7,342.53,288.68,2109.03,UPI,Completed,2025-10-15
O005033,C0129,P0120,W001,8,117.95,163.57,780.03,Net Banking,Completed,2026-05-26
O005034,C0318,P0035,W009,8,613.51,183.7,4724.38,Debit Card,Pending,2026-06-24
O005035,C0213,P0110,W014,9,91.98,159.29,668.53,Debit Card,Cancelled,2026-05-31
O005036,C0186,P0189,W013,1,416.57,79.37,337.2,UPI,Pending,2026-07-20
O005037,C0265,P0009,W015,8,127.01,57.26,958.82,Debit Card,Pending,2026-04-04
O005038,C0043,P0079,W007,6,102.81,57.73,559.13,Debit Card,Completed,2026-07-17
O005039,C0199,P0152,W018,8,41.85,34.7,300.1,UPI,Pending,2026-02-01
O005040,C0029,P0097,W005,6,339.95,128.08,1911.62,Debit Card,Cancelled,2025-12-19
O005041,C0242,P0172,W015,5,355.99,166.58,1613.37,Net Banking,Pending,2026-05-02
O005042,C0157,P0054,W011,6,298.13,234.33,1554.45,Cash,Completed,2026-04-02
O005043,C0338,P0068,W018,1,244.39,7.34,237.05,UPI,Completed,2026-05-01
O005044,C0325,P0043,W004,8,759.88,491.78,5587.26,Credit Card,Pending,2026-05-10
O005045,C0379,P0047,W017,6,519.72,295.65,2822.67,Debit Card,Cancelled,2026-05-24
O005046,C0042,P0197,W015,4,603.05,1.51,2410.69,Debit Card,Completed,2025-12-20
O005047,C0404,P0068,W016,2,244.39,84.94,403.84,Net Banking,Pending,2026-08-05
O005048,C0158,P0028,W019,10,169.73,200.13,1497.17,Cash,Pending,2026-07-19
O005049,C0115,P0124,W015,5,711.13,142.9,3412.75,Cash,Completed,2026-07-16
O005050,C0066,P0125,W011,2,184.54,1.74,367.34,UPI,Completed,2026-07-02
O005051,C0467,P0020,W012,2,658.43,149.22,1167.64,Credit Card,Cancelled,2026-04-05
O005052,C0070,P0138,W012,4,574.82,367.37,1931.91,UPI,Cancelled,2026-07-19
O005053,C0184,P0068,W001,8,244.39,131.0,1824.12,Net Banking,Cancelled,2026-03-22
O005054,C0144,P0042,W004,4,276.02,74.53,1029.55,UPI,Cancelled,2025-09-27
O005055,C0498,P0085,W016,2,734.45,122.17,1346.73,Net Banking,Pending,2025-10-29
O005056,C0205,P0099,W006,7,703.35,58.23,4865.22,Credit Card,Pending,2026-07-18
O005057,C0071,P0171,W015,9,165.53,98.28,1391.49,Cash,Cancelled,2025-10-01
O005058,C0195,P0080,W014,9,24.4,32.99,186.61,UPI,Pending,2026-05-08
O005059,C0076,P0097,W007,8,339.95,293.81,2425.79,Debit Card,Completed,2025-09-22
O005060,C0312,P0042,W003,2,276.02,14.73,537.31,Cash,Cancelled,2025-09-06
O005061,C0194,P0022,W001,6,456.03,316.3,2419.88,Credit Card,Completed,2025-10-25
O005062,C0061,P0189,W017,6,416.57,231.09,2268.33,UPI,Cancelled,2026-06-23
O005063,C0258,P0037,W009,10,536.12,845.72,4515.48,UPI,Cancelled,2026-01-29
O005064,C0060,P0032,W014,1,562.17,60.07,502.1,Credit Card,Completed,2025-12-27
O005065,C0125,P0164,W009,3,347.36,77.71,964.37,Credit Card,Pending,2025-10-19
O005066,C0372,P0167,W012,6,121.8,87.48,643.32,Credit Card,Cancelled,2025-12-25
O005067,C0323,P0144,W004,2,642.6,211.23,1073.97,Net Banking,Cancelled,2026-02-07
O005068,C0137,P0004,W010,4,47.98,17.13,174.79,UPI,Pending,2026-01-09
O005069,C0344,P0043,W015,4,759.88,602.76,2436.76,Debit Card,Cancelled,2025-10-06
O005070,C0412,P0129,W003,1,649.05,129.77,519.28,Debit Card,Pending,2026-03-26
O005071,C0146,P0117,W016,8,422.57,622.01,2758.55,Credit Card,Pending,2026-06-13
O005072,C0010,P0175,W012,6,636.16,514.52,3302.44,UPI,Cancelled,2025-11-04
O005073,C0227,P0166,W007,8,399.5,191.13,3004.87,Cash,Completed,2026-02-09
O005074,C0185,P0003,W001,3,307.09,13.11,908.16,Credit Card,Cancelled,2026-06-25
O005075,C0030,P0166,W008,3,399.5,55.81,1142.69,Credit Card,Completed,2026-03-20
O005076,C0182,P0043,W001,8,759.88,1089.36,4989.68,Credit Card,Cancelled,2025-10-18
O005077,C0195,P0093,W003,3,102.56,57.24,250.44,Cash,Completed,2025-10-26
O005078,C0362,P0200,W014,6,181.69,27.39,1062.75,UPI,Cancelled,2026-08-01
O005079,C0010,P0060,W012,10,220.07,251.89,1948.81,Credit Card,Completed,2025-11-07
O005080,C0293,P0042,W019,7,276.02,260.92,1671.22,Credit Card,Pending,2025-11-01
O005081,C0060,P0051,W015,6,229.62,118.73,1258.99,Net Banking,Completed,2026-01-26
O005082,C0105,P0133,W005,3,659.87,35.46,1944.15,UPI,Cancelled,2025-10-02
O005083,C0463,P0147,W020,5,250.9,148.23,1106.27,Cash,Cancelled,2026-01-16
O005084,C0142,P0005,W003,9,616.49,522.1,5026.31,Debit Card,Pending,2026-03-27
O005085,C0300,P0173,W007,8,112.19,23.53,873.99,UPI,Cancelled,2025-11-12
O005086,C0333,P0043,W003,6,759.88,733.37,3825.91,Cash,Pending,2026-05-19
O005087,C0155,P0116,W016,8,446.14,260.76,3308.36,UPI,Cancelled,2026-05-20
O005088,C0100,P0043,W009,7,759.88,620.69,4698.47,Cash,Pending,2026-02-07
O005089,C0300,P0007,W016,1,86.6,0.27,86.33,Cash,Pending,2026-03-07
O005090,C0270,P0194,W004,9,316.48,551.04,2297.28,Net Banking,Completed,2025-12-05
O005091,C0436,P0033,W015,4,316.3,96.48,1168.72,Net Banking,Cancelled,2025-09-25
O005092,C0051,P0155,W001,7,70.67,30.91,463.78,Debit Card,Completed,2026-01-08
O005093,C0059,P0092,W005,6,165.58,65.9,927.58,Net Banking,Cancelled,2026-05-26
O005094,C0342,P0018,W007,6,693.16,50.79,4108.17,Net Banking,Completed,2026-05-19
O005095,C0267,P0118,W019,4,545.32,251.51,1929.77,Debit Card,Cancelled,2026-05-08
O005096,C0195,P0173,W004,5,112.19,39.68,521.27,UPI,Pending,2025-10-27
O005097,C0071,P0069,W007,3,779.75,380.39,1958.86,Debit Card,Completed,2026-06-12
O005098,C0339,P0088,W014,9,512.39,224.15,4387.36,Debit Card,Cancelled,2025-12-13
O005099,C0381,P0145,W003,9,49.46,66.15,378.99,UPI,Pending,2026-07-17
O005100,C0265,P0129,W004,9,649.05,805.47,5035.98,Net Banking,Cancelled,2026-04-14
O005101,C0123,P0129,W018,8,649.05,171.06,5021.34,UPI,Completed,2026-06-10
O005102,C0005,P0183,W017,7,518.44,391.99,3237.09,Net Banking,Pending,2025-10-30
O005103,C0002,P0135,W006,3,444.2,29.12,1303.48,Net Banking,Completed,2025-12-03
O005104,C0201,P0138,W018,5,574.82,299.39,2574.71,Credit Card,Pending,2025-11-01
O005105,C0164,P0017,W004,2,438.91,17.48,860.34,Cash,Pending,2026-05-16
O005106,C0258,P0101,W015,6,536.98,421.15,2800.73,Net Banking,Completed,2025-11-14
O005107,C0191,P0110,W011,9,91.98,88.34,739.48,Cash,Completed,2025-12-26
O005108,C0033,P0045,W002,8,74.54,22.87,573.45,Debit Card,Pending,2026-05-17
O005109,C0179,P0036,W019,3,550.45,203.86,1447.49,UPI,Cancelled,2026-04-26
O005110,C0231,P0016,W013,1,646.11,84.08,562.03,Cash,Cancelled,2026-07-04
O005111,C0071,P0175,W011,7,636.16,889.67,3563.45,Net Banking,Completed,2026-07-21
O005112,C0191,P0125,W015,5,184.54,17.71,904.99,Debit Card,Completed,2026-06-07
O005113,C0321,P0153,W011,10,97.2,61.2,910.8,Cash,Pending,2025-11-10
O005114,C0057,P0124,W001,7,711.13,94.3,4883.61,UPI,Completed,2025-10-21
O005115,C0475,P0192,W008,2,392.33,15.63,769.03,Credit Card,Pending,2026-01-08
O005116,C0435,P0183,W019,1,518.44,41.45,476.99,UPI,Completed,2025-09-15
O005117,C0192,P0081,W007,8,583.65,542.55,4126.65,Debit Card,Cancelled,2026-05-28
O005118,C0314,P0001,W016,9,711.01,628.68,5770.41,Credit Card,Cancelled,2026-07-06
O005119,C0294,P0071,W020,10,324.09,213.89,3027.01,Net Banking,Pending,2025-09-02
O005120,C0499,P0067,W017,3,610.98,126.84,1706.1,Cash,Pending,2026-07-24
O005121,C0423,P0158,W018,3,498.73,91.35,1404.84,Debit Card,Cancelled,2026-05-04
O005122,C0197,P0086,W016,6,781.27,789.05,3898.57,Net Banking,Cancelled,2025-11-28
O005123,C0168,P0038,W006,4,210.73,89.21,753.71,Net Banking,Completed,2026-04-25
O005124,C0276,P0026,W004,10,424.88,647.11,3601.69,Cash,Completed,2026-03-09
O005125,C0004,P0084,W005,4,611.84,272.86,2174.5,Credit Card,Pending,2025-08-24
O005126,C0035,P0084,W012,8,611.84,236.61,4658.11,Net Banking,Completed,2025-08-20
O005127,C0032,P0030,W006,5,129.09,97.6,547.85,Cash,Completed,2026-07-15
O005128,C0499,P0114,W011,3,433.11,93.79,1205.54,Credit Card,Completed,2025-12-30
O005129,C0416,P0009,W014,2,127.01,15.26,238.76,UPI,Completed,2026-07-21
O005130,C0135,P0022,W013,10,456.03,629.82,3930.48,Credit Card,Cancelled,2026-05-22
O005131,C0333,P0191,W016,10,583.75,940.8,4896.7,Debit Card,Pending,2025-10-05
O005132,C0316,P0005,W007,5,616.49,436.98,2645.47,Net Banking,Completed,2026-04-14
O005133,C0457,P0149,W019,6,102.98,34.31,583.57,Net Banking,Cancelled,2026-01-18
O005134,C0340,P0051,W005,2,229.62,6.8,452.44,UPI,Pending,2025-11-07
O005135,C0185,P0091,W013,8,128.87,64.08,966.88,UPI,Completed,2025-12-28
O005136,C0135,P0015,W018,1,435.76,3.43,432.33,Cash,Pending,2026-04-27
O005137,C0306,P0084,W008,8,611.84,824.35,4070.37,Debit Card,Cancelled,2026-01-10
O005138,C0274,P0136,W018,6,596.21,514.92,3062.34,Debit Card,Completed,2026-01-05
O005139,C0472,P0180,W016,5,83.12,26.01,389.59,Net Banking,Completed,2026-03-26
O005140,C0454,P0116,W008,8,446.14,81.22,3487.9,Net Banking,Completed,2026-05-03
O005141,C0349,P0077,W006,3,705.01,16.19,2098.84,Cash,Pending,2025-11-16
O005142,C0244,P0004,W002,1,47.98,0.12,47.86,UPI,Pending,2026-01-31
O005143,C0300,P0061,W020,7,427.25,468.23,2522.52,Cash,Completed,2026-01-21
O005144,C0191,P0005,W011,7,616.49,249.45,4065.98,Debit Card,Cancelled,2025-09-10
O005145,C0491,P0075,W001,3,153.98,33.18,428.76,Debit Card,Completed,2026-01-04
O005146,C0201,P0061,W012,10,427.25,665.52,3606.98,Net Banking,Cancelled,2025-10-04
O005147,C0484,P0004,W002,2,47.98,3.69,92.27,Cash,Pending,2026-07-07
O005148,C0499,P0028,W003,8,169.73,104.2,1253.64,Credit Card,Pending,2026-03-29
O005149,C0030,P0198,W012,6,369.55,363.02,1854.28,Credit Card,Completed,2026-06-15
O005150,C0153,P0178,W009,8,253.74,350.88,1679.04,Credit Card,Pending,2026-06-16
O005151,C0170,P0054,W006,3,298.13,122.66,771.73,UPI,Pending,2026-04-12
O005152,C0182,P0192,W003,8,392.33,214.86,2923.78,Debit Card,Pending,2026-05-16
O005153,C0335,P0159,W004,2,340.74,120.12,561.36,Credit Card,Pending,2026-04-07
O005154,C0304,P0117,W015,3,422.57,33.74,1233.97,UPI,Completed,2025-08-26
O005155,C0229,P0130,W008,5,247.63,207.55,1030.6,Credit Card,Pending,2026-03-02
O005156,C0033,P0023,W018,5,673.26,267.79,3098.51,UPI,Pending,2026-03-05
O005157,C0071,P0117,W008,9,422.57,458.8,3344.33,Debit Card,Pending,2026-02-27
O005158,C0427,P0029,W005,4,380.84,149.38,1373.98,Credit Card,Completed,2025-12-16
O005159,C0262,P0078,W005,5,134.38,104.82,567.08,UPI,Completed,2026-03-23
O005160,C0048,P0060,W009,2,220.07,47.07,393.07,Cash,Completed,2025-09-21
O005161,C0240,P0012,W019,2,342.53,77.63,607.43,UPI,Cancelled,2026-02-27
O005162,C0069,P0082,W002,6,524.26,265.04,2880.52,Debit Card,Cancelled,2025-12-22
O005163,C0120,P0190,W019,9,537.59,755.78,4082.53,Credit Card,Pending,2026-05-18
O005164,C0313,P0174,W005,8,288.11,282.46,2022.42,Cash,Cancelled,2026-04-09
O005165,C0331,P0190,W017,4,537.59,347.21,1803.15,UPI,Pending,2025-12-24
O005166,C0377,P0059,W020,4,691.04,452.22,2311.94,Cash,Cancelled,2026-02-27
O005167,C0263,P0164,W015,3,347.36,104.54,937.54,Credit Card,Pending,2026-04-28
O005168,C0144,P0121,W013,5,650.82,194.52,3059.58,Cash,Completed,2026-04-15
O005169,C0012,P0060,W003,9,220.07,392.46,1588.17,Credit Card,Completed,2026-02-26
O005170,C0118,P0115,W002,8,346.43,401.36,2370.08,Net Banking,Completed,2025-12-15
O005171,C0342,P0055,W003,9,691.95,840.94,5386.61,Cash,Pending,2025-09-18
O005172,C0103,P0126,W018,9,352.47,497.09,2675.14,Net Banking,Pending,2026-05-11
O005173,C0170,P0106,W004,1,395.02,44.64,350.38,Debit Card,Cancelled,2026-02-26
O005174,C0403,P0116,W010,5,446.14,49.99,2180.71,Cash,Pending,2026-03-16
O005175,C0246,P0083,W017,9,557.15,33.07,4981.28,Cash,Cancelled,2026-06-08
O005176,C0405,P0007,W016,2,86.6,12.72,160.48,Net Banking,Completed,2025-11-14
O005177,C0298,P0085,W013,5,734.45,324.53,3347.72,UPI,Completed,2025-10-31
O005178,C0451,P0184,W019,3,600.98,0.75,1802.19,Debit Card,Completed,2025-08-13
O005179,C0402,P0124,W005,3,711.13,423.04,1710.35,UPI,Pending,2026-02-25
O005180,C0327,P0173,W008,4,112.19,17.93,430.83,Cash,Cancelled,2025-11-18
O005181,C0145,P0156,W020,7,716.77,435.42,4581.97,Debit Card,Completed,2026-01-24
O005182,C0380,P0192,W007,4,392.33,246.31,1323.01,Credit Card,Pending,2026-06-10
O005183,C0226,P0030,W012,5,129.09,42.58,602.87,UPI,Cancelled,2025-08-28
O005184,C0352,P0021,W009,4,244.16,26.8,949.84,UPI,Completed,2025-08-08
O005185,C0038,P0093,W006,6,102.56,25.24,590.12,UPI,Completed,2026-07-25
O005186,C0365,P0078,W015,6,134.38,111.07,695.21,UPI,Pending,2026-04-25
O005187,C0288,P0070,W016,1,468.0,76.49,391.51,Net Banking,Pending,2026-04-13
O005188,C0166,P0196,W010,8,403.53,503.34,2724.9,Cash,Cancelled,2026-05-06
O005189,C0369,P0106,W020,9,395.02,385.71,3169.47,Credit Card,Cancelled,2026-04-18
O005190,C0322,P0031,W020,4,475.72,252.98,1649.9,Debit Card,Completed,2026-05-10
O005191,C0385,P0006,W018,3,615.25,145.38,1700.37,UPI,Completed,2026-08-03
O005192,C0199,P0055,W018,8,691.95,827.09,4708.51,UPI,Pending,2025-10-28
O005193,C0297,P0047,W006,9,519.72,654.78,4022.7,UPI,Cancelled,2026-07-09
O005194,C0496,P0057,W010,6,500.43,66.61,2935.97,Net Banking,Cancelled,2025-09-19
O005195,C0269,P0075,W008,8,153.98,34.95,1196.89,Cash,Completed,2025-12-11
O005196,C0062,P0078,W013,1,134.38,6.87,127.51,Cash,Completed,2025-09-24
O005197,C0493,P0078,W018,7,134.38,58.98,881.68,Debit Card,Completed,2026-07-10
O005198,C0257,P0144,W003,9,642.6,162.51,5620.89,Net Banking,Cancelled,2025-09-21
O005199,C0492,P0110,W004,6,91.98,104.25,447.63,Net Banking,Completed,2026-01-28
O005200,C0267,P0155,W012,1,70.67,11.34,59.33,Net Banking,Cancelled,2026-03-10
O005201,C0296,P0154,W003,8,687.94,461.07,5042.45,Debit Card,Completed,2025-09-25
O005202,C0396,P0185,W009,8,566.24,493.35,4036.57,UPI,Cancelled,2026-03-15
O005203,C0323,P0134,W011,1,127.8,21.23,106.57,Credit Card,Cancelled,2026-04-19
O005204,C0068,P0114,W012,10,433.11,736.04,3595.06,UPI,Pending,2026-03-30
O005205,C0228,P0083,W014,5,557.15,518.47,2267.28,Net Banking,Pending,2025-09-14
O005206,C0311,P0052,W019,3,697.25,269.93,1821.82,Cash,Completed,2026-05-22
O005207,C0433,P0141,W015,5,473.02,83.61,2281.49,UPI,Pending,2026-06-16
O005208,C0306,P0166,W004,2,399.5,89.68,709.32,Credit Card,Completed,2025-09-25
O005209,C0135,P0017,W015,9,438.91,380.44,3569.75,UPI,Cancelled,2026-05-08
O005210,C0149,P0051,W008,5,229.62,194.58,953.52,Credit Card,Pending,2025-10-08
O005211,C0077,P0181,W002,5,510.35,260.16,2291.59,UPI,Cancelled,2026-05-28
O005212,C0084,P0010,W020,4,275.52,145.54,956.54,Debit Card,Cancelled,2025-10-23
O005213,C0305,P0066,W017,1,156.35,19.81,136.54,Net Banking,Completed,2026-01-09
O005214,C0120,P0132,W010,5,661.28,456.14,2850.26,Net Banking,Completed,2026-03-19
O005215,C0317,P0013,W017,10,678.5,1112.12,5672.88,Debit Card,Completed,2026-01-29
O005216,C0471,P0037,W015,8,536.12,441.28,3847.68,Net Banking,Cancelled,2026-02-22
O005217,C0318,P0163,W009,2,561.9,132.42,991.38,Cash,Completed,2026-05-22
O005218,C0094,P0117,W009,6,422.57,366.71,2168.71,Debit Card,Completed,2026-05-16
O005219,C0060,P0032,W017,9,562.17,755.93,4303.6,Credit Card,Cancelled,2025-12-05
O005220,C0410,P0155,W001,3,70.67,16.28,195.73,UPI,Completed,2025-08-11
O005221,C0142,P0037,W019,7,536.12,540.21,3212.63,Cash,Pending,2026-06-30
O005222,C0292,P0150,W017,5,79.1,42.75,352.75,Cash,Cancelled,2026-02-05
O005223,C0291,P0068,W011,10,244.39,8.69,2435.21,Cash,Cancelled,2026-05-31
O005224,C0065,P0123,W008,2,614.42,164.51,1064.33,UPI,Completed,2026-07-15
O005225,C0287,P0009,W002,5,127.01,109.41,525.64,UPI,Pending,2025-08-16
O005226,C0076,P0102,W018,4,580.08,328.73,1991.59,Debit Card,Cancelled,2025-09-07
O005227,C0282,P0191,W003,5,583.75,565.14,2353.61,Credit Card,Cancelled,2026-04-18
O005228,C0146,P0171,W009,5,165.53,110.28,717.37,Debit Card,Completed,2026-06-06
O005229,C0384,P0156,W004,6,716.77,171.77,4128.85,Net Banking,Pending,2025-10-18
O005230,C0283,P0001,W002,7,711.01,917.24,4059.83,Credit Card,Completed,2025-09-19
O005231,C0278,P0109,W015,3,51.49,15.85,138.62,UPI,Completed,2025-08-06
O005232,C0224,P0148,W013,1,538.64,40.17,498.47,Credit Card,Pending,2025-08-12
O005233,C0221,P0198,W010,9,369.55,276.92,3049.03,Debit Card,Completed,2025-12-29
O005234,C0184,P0158,W013,10,498.73,626.89,4360.41,Credit Card,Cancelled,2026-05-10
O005235,C0321,P0141,W009,2,473.02,174.76,771.28,UPI,Pending,2025-09-02
O005236,C0255,P0138,W001,4,574.82,172.25,2127.03,UPI,Completed,2026-03-30
O005237,C0240,P0200,W006,6,181.69,89.38,1000.76,Debit Card,Cancelled,2026-02-03
O005238,C0294,P0125,W019,7,184.54,175.17,1116.61,Credit Card,Cancelled,2025-10-31
O005239,C0375,P0002,W015,5,318.95,283.06,1311.69,Debit Card,Completed,2025-10-03
O005240,C0479,P0157,W011,6,596.45,267.71,3310.99,Credit Card,Completed,2025-12-20
O005241,C0396,P0163,W020,2,561.9,19.97,1103.83,UPI,Pending,2026-06-17
O005242,C0369,P0123,W015,6,614.42,529.55,3156.97,Credit Card,Pending,2026-02-25
O005243,C0245,P0143,W002,2,276.16,51.78,500.54,UPI,Cancelled,2025-09-03
O005244,C0374,P0129,W005,4,649.05,251.28,2344.92,UPI,Cancelled,2025-08-18
O005245,C0155,P0138,W006,9,574.82,940.04,4233.34,Net Banking,Completed,2025-10-29
O005246,C0086,P0174,W017,2,288.11,40.85,535.37,UPI,Pending,2026-06-30
O005247,C0008,P0189,W004,9,416.57,61.34,3687.79,Cash,Cancelled,2025-11-05
O005248,C0253,P0022,W004,4,456.03,97.88,1726.24,Debit Card,Cancelled,2026-01-01
O005249,C0432,P0156,W012,6,716.77,616.43,3684.19,Cash,Pending,2025-08-30
O005250,C0184,P0116,W002,9,446.14,274.55,3740.71,Debit Card,Cancelled,2026-06-18
O005251,C0141,P0168,W001,9,802.22,670.03,6549.95,Cash,Completed,2026-01-28
O005252,C0477,P0045,W016,1,74.54,7.91,66.63,UPI,Cancelled,2025-12-12
O005253,C0294,P0067,W011,4,610.98,341.27,2102.65,Credit Card,Pending,2026-06-02
O005254,C0498,P0153,W010,3,97.2,22.49,269.11,UPI,Completed,2026-03-11
O005255,C0332,P0058,W002,3,607.88,268.78,1554.86,Cash,Pending,2026-06-25
O005256,C0267,P0102,W019,3,580.08,7.97,1732.27,Credit Card,Cancelled,2026-07-12
O005257,C0186,P0117,W008,1,422.57,29.8,392.77,Cash,Cancelled,2025-09-09
O005258,C0354,P0181,W008,7,510.35,423.2,3149.25,UPI,Completed,2025-10-01
O005259,C0485,P0161,W012,3,792.47,343.93,2033.48,UPI,Cancelled,2026-01-24
O005260,C0110,P0038,W007,5,210.73,64.9,988.75,Cash,Pending,2025-11-25
O005261,C0181,P0066,W019,7,156.35,35.22,1059.23,Debit Card,Completed,2025-09-17
O005262,C0327,P0053,W003,4,208.63,57.42,777.1,Debit Card,Completed,2025-10-24
O005263,C0275,P0180,W008,4,83.12,41.52,290.96,Cash,Completed,2026-04-01
O005264,C0142,P0044,W011,7,509.99,150.67,3419.26,Credit Card,Cancelled,2026-01-22
O005265,C0193,P0169,W018,2,685.11,1.76,1368.46,Credit Card,Cancelled,2026-05-04
O005266,C0340,P0115,W009,3,346.43,164.37,874.92,Net Banking,Cancelled,2026-05-30
O005267,C0206,P0062,W009,1,152.46,9.35,143.11,Credit Card,Completed,2025-08-24
O005268,C0281,P0175,W020,8,636.16,368.36,4720.92,Debit Card,Pending,2026-07-31
O005269,C0374,P0149,W019,6,102.98,30.2,587.68,Credit Card,Cancelled,2026-02-18
O005270,C0012,P0200,W001,8,181.69,235.61,1217.91,UPI,Pending,2026-03-19
O005271,C0041,P0139,W017,2,261.47,3.68,519.26,Cash,Completed,2025-08-25
O005272,C0422,P0039,W020,2,696.37,7.75,1384.99,UPI,Completed,2026-03-11
O005273,C0436,P0151,W002,6,359.46,74.08,2082.68,Debit Card,Completed,2025-12-23
O005274,C0436,P0018,W007,10,693.16,225.85,6705.75,UPI,Cancelled,2026-08-01
O005275,C0282,P0077,W020,7,705.01,887.23,4047.84,Cash,Pending,2025-11-13
O005276,C0310,P0058,W017,3,607.88,338.48,1485.16,Cash,Pending,2025-09-22
O005277,C0181,P0158,W016,2,498.73,149.54,847.92,Credit Card,Pending,2025-08-23
O005278,C0334,P0063,W018,4,152.21,118.81,490.03,Debit Card,Cancelled,2026-01-26
O005279,C0422,P0107,W006,2,223.7,80.91,366.49,UPI,Cancelled,2025-08-27
O005280,C0267,P0040,W009,1,533.67,103.68,429.99,Net Banking,Pending,2025-12-27
O005281,C0260,P0050,W010,6,407.27,41.76,2401.86,Credit Card,Pending,2025-11-24
O005282,C0283,P0049,W003,2,200.77,9.68,391.86,Net Banking,Pending,2025-09-24
O005283,C0058,P0039,W002,10,696.37,399.57,6564.13,Cash,Pending,2026-05-13
O005284,C0104,P0059,W015,7,691.04,597.33,4239.95,Debit Card,Cancelled,2026-04-11
O005285,C0091,P0015,W012,9,435.76,57.16,3864.68,UPI,Cancelled,2026-07-21
O005286,C0297,P0143,W014,3,276.16,1.47,827.01,Credit Card,Pending,2025-11-14
O005287,C0131,P0166,W014,9,399.5,683.63,2911.87,Credit Card,Cancelled,2025-12-16
O005288,C0150,P0191,W012,3,583.75,314.78,1436.47,Cash,Completed,2026-04-11
O005289,C0267,P0132,W002,5,661.28,332.38,2974.02,Cash,Completed,2026-01-30
O005290,C0342,P0073,W006,6,114.95,8.58,681.12,Net Banking,Pending,2026-04-10
O005291,C0169,P0172,W013,9,355.99,151.58,3052.33,UPI,Cancelled,2026-05-08
O005292,C0429,P0075,W002,4,153.98,110.39,505.53,Net Banking,Cancelled,2025-08-25
O005293,C0211,P0034,W005,1,98.84,10.6,88.24,Credit Card,Completed,2026-05-17
O005294,C0038,P0042,W006,9,276.02,266.24,2217.94,UPI,Cancelled,2026-01-24
O005295,C0356,P0036,W004,4,550.45,113.35,2088.45,Net Banking,Pending,2025-08-19
O005296,C0275,P0007,W018,7,86.6,97.32,508.88,UPI,Pending,2025-12-25
O005297,C0209,P0016,W020,7,646.11,32.72,4490.05,Debit Card,Completed,2025-12-25
O005298,C0446,P0129,W005,7,649.05,279.28,4264.07,Credit Card,Pending,2026-03-03
O005299,C0007,P0069,W003,8,779.75,612.44,5625.56,Cash,Pending,2025-09-30
O005300,C0094,P0095,W002,5,121.43,20.61,586.54,Credit Card,Pending,2025-10-14
O005301,C0209,P0167,W015,9,121.8,191.98,904.22,Net Banking,Completed,2025-10-17
O005302,C0494,P0091,W004,9,128.87,226.86,932.97,Credit Card,Pending,2026-02-19
O005303,C0105,P0066,W006,1,156.35,26.73,129.62,Cash,Pending,2025-10-17
O005304,C0125,P0107,W020,10,223.7,432.09,1804.91,Net Banking,Completed,2026-03-17
O005305,C0220,P0167,W020,4,121.8,80.91,406.29,Debit Card,Pending,2026-06-15
O005306,C0242,P0067,W019,6,610.98,145.15,3520.73,UPI,Pending,2026-01-15
O005307,C0420,P0198,W001,1,369.55,31.47,338.08,Credit Card,Pending,2025-08-14
O005308,C0468,P0099,W004,9,703.35,1026.42,5303.73,Credit Card,Completed,2026-03-04
O005309,C0152,P0130,W013,1,247.63,22.89,224.74,UPI,Cancelled,2025-08-15
O005310,C0468,P0160,W006,3,103.95,8.69,303.16,Net Banking,Completed,2026-07-23
O005311,C0376,P0166,W018,5,399.5,144.52,1852.98,Credit Card,Completed,2026-06-18
O005312,C0043,P0120,W017,8,117.95,107.04,836.56,Debit Card,Pending,2026-07-25
O005313,C0292,P0107,W015,2,223.7,23.92,423.48,UPI,Pending,2026-02-27
O005314,C0421,P0147,W012,3,250.9,129.32,623.38,Debit Card,Completed,2025-12-04
O005315,C0448,P0109,W003,10,51.49,64.12,450.78,Net Banking,Cancelled,2025-08-17
O005316,C0172,P0072,W001,7,712.27,249.26,4736.63,Cash,Completed,2026-06-04
O005317,C0448,P0127,W005,5,830.32,78.58,4073.02,Credit Card,Completed,2026-02-04
O005318,C0053,P0053,W005,8,208.63,26.71,1642.33,UPI,Completed,2026-01-06
O005319,C0425,P0105,W016,8,537.76,167.07,4135.01,UPI,Pending,2026-02-01
O005320,C0234,P0135,W008,1,444.2,58.78,385.42,Net Banking,Pending,2025-08-09
O005321,C0496,P0044,W009,4,509.99,346.23,1693.73,Credit Card,Cancelled,2026-04-05
O005322,C0132,P0067,W018,1,610.98,72.04,538.94,Net Banking,Completed,2025-11-09
O005323,C0339,P0046,W013,3,602.93,132.65,1676.14,Net Banking,Completed,2025-10-03
O005324,C0141,P0090,W016,3,414.11,157.6,1084.73,UPI,Pending,2026-04-04
O005325,C0144,P0104,W020,7,61.8,74.17,358.43,Net Banking,Cancelled,2026-03-29
O005326,C0113,P0135,W003,4,444.2,287.04,1489.76,Credit Card,Completed,2026-03-30
O005327,C0090,P0151,W016,3,359.46,109.0,969.38,Cash,Cancelled,2026-01-11
O005328,C0270,P0072,W012,5,712.27,369.66,3191.69,Credit Card,Completed,2026-01-04
O005329,C0313,P0087,W011,3,52.58,12.75,144.99,UPI,Cancelled,2026-04-27
O005330,C0280,P0160,W003,5,103.95,11.15,508.6,Credit Card,Completed,2025-08-22
O005331,C0369,P0039,W006,3,696.37,372.81,1716.3,Debit Card,Completed,2026-04-21
O005332,C0002,P0073,W016,1,114.95,5.12,109.83,Cash,Pending,2025-10-17
O005333,C0059,P0044,W013,3,509.99,179.08,1350.89,Cash,Cancelled,2025-09-15
O005334,C0263,P0020,W015,7,658.43,54.61,4554.4,UPI,Cancelled,2025-08-16
O005335,C0263,P0194,W013,4,316.48,109.56,1156.36,Cash,Completed,2026-03-26
O005336,C0034,P0114,W004,8,433.11,23.77,3441.11,Net Banking,Pending,2025-09-28
O005337,C0302,P0105,W001,6,537.76,436.03,2790.53,Cash,Cancelled,2025-11-14
O005338,C0340,P0107,W008,10,223.7,416.36,1820.64,Debit Card,Pending,2025-11-13
O005339,C0292,P0129,W002,2,649.05,256.15,1041.95,Credit Card,Pending,2025-11-28
O005340,C0363,P0040,W019,10,533.67,1042.0,4294.7,Credit Card,Pending,2025-10-15
O005341,C0369,P0056,W008,9,73.8,125.66,538.54,Debit Card,Pending,2026-01-18
O005342,C0088,P0006,W004,7,615.25,720.02,3586.73,Net Banking,Cancelled,2026-07-28
O005343,C0322,P0003,W019,8,307.09,89.87,2366.85,Cash,Pending,2026-03-14
O005344,C0454,P0007,W014,1,86.6,5.55,81.05,Credit Card,Pending,2026-08-01
O005345,C0078,P0190,W008,8,537.59,102.59,4198.13,Net Banking,Cancelled,2025-08-30
O005346,C0348,P0067,W003,1,610.98,42.18,568.8,Debit Card,Completed,2026-02-11
O005347,C0208,P0062,W001,1,152.46,6.24,146.22,Credit Card,Pending,2025-09-17
O005348,C0222,P0191,W014,8,583.75,208.29,4461.71,Cash,Pending,2025-11-30
O005349,C0073,P0192,W006,2,392.33,125.28,659.38,Cash,Completed,2026-03-03
O005350,C0461,P0048,W001,2,197.9,3.79,392.01,UPI,Completed,2026-06-03
O005351,C0462,P0013,W018,1,678.5,29.14,649.36,Debit Card,Pending,2026-07-28
O005352,C0371,P0137,W001,2,70.49,5.84,135.14,Credit Card,Cancelled,2026-04-11
O005353,C0121,P0024,W020,5,574.38,35.63,2836.27,Net Banking,Completed,2025-10-29
O005354,C0222,P0118,W005,4,545.32,47.34,2133.94,Net Banking,Completed,2026-07-26
O005355,C0347,P0177,W019,1,764.51,125.14,639.37,Cash,Completed,2026-06-18
O005356,C0148,P0020,W017,5,658.43,77.19,3214.96,Cash,Pending,2025-09-23
O005357,C0394,P0002,W014,7,318.95,369.21,1863.44,UPI,Cancelled,2026-02-12
O005358,C0234,P0032,W018,8,562.17,533.33,3964.03,Credit Card,Pending,2026-05-13
O005359,C0150,P0112,W002,9,635.62,1102.27,4618.31,Credit Card,Completed,2026-08-04
O005360,C0188,P0057,W004,8,500.43,12.37,3991.07,Net Banking,Completed,2026-04-30
O005361,C0446,P0116,W018,2,446.14,154.51,737.77,Cash,Completed,2025-10-27
O005362,C0395,P0088,W011,3,512.39,88.27,1448.9,UPI,Pending,2025-11-03
O005363,C0022,P0016,W017,8,646.11,101.18,5067.7,Credit Card,Pending,2025-08-29
O005364,C0263,P0005,W005,8,616.49,616.94,4314.98,Debit Card,Pending,2025-11-12
O005365,C0149,P0096,W011,5,223.64,117.16,1001.04,UPI,Pending,2026-02-03
O005366,C0056,P0019,W004,4,452.83,234.91,1576.41,Credit Card,Pending,2026-03-31
O005367,C0126,P0009,W001,4,127.01,62.52,445.52,Debit Card,Cancelled,2025-11-22
O005368,C0018,P0111,W018,1,638.29,69.67,568.62,UPI,Completed,2025-12-13
O005369,C0306,P0155,W008,3,70.67,9.2,202.81,UPI,Completed,2025-09-08
O005370,C0221,P0126,W020,8,352.47,43.69,2776.07,Credit Card,Completed,2026-03-19
O005371,C0428,P0093,W016,5,102.56,15.36,497.44,UPI,Completed,2025-09-01
O005372,C0163,P0048,W009,5,197.9,64.0,925.5,Credit Card,Completed,2025-09-25
O005373,C0122,P0181,W018,6,510.35,21.14,3040.96,UPI,Completed,2025-09-21
O005374,C0058,P0111,W011,8,638.29,17.33,5088.99,Credit Card,Completed,2025-10-05
O005375,C0118,P0176,W016,2,708.65,72.65,1344.65,Cash,Pending,2025-09-19
O005376,C0090,P0182,W010,9,103.87,182.86,751.97,Credit Card,Pending,2026-01-02
O005377,C0013,P0101,W010,5,536.98,61.24,2623.66,Cash,Completed,2025-08-15
O005378,C0281,P0090,W004,5,414.11,24.48,2046.07,UPI,Cancelled,2026-02-23
O005379,C0097,P0013,W008,2,678.5,153.87,1203.13,UPI,Pending,2026-03-08
O005380,C0382,P0120,W006,8,117.95,47.58,896.02,Debit Card,Pending,2026-04-05
O005381,C0227,P0147,W001,2,250.9,82.58,419.22,Credit Card,Pending,2025-10-08
O005382,C0456,P0133,W016,6,659.87,786.41,3172.81,Cash,Cancelled,2025-08-24
O005383,C0455,P0027,W009,3,78.28,40.49,194.35,Credit Card,Cancelled,2025-12-30
O005384,C0212,P0041,W003,4,471.27,34.55,1850.53,Debit Card,Pending,2026-06-12
O005385,C0169,P0173,W004,8,112.19,121.06,776.46,Credit Card,Cancelled,2026-03-11
O005386,C0022,P0175,W013,10,636.16,467.7,5893.9,Cash,Pending,2026-02-05
O005387,C0184,P0135,W004,7,444.2,540.12,2569.28,Net Banking,Cancelled,2025-12-08
O005388,C0171,P0019,W009,8,452.83,532.41,3090.23,Credit Card,Cancelled,2025-08-23
O005389,C0477,P0045,W012,5,74.54,4.24,368.46,Cash,Pending,2025-10-10
O005390,C0047,P0086,W014,2,781.27,304.58,1257.96,Cash,Cancelled,2026-07-03
O005391,C0375,P0051,W003,8,229.62,261.57,1575.39,Credit Card,Cancelled,2025-12-07
O005392,C0241,P0065,W002,8,114.36,99.45,815.43,UPI,Cancelled,2025-10-27
O005393,C0215,P0136,W013,8,596.21,851.86,3917.82,Cash,Completed,2026-03-31
O005394,C0302,P0060,W019,9,220.07,37.56,1943.07,UPI,Completed,2026-07-24
O005395,C0253,P0133,W019,9,659.87,1055.91,4882.92,Debit Card,Pending,2025-11-20
O005396,C0340,P0109,W006,9,51.49,82.68,380.73,Net Banking,Completed,2025-11-18
O005397,C0496,P0090,W003,3,414.11,129.13,1113.2,Cash,Cancelled,2026-06-21
O005398,C0078,P0173,W015,7,112.19,31.22,754.11,UPI,Pending,2025-10-29
O005399,C0322,P0145,W019,10,49.46,73.31,421.29,Cash,Pending,2025-10-20
O005400,C0090,P0028,W007,5,169.73,133.37,715.28,UPI,Pending,2026-07-10
O005401,C0313,P0041,W005,9,471.27,545.91,3695.52,UPI,Completed,2026-07-27
O005402,C0129,P0119,W015,5,123.87,21.78,597.57,Cash,Completed,2025-08-29
O005403,C0496,P0077,W013,3,705.01,399.71,1715.32,Credit Card,Cancelled,2026-06-10
O005404,C0438,P0054,W017,2,298.13,45.09,551.17,Net Banking,Pending,2025-09-03
O005405,C0305,P0134,W013,6,127.8,39.14,727.66,Credit Card,Completed,2026-05-23
O005406,C0070,P0184,W007,10,600.98,861.73,5148.07,Net Banking,Cancelled,2026-02-18
O005407,C0230,P0200,W016,3,181.69,42.63,502.44,Net Banking,Completed,2026-03-15
O005408,C0202,P0195,W007,2,194.61,12.31,376.91,Credit Card,Completed,2026-05-08
O005409,C0299,P0123,W008,3,614.42,95.43,1747.83,UPI,Pending,2025-10-08
O005410,C0102,P0016,W010,8,646.11,546.25,4622.63,Credit Card,Cancelled,2026-07-04
O005411,C0117,P0081,W016,9,583.65,372.62,4880.23,UPI,Pending,2026-07-05
O005412,C0354,P0148,W003,2,538.64,197.81,879.47,Cash,Pending,2026-06-03
O005413,C0063,P0119,W012,1,123.87,3.02,120.85,Net Banking,Pending,2026-05-19
O005414,C0134,P0018,W015,3,693.16,1.54,2077.94,Credit Card,Pending,2026-02-05
O005415,C0448,P0092,W003,4,165.58,47.92,614.4,Net Banking,Completed,2026-03-02
O005416,C0214,P0013,W017,2,678.5,172.46,1184.54,Net Banking,Cancelled,2026-05-30
O005417,C0439,P0162,W001,10,472.72,413.37,4313.83,Credit Card,Cancelled,2026-07-18
O005418,C0335,P0020,W009,9,658.43,825.91,5099.96,Net Banking,Completed,2026-07-16
O005419,C0042,P0074,W014,8,318.47,274.41,2273.35,UPI,Cancelled,2025-11-02
O005420,C0287,P0082,W006,5,524.26,102.06,2519.24,Debit Card,Completed,2025-09-10
O005421,C0412,P0095,W019,3,121.43,41.85,322.44,Cash,Pending,2026-06-02
O005422,C0171,P0114,W010,1,433.11,35.55,397.56,Cash,Pending,2026-02-02
O005423,C0255,P0114,W006,1,433.11,18.02,415.09,Net Banking,Pending,2026-02-17
O005424,C0302,P0152,W011,2,41.85,15.97,67.73,Cash,Completed,2026-07-18
O005425,C0438,P0146,W019,8,595.2,584.55,4177.05,Net Banking,Cancelled,2026-05-27
O005426,C0211,P0019,W005,7,452.83,527.68,2642.13,Net Banking,Pending,2025-12-31
O005427,C0431,P0105,W008,3,537.76,77.83,1535.45,Debit Card,Completed,2026-04-19
O005428,C0398,P0140,W011,1,719.31,125.29,594.02,Cash,Cancelled,2026-01-12
O005429,C0267,P0026,W012,2,424.88,134.28,715.48,Cash,Completed,2026-07-25
O005430,C0486,P0130,W020,2,247.63,1.87,493.39,UPI,Completed,2025-08-24
O005431,C0421,P0155,W004,7,70.67,35.01,459.68,Cash,Pending,2026-01-09
O005432,C0486,P0101,W007,7,536.98,59.45,3699.41,UPI,Pending,2026-05-23
O005433,C0080,P0036,W019,6,550.45,454.97,2847.73,Debit Card,Completed,2025-11-23
O005434,C0308,P0011,W018,3,311.47,137.68,796.73,Credit Card,Cancelled,2026-05-13
O005435,C0275,P0099,W014,1,703.35,19.62,683.73,Net Banking,Completed,2025-11-21
O005436,C0166,P0195,W020,5,194.61,163.98,809.07,UPI,Completed,2026-05-11
O005437,C0446,P0175,W010,6,636.16,731.46,3085.5,Credit Card,Pending,2025-11-14
O005438,C0053,P0003,W004,2,307.09,103.89,510.29,Debit Card,Completed,2026-07-30
O005439,C0120,P0099,W013,4,703.35,258.89,2554.51,Debit Card,Completed,2026-06-06
O005440,C0185,P0045,W014,7,74.54,93.11,428.67,Cash,Pending,2025-11-26
O005441,C0381,P0073,W017,8,114.95,11.21,908.39,Debit Card,Completed,2025-10-22
O005442,C0089,P0038,W007,9,210.73,224.68,1671.89,UPI,Pending,2026-01-14
O005443,C0466,P0162,W007,2,472.72,88.44,857.0,Net Banking,Cancelled,2025-10-09
O005444,C0130,P0046,W017,4,602.93,250.33,2161.39,Debit Card,Cancelled,2025-09-29
O005445,C0023,P0155,W014,1,70.67,4.79,65.88,Net Banking,Completed,2025-09-24
O005446,C0412,P0176,W001,7,708.65,331.68,4628.87,Cash,Cancelled,2026-05-07
O005447,C0161,P0190,W006,1,537.59,105.0,432.59,Debit Card,Completed,2026-03-22
O005448,C0403,P0015,W010,1,435.76,26.05,409.71,Credit Card,Pending,2025-09-26
O005449,C0218,P0197,W013,8,603.05,744.63,4079.77,UPI,Completed,2025-09-02
O005450,C0402,P0177,W012,2,764.51,137.58,1391.44,Cash,Completed,2026-06-15
O005451,C0076,P0069,W007,9,779.75,5.17,7012.58,Cash,Completed,2026-06-27
O005452,C0261,P0116,W013,10,446.14,636.85,3824.55,Debit Card,Pending,2026-02-01
O005453,C0080,P0106,W012,3,395.02,0.99,1184.07,Net Banking,Pending,2026-07-07
O005454,C0083,P0029,W019,5,380.84,129.63,1774.57,Net Banking,Cancelled,2025-10-03
O005455,C0476,P0084,W020,8,611.84,875.52,4019.2,Credit Card,Pending,2026-01-07
O005456,C0040,P0078,W013,10,134.38,180.48,1163.32,Credit Card,Completed,2025-12-23
O005457,C0354,P0036,W001,9,550.45,88.0,4866.05,Net Banking,Pending,2025-12-22
O005458,C0337,P0135,W012,1,444.2,79.03,365.17,UPI,Completed,2026-04-26
O005459,C0263,P0192,W007,2,392.33,1.31,783.35,Debit Card,Cancelled,2026-01-01
O005460,C0443,P0045,W019,2,74.54,2.92,146.16,Net Banking,Cancelled,2026-01-05
O005461,C0475,P0056,W020,2,73.8,3.94,143.66,Debit Card,Cancelled,2025-10-11
O005462,C0367,P0047,W015,4,519.72,294.18,1784.7,Cash,Completed,2025-12-13
O005463,C0271,P0158,W017,2,498.73,145.86,851.6,UPI,Cancelled,2025-08-31
O005464,C0182,P0187,W018,5,557.43,158.0,2629.15,Cash,Completed,2026-04-17
O005465,C0024,P0045,W020,6,74.54,33.58,413.66,Credit Card,Completed,2026-01-30
O005466,C0235,P0050,W002,6,407.27,175.08,2268.54,Credit Card,Completed,2026-05-10
O005467,C0243,P0184,W013,5,600.98,380.46,2624.44,Debit Card,Completed,2026-02-06
O005468,C0105,P0082,W005,6,524.26,26.35,3119.21,Debit Card,Completed,2026-02-24
O005469,C0455,P0115,W013,9,346.43,224.61,2893.26,Net Banking,Pending,2025-10-25
O005470,C0083,P0148,W013,9,538.64,875.86,3971.9,Net Banking,Completed,2025-09-07
O005471,C0274,P0017,W017,2,438.91,46.19,831.63,Credit Card,Pending,2026-05-05
O005472,C0252,P0012,W004,1,342.53,30.28,312.25,Cash,Pending,2026-02-03
O005473,C0007,P0039,W016,8,696.37,592.12,4978.84,Debit Card,Pending,2025-10-12
O005474,C0160,P0103,W016,8,104.86,154.84,684.04,Debit Card,Pending,2026-02-08
O005475,C0435,P0096,W004,7,223.64,91.35,1474.13,UPI,Completed,2026-05-15
O005476,C0231,P0081,W006,10,583.65,184.52,5651.98,Cash,Completed,2026-05-26
O005477,C0324,P0112,W007,5,635.62,111.48,3066.62,Credit Card,Completed,2026-06-19
O005478,C0052,P0087,W012,7,52.58,53.19,314.87,UPI,Pending,2026-01-02
O005479,C0285,P0059,W012,1,691.04,67.39,623.65,Debit Card,Cancelled,2026-05-10
O005480,C0406,P0107,W006,4,223.7,14.37,880.43,UPI,Cancelled,2026-07-22
O005481,C0196,P0117,W017,5,422.57,15.04,2097.81,Net Banking,Pending,2026-01-16
O005482,C0373,P0077,W003,9,705.01,1095.24,5249.85,Debit Card,Completed,2025-09-14
O005483,C0375,P0170,W005,4,505.56,351.03,1671.21,UPI,Cancelled,2026-05-17
O005484,C0113,P0049,W005,2,200.77,45.94,355.6,Debit Card,Completed,2026-01-16
O005485,C0079,P0024,W010,9,574.38,328.61,4840.81,Debit Card,Completed,2026-04-20
O005486,C0139,P0160,W016,4,103.95,55.43,360.37,Debit Card,Cancelled,2026-03-15
O005487,C0409,P0121,W018,5,650.82,282.42,2971.68,Net Banking,Pending,2026-04-02
O005488,C0348,P0003,W002,4,307.09,67.58,1160.78,Cash,Completed,2025-10-25
O005489,C0325,P0112,W001,10,635.62,344.46,6011.74,Debit Card,Completed,2026-05-08
O005490,C0446,P0007,W008,1,86.6,2.02,84.58,Net Banking,Cancelled,2026-01-11
O005491,C0387,P0106,W016,9,395.02,151.04,3404.14,Cash,Completed,2026-06-25
O005492,C0453,P0117,W005,5,422.57,171.04,1941.81,Debit Card,Pending,2026-03-03
O005493,C0295,P0180,W007,1,83.12,8.86,74.26,UPI,Cancelled,2025-08-18
O005494,C0261,P0109,W009,1,51.49,4.66,46.83,Credit Card,Cancelled,2026-07-19
O005495,C0424,P0067,W013,10,610.98,501.85,5607.95,Net Banking,Pending,2026-06-14
O005496,C0079,P0023,W010,9,673.26,467.03,5592.31,Cash,Completed,2025-11-30
O005497,C0448,P0050,W002,3,407.27,74.41,1147.4,Credit Card,Completed,2026-03-23
O005498,C0296,P0192,W003,7,392.33,310.68,2435.63,Credit Card,Completed,2025-09-13
O005499,C0341,P0034,W015,8,98.84,11.22,779.5,Net Banking,Completed,2026-02-11
O005500,C0071,P0138,W001,8,574.82,615.36,3983.2,Debit Card,Completed,2026-03-20
O005501,C0418,P0103,W004,3,104.86,47.27,267.31,UPI,Completed,2026-01-16
O005502,C0416,P0157,W012,1,596.45,88.31,508.14,Debit Card,Completed,2025-09-05
O005503,C0117,P0013,W017,1,678.5,31.22,647.28,UPI,Pending,2026-06-24
O005504,C0180,P0161,W014,6,792.47,436.29,4318.53,Debit Card,Pending,2026-06-28
O005505,C0424,P0169,W006,2,685.11,183.62,1186.6,Debit Card,Cancelled,2026-01-27
O005506,C0282,P0094,W012,7,536.83,56.83,3700.98,Cash,Cancelled,2026-05-26
O005507,C0041,P0026,W020,9,424.88,90.56,3733.36,Debit Card,Completed,2026-03-08
O005508,C0391,P0149,W002,10,102.98,39.51,990.29,Cash,Pending,2026-05-17
O005509,C0223,P0007,W002,9,86.6,112.69,666.71,Debit Card,Cancelled,2025-11-18
O005510,C0045,P0059,W019,10,691.04,1043.23,5867.17,Credit Card,Pending,2026-03-07
O005511,C0226,P0149,W002,4,102.98,47.37,364.55,Net Banking,Completed,2026-07-11
O005512,C0003,P0153,W011,6,97.2,40.37,542.83,Debit Card,Cancelled,2025-10-05
O005513,C0207,P0071,W017,4,324.09,37.16,1259.2,Debit Card,Cancelled,2025-08-24
O005514,C0091,P0104,W014,1,61.8,1.98,59.82,Net Banking,Pending,2025-11-20
O005515,C0421,P0174,W011,4,288.11,197.72,954.72,Cash,Pending,2026-06-24
O005516,C0321,P0069,W005,1,779.75,125.37,654.38,UPI,Cancelled,2025-09-22
O005517,C0288,P0193,W002,3,327.81,113.25,870.18,UPI,Completed,2026-02-28
O005518,C0351,P0122,W017,4,472.24,154.13,1734.83,Debit Card,Completed,2025-11-26
O005519,C0406,P0165,W009,2,221.44,40.77,402.11,UPI,Cancelled,2026-01-29
O005520,C0097,P0159,W003,7,340.74,279.64,2105.54,Credit Card,Cancelled,2026-04-01
O005521,C0316,P0127,W007,5,830.32,9.26,4142.34,Debit Card,Cancelled,2026-01-13
O005522,C0036,P0147,W002,9,250.9,215.73,2042.37,Net Banking,Cancelled,2026-04-16
O005523,C0250,P0133,W020,2,659.87,51.37,1268.37,UPI,Completed,2025-11-02
O005524,C0185,P0064,W009,10,124.23,26.41,1215.89,UPI,Cancelled,2025-10-03
O005525,C0212,P0055,W010,1,691.95,71.75,620.2,Net Banking,Cancelled,2026-06-12
O005526,C0291,P0028,W003,1,169.73,4.7,165.03,UPI,Cancelled,2026-02-14
O005527,C0338,P0145,W011,6,49.46,6.36,290.4,Net Banking,Completed,2025-11-26
O005528,C0291,P0054,W015,10,298.13,183.82,2797.48,Cash,Completed,2025-09-11
O005529,C0043,P0198,W009,9,369.55,272.0,3053.95,Cash,Pending,2025-12-30
O005530,C0229,P0142,W001,9,465.39,663.11,3525.4,Credit Card,Pending,2026-07-05
O005531,C0318,P0098,W005,3,515.46,272.78,1273.6,Cash,Completed,2026-04-28
O005532,C0266,P0068,W016,10,244.39,232.41,2211.49,Net Banking,Completed,2025-08-12
O005533,C0029,P0165,W014,1,221.44,28.67,192.77,Debit Card,Completed,2025-11-04
O005534,C0359,P0098,W018,2,515.46,120.71,910.21,UPI,Completed,2026-03-22
O005535,C0151,P0120,W007,6,117.95,66.99,640.71,Net Banking,Completed,2025-08-11
O005536,C0301,P0078,W018,1,134.38,6.73,127.65,Credit Card,Completed,2025-11-25
O005537,C0160,P0135,W007,3,444.2,62.24,1270.36,Debit Card,Cancelled,2025-08-15
O005538,C0288,P0022,W015,10,456.03,887.31,3672.99,Net Banking,Pending,2026-02-02
O005539,C0173,P0163,W020,9,561.9,33.0,5024.1,UPI,Pending,2026-06-16
O005540,C0355,P0135,W006,8,444.2,236.4,3317.2,Credit Card,Cancelled,2026-08-05
O005541,C0352,P0011,W007,9,311.47,226.79,2576.44,Debit Card,Pending,2026-07-12
O005542,C0010,P0133,W014,5,659.87,325.85,2973.5,UPI,Completed,2026-04-07
O005543,C0035,P0182,W013,9,103.87,152.03,782.8,Credit Card,Pending,2025-12-02
O005544,C0218,P0079,W001,6,102.81,22.51,594.35,UPI,Pending,2026-05-28
O005545,C0242,P0116,W012,8,446.14,709.28,2859.84,Credit Card,Completed,2026-06-11
O005546,C0058,P0061,W008,2,427.25,83.12,771.38,Cash,Pending,2026-07-24
O005547,C0298,P0143,W006,3,276.16,94.79,733.69,UPI,Cancelled,2026-03-17
O005548,C0387,P0137,W018,4,70.49,11.27,270.69,Credit Card,Cancelled,2026-05-23
O005549,C0337,P0150,W007,10,79.1,113.06,677.94,Cash,Pending,2026-06-06
O005550,C0416,P0105,W020,3,537.76,175.5,1437.78,Credit Card,Cancelled,2025-08-20
O005551,C0090,P0018,W011,6,693.16,257.39,3901.57,UPI,Pending,2025-08-26
O005552,C0351,P0015,W005,6,435.76,313.94,2300.62,Cash,Cancelled,2026-01-20
O005553,C0231,P0160,W004,5,103.95,48.46,471.29,Debit Card,Pending,2026-01-13
O005554,C0049,P0072,W016,8,712.27,268.95,5429.21,Net Banking,Pending,2026-04-14
O005555,C0456,P0116,W002,7,446.14,328.74,2794.24,UPI,Cancelled,2026-02-17
O005556,C0277,P0088,W014,7,512.39,586.37,3000.36,Net Banking,Cancelled,2026-03-18
O005557,C0484,P0102,W020,3,580.08,242.36,1497.88,UPI,Cancelled,2026-06-26
O005558,C0220,P0187,W007,4,557.43,203.8,2025.92,Credit Card,Pending,2026-03-09
O005559,C0417,P0177,W009,5,764.51,70.45,3752.1,Debit Card,Cancelled,2026-05-18
O005560,C0362,P0001,W015,6,711.01,844.19,3421.87,Debit Card,Completed,2025-11-14
O005561,C0480,P0087,W014,8,52.58,0.25,420.39,Credit Card,Completed,2026-06-29
O005562,C0192,P0014,W003,5,248.91,38.53,1206.02,Credit Card,Pending,2025-08-20
O005563,C0143,P0046,W014,2,602.93,174.34,1031.52,Debit Card,Completed,2026-02-11
O005564,C0266,P0123,W002,6,614.42,116.94,3569.58,Cash,Completed,2026-01-20
O005565,C0320,P0177,W007,6,764.51,22.11,4564.95,UPI,Completed,2026-05-16
O005566,C0242,P0174,W005,4,288.11,2.08,1150.36,Debit Card,Cancelled,2026-06-10
O005567,C0491,P0186,W007,6,703.11,720.65,3498.01,UPI,Completed,2025-11-27
O005568,C0357,P0079,W018,1,102.81,15.16,87.65,Credit Card,Pending,2026-04-13
O005569,C0203,P0091,W007,3,128.87,5.4,381.21,Cash,Completed,2026-06-15
O005570,C0318,P0173,W001,4,112.19,19.07,429.69,UPI,Completed,2026-01-31
O005571,C0202,P0020,W011,9,658.43,369.19,5556.68,Net Banking,Completed,2026-01-19
O005572,C0048,P0146,W012,2,595.2,132.57,1057.83,Credit Card,Cancelled,2026-07-01
O005573,C0314,P0106,W008,5,395.02,303.43,1671.67,Cash,Pending,2026-02-13
O005574,C0211,P0179,W003,9,761.14,1205.79,5644.47,Cash,Cancelled,2026-04-26
O005575,C0061,P0039,W012,1,696.37,94.5,601.87,Cash,Pending,2025-12-30
O005576,C0114,P0013,W019,7,678.5,905.85,3843.65,Credit Card,Completed,2026-07-27
O005577,C0461,P0149,W006,4,102.98,66.19,345.73,Net Banking,Completed,2026-02-25
O005578,C0171,P0016,W015,5,646.11,361.81,2868.74,Cash,Completed,2026-01-25
O005579,C0480,P0188,W015,10,149.25,25.16,1467.34,Cash,Cancelled,2026-07-28
O005580,C0411,P0052,W009,2,697.25,14.39,1380.11,Debit Card,Completed,2025-10-22
O005581,C0397,P0150,W014,8,79.1,9.42,623.38,Debit Card,Completed,2025-10-03
O005582,C0069,P0152,W018,8,41.85,28.44,306.36,Debit Card,Cancelled,2025-09-12
O005583,C0026,P0075,W009,2,153.98,12.07,295.89,Debit Card,Pending,2026-06-29
O005584,C0415,P0022,W003,9,456.03,670.63,3433.64,Credit Card,Pending,2026-07-17
O005585,C0224,P0158,W005,1,498.73,69.31,429.42,Cash,Completed,2026-01-14
O005586,C0340,P0068,W015,10,244.39,430.27,2013.63,Debit Card,Cancelled,2025-08-27
O005587,C0329,P0090,W010,3,414.11,71.56,1170.77,UPI,Cancelled,2026-01-14
O005588,C0157,P0038,W009,5,210.73,72.36,981.29,Net Banking,Pending,2026-04-22
O005589,C0145,P0093,W003,7,102.56,91.15,626.77,Cash,Completed,2026-01-11
O005590,C0403,P0174,W001,10,288.11,575.27,2305.83,Cash,Pending,2026-01-21
O005591,C0458,P0163,W019,7,561.9,641.49,3291.81,Cash,Completed,2025-10-24
O005592,C0446,P0039,W013,6,696.37,676.55,3501.67,Cash,Pending,2026-06-30
O005593,C0280,P0111,W017,2,638.29,113.01,1163.57,Net Banking,Cancelled,2026-05-20
O005594,C0025,P0066,W004,7,156.35,123.83,970.62,Net Banking,Completed,2026-05-20
O005595,C0049,P0196,W007,8,403.53,441.24,2787.0,UPI,Pending,2026-01-12
O005596,C0479,P0179,W003,4,761.14,393.35,2651.21,Cash,Pending,2026-06-02
O005597,C0279,P0127,W019,6,830.32,284.6,4697.32,Debit Card,Completed,2026-04-27
O005598,C0129,P0179,W016,9,761.14,708.49,6141.77,Net Banking,Cancelled,2025-12-26
O005599,C0101,P0167,W014,9,121.8,90.77,1005.43,Debit Card,Pending,2025-12-24
O005600,C0377,P0063,W020,6,152.21,162.6,750.66,Debit Card,Completed,2026-02-27
O005601,C0293,P0129,W017,6,649.05,586.92,3307.38,Debit Card,Pending,2025-12-10
O005602,C0058,P0152,W018,6,41.85,10.56,240.54,Net Banking,Pending,2025-09-20
O005603,C0266,P0149,W019,8,102.98,144.74,679.1,Debit Card,Completed,2026-06-13
O005604,C0276,P0052,W015,7,697.25,643.25,4237.5,Debit Card,Completed,2026-04-04
O005605,C0158,P0115,W019,9,346.43,99.22,3018.65,Credit Card,Pending,2026-03-02
O005606,C0370,P0172,W018,2,355.99,14.07,697.91,Debit Card,Pending,2026-04-20
O005607,C0396,P0158,W008,2,498.73,132.79,864.67,Debit Card,Pending,2026-06-07
O005608,C0099,P0025,W010,3,464.04,249.47,1142.65,Debit Card,Completed,2025-12-10
O005609,C0087,P0149,W011,3,102.98,16.18,292.76,Cash,Pending,2026-05-22
O005610,C0135,P0162,W004,4,472.72,87.88,1803.0,Cash,Pending,2025-08-17
O005611,C0372,P0194,W008,8,316.48,123.77,2408.07,Net Banking,Pending,2025-08-26
O005612,C0133,P0119,W016,7,123.87,41.35,825.74,Debit Card,Completed,2026-02-20
O005613,C0014,P0104,W003,4,61.8,20.86,226.34,Net Banking,Completed,2026-04-26
O005614,C0414,P0179,W020,7,761.14,953.09,4374.89,Net Banking,Cancelled,2026-07-14
O005615,C0065,P0112,W002,1,635.62,87.33,548.29,Credit Card,Completed,2026-05-17
O005616,C0479,P0024,W006,3,574.38,146.08,1577.06,UPI,Pending,2026-05-03
O005617,C0493,P0074,W013,6,318.47,105.78,1805.04,Credit Card,Completed,2025-10-01
O005618,C0114,P0124,W003,7,711.13,847.14,4130.77,UPI,Cancelled,2025-12-15
O005619,C0333,P0065,W018,3,114.36,66.18,276.9,Credit Card,Cancelled,2025-09-21
O005620,C0311,P0094,W003,6,536.83,2.2,3218.78,Debit Card,Completed,2026-03-14
O005621,C0369,P0070,W017,1,468.0,38.29,429.71,Net Banking,Pending,2025-08-25
O005622,C0370,P0045,W010,1,74.54,9.47,65.07,Credit Card,Pending,2025-12-09
O005623,C0160,P0199,W020,1,550.92,79.44,471.48,Credit Card,Cancelled,2026-03-06
O005624,C0370,P0184,W014,2,600.98,198.56,1003.4,Debit Card,Pending,2025-09-04
O005625,C0052,P0133,W017,4,659.87,227.6,2411.88,Cash,Completed,2026-06-02
O005626,C0468,P0167,W006,3,121.8,12.51,352.89,Cash,Completed,2025-11-24
O005627,C0215,P0102,W017,9,580.08,63.13,5157.59,Credit Card,Cancelled,2026-05-23
O005628,C0260,P0113,W011,8,229.52,166.88,1669.28,Debit Card,Completed,2026-04-28
O005629,C0329,P0177,W003,9,764.51,384.62,6495.97,UPI,Cancelled,2025-08-24
O005630,C0092,P0048,W019,1,197.9,15.63,182.27,Debit Card,Cancelled,2025-08-30
O005631,C0359,P0044,W005,7,509.99,462.65,3107.28,Cash,Cancelled,2025-09-07
O005632,C0199,P0172,W010,5,355.99,68.94,1711.01,UPI,Cancelled,2026-01-04
O005633,C0149,P0179,W008,7,761.14,1039.41,4288.57,Debit Card,Pending,2026-06-11
O005634,C0201,P0024,W015,2,574.38,209.14,939.62,UPI,Pending,2025-10-19
O005635,C0133,P0090,W001,2,414.11,54.84,773.38,Net Banking,Completed,2026-03-05
O005636,C0064,P0024,W010,2,574.38,67.05,1081.71,Debit Card,Completed,2026-06-25
O005637,C0267,P0141,W002,10,473.02,876.74,3853.46,Credit Card,Cancelled,2025-08-10
O005638,C0027,P0001,W016,10,711.01,971.13,6138.97,Net Banking,Completed,2026-03-08
O005639,C0335,P0007,W001,7,86.6,15.39,590.81,UPI,Completed,2026-05-27
O005640,C0153,P0115,W012,4,346.43,192.85,1192.87,Cash,Cancelled,2025-09-15
O005641,C0272,P0079,W001,6,102.81,109.27,507.59,UPI,Completed,2025-12-06
O005642,C0368,P0032,W011,10,562.17,769.68,4852.02,Debit Card,Completed,2025-11-11
O005643,C0259,P0082,W005,9,524.26,499.45,4218.89,Net Banking,Completed,2026-07-02
O005644,C0419,P0061,W014,4,427.25,219.54,1489.46,Debit Card,Completed,2025-08-09
O005645,C0099,P0126,W013,1,352.47,46.22,306.25,Debit Card,Pending,2025-10-23
O005646,C0332,P0078,W019,8,134.38,59.21,1015.83,Net Banking,Completed,2025-12-05
O005647,C0103,P0163,W009,4,561.9,261.32,1986.28,Net Banking,Completed,2026-03-06
O005648,C0020,P0154,W003,7,687.94,523.56,4292.02,Cash,Pending,2025-10-05
O005649,C0329,P0172,W019,10,355.99,411.2,3148.7,Net Banking,Pending,2026-02-18
O005650,C0312,P0074,W002,1,318.47,5.19,313.28,Debit Card,Pending,2026-04-29
O005651,C0438,P0062,W007,4,152.46,4.98,604.86,Net Banking,Cancelled,2025-10-01
O005652,C0481,P0169,W011,8,685.11,239.53,5241.35,Net Banking,Cancelled,2026-04-16
O005653,C0263,P0083,W020,7,557.15,451.1,3448.95,UPI,Pending,2025-08-25
O005654,C0149,P0113,W003,7,229.52,262.0,1344.64,Cash,Pending,2026-01-27
O005655,C0024,P0017,W017,8,438.91,291.75,3219.53,UPI,Cancelled,2026-07-08
O005656,C0015,P0064,W016,7,124.23,57.33,812.28,UPI,Completed,2025-12-16
O005657,C0343,P0183,W002,8,518.44,576.41,3571.11,Credit Card,Cancelled,2026-05-22
O005658,C0151,P0015,W011,5,435.76,294.56,1884.24,Credit Card,Pending,2025-09-18
O005659,C0374,P0102,W003,9,580.08,154.73,5065.99,Credit Card,Cancelled,2025-12-15
O005660,C0257,P0081,W009,2,583.65,98.09,1069.21,Cash,Cancelled,2026-07-16
O005661,C0385,P0166,W001,4,399.5,62.64,1535.36,Cash,Completed,2026-01-06
O005662,C0217,P0072,W014,7,712.27,223.24,4762.65,Debit Card,Completed,2025-10-05
O005663,C0416,P0056,W007,7,73.8,93.76,422.84,Net Banking,Completed,2025-11-24
O005664,C0497,P0152,W010,9,41.85,68.73,307.92,UPI,Completed,2026-07-04
O005665,C0181,P0179,W003,8,761.14,625.08,5464.04,Debit Card,Completed,2026-07-12
O005666,C0209,P0188,W020,6,149.25,55.95,839.55,Cash,Pending,2026-05-21
O005667,C0284,P0096,W005,4,223.64,118.27,776.29,Cash,Pending,2026-04-15
O005668,C0013,P0013,W012,8,678.5,500.5,4927.5,Cash,Cancelled,2026-06-08
O005669,C0186,P0097,W012,1,339.95,4.54,335.41,UPI,Completed,2025-08-09
O005670,C0208,P0128,W012,3,366.55,139.82,959.83,Debit Card,Pending,2025-09-02
O005671,C0231,P0099,W013,3,703.35,288.3,1821.75,Cash,Pending,2026-04-14
O005672,C0403,P0092,W009,9,165.58,33.9,1456.32,Cash,Pending,2025-11-23
O005673,C0432,P0040,W001,8,533.67,812.43,3456.93,UPI,Pending,2026-05-13
O005674,C0128,P0159,W001,6,340.74,245.66,1798.78,Debit Card,Cancelled,2026-02-08
O005675,C0240,P0100,W018,1,451.54,35.35,416.19,UPI,Completed,2025-08-17
O005676,C0438,P0037,W017,5,536.12,243.96,2436.64,Cash,Completed,2026-07-28
O005677,C0474,P0014,W019,8,248.91,289.51,1701.77,Debit Card,Cancelled,2025-11-28
O005678,C0155,P0150,W014,9,79.1,60.0,651.9,Net Banking,Cancelled,2025-12-27
O005679,C0173,P0150,W011,6,79.1,25.03,449.57,Cash,Cancelled,2026-01-31
O005680,C0436,P0041,W013,3,471.27,16.5,1397.31,Debit Card,Completed,2025-08-28
O005681,C0320,P0022,W015,1,456.03,32.4,423.63,Debit Card,Cancelled,2026-02-02
O005682,C0435,P0186,W015,8,703.11,281.45,5343.43,Net Banking,Pending,2026-05-23
O005683,C0112,P0096,W003,8,223.64,39.18,1749.94,Credit Card,Completed,2025-08-13
O005684,C0041,P0055,W020,1,691.95,34.45,657.5,UPI,Pending,2026-04-14
O005685,C0382,P0121,W013,3,650.82,333.33,1619.13,Net Banking,Cancelled,2026-01-10
O005686,C0137,P0036,W008,3,550.45,103.29,1548.06,Cash,Completed,2026-07-05
O005687,C0451,P0093,W010,5,102.56,30.52,482.28,UPI,Pending,2025-11-03
O005688,C0147,P0042,W018,7,276.02,334.56,1597.58,Cash,Cancelled,2025-12-23
O005689,C0348,P0004,W004,3,47.98,28.78,115.16,Credit Card,Completed,2026-01-05
O005690,C0248,P0008,W017,4,707.65,309.68,2520.92,UPI,Pending,2025-11-11
O005691,C0419,P0079,W012,8,102.81,93.2,729.28,UPI,Pending,2025-10-31
O005692,C0180,P0027,W006,4,78.28,46.99,266.13,Cash,Pending,2026-07-18
O005693,C0377,P0116,W014,6,446.14,151.56,2525.28,Net Banking,Pending,2026-03-23
O005694,C0128,P0001,W019,1,711.01,37.96,673.05,Net Banking,Cancelled,2026-05-26
O005695,C0317,P0044,W020,10,509.99,380.65,4719.25,Debit Card,Cancelled,2026-05-26
O005696,C0311,P0006,W019,10,615.25,987.42,5165.08,Credit Card,Cancelled,2026-05-07
O005697,C0475,P0133,W018,1,659.87,17.39,642.48,Credit Card,Pending,2025-11-13
O005698,C0031,P0076,W006,7,366.83,203.87,2363.94,UPI,Cancelled,2026-03-21
O005699,C0238,P0140,W003,1,719.31,107.04,612.27,UPI,Completed,2026-04-11
O005700,C0076,P0138,W020,4,574.82,416.13,1883.15,Cash,Pending,2026-06-14
O005701,C0021,P0165,W007,6,221.44,187.46,1141.18,Debit Card,Cancelled,2026-06-15
O005702,C0422,P0146,W020,9,595.2,367.93,4988.87,Credit Card,Cancelled,2025-09-18
O005703,C0290,P0115,W007,1,346.43,57.75,288.68,Debit Card,Completed,2025-11-03
O005704,C0008,P0047,W018,2,519.72,192.39,847.05,Debit Card,Cancelled,2025-10-05
O005705,C0297,P0039,W007,1,696.37,42.91,653.46,Cash,Cancelled,2026-02-21
O005706,C0327,P0071,W016,4,324.09,107.31,1189.05,Credit Card,Pending,2026-06-22
O005707,C0227,P0084,W014,4,611.84,327.69,2119.67,Credit Card,Cancelled,2026-02-13
O005708,C0283,P0185,W013,2,566.24,202.6,929.88,UPI,Pending,2026-07-13
O005709,C0005,P0186,W017,4,703.11,149.87,2662.57,Cash,Completed,2026-02-20
O005710,C0111,P0035,W012,9,613.51,148.35,5373.24,Debit Card,Completed,2026-01-01
O005711,C0499,P0160,W001,8,103.95,158.21,673.39,Cash,Completed,2026-02-10
O005712,C0026,P0034,W011,8,98.84,129.08,661.64,Debit Card,Pending,2025-09-04
O005713,C0373,P0003,W007,6,307.09,66.17,1776.37,Credit Card,Completed,2026-02-06
O005714,C0242,P0195,W002,3,194.61,99.06,484.77,Cash,Cancelled,2025-11-02
O005715,C0280,P0109,W007,3,51.49,24.24,130.23,Net Banking,Pending,2026-03-19
O005716,C0056,P0024,W008,8,574.38,891.97,3703.07,Credit Card,Completed,2025-11-02
O005717,C0062,P0035,W010,6,613.51,91.33,3589.73,Credit Card,Completed,2026-01-02
O005718,C0116,P0043,W005,6,759.88,561.54,3997.74,Debit Card,Pending,2026-07-31
O005719,C0083,P0183,W017,10,518.44,87.46,5096.94,Cash,Cancelled,2025-08-06
O005720,C0248,P0047,W011,3,519.72,38.98,1520.18,Cash,Pending,2026-04-14
O005721,C0465,P0174,W011,7,288.11,197.92,1818.85,Cash,Pending,2026-03-21
O005722,C0478,P0156,W011,3,716.77,220.92,1929.39,UPI,Completed,2026-02-19
O005723,C0063,P0159,W015,6,340.74,130.05,1914.39,UPI,Completed,2025-09-25
O005724,C0354,P0081,W003,1,583.65,89.34,494.31,Net Banking,Completed,2025-10-08
O005725,C0474,P0071,W011,6,324.09,63.79,1880.75,Net Banking,Pending,2026-06-20
O005726,C0121,P0079,W016,6,102.81,13.46,603.4,Debit Card,Pending,2026-07-30
O005727,C0321,P0025,W010,7,464.04,441.54,2806.74,UPI,Cancelled,2025-09-15
O005728,C0391,P0102,W014,9,580.08,1019.44,4201.28,Debit Card,Pending,2025-12-09
O005729,C0368,P0083,W019,1,557.15,33.26,523.89,Debit Card,Pending,2025-08-28
O005730,C0487,P0125,W009,5,184.54,70.99,851.71,Net Banking,Cancelled,2026-05-10
O005731,C0473,P0051,W002,1,229.62,38.67,190.95,UPI,Completed,2026-05-31
O005732,C0052,P0083,W005,6,557.15,410.3,2932.6,Credit Card,Completed,2025-09-24
O005733,C0486,P0004,W015,9,47.98,23.52,408.3,UPI,Cancelled,2025-08-14
O005734,C0088,P0123,W006,6,614.42,500.32,3186.2,UPI,Completed,2026-05-18
O005735,C0205,P0062,W008,10,152.46,65.48,1459.12,Net Banking,Completed,2026-02-16
O005736,C0371,P0178,W003,8,253.74,359.61,1670.31,Credit Card,Cancelled,2025-08-31
O005737,C0158,P0146,W015,1,595.2,54.65,540.55,Net Banking,Pending,2026-07-03
O005738,C0010,P0092,W010,9,165.58,155.33,1334.89,Net Banking,Completed,2026-06-20
O005739,C0054,P0001,W009,7,711.01,818.77,4158.3,UPI,Pending,2025-10-07
O005740,C0320,P0165,W006,4,221.44,106.59,779.17,Credit Card,Completed,2026-03-21
O005741,C0340,P0127,W009,6,830.32,212.17,4769.75,Debit Card,Completed,2025-09-16
O005742,C0310,P0130,W009,4,247.63,99.58,890.94,Cash,Pending,2025-10-02
O005743,C0166,P0193,W012,2,327.81,5.6,650.02,Net Banking,Completed,2026-04-15
O005744,C0242,P0076,W015,2,366.83,52.2,681.46,Net Banking,Cancelled,2026-05-12
O005745,C0250,P0018,W020,10,693.16,1019.38,5912.22,UPI,Cancelled,2025-10-26
O005746,C0311,P0194,W018,6,316.48,261.89,1636.99,Cash,Cancelled,2025-10-14
O005747,C0300,P0075,W015,9,153.98,53.11,1332.71,Debit Card,Completed,2026-03-30
O005748,C0338,P0136,W004,3,596.21,75.52,1713.11,Credit Card,Pending,2025-09-14
O005749,C0149,P0151,W004,1,359.46,41.18,318.28,Credit Card,Completed,2026-06-20
O005750,C0165,P0190,W007,4,537.59,230.55,1919.81,Credit Card,Pending,2025-09-19
O005751,C0100,P0089,W015,1,380.36,65.99,314.37,Net Banking,Cancelled,2026-05-28
O005752,C0421,P0120,W013,1,117.95,19.64,98.31,Debit Card,Cancelled,2026-04-02
O005753,C0369,P0159,W018,9,340.74,18.19,3048.47,Cash,Cancelled,2026-04-09
O005754,C0035,P0191,W016,6,583.75,10.88,3491.62,UPI,Pending,2025-08-30
O005755,C0172,P0152,W011,7,41.85,13.54,279.41,Debit Card,Completed,2026-02-09
O005756,C0018,P0179,W001,5,761.14,524.86,3280.84,Credit Card,Completed,2026-04-20
O005757,C0151,P0152,W010,7,41.85,27.77,265.18,Debit Card,Cancelled,2026-04-25
O005758,C0168,P0199,W017,4,550.92,273.36,1930.32,UPI,Cancelled,2025-08-30
O005759,C0381,P0162,W007,1,472.72,34.08,438.64,Net Banking,Cancelled,2025-10-27
O005760,C0484,P0173,W016,10,112.19,106.52,1015.38,Net Banking,Cancelled,2025-09-13
O005761,C0425,P0150,W015,1,79.1,6.38,72.72,Credit Card,Pending,2026-03-04
O005762,C0298,P0124,W012,6,711.13,396.6,3870.18,Cash,Cancelled,2025-12-05
O005763,C0003,P0051,W001,2,229.62,44.6,414.64,Debit Card,Cancelled,2025-11-12
O005764,C0041,P0077,W009,8,705.01,19.11,5620.97,UPI,Cancelled,2026-07-18
O005765,C0265,P0060,W007,4,220.07,72.21,808.07,UPI,Pending,2026-02-13
O005766,C0275,P0093,W011,2,102.56,19.13,185.99,Cash,Completed,2026-02-08
O005767,C0264,P0022,W016,1,456.03,2.59,453.44,Net Banking,Cancelled,2026-06-17
O005768,C0487,P0077,W003,7,705.01,841.9,4093.17,Credit Card,Cancelled,2026-04-29
O005769,C0207,P0144,W017,5,642.6,81.25,3131.75,Net Banking,Completed,2026-02-23
O005770,C0362,P0071,W013,6,324.09,208.76,1735.78,Cash,Cancelled,2026-02-02
O005771,C0169,P0115,W016,6,346.43,264.81,1813.77,UPI,Pending,2026-04-08
O005772,C0171,P0024,W007,1,574.38,37.54,536.84,UPI,Completed,2026-03-24
O005773,C0031,P0062,W007,4,152.46,72.31,537.53,Cash,Completed,2026-01-31
O005774,C0015,P0173,W016,3,112.19,11.06,325.51,Cash,Pending,2026-03-20
O005775,C0139,P0116,W010,10,446.14,448.21,4013.19,Net Banking,Completed,2025-11-21
O005776,C0480,P0162,W005,10,472.72,349.4,4377.8,Cash,Pending,2026-05-06
O005777,C0484,P0178,W004,5,253.74,175.32,1093.38,Debit Card,Pending,2026-03-27
O005778,C0215,P0119,W007,6,123.87,92.11,651.11,Cash,Cancelled,2025-10-05
O005779,C0383,P0050,W006,1,407.27,38.3,368.97,UPI,Completed,2026-05-29
O005780,C0346,P0061,W004,6,427.25,234.39,2329.11,Debit Card,Completed,2026-07-23
O005781,C0227,P0179,W013,3,761.14,72.1,2211.32,Cash,Cancelled,2026-02-22
O005782,C0183,P0173,W012,8,112.19,143.46,754.06,UPI,Pending,2026-06-08
O005783,C0404,P0017,W002,3,438.91,252.34,1064.39,Cash,Completed,2025-12-20
O005784,C0069,P0108,W015,8,467.1,18.95,3717.85,Debit Card,Completed,2026-06-28
O005785,C0125,P0066,W010,4,156.35,82.63,542.77,Net Banking,Completed,2026-05-24
O005786,C0070,P0008,W017,6,707.65,333.06,3912.84,Debit Card,Pending,2026-05-06
O005787,C0477,P0045,W005,5,74.54,12.14,360.56,Cash,Cancelled,2026-01-08
O005788,C0398,P0020,W006,8,658.43,939.54,4327.9,UPI,Cancelled,2026-07-11
O005789,C0073,P0160,W016,3,103.95,35.91,275.94,UPI,Pending,2025-09-22
O005790,C0473,P0199,W005,1,550.92,104.74,446.18,Credit Card,Pending,2026-03-28
O005791,C0044,P0100,W014,7,451.54,237.55,2923.23,Net Banking,Pending,2026-06-02
O005792,C0086,P0105,W012,1,537.76,82.14,455.62,Debit Card,Completed,2025-12-09
O005793,C0284,P0090,W017,1,414.11,29.56,384.55,Credit Card,Pending,2026-07-05
O005794,C0137,P0063,W003,8,152.21,145.25,1072.43,Net Banking,Cancelled,2025-09-11
O005795,C0033,P0173,W003,1,112.19,20.96,91.23,Debit Card,Completed,2026-05-12
O005796,C0045,P0112,W019,10,635.62,1018.86,5337.34,Net Banking,Cancelled,2026-01-25
O005797,C0314,P0033,W017,8,316.3,498.91,2031.49,UPI,Pending,2026-01-26
O005798,C0438,P0144,W016,9,642.6,442.19,5341.21,UPI,Cancelled,2025-11-11
O005799,C0353,P0063,W001,6,152.21,117.88,795.38,Credit Card,Completed,2026-06-09
O005800,C0424,P0009,W005,6,127.01,18.42,743.64,Debit Card,Completed,2026-06-01
O005801,C0444,P0042,W004,9,276.02,200.42,2283.76,Credit Card,Completed,2025-12-14
O005802,C0487,P0122,W013,6,472.24,204.17,2629.27,Cash,Pending,2025-10-16
O005803,C0471,P0100,W007,10,451.54,462.11,4053.29,Credit Card,Pending,2025-11-23
O005804,C0022,P0001,W011,6,711.01,632.57,3633.49,Cash,Completed,2026-04-15
O005805,C0373,P0057,W003,6,500.43,589.31,2413.27,Cash,Cancelled,2025-10-29
O005806,C0305,P0048,W019,2,197.9,21.07,374.73,Credit Card,Completed,2026-07-07
O005807,C0209,P0180,W013,5,83.12,25.75,389.85,UPI,Completed,2025-08-13
O005808,C0025,P0196,W016,10,403.53,56.49,3978.81,Cash,Pending,2025-12-22
O005809,C0412,P0009,W008,9,127.01,221.53,921.56,Debit Card,Pending,2026-01-19
O005810,C0491,P0179,W006,8,761.14,775.14,5313.98,Net Banking,Pending,2025-12-21
O005811,C0294,P0167,W004,4,121.8,40.77,446.43,Debit Card,Completed,2026-07-30
O005812,C0124,P0048,W017,6,197.9,185.06,1002.34,Credit Card,Pending,2026-06-05
O005813,C0127,P0089,W006,5,380.36,125.46,1776.34,Debit Card,Cancelled,2025-09-08
O005814,C0185,P0075,W019,6,153.98,169.39,754.49,Net Banking,Pending,2025-11-08
O005815,C0133,P0038,W020,3,210.73,102.92,529.27,UPI,Pending,2025-09-23
O005816,C0363,P0095,W009,9,121.43,193.78,899.09,Debit Card,Pending,2026-01-29
O005817,C0348,P0082,W010,4,524.26,163.08,1933.96,Debit Card,Completed,2025-11-16
O005818,C0225,P0020,W016,9,658.43,787.24,5138.63,Credit Card,Completed,2025-12-13
O005819,C0105,P0116,W001,4,446.14,182.41,1602.15,UPI,Completed,2026-07-21
O005820,C0023,P0002,W002,5,318.95,88.06,1506.69,UPI,Pending,2025-10-06
O005821,C0051,P0171,W009,8,165.53,164.56,1159.68,Debit Card,Completed,2026-06-26
O005822,C0068,P0008,W002,9,707.65,958.8,5410.05,Debit Card,Cancelled,2026-05-12
O005823,C0170,P0129,W018,5,649.05,557.93,2687.32,Debit Card,Cancelled,2025-10-03
O005824,C0071,P0157,W001,10,596.45,523.02,5441.48,Debit Card,Pending,2025-08-31
O005825,C0165,P0063,W014,9,152.21,20.33,1349.56,Credit Card,Completed,2026-03-19
O005826,C0393,P0053,W014,7,208.63,100.25,1360.16,Cash,Completed,2026-04-24
O005827,C0411,P0066,W001,6,156.35,165.94,772.16,UPI,Cancelled,2026-02-26
O005828,C0304,P0103,W010,9,104.86,10.41,933.33,Cash,Completed,2026-03-17
O005829,C0244,P0194,W004,10,316.48,280.54,2884.26,Net Banking,Completed,2025-09-30
O005830,C0201,P0061,W019,4,427.25,112.96,1596.04,Cash,Pending,2026-07-13
O005831,C0010,P0007,W005,2,86.6,34.6,138.6,Debit Card,Pending,2025-11-06
O005832,C0251,P0014,W019,6,248.91,151.89,1341.57,Debit Card,Cancelled,2026-05-23
O005833,C0035,P0036,W004,5,550.45,285.97,2466.28,Debit Card,Completed,2026-01-17
O005834,C0406,P0015,W020,4,435.76,22.32,1720.72,Credit Card,Cancelled,2026-02-04
O005835,C0137,P0098,W012,7,515.46,477.77,3130.45,UPI,Pending,2025-08-23
O005836,C0032,P0136,W020,3,596.21,293.69,1494.94,Credit Card,Pending,2026-04-23
O005837,C0393,P0194,W013,9,316.48,137.85,2710.47,Debit Card,Completed,2026-03-27
O005838,C0263,P0048,W008,10,197.9,84.39,1894.61,Cash,Cancelled,2026-02-19
O005839,C0037,P0192,W004,6,392.33,304.98,2049.0,Net Banking,Cancelled,2026-06-03
O005840,C0049,P0100,W013,3,451.54,102.4,1252.22,Net Banking,Pending,2025-10-30
O005841,C0023,P0185,W016,2,566.24,3.44,1129.04,Debit Card,Pending,2026-04-28
O005842,C0215,P0023,W003,7,673.26,79.09,4633.73,Net Banking,Cancelled,2025-10-29
O005843,C0131,P0033,W015,3,316.3,146.12,802.78,UPI,Pending,2026-01-05
O005844,C0353,P0086,W001,1,781.27,56.45,724.82,Credit Card,Pending,2026-04-18
O005845,C0253,P0084,W015,2,611.84,212.01,1011.67,Cash,Pending,2025-10-06
O005846,C0263,P0151,W001,8,359.46,4.08,2871.6,Debit Card,Cancelled,2026-08-05
O005847,C0490,P0114,W014,1,433.11,41.76,391.35,Credit Card,Cancelled,2026-07-11
O005848,C0284,P0182,W002,4,103.87,70.04,345.44,Credit Card,Pending,2026-02-17
O005849,C0036,P0106,W004,7,395.02,119.56,2645.58,Cash,Cancelled,2026-01-02
O005850,C0187,P0141,W011,10,473.02,368.25,4361.95,Credit Card,Completed,2026-06-30
O005851,C0314,P0154,W003,2,687.94,145.82,1230.06,Credit Card,Completed,2026-05-30
O005852,C0440,P0077,W018,3,705.01,224.42,1890.61,Net Banking,Cancelled,2025-09-19
O005853,C0159,P0112,W009,3,635.62,188.38,1718.48,Net Banking,Completed,2025-10-11
O005854,C0223,P0085,W013,1,734.45,93.39,641.06,Credit Card,Cancelled,2026-07-26
O005855,C0416,P0019,W016,1,452.83,36.84,415.99,Net Banking,Completed,2026-04-24
O005856,C0197,P0157,W004,6,596.45,477.79,3100.91,Credit Card,Completed,2025-08-06
O005857,C0181,P0072,W003,9,712.27,883.51,5526.92,Credit Card,Completed,2025-08-21
O005858,C0004,P0069,W018,3,779.75,166.35,2172.9,Cash,Completed,2026-04-10
O005859,C0045,P0121,W005,5,650.82,533.67,2720.43,UPI,Pending,2026-03-18
O005860,C0260,P0112,W008,8,635.62,565.66,4519.3,UPI,Cancelled,2025-12-19
O005861,C0373,P0040,W001,1,533.67,6.3,527.37,Net Banking,Completed,2025-09-30
O005862,C0355,P0106,W011,1,395.02,11.17,383.85,Debit Card,Cancelled,2026-04-18
O005863,C0149,P0086,W012,4,781.27,150.51,2974.57,Credit Card,Pending,2026-05-08
O005864,C0010,P0087,W014,5,52.58,33.88,229.02,Credit Card,Completed,2026-07-18
O005865,C0084,P0124,W020,2,711.13,147.82,1274.44,Cash,Pending,2026-07-02
O005866,C0254,P0185,W008,6,566.24,554.81,2842.63,Net Banking,Completed,2025-10-12
O005867,C0315,P0054,W012,7,298.13,41.76,2045.15,Cash,Cancelled,2025-10-05
O005868,C0034,P0173,W018,1,112.19,16.15,96.04,Credit Card,Cancelled,2025-10-13
O005869,C0175,P0111,W008,3,638.29,108.21,1806.66,Net Banking,Cancelled,2026-06-27
O005870,C0037,P0075,W002,6,153.98,134.14,789.74,UPI,Cancelled,2025-09-01
O005871,C0459,P0062,W020,2,152.46,43.58,261.34,UPI,Pending,2025-09-04
O005872,C0380,P0005,W001,9,616.49,631.07,4917.34,Net Banking,Pending,2026-01-26
O005873,C0468,P0175,W001,8,636.16,22.24,5067.04,UPI,Completed,2026-02-18
O005874,C0161,P0166,W013,10,399.5,775.28,3219.72,Cash,Pending,2025-12-03
O005875,C0235,P0099,W018,7,703.35,379.96,4543.49,Cash,Pending,2026-02-17
O005876,C0080,P0103,W001,5,104.86,10.91,513.39,UPI,Completed,2025-08-13
O005877,C0158,P0079,W002,7,102.81,77.61,642.06,UPI,Cancelled,2025-11-19
O005878,C0249,P0007,W019,5,86.6,24.05,408.95,Debit Card,Cancelled,2025-12-27
O005879,C0133,P0115,W016,5,346.43,36.74,1695.41,Debit Card,Cancelled,2026-04-15
O005880,C0254,P0137,W017,5,70.49,11.34,341.11,Debit Card,Cancelled,2026-03-24
O005881,C0461,P0114,W014,1,433.11,30.83,402.28,Net Banking,Pending,2026-02-05
O005882,C0352,P0006,W015,5,615.25,91.6,2984.65,Net Banking,Cancelled,2026-02-01
O005883,C0300,P0006,W020,1,615.25,31.01,584.24,Net Banking,Pending,2026-04-07
O005884,C0479,P0162,W015,9,472.72,60.24,4194.24,Debit Card,Completed,2025-11-04
O005885,C0057,P0027,W012,3,78.28,43.5,191.34,UPI,Pending,2025-12-20
O005886,C0380,P0129,W016,8,649.05,445.31,4747.09,UPI,Pending,2026-01-26
O005887,C0139,P0030,W013,1,129.09,8.71,120.38,Cash,Completed,2026-07-12
O005888,C0165,P0067,W009,2,610.98,243.64,978.32,Debit Card,Pending,2026-04-07
O005889,C0473,P0162,W017,10,472.72,72.85,4654.35,Net Banking,Pending,2026-06-16
O005890,C0307,P0034,W004,1,98.84,11.57,87.27,Credit Card,Cancelled,2026-03-15
O005891,C0382,P0010,W016,4,275.52,26.74,1075.34,Debit Card,Cancelled,2025-10-15
O005892,C0360,P0158,W001,1,498.73,98.42,400.31,Cash,Completed,2026-05-16
O005893,C0011,P0068,W001,2,244.39,75.15,413.63,Cash,Pending,2025-08-11
O005894,C0104,P0058,W017,2,607.88,7.34,1208.42,Net Banking,Pending,2025-09-11
O005895,C0136,P0022,W015,8,456.03,138.85,3509.39,Debit Card,Pending,2025-10-03
O005896,C0028,P0187,W005,7,557.43,228.47,3673.54,Debit Card,Pending,2025-12-09
O005897,C0463,P0044,W010,6,509.99,315.26,2744.68,Net Banking,Pending,2026-04-06
O005898,C0346,P0133,W017,4,659.87,263.53,2375.95,Debit Card,Cancelled,2025-10-13
O005899,C0296,P0025,W008,8,464.04,417.35,3294.97,Net Banking,Pending,2026-07-26
O005900,C0001,P0139,W015,8,261.47,173.52,1918.24,Cash,Cancelled,2026-03-07
O005901,C0392,P0146,W011,7,595.2,224.41,3941.99,Cash,Completed,2026-06-09
O005902,C0148,P0012,W001,1,342.53,54.12,288.41,Cash,Cancelled,2025-10-08
O005903,C0244,P0010,W016,2,275.52,45.83,505.21,UPI,Completed,2025-10-07
O005904,C0475,P0066,W004,7,156.35,12.73,1081.72,Net Banking,Completed,2025-12-18
O005905,C0131,P0165,W010,4,221.44,58.91,826.85,Cash,Completed,2026-06-03
O005906,C0313,P0022,W018,1,456.03,51.12,404.91,Cash,Cancelled,2026-05-31
O005907,C0041,P0086,W008,10,781.27,290.81,7521.89,Credit Card,Cancelled,2026-07-29
O005908,C0171,P0165,W015,7,221.44,129.85,1420.23,Credit Card,Cancelled,2026-06-19
O005909,C0271,P0031,W017,6,475.72,173.28,2681.04,Debit Card,Pending,2026-05-23
O005910,C0105,P0087,W009,2,52.58,15.96,89.2,UPI,Cancelled,2026-06-03
O005911,C0453,P0079,W018,2,102.81,21.29,184.33,Net Banking,Pending,2025-08-17
O005912,C0452,P0064,W003,9,124.23,160.07,958.0,UPI,Cancelled,2025-09-09
O005913,C0193,P0022,W008,2,456.03,11.18,900.88,UPI,Completed,2026-03-11
O005914,C0435,P0147,W007,10,250.9,343.18,2165.82,Cash,Cancelled,2025-08-13
O005915,C0314,P0089,W003,3,380.36,113.32,1027.76,Debit Card,Completed,2025-12-15
O005916,C0278,P0151,W020,5,359.46,292.73,1504.57,Cash,Pending,2025-09-15
O005917,C0309,P0039,W003,9,696.37,432.87,5834.46,Net Banking,Completed,2026-06-07
O005918,C0491,P0016,W008,7,646.11,843.0,3679.77,Credit Card,Cancelled,2025-12-20
O005919,C0129,P0194,W020,6,316.48,30.2,1868.68,Credit Card,Completed,2026-02-27
O005920,C0057,P0012,W019,4,342.53,181.72,1188.4,Debit Card,Cancelled,2026-07-16
O005921,C0185,P0064,W010,8,124.23,37.79,956.05,Net Banking,Completed,2025-10-18
O005922,C0167,P0135,W020,8,444.2,187.57,3366.03,UPI,Completed,2026-05-27
O005923,C0062,P0081,W002,3,583.65,234.33,1516.62,Cash,Pending,2025-08-08
O005924,C0435,P0013,W014,10,678.5,321.04,6463.96,Debit Card,Cancelled,2026-07-17
O005925,C0108,P0034,W020,3,98.84,39.48,257.04,Debit Card,Cancelled,2026-06-21
O005926,C0102,P0043,W014,9,759.88,1165.7,5673.22,Debit Card,Cancelled,2026-04-14
O005927,C0051,P0041,W020,8,471.27,450.38,3319.78,UPI,Pending,2026-06-13
O005928,C0030,P0081,W018,8,583.65,347.5,4321.7,Debit Card,Pending,2025-10-28
O005929,C0173,P0014,W019,6,248.91,295.18,1198.28,Credit Card,Completed,2026-01-29
O005930,C0384,P0154,W017,2,687.94,147.5,1228.38,Cash,Cancelled,2026-05-04
O005931,C0106,P0157,W018,2,596.45,146.09,1046.81,Debit Card,Pending,2026-06-14
O005932,C0033,P0120,W009,2,117.95,9.66,226.24,Debit Card,Completed,2025-11-08
O005933,C0086,P0078,W003,2,134.38,37.74,231.02,Credit Card,Cancelled,2025-10-24
O005934,C0368,P0143,W016,6,276.16,55.68,1601.28,Net Banking,Cancelled,2025-12-13
O005935,C0226,P0046,W007,4,602.93,393.84,2017.88,UPI,Pending,2026-07-09
O005936,C0444,P0064,W020,7,124.23,71.47,798.14,Debit Card,Pending,2026-03-31
O005937,C0389,P0006,W014,4,615.25,471.76,1989.24,Cash,Cancelled,2026-07-26
O005938,C0081,P0013,W019,2,678.5,122.53,1234.47,UPI,Cancelled,2025-10-13
O005939,C0321,P0039,W002,2,696.37,75.54,1317.2,Credit Card,Completed,2026-06-23
O005940,C0270,P0084,W006,7,611.84,158.51,4124.37,UPI,Cancelled,2025-12-13
O005941,C0208,P0057,W015,4,500.43,177.28,1824.44,Cash,Completed,2025-09-13
O005942,C0097,P0159,W008,6,340.74,200.7,1843.74,Net Banking,Pending,2026-06-03
O005943,C0031,P0106,W001,3,395.02,203.88,981.18,UPI,Completed,2026-01-25
O005944,C0370,P0088,W015,7,512.39,144.49,3442.24,Credit Card,Completed,2026-07-31
O005945,C0034,P0131,W020,2,381.9,83.35,680.45,Cash,Cancelled,2026-04-14
O005946,C0115,P0011,W005,3,311.47,138.76,795.65,Cash,Cancelled,2026-04-19
O005947,C0149,P0011,W003,9,311.47,301.15,2502.08,Credit Card,Cancelled,2026-04-12
O005948,C0300,P0019,W016,10,452.83,873.37,3654.93,Cash,Cancelled,2025-11-20
O005949,C0484,P0010,W012,9,275.52,308.39,2171.29,Cash,Cancelled,2025-10-25
O005950,C0196,P0134,W012,2,127.8,5.66,249.94,Net Banking,Pending,2026-04-16
O005951,C0233,P0107,W001,9,223.7,25.07,1988.23,UPI,Pending,2025-10-19
O005952,C0083,P0140,W013,1,719.31,67.23,652.08,Debit Card,Pending,2026-04-05
O005953,C0285,P0191,W015,7,583.75,255.99,3830.26,Debit Card,Pending,2025-10-22
O005954,C0287,P0025,W015,7,464.04,515.44,2732.84,Net Banking,Completed,2026-01-04
O005955,C0015,P0082,W017,4,524.26,17.41,2079.63,Cash,Completed,2025-09-20
O005956,C0379,P0144,W011,8,642.6,705.51,4435.29,Credit Card,Cancelled,2025-12-24
O005957,C0271,P0059,W013,4,691.04,414.99,2349.17,Net Banking,Completed,2026-03-11
O005958,C0030,P0023,W015,2,673.26,112.13,1234.39,Credit Card,Pending,2026-01-18
O005959,C0045,P0108,W013,2,467.1,168.72,765.48,UPI,Completed,2026-02-03
O005960,C0097,P0092,W014,6,165.58,110.82,882.66,UPI,Pending,2025-12-21
O005961,C0482,P0069,W001,6,779.75,288.73,4389.77,Debit Card,Cancelled,2026-05-29
O005962,C0082,P0034,W002,1,98.84,1.14,97.7,Debit Card,Cancelled,2025-09-29
O005963,C0037,P0054,W016,2,298.13,75.43,520.83,Net Banking,Cancelled,2025-12-15
O005964,C0336,P0175,W015,5,636.16,47.63,3133.17,UPI,Completed,2026-04-24
O005965,C0345,P0104,W018,6,61.8,72.92,297.88,Credit Card,Cancelled,2026-01-29
O005966,C0181,P0066,W001,1,156.35,5.57,150.78,UPI,Cancelled,2026-04-06
O005967,C0106,P0105,W011,7,537.76,366.09,3398.23,Cash,Completed,2026-03-13
O005968,C0060,P0115,W003,3,346.43,199.86,839.43,Cash,Pending,2025-12-17
O005969,C0153,P0020,W006,2,658.43,254.47,1062.39,Credit Card,Completed,2025-12-11
O005970,C0231,P0072,W011,8,712.27,1071.54,4626.62,Cash,Cancelled,2026-05-03
O005971,C0074,P0078,W010,4,134.38,65.5,472.02,Cash,Completed,2026-04-14
O005972,C0326,P0075,W015,5,153.98,14.56,755.34,Debit Card,Pending,2025-08-25
O005973,C0201,P0012,W016,7,342.53,471.87,1925.84,Debit Card,Pending,2025-08-12
O005974,C0287,P0116,W006,3,446.14,243.17,1095.25,UPI,Completed,2026-06-03
O005975,C0161,P0076,W014,5,366.83,274.2,1559.95,UPI,Pending,2025-12-31
O005976,C0278,P0132,W009,9,661.28,427.33,5524.19,UPI,Completed,2025-08-09
O005977,C0177,P0149,W013,8,102.98,133.3,690.54,Net Banking,Cancelled,2026-06-02
O005978,C0468,P0120,W018,4,117.95,88.0,383.8,Debit Card,Cancelled,2025-08-12
O005979,C0441,P0143,W004,6,276.16,31.59,1625.37,Credit Card,Completed,2025-11-22
O005980,C0130,P0187,W019,3,557.43,167.72,1504.57,Net Banking,Cancelled,2026-04-26
O005981,C0472,P0014,W002,3,248.91,54.51,692.22,Credit Card,Completed,2025-10-21
O005982,C0416,P0023,W007,2,673.26,35.91,1310.61,Debit Card,Cancelled,2026-04-05
O005983,C0203,P0096,W015,9,223.64,208.51,1804.25,UPI,Pending,2026-04-06
O005984,C0375,P0041,W019,7,471.27,533.24,2765.65,Credit Card,Pending,2025-11-08
O005985,C0238,P0193,W018,4,327.81,165.4,1145.84,UPI,Pending,2025-08-25
O005986,C0134,P0110,W009,3,91.98,4.33,271.61,Cash,Completed,2025-10-04
O005987,C0392,P0047,W004,4,519.72,219.55,1859.33,Cash,Pending,2026-02-14
O005988,C0162,P0042,W020,3,276.02,157.5,670.56,Net Banking,Completed,2025-11-05
O005989,C0179,P0054,W001,10,298.13,294.62,2686.68,Credit Card,Completed,2026-05-05
O005990,C0053,P0173,W019,2,112.19,44.39,179.99,Credit Card,Completed,2026-06-06
O005991,C0204,P0141,W016,10,473.02,124.08,4606.12,UPI,Completed,2026-03-04
O005992,C0290,P0029,W019,10,380.84,686.25,3122.15,Net Banking,Pending,2026-04-23
O005993,C0212,P0095,W012,5,121.43,74.23,532.92,Net Banking,Pending,2026-01-03
O005994,C0385,P0138,W017,6,574.82,95.55,3353.37,Net Banking,Pending,2026-06-02
O005995,C0225,P0030,W013,3,129.09,66.2,321.07,Net Banking,Cancelled,2025-11-08
O005996,C0213,P0195,W002,7,194.61,141.29,1220.98,Debit Card,Completed,2026-07-02
O005997,C0413,P0123,W002,6,614.42,276.0,3410.52,Credit Card,Completed,2026-01-20
O005998,C0410,P0087,W005,9,52.58,55.05,418.17,Cash,Completed,2026-06-17
O005999,C0069,P0026,W007,1,424.88,21.32,403.56,Net Banking,Pending,2026-04-24
O006000,C0124,P0058,W006,8,607.88,928.65,3934.39,Credit Card,Pending,2025-08-18
O006001,C0296,P0084,W009,3,611.84,79.76,1755.76,Credit Card,Pending,2025-09-07
O006002,C0149,P0173,W015,9,112.19,149.68,860.03,Cash,Pending,2026-07-06
O006003,C0076,P0111,W004,5,638.29,629.81,2561.64,Net Banking,Pending,2025-11-19
O006004,C0439,P0008,W004,7,707.65,878.22,4075.33,Credit Card,Completed,2025-11-18
O006005,C0087,P0046,W010,7,602.93,763.11,3457.4,Debit Card,Cancelled,2026-02-18
O006006,C0135,P0117,W014,10,422.57,87.44,4138.26,Net Banking,Pending,2026-06-26
O006007,C0493,P0021,W007,7,244.16,32.34,1676.78,Cash,Cancelled,2026-06-28
O006008,C0368,P0013,W013,7,678.5,595.44,4154.06,Debit Card,Cancelled,2025-11-30
O006009,C0292,P0024,W014,3,574.38,236.65,1486.49,Credit Card,Cancelled,2025-11-11
O006010,C0480,P0153,W002,3,97.2,19.9,271.7,Credit Card,Cancelled,2025-08-19
O006011,C0284,P0180,W003,5,83.12,3.73,411.87,UPI,Pending,2025-10-19
O006012,C0412,P0067,W005,4,610.98,436.37,2007.55,Net Banking,Cancelled,2025-09-23
O006013,C0125,P0185,W001,9,566.24,567.32,4528.84,Debit Card,Cancelled,2026-03-03
O006014,C0300,P0195,W003,4,194.61,89.5,688.94,UPI,Completed,2025-12-08
O006015,C0034,P0119,W007,1,123.87,23.35,100.52,Cash,Completed,2026-02-03
O006016,C0068,P0119,W005,9,123.87,118.9,995.93,Credit Card,Completed,2026-05-31
O006017,C0018,P0002,W018,5,318.95,286.56,1308.19,Cash,Completed,2025-10-04
O006018,C0298,P0001,W005,4,711.01,494.96,2349.08,Net Banking,Cancelled,2026-07-11
O006019,C0398,P0126,W011,6,352.47,36.55,2078.27,UPI,Pending,2026-03-23
O006020,C0249,P0114,W006,7,433.11,50.01,2981.76,Debit Card,Cancelled,2025-11-20
O006021,C0129,P0113,W017,2,229.52,20.09,438.95,Cash,Cancelled,2025-10-29
O006022,C0156,P0008,W010,2,707.65,242.83,1172.47,Cash,Pending,2026-01-08
O006023,C0483,P0076,W008,3,366.83,96.6,1003.89,Debit Card,Pending,2025-11-16
O006024,C0363,P0170,W015,6,505.56,525.37,2507.99,Credit Card,Cancelled,2026-01-05
O006025,C0127,P0194,W002,4,316.48,210.19,1055.73,Debit Card,Pending,2025-08-22
O006026,C0234,P0132,W009,8,661.28,193.55,5096.69,UPI,Completed,2026-05-20
O006027,C0474,P0183,W016,7,518.44,603.1,3025.98,UPI,Completed,2026-01-22
O006028,C0169,P0126,W006,1,352.47,43.84,308.63,Credit Card,Cancelled,2026-06-04
O006029,C0230,P0109,W019,4,51.49,13.02,192.94,Credit Card,Completed,2025-12-27
O006030,C0410,P0111,W019,5,638.29,402.93,2788.52,Net Banking,Pending,2025-08-17
O006031,C0238,P0032,W009,6,562.17,235.68,3137.34,Debit Card,Completed,2025-12-09
O006032,C0279,P0066,W012,9,156.35,72.73,1334.42,Cash,Pending,2026-04-19
O006033,C0484,P0147,W009,3,250.9,14.3,738.4,Credit Card,Cancelled,2025-12-29
O006034,C0279,P0034,W012,8,98.84,108.8,681.92,Credit Card,Pending,2025-12-12
O006035,C0364,P0198,W019,7,369.55,182.28,2404.57,Cash,Completed,2026-01-07
O006036,C0195,P0131,W005,4,381.9,153.61,1373.99,Debit Card,Completed,2025-08-11
O006037,C0421,P0107,W008,9,223.7,74.32,1938.98,Debit Card,Cancelled,2025-12-05
O006038,C0463,P0090,W014,10,414.11,84.76,4056.34,Credit Card,Pending,2026-02-28
O006039,C0425,P0099,W018,7,703.35,178.14,4745.31,Debit Card,Pending,2026-05-30
O006040,C0044,P0100,W020,1,451.54,74.19,377.35,Debit Card,Cancelled,2026-02-28
O006041,C0248,P0012,W009,4,342.53,216.55,1153.57,Credit Card,Pending,2026-07-16
O006042,C0256,P0080,W011,7,24.4,19.24,151.56,UPI,Completed,2026-05-04
O006043,C0359,P0189,W011,8,416.57,12.07,3320.49,UPI,Cancelled,2025-11-24
O006044,C0414,P0027,W009,1,78.28,12.63,65.65,UPI,Cancelled,2025-09-27
O006045,C0228,P0195,W008,7,194.61,42.64,1319.63,Net Banking,Completed,2025-10-01
O006046,C0298,P0016,W003,5,646.11,103.49,3127.06,Credit Card,Pending,2025-12-08
O006047,C0244,P0045,W008,2,74.54,24.62,124.46,Cash,Completed,2026-01-25
O006048,C0385,P0030,W001,9,129.09,67.14,1094.67,Credit Card,Pending,2025-12-28
O006049,C0126,P0036,W006,9,550.45,635.01,4319.04,Cash,Completed,2026-02-01
O006050,C0269,P0023,W001,1,673.26,34.11,639.15,Cash,Completed,2026-06-10
O006051,C0394,P0114,W011,3,433.11,201.42,1097.91,UPI,Cancelled,2026-02-08
O006052,C0103,P0036,W006,7,550.45,187.11,3666.04,Net Banking,Cancelled,2026-06-10
O006053,C0157,P0199,W006,1,550.92,73.49,477.43,Cash,Pending,2026-06-12
O006054,C0241,P0087,W002,4,52.58,1.35,208.97,Credit Card,Pending,2026-03-11
O006055,C0371,P0006,W019,10,615.25,460.73,5691.77,Net Banking,Completed,2025-11-24
O006056,C0044,P0181,W017,10,510.35,487.71,4615.79,Credit Card,Cancelled,2026-05-12
O006057,C0122,P0164,W007,2,347.36,76.1,618.62,Cash,Pending,2026-02-20
O006058,C0434,P0186,W007,1,703.11,107.75,595.36,Debit Card,Cancelled,2025-09-14
O006059,C0264,P0167,W019,3,121.8,44.1,321.3,Cash,Cancelled,2026-04-25
O006060,C0012,P0097,W008,9,339.95,494.33,2565.22,UPI,Cancelled,2026-03-04
O006061,C0406,P0096,W012,5,223.64,144.95,973.25,Net Banking,Cancelled,2025-09-08
O006062,C0354,P0167,W003,10,121.8,227.67,990.33,Net Banking,Cancelled,2026-06-07
O006063,C0165,P0122,W018,7,472.24,534.35,2771.33,UPI,Pending,2026-05-30
O006064,C0444,P0190,W020,5,537.59,267.95,2420.0,Net Banking,Completed,2025-12-13
O006065,C0100,P0073,W010,3,114.95,16.19,328.66,Credit Card,Completed,2025-10-25
O006066,C0353,P0129,W007,7,649.05,735.97,3807.38,Debit Card,Completed,2025-11-03
O006067,C0382,P0102,W005,2,580.08,110.36,1049.8,Net Banking,Completed,2026-05-15
O006068,C0183,P0071,W011,4,324.09,164.51,1131.85,Net Banking,Completed,2025-09-19
O006069,C0015,P0036,W012,8,550.45,357.48,4046.12,Cash,Completed,2025-09-26
O006070,C0008,P0130,W012,1,247.63,3.17,244.46,Debit Card,Completed,2025-10-04
O006071,C0064,P0078,W004,9,134.38,63.39,1146.03,Net Banking,Pending,2025-09-24
O006072,C0029,P0165,W001,7,221.44,161.95,1388.13,UPI,Cancelled,2026-03-19
O006073,C0168,P0199,W001,1,550.92,61.73,489.19,UPI,Cancelled,2026-04-28
O006074,C0262,P0151,W014,7,359.46,342.72,2173.5,Debit Card,Pending,2025-10-04
O006075,C0019,P0047,W011,9,519.72,59.41,4618.07,UPI,Pending,2026-07-06
O006076,C0327,P0120,W017,6,117.95,107.36,600.34,Cash,Pending,2025-09-02
O006077,C0040,P0070,W019,8,468.0,626.33,3117.67,Net Banking,Completed,2026-04-17
O006078,C0309,P0190,W016,4,537.59,418.5,1731.86,Cash,Cancelled,2026-05-04
O006079,C0280,P0017,W007,10,438.91,660.47,3728.63,Cash,Completed,2025-10-25
O006080,C0333,P0053,W001,4,208.63,99.12,735.4,Credit Card,Completed,2026-01-21
O006081,C0120,P0074,W016,3,318.47,86.68,868.73,UPI,Cancelled,2025-10-29
O006082,C0178,P0147,W016,8,250.9,165.97,1841.23,Net Banking,Pending,2026-04-12
O006083,C0126,P0007,W005,5,86.6,29.39,403.61,Credit Card,Completed,2025-12-28
O006084,C0497,P0079,W016,9,102.81,146.71,778.58,Cash,Cancelled,2026-01-22
O006085,C0055,P0101,W009,2,536.98,182.62,891.34,Debit Card,Pending,2025-08-28
O006086,C0214,P0196,W009,8,403.53,591.78,2636.46,Credit Card,Pending,2025-09-06
O006087,C0438,P0090,W001,9,414.11,258.75,3468.24,UPI,Cancelled,2026-03-06
O006088,C0414,P0014,W012,8,248.91,295.0,1696.28,Debit Card,Completed,2026-02-25
O006089,C0351,P0087,W014,2,52.58,8.9,96.26,Credit Card,Cancelled,2026-07-18
O006090,C0193,P0072,W015,8,712.27,317.89,5380.27,Net Banking,Cancelled,2025-08-18
O006091,C0390,P0003,W015,7,307.09,129.04,2020.59,UPI,Cancelled,2025-10-09
O006092,C0175,P0162,W009,6,472.72,55.82,2780.5,Net Banking,Cancelled,2025-08-16
O006093,C0438,P0154,W010,8,687.94,1055.85,4447.67,Credit Card,Cancelled,2026-02-18
O006094,C0202,P0067,W013,10,610.98,194.95,5914.85,Debit Card,Cancelled,2025-10-12
O006095,C0159,P0074,W010,9,318.47,438.15,2428.08,Credit Card,Completed,2025-08-09
O006096,C0437,P0036,W017,8,550.45,666.15,3737.45,Net Banking,Completed,2026-03-28
O006097,C0318,P0190,W008,2,537.59,92.1,983.08,Credit Card,Pending,2026-04-10
O006098,C0136,P0101,W002,10,536.98,267.67,5102.13,Debit Card,Completed,2025-10-08
O006099,C0412,P0035,W008,7,613.51,842.96,3451.61,Credit Card,Completed,2026-05-09
O006100,C0338,P0084,W006,1,611.84,61.08,550.76,Net Banking,Completed,2025-12-01
O006101,C0146,P0185,W020,8,566.24,864.55,3665.37,Debit Card,Completed,2026-03-12
O006102,C0284,P0102,W012,4,580.08,416.86,1903.46,Cash,Cancelled,2026-01-26
O006103,C0409,P0022,W007,4,456.03,125.63,1698.49,Cash,Pending,2026-01-04
O006104,C0053,P0064,W011,9,124.23,54.99,1063.08,Debit Card,Cancelled,2026-02-12
O006105,C0443,P0029,W003,2,380.84,84.08,677.6,UPI,Pending,2026-01-09
O006106,C0322,P0188,W013,8,149.25,99.56,1094.44,Cash,Pending,2026-01-27
O006107,C0255,P0130,W008,6,247.63,12.57,1473.21,Debit Card,Cancelled,2025-11-18
O006108,C0380,P0077,W013,3,705.01,232.91,1882.12,Debit Card,Pending,2026-06-25
O006109,C0213,P0199,W007,9,550.92,899.19,4059.09,Debit Card,Completed,2026-07-17
O006110,C0226,P0080,W013,4,24.4,9.02,88.58,Credit Card,Cancelled,2026-03-18
O006111,C0055,P0199,W013,7,550.92,267.83,3588.61,Cash,Cancelled,2026-04-04
O006112,C0271,P0107,W006,9,223.7,335.66,1677.64,Net Banking,Completed,2026-08-05
O006113,C0485,P0052,W018,10,697.25,811.09,6161.41,Cash,Pending,2026-07-10
O006114,C0227,P0075,W003,8,153.98,126.97,1104.87,Credit Card,Pending,2026-06-09
O006115,C0258,P0128,W018,4,366.55,271.33,1194.87,Net Banking,Cancelled,2026-01-11
O006116,C0300,P0106,W001,3,395.02,45.16,1139.9,UPI,Cancelled,2026-07-15
O006117,C0211,P0179,W006,8,761.14,1030.5,5058.62,Debit Card,Completed,2025-11-01
O006118,C0038,P0185,W012,7,566.24,188.14,3775.54,Debit Card,Completed,2025-10-22
O006119,C0057,P0042,W003,1,276.02,22.85,253.17,Debit Card,Cancelled,2026-02-20
O006120,C0437,P0066,W009,10,156.35,205.78,1357.72,Credit Card,Cancelled,2025-08-09
O006121,C0105,P0122,W013,6,472.24,247.23,2586.21,Debit Card,Cancelled,2026-06-06
O006122,C0312,P0130,W015,9,247.63,221.3,2007.37,Cash,Cancelled,2026-04-29
O006123,C0157,P0067,W005,8,610.98,898.95,3988.89,Net Banking,Cancelled,2025-10-21
O006124,C0250,P0162,W019,5,472.72,74.43,2289.17,Net Banking,Completed,2026-04-02
O006125,C0092,P0053,W016,5,208.63,4.31,1038.84,Debit Card,Cancelled,2026-01-26
O006126,C0270,P0060,W008,2,220.07,23.65,416.49,Debit Card,Cancelled,2025-09-04
O006127,C0108,P0186,W007,6,703.11,833.88,3384.78,Net Banking,Pending,2025-08-17
O006128,C0221,P0070,W004,5,468.0,464.38,1875.62,Cash,Completed,2026-05-17
O006129,C0391,P0165,W009,2,221.44,46.44,396.44,UPI,Cancelled,2026-05-28
O006130,C0363,P0196,W006,8,403.53,303.0,2925.24,Credit Card,Cancelled,2026-01-27
O006131,C0363,P0055,W006,8,691.95,529.31,5006.29,Credit Card,Cancelled,2026-06-24
O006132,C0364,P0010,W013,10,275.52,277.24,2477.96,Net Banking,Completed,2026-03-06
O006133,C0441,P0199,W013,6,550.92,52.34,3253.18,Credit Card,Completed,2026-08-02
O006134,C0172,P0098,W016,4,515.46,132.13,1929.71,UPI,Pending,2026-05-11
O006135,C0238,P0064,W017,2,124.23,25.36,223.1,UPI,Completed,2026-03-31
O006136,C0477,P0135,W002,8,444.2,691.51,2862.09,Cash,Cancelled,2026-04-21
O006137,C0373,P0124,W014,8,711.13,1099.77,4589.27,UPI,Completed,2025-10-22
O006138,C0276,P0168,W009,4,802.22,347.85,2861.03,Debit Card,Pending,2025-08-16
O006139,C0480,P0189,W003,2,416.57,42.81,790.33,Cash,Pending,2026-04-24
O006140,C0089,P0012,W002,1,342.53,35.0,307.53,Cash,Cancelled,2026-04-30
O006141,C0164,P0010,W010,9,275.52,316.4,2163.28,Debit Card,Completed,2025-08-23
O006142,C0366,P0036,W011,8,550.45,117.97,4285.63,Net Banking,Cancelled,2026-03-25
O006143,C0393,P0058,W019,8,607.88,347.0,4516.04,Net Banking,Completed,2026-03-08
O006144,C0345,P0095,W008,2,121.43,6.13,236.73,UPI,Cancelled,2026-03-03
O006145,C0146,P0115,W009,6,346.43,135.43,1943.15,Net Banking,Pending,2026-06-02
O006146,C0446,P0077,W007,3,705.01,303.77,1811.26,Credit Card,Pending,2025-10-13
O006147,C0009,P0073,W011,7,114.95,103.76,700.89,Net Banking,Pending,2025-08-30
O006148,C0040,P0018,W012,8,693.16,72.53,5472.75,Credit Card,Completed,2026-05-06
O006149,C0302,P0141,W007,10,473.02,89.28,4640.92,Cash,Completed,2025-10-20
O006150,C0079,P0187,W018,5,557.43,135.24,2651.91,UPI,Completed,2026-05-04
O006151,C0173,P0183,W018,5,518.44,334.38,2257.82,Cash,Cancelled,2026-08-04
O006152,C0005,P0108,W001,2,467.1,124.45,809.75,Credit Card,Completed,2026-02-21
O006153,C0095,P0096,W006,4,223.64,33.1,861.46,Credit Card,Pending,2026-01-10
O006154,C0298,P0016,W007,10,646.11,391.7,6069.4,Cash,Completed,2026-04-06
O006155,C0255,P0124,W008,3,711.13,204.16,1929.23,Debit Card,Cancelled,2025-10-04
O006156,C0492,P0025,W011,2,464.04,20.55,907.53,Credit Card,Completed,2026-05-24
O006157,C0076,P0005,W002,10,616.49,465.94,5698.96,Cash,Pending,2026-01-12
O006158,C0224,P0106,W011,7,395.02,78.0,2687.14,Cash,Pending,2025-09-22
O006159,C0161,P0050,W004,2,407.27,123.47,691.07,Net Banking,Pending,2026-02-03
O006160,C0084,P0124,W005,7,711.13,982.43,3995.48,Cash,Pending,2026-05-06
O006161,C0199,P0133,W003,7,659.87,729.11,3889.98,Net Banking,Cancelled,2026-01-27
O006162,C0085,P0167,W014,6,121.8,78.38,652.42,Credit Card,Completed,2026-04-28
O006163,C0302,P0101,W010,5,536.98,421.59,2263.31,Debit Card,Pending,2025-12-25
O006164,C0214,P0145,W019,5,49.46,45.65,201.65,Cash,Cancelled,2025-10-03
O006165,C0274,P0107,W019,1,223.7,3.18,220.52,Debit Card,Completed,2025-09-15
O006166,C0049,P0078,W014,7,134.38,93.9,846.76,Cash,Completed,2025-10-19
O006167,C0169,P0027,W015,8,78.28,91.39,534.85,Credit Card,Pending,2025-10-28
O006168,C0460,P0196,W012,3,403.53,27.85,1182.74,Credit Card,Pending,2025-11-23
O006169,C0108,P0040,W017,5,533.67,384.73,2283.62,UPI,Pending,2025-09-12
O006170,C0464,P0137,W012,7,70.49,77.75,415.68,Cash,Cancelled,2026-04-21
O006171,C0028,P0149,W016,1,102.98,5.51,97.47,Credit Card,Cancelled,2025-11-10
O006172,C0161,P0022,W002,9,456.03,665.81,3438.46,Net Banking,Completed,2026-04-08
O006173,C0383,P0019,W004,9,452.83,706.81,3368.66,Net Banking,Completed,2025-11-24
O006174,C0135,P0074,W011,10,318.47,150.96,3033.74,Debit Card,Completed,2026-05-25
O006175,C0228,P0065,W012,8,114.36,15.12,899.76,Debit Card,Cancelled,2025-10-19
O006176,C0001,P0053,W015,3,208.63,95.16,530.73,Cash,Pending,2026-03-01
O006177,C0301,P0143,W003,3,276.16,19.07,809.41,Credit Card,Cancelled,2026-07-18
O006178,C0487,P0147,W009,3,250.9,138.05,614.65,Cash,Completed,2026-01-28
O006179,C0432,P0025,W012,1,464.04,11.92,452.12,Debit Card,Cancelled,2026-02-14
O006180,C0379,P0084,W003,3,611.84,280.33,1555.19,Credit Card,Completed,2026-01-28
O006181,C0314,P0160,W008,4,103.95,71.77,344.03,Net Banking,Cancelled,2026-07-14
O006182,C0175,P0032,W017,4,562.17,385.45,1863.23,Credit Card,Pending,2025-11-22
O006183,C0106,P0185,W001,10,566.24,772.11,4890.29,Cash,Cancelled,2026-04-24
O006184,C0187,P0200,W012,2,181.69,23.63,339.75,Net Banking,Pending,2026-04-11
O006185,C0092,P0056,W008,9,73.8,98.64,565.56,Debit Card,Cancelled,2026-04-18
O006186,C0456,P0173,W013,10,112.19,156.11,965.79,Cash,Completed,2025-09-06
O006187,C0320,P0086,W016,2,781.27,125.96,1436.58,Cash,Completed,2025-11-27
O006188,C0133,P0146,W018,5,595.2,584.94,2391.06,Net Banking,Completed,2025-10-09
O006189,C0427,P0115,W015,4,346.43,116.08,1269.64,Cash,Cancelled,2025-09-19
O006190,C0230,P0046,W007,4,602.93,465.56,1946.16,Net Banking,Completed,2026-01-07
O006191,C0126,P0119,W019,8,123.87,171.53,819.43,Debit Card,Completed,2025-12-12
O006192,C0173,P0039,W006,2,696.37,169.39,1223.35,Net Banking,Pending,2025-08-06
O006193,C0078,P0006,W001,5,615.25,545.23,2531.02,Debit Card,Cancelled,2026-04-30
O006194,C0215,P0070,W004,9,468.0,654.95,3557.05,UPI,Completed,2025-11-21
O006195,C0257,P0198,W002,2,369.55,136.05,603.05,Debit Card,Pending,2026-04-02
O006196,C0362,P0188,W014,1,149.25,15.26,133.99,Debit Card,Cancelled,2026-04-06
O006197,C0011,P0034,W009,8,98.84,43.34,747.38,Net Banking,Pending,2026-06-20
O006198,C0050,P0191,W003,4,583.75,243.92,2091.08,Debit Card,Completed,2026-03-12
O006199,C0127,P0047,W004,8,519.72,36.59,4121.17,Debit Card,Pending,2025-08-19
O006200,C0126,P0044,W013,8,509.99,388.7,3691.22,UPI,Completed,2026-02-04
O006201,C0127,P0010,W001,4,275.52,174.42,927.66,Debit Card,Cancelled,2025-12-17
O006202,C0377,P0004,W006,4,47.98,20.03,171.89,Debit Card,Cancelled,2026-07-16
O006203,C0288,P0153,W009,3,97.2,23.99,267.61,Net Banking,Pending,2026-05-29
O006204,C0149,P0181,W010,4,510.35,321.24,1720.16,Net Banking,Cancelled,2026-05-11
O006205,C0272,P0090,W005,8,414.11,477.16,2835.72,UPI,Cancelled,2026-01-12
O006206,C0449,P0094,W016,8,536.83,102.21,4192.43,UPI,Completed,2026-07-17
O006207,C0044,P0170,W010,9,505.56,119.63,4430.41,Cash,Cancelled,2026-05-24
O006208,C0499,P0050,W016,9,407.27,157.57,3507.86,Net Banking,Completed,2026-03-06
O006209,C0285,P0192,W020,4,392.33,33.31,1536.01,Net Banking,Pending,2025-11-26
O006210,C0348,P0135,W014,7,444.2,76.22,3033.18,Credit Card,Completed,2026-01-24
O006211,C0176,P0025,W004,7,464.04,484.87,2763.41,Debit Card,Cancelled,2025-12-14
O006212,C0045,P0060,W014,5,220.07,122.09,978.26,Credit Card,Pending,2025-11-08
O006213,C0314,P0093,W018,3,102.56,2.18,305.5,Net Banking,Completed,2025-12-19
O006214,C0198,P0124,W010,7,711.13,736.18,4241.73,Cash,Completed,2026-07-05
O006215,C0258,P0010,W018,8,275.52,287.11,1917.05,Cash,Cancelled,2026-05-13
O006216,C0079,P0008,W020,9,707.65,120.15,6248.7,Debit Card,Cancelled,2026-06-26
O006217,C0404,P0088,W020,5,512.39,346.21,2215.74,Net Banking,Cancelled,2025-09-12
O006218,C0296,P0183,W003,10,518.44,836.31,4348.09,Credit Card,Completed,2026-04-14
O006219,C0353,P0098,W013,5,515.46,404.05,2173.25,Cash,Cancelled,2026-03-29
O006220,C0338,P0149,W005,2,102.98,23.84,182.12,Credit Card,Completed,2026-04-16
O006221,C0199,P0088,W015,3,512.39,164.25,1372.92,UPI,Pending,2025-08-18
O006222,C0150,P0089,W020,1,380.36,0.13,380.23,Net Banking,Pending,2026-03-22
O006223,C0273,P0151,W019,6,359.46,393.86,1762.9,Credit Card,Completed,2026-06-28
O006224,C0304,P0162,W005,4,472.72,239.79,1651.09,Debit Card,Cancelled,2026-06-02
O006225,C0133,P0082,W018,8,524.26,694.14,3499.94,Credit Card,Pending,2026-02-08
O006226,C0127,P0124,W001,4,711.13,422.23,2422.29,Debit Card,Pending,2026-04-18
O006227,C0295,P0199,W009,5,550.92,545.57,2209.03,Debit Card,Cancelled,2025-12-23
O006228,C0481,P0184,W011,6,600.98,520.65,3085.23,Debit Card,Pending,2025-11-19
O006229,C0025,P0027,W007,7,78.28,60.88,487.08,Net Banking,Completed,2026-07-26
O006230,C0169,P0024,W016,6,574.38,191.71,3254.57,Net Banking,Completed,2025-10-08
O006231,C0249,P0196,W019,4,403.53,233.22,1380.9,UPI,Cancelled,2026-04-16
O006232,C0088,P0139,W008,6,261.47,52.84,1515.98,Debit Card,Cancelled,2026-03-12
O006233,C0296,P0196,W008,8,403.53,217.1,3011.14,Net Banking,Pending,2025-12-19
O006234,C0442,P0194,W019,9,316.48,71.99,2776.33,Net Banking,Completed,2026-03-28
O006235,C0350,P0112,W014,9,635.62,824.03,4896.55,Credit Card,Completed,2026-02-09
O006236,C0482,P0031,W003,2,475.72,161.85,789.59,Net Banking,Completed,2025-12-04
O006237,C0338,P0032,W018,4,562.17,412.09,1836.59,Credit Card,Cancelled,2026-01-09
O006238,C0254,P0176,W020,6,708.65,592.4,3659.5,UPI,Cancelled,2025-09-28
O006239,C0071,P0008,W015,3,707.65,0.54,2122.41,Cash,Cancelled,2025-12-16
O006240,C0033,P0060,W002,8,220.07,337.57,1422.99,Cash,Cancelled,2025-09-07
O006241,C0458,P0130,W008,6,247.63,21.74,1464.04,Cash,Cancelled,2026-01-25
O006242,C0019,P0018,W011,8,693.16,152.37,5392.91,Debit Card,Pending,2026-06-09
O006243,C0411,P0071,W007,7,324.09,4.99,2263.64,Credit Card,Cancelled,2026-02-10
O006244,C0438,P0042,W002,2,276.02,107.25,444.79,Debit Card,Pending,2026-02-01
O006245,C0464,P0042,W009,7,276.02,251.15,1680.99,Debit Card,Pending,2025-11-17
O006246,C0148,P0183,W001,8,518.44,231.24,3916.28,Debit Card,Completed,2026-07-09
O006247,C0323,P0110,W014,6,91.98,39.76,512.12,Debit Card,Pending,2026-01-24
O006248,C0166,P0080,W013,7,24.4,25.89,144.91,UPI,Completed,2025-10-11
O006249,C0003,P0123,W001,2,614.42,111.61,1117.23,UPI,Completed,2025-08-17
O006250,C0164,P0184,W008,10,600.98,757.54,5252.26,Cash,Completed,2025-08-31
O006251,C0104,P0066,W007,2,156.35,26.54,286.16,Debit Card,Pending,2026-07-13
O006252,C0389,P0145,W017,6,49.46,1.65,295.11,Debit Card,Cancelled,2025-10-23
O006253,C0248,P0150,W012,2,79.1,21.64,136.56,Net Banking,Pending,2026-03-10
O006254,C0386,P0009,W006,10,127.01,247.05,1023.05,UPI,Completed,2026-07-15
O006255,C0357,P0033,W016,5,316.3,67.12,1514.38,UPI,Cancelled,2026-05-31
O006256,C0301,P0127,W019,8,830.32,860.25,5782.31,UPI,Completed,2026-06-11
O006257,C0077,P0178,W019,1,253.74,30.67,223.07,Cash,Cancelled,2025-11-29
O006258,C0361,P0100,W009,7,451.54,113.63,3047.15,Debit Card,Completed,2025-10-01
O006259,C0067,P0159,W020,9,340.74,111.76,2954.9,Cash,Pending,2026-08-05
O006260,C0475,P0155,W011,8,70.67,87.33,478.03,Net Banking,Completed,2026-05-21
O006261,C0141,P0170,W019,3,505.56,256.74,1259.94,UPI,Cancelled,2026-04-11
O006262,C0453,P0036,W011,2,550.45,130.49,970.41,Debit Card,Completed,2025-12-05
O006263,C0229,P0010,W019,5,275.52,135.98,1241.62,Debit Card,Pending,2026-03-30
O006264,C0198,P0121,W009,8,650.82,552.33,4654.23,Cash,Completed,2026-03-10
O006265,C0373,P0173,W011,10,112.19,156.1,965.8,Cash,Cancelled,2025-08-24
O006266,C0078,P0161,W016,1,792.47,153.04,639.43,Cash,Completed,2025-11-18
O006267,C0123,P0126,W017,3,352.47,34.88,1022.53,Credit Card,Pending,2026-03-30
O006268,C0447,P0095,W004,10,121.43,214.5,999.8,Credit Card,Pending,2025-08-07
O006269,C0113,P0200,W011,10,181.69,97.01,1719.89,UPI,Pending,2026-01-02
O006270,C0230,P0088,W013,1,512.39,38.34,474.05,UPI,Completed,2026-07-11
O006271,C0313,P0071,W016,10,324.09,36.61,3204.29,Net Banking,Cancelled,2025-12-21
O006272,C0223,P0048,W001,9,197.9,42.0,1739.1,Net Banking,Pending,2025-10-18
O006273,C0486,P0024,W016,8,574.38,741.79,3853.25,Debit Card,Pending,2025-10-21
O006274,C0366,P0191,W002,5,583.75,515.87,2402.88,UPI,Pending,2025-08-23
O006275,C0375,P0185,W020,2,566.24,96.75,1035.73,Credit Card,Completed,2026-04-08
O006276,C0451,P0019,W006,4,452.83,301.42,1509.9,Credit Card,Pending,2026-07-04
O006277,C0346,P0194,W015,3,316.48,159.34,790.1,Cash,Completed,2026-01-27
O006278,C0485,P0166,W013,7,399.5,213.15,2583.35,Debit Card,Completed,2026-05-17
O006279,C0280,P0008,W016,1,707.65,50.63,657.02,Credit Card,Pending,2025-10-18
O006280,C0241,P0042,W016,9,276.02,258.05,2226.13,UPI,Pending,2026-05-09
O006281,C0140,P0183,W014,7,518.44,722.24,2906.84,UPI,Completed,2025-10-27
O006282,C0297,P0098,W003,2,515.46,126.33,904.59,Debit Card,Pending,2026-03-13
O006283,C0212,P0200,W005,1,181.69,5.5,176.19,Debit Card,Completed,2026-05-18
O006284,C0026,P0032,W004,2,562.17,219.0,905.34,Net Banking,Completed,2026-07-24
O006285,C0213,P0133,W011,6,659.87,680.3,3278.92,Debit Card,Completed,2026-03-18
O006286,C0223,P0113,W014,6,229.52,252.62,1124.5,Net Banking,Completed,2026-07-25
O006287,C0013,P0157,W015,4,596.45,400.42,1985.38,Net Banking,Cancelled,2025-08-31
O006288,C0431,P0107,W008,1,223.7,32.22,191.48,Cash,Pending,2025-11-26
O006289,C0351,P0011,W010,4,311.47,240.33,1005.55,Debit Card,Pending,2025-09-04
O006290,C0442,P0116,W012,6,446.14,297.49,2379.35,Net Banking,Completed,2025-11-10
O006291,C0455,P0165,W001,6,221.44,169.81,1158.83,Credit Card,Cancelled,2025-12-26
O006292,C0404,P0127,W005,9,830.32,1436.15,6036.73,Cash,Cancelled,2025-10-27
O006293,C0468,P0177,W001,3,764.51,245.54,2047.99,Credit Card,Pending,2026-05-01
O006294,C0119,P0083,W013,4,557.15,100.39,2128.21,UPI,Cancelled,2026-01-03
O006295,C0252,P0166,W019,3,399.5,144.29,1054.21,Net Banking,Cancelled,2026-01-02
O006296,C0038,P0097,W019,3,339.95,37.39,982.46,Cash,Cancelled,2025-11-02
O006297,C0340,P0081,W018,8,583.65,128.28,4540.92,Cash,Pending,2026-07-25
O006298,C0302,P0103,W010,2,104.86,26.51,183.21,UPI,Completed,2026-06-28
O006299,C0224,P0005,W007,6,616.49,193.27,3505.67,Cash,Cancelled,2025-10-21
O006300,C0196,P0134,W004,8,127.8,138.47,883.93,Credit Card,Pending,2025-11-02
O006301,C0001,P0043,W007,4,759.88,52.98,2986.54,Cash,Completed,2025-09-23
O006302,C0354,P0058,W003,6,607.88,358.29,3288.99,Debit Card,Pending,2025-12-03
O006303,C0217,P0091,W003,9,128.87,92.91,1066.92,UPI,Completed,2026-04-29
O006304,C0317,P0013,W018,2,678.5,114.22,1242.78,Credit Card,Completed,2026-07-05
O006305,C0256,P0186,W009,10,703.11,728.61,6302.49,Debit Card,Completed,2026-04-05
O006306,C0076,P0085,W020,1,734.45,7.13,727.32,UPI,Cancelled,2026-05-10
O006307,C0372,P0175,W019,5,636.16,289.81,2890.99,Debit Card,Pending,2026-03-07
O006308,C0440,P0175,W017,1,636.16,117.57,518.59,Credit Card,Cancelled,2026-02-12
O006309,C0322,P0017,W009,9,438.91,591.15,3359.04,Cash,Completed,2026-06-30
O006310,C0276,P0080,W018,3,24.4,7.75,65.45,Credit Card,Pending,2025-10-30
O006311,C0100,P0029,W002,5,380.84,91.08,1813.12,Credit Card,Pending,2026-04-10
O006312,C0216,P0042,W002,8,276.02,82.68,2125.48,UPI,Completed,2025-10-17
O006313,C0089,P0064,W013,5,124.23,90.8,530.35,UPI,Cancelled,2026-06-29
O006314,C0224,P0167,W007,10,121.8,202.12,1015.88,Net Banking,Completed,2026-06-29
O006315,C0118,P0002,W016,10,318.95,100.8,3088.7,Debit Card,Pending,2025-10-25
O006316,C0160,P0167,W008,1,121.8,2.36,119.44,UPI,Completed,2025-12-30
O006317,C0372,P0046,W007,3,602.93,226.7,1582.09,Cash,Cancelled,2026-03-02
O006318,C0183,P0031,W009,10,475.72,861.45,3895.75,Net Banking,Cancelled,2026-07-13
O006319,C0390,P0192,W003,1,392.33,4.54,387.79,Debit Card,Cancelled,2026-03-20
O006320,C0089,P0066,W016,8,156.35,26.95,1223.85,Credit Card,Completed,2026-04-20
O006321,C0309,P0016,W013,10,646.11,241.04,6220.06,Credit Card,Cancelled,2026-05-21
O006322,C0019,P0071,W004,4,324.09,126.97,1169.39,Cash,Cancelled,2026-01-24
O006323,C0063,P0093,W006,2,102.56,28.72,176.4,Credit Card,Pending,2026-03-12
O006324,C0486,P0165,W013,10,221.44,63.37,2151.03,Net Banking,Pending,2025-10-28
O006325,C0171,P0130,W015,6,247.63,36.19,1449.59,UPI,Completed,2026-03-19
O006326,C0229,P0062,W015,7,152.46,57.15,1010.07,Cash,Pending,2026-05-21
O006327,C0169,P0184,W007,2,600.98,159.43,1042.53,Debit Card,Pending,2026-03-30
O006328,C0132,P0112,W015,2,635.62,169.64,1101.6,Credit Card,Completed,2026-05-07
O006329,C0128,P0021,W020,6,244.16,174.42,1290.54,Cash,Completed,2026-07-26
O006330,C0361,P0100,W012,9,451.54,166.93,3896.93,Net Banking,Cancelled,2026-01-22
O006331,C0108,P0062,W010,4,152.46,12.55,597.29,UPI,Completed,2026-01-21
O006332,C0176,P0078,W012,1,134.38,9.62,124.76,Credit Card,Completed,2026-02-20
O006333,C0230,P0194,W007,6,316.48,171.49,1727.39,Debit Card,Completed,2025-09-30
O006334,C0117,P0101,W010,5,536.98,183.42,2501.48,Cash,Cancelled,2026-06-13
O006335,C0074,P0086,W012,1,781.27,130.51,650.76,Debit Card,Cancelled,2025-08-14
O006336,C0416,P0010,W006,10,275.52,343.55,2411.65,Debit Card,Pending,2026-02-10
O006337,C0463,P0020,W019,8,658.43,870.03,4397.41,Net Banking,Completed,2025-09-30
O006338,C0486,P0076,W011,7,366.83,463.89,2103.92,Net Banking,Pending,2026-05-03
O006339,C0095,P0053,W006,3,208.63,44.85,581.04,Credit Card,Cancelled,2025-10-15
O006340,C0163,P0090,W008,10,414.11,767.54,3373.56,Cash,Pending,2025-12-05
O006341,C0350,P0047,W006,8,519.72,576.25,3581.51,UPI,Cancelled,2026-05-23
O006342,C0329,P0141,W005,8,473.02,110.25,3673.91,Cash,Cancelled,2026-01-17
O006343,C0128,P0009,W004,10,127.01,76.03,1194.07,Credit Card,Pending,2026-05-02
O006344,C0090,P0163,W015,3,561.9,24.43,1661.27,UPI,Cancelled,2025-09-04
O006345,C0172,P0187,W003,7,557.43,466.27,3435.74,Net Banking,Cancelled,2025-09-19
O006346,C0050,P0158,W016,8,498.73,355.28,3634.56,Cash,Pending,2026-05-23
O006347,C0142,P0130,W002,4,247.63,99.09,891.43,Cash,Pending,2026-01-31
O006348,C0450,P0126,W001,4,352.47,248.39,1161.49,UPI,Cancelled,2026-02-27
O006349,C0212,P0047,W017,9,519.72,921.34,3756.14,Cash,Completed,2026-06-02
O006350,C0177,P0164,W012,10,347.36,633.03,2840.57,Debit Card,Completed,2025-09-21
O006351,C0265,P0141,W009,3,473.02,84.3,1334.76,Cash,Pending,2025-11-09
O006352,C0290,P0102,W001,2,580.08,118.84,1041.32,Net Banking,Pending,2025-10-07
O006353,C0299,P0053,W015,6,208.63,70.47,1181.31,Debit Card,Completed,2026-03-28
O006354,C0211,P0009,W002,1,127.01,13.31,113.7,Credit Card,Completed,2026-01-13
O006355,C0436,P0184,W010,10,600.98,342.71,5667.09,Debit Card,Cancelled,2026-06-26
O006356,C0409,P0082,W018,5,524.26,118.8,2502.5,Cash,Cancelled,2026-04-01
O006357,C0224,P0109,W015,3,51.49,0.95,153.52,Credit Card,Completed,2025-12-14
O006358,C0203,P0037,W020,1,536.12,80.43,455.69,Credit Card,Pending,2026-01-13
O006359,C0420,P0051,W005,5,229.62,53.32,1094.78,Debit Card,Completed,2025-11-23
O006360,C0094,P0161,W008,9,792.47,1264.55,5867.68,Credit Card,Completed,2025-12-26
O006361,C0356,P0089,W013,6,380.36,411.11,1871.05,Net Banking,Cancelled,2025-09-29
O006362,C0204,P0147,W015,2,250.9,86.65,415.15,Cash,Pending,2025-10-03
O006363,C0498,P0023,W016,7,673.26,304.69,4408.13,Credit Card,Cancelled,2026-08-01
O006364,C0161,P0067,W009,2,610.98,195.31,1026.65,Cash,Cancelled,2025-11-07
O006365,C0013,P0075,W019,10,153.98,151.43,1388.37,Net Banking,Pending,2026-01-18
O006366,C0157,P0046,W014,8,602.93,567.71,4255.73,Credit Card,Cancelled,2026-01-06
O006367,C0114,P0040,W008,10,533.67,123.81,5212.89,Net Banking,Pending,2026-06-09
O006368,C0268,P0153,W011,6,97.2,115.3,467.9,Net Banking,Cancelled,2026-04-02
O006369,C0020,P0091,W003,8,128.87,60.43,970.53,Cash,Completed,2026-03-21
O006370,C0356,P0182,W016,3,103.87,1.53,310.08,UPI,Completed,2026-05-25
O006371,C0141,P0166,W012,8,399.5,574.79,2621.21,Net Banking,Pending,2025-08-11
O006372,C0136,P0139,W003,4,261.47,160.97,884.91,Cash,Pending,2025-09-12
O006373,C0263,P0105,W003,4,537.76,397.64,1753.4,Cash,Cancelled,2026-06-26
O006374,C0168,P0096,W003,7,223.64,166.34,1399.14,Debit Card,Completed,2026-02-25
O006375,C0035,P0138,W020,7,574.82,787.8,3235.94,Net Banking,Cancelled,2026-02-22
O006376,C0128,P0056,W001,6,73.8,73.7,369.1,Cash,Cancelled,2026-07-25
O006377,C0113,P0063,W004,7,152.21,201.04,864.43,Net Banking,Cancelled,2025-11-30
O006378,C0495,P0085,W017,8,734.45,137.18,5738.42,Net Banking,Pending,2026-03-28
O006379,C0155,P0044,W005,8,509.99,647.93,3431.99,Cash,Pending,2026-02-01
O006380,C0455,P0115,W019,8,346.43,546.23,2225.21,Debit Card,Pending,2025-08-14
O006381,C0197,P0192,W020,9,392.33,492.69,3038.28,Debit Card,Completed,2026-07-29
O006382,C0257,P0160,W005,9,103.95,58.2,877.35,Net Banking,Pending,2026-04-15
O006383,C0499,P0128,W018,3,366.55,29.36,1070.29,Debit Card,Completed,2025-09-30
O006384,C0374,P0078,W020,10,134.38,78.79,1265.01,Debit Card,Completed,2026-01-02
O006385,C0166,P0035,W017,7,613.51,683.89,3610.68,UPI,Cancelled,2025-11-11
O006386,C0206,P0120,W020,9,117.95,161.4,900.15,Debit Card,Completed,2025-10-11
O006387,C0390,P0028,W020,2,169.73,15.71,323.75,Cash,Cancelled,2025-12-04
O006388,C0127,P0199,W015,2,550.92,54.89,1046.95,Cash,Cancelled,2026-01-03
O006389,C0478,P0158,W018,3,498.73,170.88,1325.31,Debit Card,Completed,2025-12-17
O006390,C0064,P0058,W006,10,607.88,621.81,5456.99,Net Banking,Completed,2025-08-25
O006391,C0343,P0125,W011,9,184.54,137.12,1523.74,Net Banking,Completed,2026-01-03
O006392,C0292,P0149,W002,5,102.98,93.36,421.54,Net Banking,Pending,2026-06-23
O006393,C0203,P0029,W004,8,380.84,398.37,2648.35,Net Banking,Pending,2026-02-09
O006394,C0160,P0139,W014,10,261.47,70.93,2543.77,UPI,Cancelled,2026-03-14
O006395,C0332,P0138,W005,9,574.82,173.77,4999.61,Debit Card,Pending,2026-01-25
O006396,C0202,P0083,W013,10,557.15,649.68,4921.82,Credit Card,Cancelled,2025-09-18
O006397,C0441,P0175,W015,8,636.16,869.95,4219.33,Credit Card,Pending,2026-08-03
O006398,C0160,P0179,W004,10,761.14,1183.89,6427.51,Net Banking,Pending,2026-03-05
O006399,C0276,P0166,W016,6,399.5,388.47,2008.53,Debit Card,Cancelled,2026-02-25
O006400,C0032,P0134,W007,9,127.8,175.21,974.99,Debit Card,Cancelled,2026-02-20
O006401,C0283,P0008,W007,2,707.65,261.85,1153.45,Credit Card,Pending,2026-05-25
O006402,C0037,P0020,W005,4,658.43,92.78,2540.94,Cash,Pending,2025-08-15
O006403,C0220,P0178,W013,4,253.74,101.03,913.93,Cash,Completed,2026-02-16
O006404,C0078,P0129,W003,10,649.05,902.12,5588.38,UPI,Completed,2026-05-01
O006405,C0381,P0108,W014,3,467.1,122.03,1279.27,Cash,Cancelled,2026-03-12
O006406,C0192,P0078,W013,1,134.38,14.15,120.23,Net Banking,Cancelled,2026-07-05
O006407,C0201,P0178,W013,3,253.74,34.29,726.93,UPI,Completed,2026-07-27
O006408,C0003,P0161,W018,7,792.47,375.31,5171.98,Credit Card,Pending,2025-09-11
O006409,C0334,P0148,W012,9,538.64,763.01,4084.75,Credit Card,Completed,2026-02-20
O006410,C0362,P0015,W004,10,435.76,218.33,4139.27,Net Banking,Pending,2026-01-09
O006411,C0378,P0004,W018,2,47.98,10.19,85.77,Debit Card,Cancelled,2026-04-15
O006412,C0489,P0067,W006,9,610.98,534.11,4964.71,Debit Card,Completed,2025-09-18
O006413,C0489,P0143,W014,4,276.16,134.69,969.95,Credit Card,Cancelled,2026-03-24
O006414,C0430,P0077,W019,7,705.01,535.63,4399.44,Net Banking,Pending,2026-01-01
O006415,C0290,P0136,W005,4,596.21,446.88,1937.96,Credit Card,Pending,2025-08-23
O006416,C0463,P0114,W009,5,433.11,81.76,2083.79,Net Banking,Completed,2025-11-17
O006417,C0305,P0158,W012,3,498.73,261.65,1234.54,Cash,Cancelled,2025-10-25
O006418,C0060,P0090,W005,2,414.11,36.56,791.66,Cash,Pending,2026-07-21
O006419,C0348,P0160,W012,10,103.95,197.43,842.07,Debit Card,Cancelled,2026-01-25
O006420,C0481,P0114,W012,9,433.11,453.57,3444.42,Credit Card,Completed,2026-01-28
O006421,C0160,P0157,W010,10,596.45,210.99,5753.51,UPI,Pending,2026-08-01
O006422,C0006,P0045,W014,4,74.54,39.65,258.51,Net Banking,Completed,2025-11-26
O006423,C0442,P0047,W015,9,519.72,850.74,3826.74,Debit Card,Completed,2025-09-18
O006424,C0055,P0092,W019,9,165.58,60.26,1429.96,Debit Card,Pending,2026-04-22
O006425,C0090,P0141,W006,3,473.02,73.27,1345.79,Debit Card,Pending,2026-05-12
O006426,C0414,P0181,W020,4,510.35,220.82,1820.58,Credit Card,Cancelled,2026-06-02
O006427,C0414,P0154,W001,2,687.94,115.15,1260.73,Credit Card,Cancelled,2026-03-22
O006428,C0173,P0092,W003,4,165.58,113.49,548.83,Credit Card,Pending,2025-12-06
O006429,C0234,P0032,W009,8,562.17,254.34,4243.02,Cash,Completed,2025-08-24
O006430,C0426,P0130,W018,10,247.63,55.05,2421.25,Net Banking,Completed,2025-08-24
O006431,C0328,P0029,W012,1,380.84,36.98,343.86,Net Banking,Cancelled,2025-09-20
O006432,C0285,P0038,W010,10,210.73,169.15,1938.15,Net Banking,Completed,2026-04-10
O006433,C0184,P0090,W010,8,414.11,10.62,3302.26,Credit Card,Completed,2025-08-06
O006434,C0155,P0002,W018,6,318.95,258.06,1655.64,Credit Card,Cancelled,2025-08-23
O006435,C0016,P0171,W008,3,165.53,23.46,473.13,Cash,Cancelled,2026-01-13
O006436,C0026,P0125,W005,7,184.54,20.05,1271.73,Cash,Cancelled,2025-12-19
O006437,C0420,P0107,W001,10,223.7,39.57,2197.43,Net Banking,Pending,2025-12-28
O006438,C0113,P0054,W017,9,298.13,207.6,2475.57,Credit Card,Completed,2026-07-12
O006439,C0236,P0193,W010,4,327.81,144.85,1166.39,Cash,Completed,2025-10-28
O006440,C0358,P0093,W020,6,102.56,27.49,587.87,Debit Card,Cancelled,2026-04-14
O006441,C0252,P0094,W007,9,536.83,600.2,4231.27,UPI,Completed,2025-12-30
O006442,C0079,P0014,W002,7,248.91,223.42,1518.95,Cash,Cancelled,2026-02-12
O006443,C0023,P0119,W003,1,123.87,20.95,102.92,UPI,Completed,2026-02-14
O006444,C0039,P0146,W002,8,595.2,428.14,4333.46,UPI,Completed,2025-12-24
O006445,C0302,P0180,W003,2,83.12,1.39,164.85,Net Banking,Completed,2026-06-18
O006446,C0063,P0005,W011,1,616.49,11.45,605.04,Net Banking,Completed,2026-06-06
O006447,C0231,P0167,W020,4,121.8,16.44,470.76,Debit Card,Completed,2026-04-09
O006448,C0118,P0111,W016,6,638.29,565.55,3264.19,Credit Card,Completed,2026-04-28
O006449,C0404,P0090,W007,7,414.11,475.96,2422.81,Net Banking,Cancelled,2026-05-14
O006450,C0193,P0010,W004,7,275.52,9.1,1919.54,Cash,Completed,2025-12-03
O006451,C0288,P0134,W001,10,127.8,87.96,1190.04,Credit Card,Cancelled,2026-05-18
O006452,C0032,P0037,W014,9,536.12,814.39,4010.69,Net Banking,Completed,2026-02-11
O006453,C0218,P0164,W001,4,347.36,209.65,1179.79,Cash,Completed,2026-03-14
O006454,C0189,P0162,W006,9,472.72,554.6,3699.88,Credit Card,Cancelled,2026-04-03
O006455,C0020,P0044,W016,3,509.99,289.19,1240.78,Cash,Cancelled,2025-10-07
O006456,C0188,P0101,W020,8,536.98,760.46,3535.38,Debit Card,Completed,2026-03-05
O006457,C0027,P0112,W003,2,635.62,171.43,1099.81,Net Banking,Cancelled,2026-03-03
O006458,C0422,P0030,W015,7,129.09,93.85,809.78,Cash,Completed,2025-11-14
O006459,C0021,P0128,W009,3,366.55,189.38,910.27,UPI,Completed,2026-06-20
O006460,C0136,P0057,W011,1,500.43,57.35,443.08,Debit Card,Cancelled,2026-01-21
O006461,C0124,P0058,W014,3,607.88,144.08,1679.56,Credit Card,Cancelled,2025-09-13
O006462,C0406,P0008,W018,9,707.65,38.92,6329.93,Cash,Completed,2026-05-24
O006463,C0500,P0062,W001,3,152.46,60.49,396.89,Net Banking,Pending,2026-07-10
O006464,C0081,P0165,W003,6,221.44,220.62,1108.02,Credit Card,Completed,2025-08-26
O006465,C0341,P0077,W018,10,705.01,212.66,6837.44,Cash,Cancelled,2025-12-03
O006466,C0068,P0089,W002,9,380.36,1.55,3421.69,Debit Card,Cancelled,2026-03-01
O006467,C0298,P0172,W008,5,355.99,351.88,1428.07,Debit Card,Completed,2026-01-21
O006468,C0184,P0082,W007,1,524.26,99.48,424.78,Credit Card,Cancelled,2026-05-22
O006469,C0484,P0043,W005,8,759.88,75.22,6003.82,Debit Card,Pending,2026-07-09
O006470,C0054,P0122,W017,8,472.24,584.95,3192.97,Net Banking,Cancelled,2026-06-10
O006471,C0480,P0197,W018,1,603.05,75.38,527.67,Credit Card,Completed,2026-06-29
O006472,C0082,P0018,W005,6,693.16,705.72,3453.24,UPI,Pending,2026-03-10
O006473,C0072,P0162,W016,5,472.72,9.65,2353.95,Credit Card,Cancelled,2025-09-26
O006474,C0371,P0141,W011,8,473.02,698.32,3085.84,Net Banking,Pending,2026-03-05
O006475,C0442,P0007,W002,10,86.6,6.32,859.68,Cash,Completed,2026-04-02
O006476,C0232,P0088,W003,1,512.39,34.41,477.98,UPI,Pending,2026-02-08
O006477,C0363,P0084,W017,3,611.84,288.12,1547.4,Debit Card,Completed,2025-09-08
O006478,C0073,P0027,W017,2,78.28,21.66,134.9,Debit Card,Pending,2025-12-06
O006479,C0472,P0109,W006,4,51.49,36.7,169.26,UPI,Cancelled,2026-04-07
O006480,C0369,P0134,W019,9,127.8,141.78,1008.42,Cash,Completed,2026-05-13
O006481,C0322,P0013,W007,6,678.5,319.73,3751.27,Debit Card,Completed,2025-10-09
O006482,C0219,P0122,W016,5,472.24,78.42,2282.78,Cash,Cancelled,2026-02-23
O006483,C0171,P0022,W016,7,456.03,419.23,2772.98,Net Banking,Cancelled,2025-12-06
O006484,C0148,P0192,W019,10,392.33,599.28,3324.02,Cash,Pending,2025-11-19
O006485,C0393,P0111,W006,1,638.29,95.66,542.63,Net Banking,Pending,2026-02-13
O006486,C0335,P0075,W003,5,153.98,129.09,640.81,Debit Card,Cancelled,2025-10-06
O006487,C0263,P0116,W012,1,446.14,62.05,384.09,Net Banking,Cancelled,2026-06-15
O006488,C0229,P0183,W009,9,518.44,679.9,3986.06,UPI,Completed,2025-10-04
O006489,C0083,P0096,W006,10,223.64,142.02,2094.38,Cash,Pending,2026-03-29
O006490,C0145,P0002,W009,7,318.95,414.78,1817.87,Debit Card,Completed,2025-11-22
O006491,C0266,P0183,W005,7,518.44,411.7,3217.38,Debit Card,Cancelled,2026-06-14
O006492,C0078,P0131,W019,2,381.9,86.44,677.36,Net Banking,Cancelled,2025-08-24
O006493,C0165,P0018,W020,6,693.16,564.55,3594.41,Cash,Cancelled,2025-11-15
O006494,C0373,P0135,W017,5,444.2,349.35,1871.65,Debit Card,Completed,2026-05-27
O006495,C0362,P0059,W008,7,691.04,324.42,4512.86,Credit Card,Cancelled,2025-10-30
O006496,C0064,P0191,W008,1,583.75,26.51,557.24,Credit Card,Pending,2025-09-02
O006497,C0035,P0058,W011,8,607.88,909.19,3953.85,Debit Card,Completed,2025-08-05
O006498,C0055,P0095,W014,10,121.43,210.11,1004.19,Credit Card,Completed,2026-03-30
O006499,C0212,P0148,W014,6,538.64,163.54,3068.3,Cash,Completed,2026-07-02
O006500,C0081,P0145,W018,8,49.46,36.21,359.47,Debit Card,Completed,2025-10-25
O006501,C0092,P0180,W014,1,83.12,16.15,66.97,Debit Card,Cancelled,2026-02-16
O006502,C0163,P0105,W020,5,537.76,122.86,2565.94,Credit Card,Pending,2026-07-25
O006503,C0430,P0141,W014,5,473.02,428.39,1936.71,Net Banking,Pending,2026-03-30
O006504,C0329,P0017,W009,5,438.91,104.81,2089.74,Net Banking,Cancelled,2026-05-07
O006505,C0407,P0088,W017,9,512.39,527.71,4083.8,UPI,Completed,2026-02-08
O006506,C0465,P0165,W002,2,221.44,19.06,423.82,UPI,Cancelled,2026-04-15
O006507,C0257,P0124,W008,5,711.13,236.21,3319.44,Credit Card,Completed,2026-05-21
O006508,C0007,P0195,W020,1,194.61,9.18,185.43,UPI,Cancelled,2025-11-18
O006509,C0361,P0117,W018,2,422.57,74.2,770.94,Cash,Cancelled,2026-06-15
O006510,C0309,P0116,W012,3,446.14,108.92,1229.5,Credit Card,Pending,2025-08-24
O006511,C0194,P0077,W008,1,705.01,118.58,586.43,Credit Card,Cancelled,2026-07-28
O006512,C0080,P0197,W019,3,603.05,237.52,1571.63,Net Banking,Pending,2026-02-10
O006513,C0091,P0177,W009,3,764.51,160.32,2133.21,Debit Card,Cancelled,2026-08-01
O006514,C0182,P0062,W009,1,152.46,12.53,139.93,UPI,Cancelled,2025-11-08
O006515,C0123,P0057,W003,6,500.43,416.76,2585.82,Credit Card,Cancelled,2026-04-22
O006516,C0173,P0116,W015,3,446.14,233.33,1105.09,UPI,Cancelled,2025-09-10
O006517,C0427,P0049,W009,10,200.77,298.83,1708.87,Cash,Pending,2026-05-13
O006518,C0113,P0008,W003,3,707.65,405.46,1717.49,Cash,Completed,2025-09-02
O006519,C0034,P0187,W008,9,557.43,832.18,4184.69,Debit Card,Completed,2026-04-02
O006520,C0269,P0183,W005,8,518.44,386.95,3760.57,UPI,Cancelled,2026-07-08
O006521,C0106,P0050,W012,1,407.27,34.39,372.88,Credit Card,Completed,2025-12-16
O006522,C0308,P0020,W002,3,658.43,213.99,1761.3,Net Banking,Completed,2026-06-18
O006523,C0099,P0126,W005,3,352.47,161.51,895.9,Cash,Completed,2025-10-12
O006524,C0031,P0161,W007,1,792.47,96.91,695.56,UPI,Cancelled,2026-07-20
O006525,C0372,P0037,W017,10,536.12,616.14,4745.06,Credit Card,Completed,2025-09-12
O006526,C0068,P0086,W001,9,781.27,626.3,6405.13,Debit Card,Cancelled,2026-06-21
O006527,C0496,P0139,W018,3,261.47,38.9,745.51,Net Banking,Completed,2026-01-09
O006528,C0225,P0008,W018,1,707.65,119.41,588.24,Cash,Pending,2026-04-10
O006529,C0068,P0011,W008,7,311.47,50.2,2130.09,Net Banking,Completed,2025-11-25
O006530,C0466,P0158,W006,1,498.73,60.9,437.83,Cash,Pending,2025-09-19
O006531,C0027,P0114,W002,6,433.11,375.04,2223.62,Net Banking,Cancelled,2025-10-10
O006532,C0133,P0056,W020,3,73.8,39.72,181.68,UPI,Completed,2025-11-12
O006533,C0064,P0177,W018,9,764.51,576.74,6303.85,Cash,Completed,2025-09-05
O006534,C0382,P0179,W005,9,761.14,1277.4,5572.86,Cash,Pending,2025-09-26
O006535,C0022,P0108,W011,3,467.1,41.81,1359.49,Debit Card,Cancelled,2025-12-03
O006536,C0241,P0052,W015,10,697.25,72.42,6900.08,Debit Card,Cancelled,2026-06-09
O006537,C0363,P0041,W004,6,471.27,356.1,2471.52,Debit Card,Completed,2026-06-16
O006538,C0256,P0059,W001,6,691.04,423.57,3722.67,UPI,Pending,2026-03-05
O006539,C0467,P0090,W014,7,414.11,401.02,2497.75,Debit Card,Cancelled,2026-06-01
O006540,C0483,P0018,W002,1,693.16,51.16,642.0,Cash,Pending,2026-03-01
O006541,C0257,P0046,W008,5,602.93,506.53,2508.12,Credit Card,Pending,2025-08-27
O006542,C0120,P0061,W017,3,427.25,245.49,1036.26,Cash,Completed,2026-06-16
O006543,C0071,P0101,W002,5,536.98,329.91,2354.99,UPI,Pending,2026-02-16
O006544,C0013,P0151,W016,4,359.46,198.32,1239.52,Cash,Cancelled,2026-06-28
O006545,C0320,P0107,W004,7,223.7,72.1,1493.8,Credit Card,Cancelled,2026-04-12
O006546,C0345,P0074,W004,4,318.47,39.78,1234.1,Debit Card,Completed,2026-01-15
O006547,C0480,P0074,W018,7,318.47,42.75,2186.54,Cash,Completed,2026-06-19
O006548,C0109,P0099,W013,9,703.35,694.66,5635.49,Credit Card,Cancelled,2026-01-22
O006549,C0481,P0088,W014,2,512.39,10.67,1014.11,UPI,Cancelled,2026-08-05
O006550,C0279,P0009,W018,3,127.01,46.17,334.86,Debit Card,Cancelled,2025-11-05
O006551,C0013,P0131,W013,3,381.9,71.53,1074.17,Cash,Pending,2026-06-13
O006552,C0207,P0031,W015,1,475.72,42.38,433.34,Net Banking,Completed,2025-10-10
O006553,C0128,P0114,W015,3,433.11,204.0,1095.33,Credit Card,Completed,2026-01-04
O006554,C0228,P0031,W013,10,475.72,249.86,4507.34,Credit Card,Cancelled,2026-06-30
O006555,C0067,P0050,W014,7,407.27,133.82,2717.07,Cash,Pending,2026-03-22
O006556,C0468,P0046,W008,8,602.93,346.53,4476.91,UPI,Completed,2025-08-05
O006557,C0093,P0055,W017,4,691.95,125.12,2642.68,UPI,Pending,2026-07-08
O006558,C0402,P0160,W004,3,103.95,37.91,273.94,UPI,Completed,2026-02-15
O006559,C0114,P0078,W019,5,134.38,33.21,638.69,Debit Card,Pending,2025-11-24
O006560,C0356,P0123,W003,4,614.42,81.37,2376.31,Net Banking,Completed,2026-03-27
O006561,C0385,P0188,W003,6,149.25,86.4,809.1,Credit Card,Pending,2025-12-04
O006562,C0476,P0029,W017,10,380.84,761.51,3046.89,Net Banking,Completed,2025-12-03
O006563,C0318,P0025,W016,4,464.04,140.43,1715.73,Debit Card,Completed,2025-09-09
O006564,C0365,P0133,W020,6,659.87,251.91,3707.31,Debit Card,Pending,2026-05-07
O006565,C0371,P0181,W010,10,510.35,856.9,4246.6,Credit Card,Cancelled,2026-04-01
O006566,C0433,P0172,W003,7,355.99,245.66,2246.27,UPI,Pending,2026-05-24
O006567,C0050,P0130,W016,3,247.63,99.01,643.88,UPI,Pending,2026-07-16
O006568,C0256,P0171,W013,5,165.53,66.99,760.66,Cash,Pending,2026-03-11
O006569,C0283,P0087,W004,8,52.58,15.25,405.39,Net Banking,Completed,2026-01-21
O006570,C0354,P0043,W017,2,759.88,299.67,1220.09,Debit Card,Completed,2025-09-22
O006571,C0439,P0031,W012,6,475.72,284.12,2570.2,Net Banking,Cancelled,2025-11-03
O006572,C0440,P0191,W019,4,583.75,253.65,2081.35,Debit Card,Pending,2026-06-10
O006573,C0188,P0072,W020,1,712.27,38.02,674.25,Net Banking,Cancelled,2026-04-23
O006574,C0298,P0073,W003,8,114.95,96.07,823.53,UPI,Pending,2025-08-31
O006575,C0087,P0093,W001,6,102.56,93.46,521.9,Net Banking,Pending,2026-07-08
O006576,C0375,P0180,W004,8,83.12,22.03,642.93,Debit Card,Cancelled,2026-05-30
O006577,C0230,P0073,W008,9,114.95,180.91,853.64,UPI,Completed,2025-10-29
O006578,C0459,P0177,W002,3,764.51,325.63,1967.9,Debit Card,Pending,2025-10-31
O006579,C0118,P0186,W010,8,703.11,608.76,5016.12,Debit Card,Completed,2026-03-08
O006580,C0185,P0065,W019,5,114.36,3.79,568.01,UPI,Cancelled,2025-09-13
O006581,C0060,P0119,W006,5,123.87,5.44,613.91,Cash,Cancelled,2026-04-25
O006582,C0009,P0149,W001,10,102.98,42.27,987.53,Net Banking,Cancelled,2025-11-23
O006583,C0128,P0027,W019,7,78.28,1.83,546.13,UPI,Completed,2026-04-09
O006584,C0028,P0054,W016,2,298.13,78.03,518.23,Net Banking,Pending,2026-05-29
O006585,C0367,P0180,W002,8,83.12,94.66,570.3,Cash,Completed,2026-08-03
O006586,C0457,P0070,W011,8,468.0,322.23,3421.77,Net Banking,Completed,2026-01-09
O006587,C0219,P0030,W013,4,129.09,97.22,419.14,UPI,Pending,2026-03-03
O006588,C0430,P0042,W015,7,276.02,290.12,1642.02,Credit Card,Completed,2026-05-29
O006589,C0216,P0078,W004,4,134.38,4.63,532.89,Net Banking,Cancelled,2026-06-02
O006590,C0127,P0080,W007,4,24.4,13.94,83.66,UPI,Pending,2026-01-29
O006591,C0206,P0137,W001,8,70.49,71.99,491.93,Credit Card,Completed,2026-07-31
O006592,C0325,P0061,W007,7,427.25,373.65,2617.1,UPI,Cancelled,2025-08-23
O006593,C0352,P0017,W015,4,438.91,61.93,1693.71,UPI,Completed,2025-12-18
O006594,C0137,P0003,W005,7,307.09,263.37,1886.26,Cash,Completed,2025-10-12
O006595,C0092,P0152,W019,1,41.85,2.6,39.25,Cash,Completed,2026-04-04
O006596,C0209,P0133,W019,5,659.87,233.59,3065.76,Debit Card,Completed,2026-03-16
O006597,C0034,P0019,W010,1,452.83,82.76,370.07,Cash,Completed,2025-11-29
O006598,C0319,P0166,W017,10,399.5,764.47,3230.53,Debit Card,Pending,2025-08-12
O006599,C0461,P0184,W019,9,600.98,283.08,5125.74,Credit Card,Cancelled,2025-12-25
O006600,C0262,P0145,W010,7,49.46,27.06,319.16,Credit Card,Completed,2026-01-25
O006601,C0439,P0096,W002,2,223.64,56.97,390.31,Credit Card,Pending,2026-01-27
O006602,C0215,P0013,W007,7,678.5,626.7,4122.8,UPI,Pending,2025-10-23
O006603,C0041,P0127,W011,4,830.32,571.87,2749.41,Net Banking,Pending,2025-12-02
O006604,C0320,P0133,W002,9,659.87,260.82,5678.01,Net Banking,Pending,2026-03-14
O006605,C0070,P0115,W018,4,346.43,258.92,1126.8,Credit Card,Completed,2026-06-13
O006606,C0306,P0067,W003,7,610.98,371.36,3905.5,Credit Card,Completed,2026-05-14
O006607,C0222,P0069,W018,10,779.75,250.06,7547.44,Cash,Completed,2026-04-07
O006608,C0379,P0103,W020,7,104.86,69.63,664.39,Debit Card,Completed,2025-10-05
O006609,C0366,P0186,W006,3,703.11,247.01,1862.32,Net Banking,Pending,2025-11-17
O006610,C0099,P0067,W002,2,610.98,156.51,1065.45,Credit Card,Cancelled,2026-01-06
O006611,C0316,P0188,W004,6,149.25,161.75,733.75,Net Banking,Cancelled,2026-06-18
O006612,C0441,P0042,W012,1,276.02,0.46,275.56,Debit Card,Pending,2025-10-10
O006613,C0461,P0188,W017,3,149.25,38.62,409.13,Net Banking,Completed,2025-09-05
O006614,C0121,P0085,W016,4,734.45,539.83,2397.97,Credit Card,Cancelled,2025-10-07
O006615,C0470,P0151,W015,5,359.46,349.92,1447.38,UPI,Cancelled,2026-07-03
O006616,C0368,P0110,W014,9,91.98,55.61,772.21,Credit Card,Pending,2025-08-05
O006617,C0141,P0125,W011,5,184.54,67.67,855.03,Credit Card,Cancelled,2026-04-01
O006618,C0358,P0167,W006,4,121.8,12.94,474.26,Cash,Completed,2026-01-25
O006619,C0211,P0104,W020,1,61.8,11.84,49.96,Net Banking,Pending,2025-10-28
O006620,C0096,P0088,W003,8,512.39,576.8,3522.32,Cash,Completed,2026-07-05
O006621,C0181,P0116,W006,5,446.14,434.47,1796.23,Credit Card,Pending,2026-03-27
O006622,C0152,P0048,W018,4,197.9,123.91,667.69,UPI,Pending,2025-08-17
O006623,C0220,P0097,W010,2,339.95,110.61,569.29,Cash,Pending,2026-05-05
O006624,C0204,P0157,W014,10,596.45,199.61,5764.89,Credit Card,Pending,2026-06-20
O006625,C0237,P0085,W011,9,734.45,344.41,6265.64,UPI,Cancelled,2026-05-23
O006626,C0469,P0026,W004,10,424.88,648.23,3600.57,Net Banking,Pending,2026-02-07
O006627,C0411,P0091,W001,6,128.87,26.61,746.61,Debit Card,Pending,2026-01-15
O006628,C0107,P0102,W008,1,580.08,60.16,519.92,Debit Card,Cancelled,2025-12-03
O006629,C0252,P0092,W013,6,165.58,189.31,804.17,Net Banking,Cancelled,2025-12-04
O006630,C0193,P0031,W005,6,475.72,179.0,2675.32,Cash,Cancelled,2026-04-07
O006631,C0050,P0008,W003,6,707.65,790.91,3454.99,Net Banking,Pending,2025-08-10
O006632,C0290,P0109,W002,9,51.49,30.59,432.82,Debit Card,Cancelled,2026-06-30
O006633,C0136,P0108,W015,7,467.1,627.26,2642.44,Debit Card,Cancelled,2026-06-01
O006634,C0104,P0013,W016,9,678.5,1071.8,5034.7,Net Banking,Completed,2025-11-01
O006635,C0430,P0065,W011,10,114.36,89.31,1054.29,UPI,Pending,2026-03-06
O006636,C0117,P0075,W004,2,153.98,27.28,280.68,Debit Card,Cancelled,2026-03-27
O006637,C0210,P0043,W013,2,759.88,155.83,1363.93,UPI,Completed,2026-07-08
O006638,C0378,P0100,W017,6,451.54,154.47,2554.77,Cash,Completed,2025-08-21
O006639,C0423,P0173,W013,9,112.19,142.24,867.47,UPI,Cancelled,2026-03-19
O006640,C0281,P0169,W015,8,685.11,939.55,4541.33,Cash,Completed,2025-10-31
O006641,C0396,P0190,W008,4,537.59,58.46,2091.9,Net Banking,Cancelled,2025-11-15
O006642,C0333,P0114,W002,4,433.11,279.21,1453.23,Net Banking,Completed,2026-01-06
O006643,C0349,P0129,W013,10,649.05,388.9,6101.6,Net Banking,Completed,2025-11-30
O006644,C0382,P0199,W018,2,550.92,121.44,980.4,UPI,Completed,2025-10-07
O006645,C0294,P0130,W016,1,247.63,37.51,210.12,UPI,Pending,2026-06-14
O006646,C0410,P0197,W013,7,603.05,260.85,3960.5,Net Banking,Cancelled,2026-08-03
O006647,C0435,P0001,W003,1,711.01,123.97,587.04,Net Banking,Cancelled,2026-06-14
O006648,C0487,P0138,W005,3,574.82,268.22,1456.24,UPI,Pending,2025-11-14
O006649,C0083,P0127,W005,5,830.32,489.1,3662.5,UPI,Completed,2025-10-24
O006650,C0328,P0087,W013,7,52.58,30.71,337.35,Debit Card,Cancelled,2025-10-24
O006651,C0302,P0162,W008,9,472.72,849.15,3405.33,Credit Card,Completed,2025-12-24
O006652,C0028,P0020,W005,2,658.43,145.29,1171.57,Debit Card,Pending,2026-04-08
O006653,C0455,P0031,W005,5,475.72,277.42,2101.18,Debit Card,Cancelled,2025-10-25
O006654,C0372,P0114,W015,9,433.11,591.83,3306.16,Net Banking,Completed,2026-07-15
O006655,C0484,P0189,W011,8,416.57,322.63,3009.93,Debit Card,Completed,2025-11-16
O006656,C0094,P0060,W006,4,220.07,98.74,781.54,Cash,Pending,2026-05-03
O006657,C0061,P0083,W011,7,557.15,300.86,3599.19,Credit Card,Pending,2026-07-25
O006658,C0218,P0169,W008,6,685.11,216.22,3894.44,UPI,Pending,2026-04-04
O006659,C0366,P0074,W015,7,318.47,244.36,1984.93,Debit Card,Pending,2026-04-15
O006660,C0299,P0013,W002,7,678.5,675.21,4074.29,Cash,Pending,2025-10-22
O006661,C0004,P0159,W002,6,340.74,198.29,1846.15,Credit Card,Completed,2026-02-20
O006662,C0438,P0113,W008,3,229.52,27.84,660.72,Cash,Completed,2026-03-08
O006663,C0288,P0093,W012,7,102.56,58.5,659.42,UPI,Pending,2025-09-03
O006664,C0205,P0040,W013,9,533.67,621.51,4181.52,Credit Card,Pending,2026-07-10
O006665,C0295,P0050,W018,10,407.27,703.22,3369.48,Debit Card,Completed,2026-03-18
O006666,C0258,P0187,W006,1,557.43,81.76,475.67,UPI,Cancelled,2025-09-21
O006667,C0254,P0177,W013,7,764.51,488.09,4863.48,Net Banking,Pending,2025-10-24
O006668,C0161,P0191,W007,4,583.75,128.17,2206.83,UPI,Completed,2026-05-03
O006669,C0059,P0115,W003,5,346.43,84.36,1647.79,Credit Card,Cancelled,2026-05-07
O006670,C0319,P0071,W016,1,324.09,12.93,311.16,Net Banking,Cancelled,2025-10-23
O006671,C0240,P0015,W016,3,435.76,150.69,1156.59,UPI,Pending,2026-07-03
O006672,C0179,P0107,W012,1,223.7,43.2,180.5,UPI,Completed,2025-11-08
O006673,C0278,P0174,W020,7,288.11,261.81,1754.96,Cash,Cancelled,2026-02-04
O006674,C0236,P0179,W014,9,761.14,713.53,6136.73,Cash,Cancelled,2025-12-26
O006675,C0459,P0146,W019,4,595.2,461.23,1919.57,Credit Card,Pending,2026-02-26
O006676,C0431,P0186,W002,5,703.11,438.87,3076.68,Cash,Completed,2025-09-10
O006677,C0467,P0126,W001,1,352.47,34.56,317.91,UPI,Pending,2026-07-06
O006678,C0011,P0184,W019,7,600.98,832.68,3374.18,UPI,Cancelled,2026-07-22
O006679,C0477,P0072,W009,6,712.27,215.89,4057.73,Net Banking,Completed,2025-12-17
O006680,C0070,P0021,W010,10,244.16,318.3,2123.3,Net Banking,Pending,2026-04-15
O006681,C0028,P0129,W009,9,649.05,67.08,5774.37,Credit Card,Cancelled,2026-06-10
O006682,C0097,P0152,W006,9,41.85,43.59,333.06,Net Banking,Completed,2026-03-28
O006683,C0145,P0030,W015,4,129.09,52.22,464.14,Net Banking,Cancelled,2026-08-03
O006684,C0422,P0110,W004,6,91.98,79.84,472.04,Credit Card,Completed,2026-05-05
O006685,C0003,P0140,W003,2,719.31,217.97,1220.65,Net Banking,Cancelled,2026-07-04
O006686,C0484,P0022,W008,3,456.03,134.34,1233.75,Cash,Cancelled,2026-04-23
O006687,C0042,P0047,W017,8,519.72,96.33,4061.43,UPI,Pending,2025-09-26
O006688,C0452,P0105,W007,6,537.76,226.28,3000.28,Cash,Cancelled,2026-01-06
O006689,C0106,P0040,W011,3,533.67,294.09,1306.92,Net Banking,Cancelled,2025-11-15
O006690,C0031,P0001,W018,9,711.01,804.07,5595.02,Credit Card,Cancelled,2025-12-21
O006691,C0249,P0117,W002,3,422.57,183.67,1084.04,Cash,Cancelled,2026-06-24
O006692,C0432,P0130,W001,8,247.63,228.25,1752.79,Cash,Pending,2026-05-14
O006693,C0424,P0140,W005,9,719.31,732.26,5741.53,Net Banking,Cancelled,2026-02-06
O006694,C0378,P0200,W017,3,181.69,87.64,457.43,Net Banking,Completed,2026-01-17
O006695,C0050,P0014,W019,1,248.91,14.05,234.86,Debit Card,Pending,2026-07-15
O006696,C0275,P0163,W006,5,561.9,229.79,2579.71,Cash,Pending,2026-03-24
O006697,C0488,P0125,W020,8,184.54,176.34,1299.98,UPI,Completed,2025-11-07
O006698,C0004,P0168,W008,10,802.22,568.2,7454.0,UPI,Completed,2025-12-20
O006699,C0273,P0165,W013,2,221.44,24.08,418.8,Debit Card,Pending,2025-12-27
O006700,C0019,P0133,W011,7,659.87,342.15,4276.94,UPI,Completed,2026-06-09
O006701,C0040,P0039,W018,5,696.37,275.3,3206.55,UPI,Completed,2026-07-25
O006702,C0008,P0008,W007,8,707.65,180.76,5480.44,Cash,Pending,2025-09-11
O006703,C0186,P0100,W006,7,451.54,610.1,2550.68,Credit Card,Pending,2025-12-04
O006704,C0389,P0191,W009,2,583.75,7.3,1160.2,Credit Card,Cancelled,2025-11-18
O006705,C0171,P0134,W002,1,127.8,10.39,117.41,Cash,Completed,2025-12-24
O006706,C0023,P0126,W007,10,352.47,294.63,3230.07,UPI,Pending,2025-09-28
O006707,C0006,P0079,W017,6,102.81,65.29,551.57,Credit Card,Completed,2026-06-26
O006708,C0035,P0075,W007,8,153.98,180.26,1051.58,Cash,Pending,2026-06-19
O006709,C0217,P0136,W015,7,596.21,266.14,3907.33,Credit Card,Cancelled,2026-03-31
O006710,C0456,P0029,W019,7,380.84,433.63,2232.25,Debit Card,Pending,2025-09-27
O006711,C0470,P0133,W010,7,659.87,647.13,3971.96,Cash,Completed,2025-10-04
O006712,C0186,P0124,W012,4,711.13,146.71,2697.81,Credit Card,Pending,2026-02-07
O006713,C0159,P0186,W004,10,703.11,590.27,6440.83,Net Banking,Cancelled,2026-02-25
O006714,C0402,P0049,W001,3,200.77,33.66,568.65,Net Banking,Cancelled,2025-10-27
O006715,C0084,P0134,W006,10,127.8,27.81,1250.19,Debit Card,Completed,2026-07-17
O006716,C0330,P0130,W006,9,247.63,37.74,2190.93,Net Banking,Cancelled,2025-10-29
O006717,C0056,P0036,W002,3,550.45,263.6,1387.75,UPI,Cancelled,2026-05-27
O006718,C0434,P0088,W001,10,512.39,889.6,4234.3,Cash,Cancelled,2026-05-05
O006719,C0497,P0118,W002,2,545.32,33.9,1056.74,Net Banking,Pending,2025-10-25
O006720,C0455,P0102,W015,3,580.08,67.8,1672.44,Cash,Cancelled,2026-07-04
O006721,C0021,P0067,W020,6,610.98,67.76,3598.12,Credit Card,Completed,2025-12-09
O006722,C0044,P0040,W013,3,533.67,214.15,1386.86,Credit Card,Pending,2026-02-04
O006723,C0004,P0163,W010,2,561.9,114.01,1009.79,Net Banking,Completed,2025-11-02
O006724,C0340,P0139,W005,9,261.47,168.38,2184.85,Credit Card,Cancelled,2025-10-12
O006725,C0044,P0181,W011,3,510.35,160.63,1370.42,Cash,Pending,2026-03-23
O006726,C0269,P0137,W016,6,70.49,46.94,376.0,Credit Card,Pending,2025-12-18
O006727,C0061,P0055,W009,6,691.95,680.23,3471.47,Cash,Cancelled,2026-05-28
O006728,C0370,P0109,W011,9,51.49,7.38,456.03,Credit Card,Cancelled,2025-09-08
O006729,C0035,P0097,W009,8,339.95,163.92,2555.68,Credit Card,Cancelled,2026-02-20
O006730,C0338,P0089,W002,2,380.36,135.16,625.56,Net Banking,Pending,2025-11-12
O006731,C0309,P0043,W009,6,759.88,120.93,4438.35,Cash,Cancelled,2025-08-08
O006732,C0003,P0061,W018,5,427.25,332.59,1803.66,UPI,Pending,2026-01-31
O006733,C0442,P0084,W013,10,611.84,25.98,6092.42,Net Banking,Pending,2026-03-17
O006734,C0315,P0085,W003,9,734.45,336.78,6273.27,Credit Card,Pending,2025-09-28
O006735,C0202,P0076,W020,9,366.83,235.85,3065.62,UPI,Pending,2026-02-13
O006736,C0278,P0017,W015,3,438.91,107.0,1209.73,Debit Card,Completed,2026-01-09
O006737,C0131,P0118,W016,6,545.32,106.93,3164.99,Net Banking,Completed,2026-03-22
O006738,C0436,P0045,W002,7,74.54,40.22,481.56,Credit Card,Pending,2026-03-24
O006739,C0284,P0078,W005,10,134.38,192.68,1151.12,Credit Card,Cancelled,2026-04-02
O006740,C0440,P0138,W018,9,574.82,994.88,4178.5,UPI,Completed,2026-01-22
O006741,C0154,P0194,W012,10,316.48,209.67,2955.13,Cash,Pending,2026-08-04
O006742,C0348,P0011,W009,6,311.47,87.15,1781.67,UPI,Pending,2025-11-11
O006743,C0457,P0033,W011,2,316.3,100.69,531.91,Net Banking,Pending,2026-07-29
O006744,C0062,P0143,W007,6,276.16,31.07,1625.89,Net Banking,Cancelled,2026-01-16
O006745,C0081,P0008,W005,5,707.65,249.34,3288.91,Debit Card,Pending,2026-07-29
O006746,C0397,P0001,W001,5,711.01,63.15,3491.9,Cash,Cancelled,2025-11-15
O006747,C0457,P0105,W004,10,537.76,890.58,4487.02,Cash,Cancelled,2025-08-10
O006748,C0391,P0148,W001,10,538.64,170.37,5216.03,Credit Card,Cancelled,2025-09-25
O006749,C0439,P0003,W002,9,307.09,27.48,2736.33,Net Banking,Pending,2025-09-20
O006750,C0191,P0118,W004,7,545.32,163.07,3654.17,Credit Card,Completed,2025-11-03
O006751,C0314,P0102,W013,5,580.08,20.72,2879.68,Cash,Cancelled,2026-02-07
O006752,C0428,P0097,W007,7,339.95,387.44,1992.21,UPI,Cancelled,2026-02-26
O006753,C0059,P0124,W012,4,711.13,28.79,2815.73,Credit Card,Pending,2026-05-29
O006754,C0253,P0002,W006,10,318.95,538.6,2650.9,Credit Card,Pending,2026-04-14
O006755,C0440,P0031,W015,4,475.72,308.31,1594.57,Net Banking,Cancelled,2025-10-18
O006756,C0225,P0187,W004,8,557.43,51.16,4408.28,UPI,Pending,2026-04-19
O006757,C0380,P0074,W006,7,318.47,262.25,1967.04,Cash,Completed,2025-11-02
O006758,C0009,P0161,W004,9,792.47,1125.27,6006.96,UPI,Pending,2026-03-07
O006759,C0329,P0137,W003,2,70.49,3.83,137.15,Cash,Cancelled,2025-11-13
O006760,C0418,P0050,W019,7,407.27,327.08,2523.81,UPI,Pending,2025-08-26
O006761,C0079,P0113,W004,9,229.52,399.93,1665.75,Credit Card,Completed,2025-09-10
O006762,C0293,P0053,W009,2,208.63,40.33,376.93,Net Banking,Cancelled,2025-10-15
O006763,C0082,P0131,W014,6,381.9,158.49,2132.91,Cash,Cancelled,2026-07-12
O006764,C0318,P0031,W008,5,475.72,453.61,1924.99,Cash,Cancelled,2026-01-10
O006765,C0191,P0188,W007,2,149.25,23.16,275.34,UPI,Pending,2026-06-11
O006766,C0350,P0125,W019,2,184.54,39.42,329.66,Credit Card,Cancelled,2026-04-24
O006767,C0173,P0035,W013,6,613.51,659.9,3021.16,UPI,Cancelled,2026-02-03
O006768,C0193,P0189,W014,4,416.57,73.65,1592.63,Cash,Completed,2025-08-29
O006769,C0355,P0184,W015,3,600.98,55.99,1746.95,UPI,Pending,2026-07-28
O006770,C0072,P0147,W015,3,250.9,50.76,701.94,Debit Card,Cancelled,2026-02-07
O006771,C0337,P0119,W014,5,123.87,77.96,541.39,Credit Card,Completed,2026-05-16
O006772,C0453,P0157,W001,4,596.45,440.49,1945.31,Credit Card,Cancelled,2026-03-25
O006773,C0339,P0014,W014,1,248.91,10.86,238.05,Credit Card,Completed,2025-09-08
O006774,C0058,P0136,W015,9,596.21,763.29,4602.6,Net Banking,Pending,2025-08-21
O006775,C0220,P0141,W011,1,473.02,35.54,437.48,UPI,Pending,2026-04-20
O006776,C0142,P0044,W019,6,509.99,195.16,2864.78,UPI,Pending,2025-11-24
O006777,C0008,P0085,W012,8,734.45,837.03,5038.57,Debit Card,Pending,2025-09-07
O006778,C0043,P0052,W007,7,697.25,49.68,4831.07,Credit Card,Cancelled,2025-11-05
O006779,C0349,P0010,W020,4,275.52,121.18,980.9,Net Banking,Pending,2026-08-03
O006780,C0169,P0079,W013,9,102.81,145.2,780.09,Credit Card,Pending,2026-06-30
O006781,C0314,P0042,W003,4,276.02,47.74,1056.34,Net Banking,Cancelled,2025-08-19
O006782,C0430,P0066,W010,7,156.35,96.25,998.2,Cash,Completed,2026-04-15
O006783,C0419,P0089,W007,5,380.36,218.69,1683.11,Net Banking,Pending,2026-02-12
O006784,C0227,P0123,W001,4,614.42,468.0,1989.68,Credit Card,Completed,2025-11-09
O006785,C0161,P0150,W018,4,79.1,7.33,309.07,Debit Card,Pending,2026-01-14
O006786,C0003,P0161,W015,9,792.47,100.84,7031.39,Cash,Cancelled,2026-05-25
O006787,C0490,P0145,W020,8,49.46,58.39,337.29,Cash,Completed,2025-08-22
O006788,C0482,P0076,W016,9,366.83,111.09,3190.38,Net Banking,Cancelled,2026-06-08
O006789,C0396,P0159,W014,2,340.74,44.3,637.18,Cash,Pending,2026-07-15
O006790,C0491,P0119,W004,8,123.87,52.18,938.78,Net Banking,Cancelled,2025-11-12
O006791,C0322,P0088,W010,6,512.39,487.54,2586.8,Credit Card,Cancelled,2025-08-18
O006792,C0221,P0196,W007,4,403.53,58.95,1555.17,Cash,Pending,2025-10-21
O006793,C0477,P0071,W015,6,324.09,41.98,1902.56,Cash,Cancelled,2026-07-11
O006794,C0375,P0057,W001,8,500.43,103.0,3900.44,Net Banking,Completed,2025-10-27
O006795,C0189,P0099,W007,8,703.35,973.5,4653.3,Cash,Pending,2026-06-26
O006796,C0211,P0180,W005,9,83.12,124.62,623.46,UPI,Cancelled,2026-07-19
O006797,C0183,P0103,W001,4,104.86,67.93,351.51,Credit Card,Pending,2025-09-22
O006798,C0376,P0060,W018,4,220.07,1.97,878.31,Net Banking,Pending,2025-08-29
O006799,C0216,P0006,W019,2,615.25,140.34,1090.16,Cash,Cancelled,2026-06-04
O006800,C0321,P0135,W009,6,444.2,491.75,2173.45,Net Banking,Pending,2025-08-06
O006801,C0041,P0067,W020,4,610.98,79.16,2364.76,Net Banking,Completed,2026-07-27
O006802,C0226,P0086,W001,1,781.27,7.89,773.38,Credit Card,Completed,2026-01-05
O006803,C0214,P0045,W010,8,74.54,51.65,544.67,Cash,Completed,2025-10-27
O006804,C0109,P0064,W001,5,124.23,6.12,615.03,UPI,Completed,2026-02-05
O006805,C0055,P0113,W012,1,229.52,9.49,220.03,Credit Card,Pending,2026-01-07
O006806,C0122,P0015,W019,7,435.76,200.34,2849.98,Net Banking,Cancelled,2026-05-09
O006807,C0105,P0170,W016,6,505.56,156.85,2876.51,Debit Card,Completed,2025-12-11
O006808,C0403,P0073,W016,8,114.95,75.19,844.41,Debit Card,Pending,2026-02-10
O006809,C0104,P0141,W006,4,473.02,257.99,1634.09,Cash,Pending,2025-09-10
O006810,C0429,P0196,W006,5,403.53,315.11,1702.54,Credit Card,Cancelled,2026-02-10
O006811,C0127,P0156,W004,1,716.77,124.11,592.66,Net Banking,Cancelled,2026-02-13
O006812,C0044,P0136,W004,1,596.21,111.37,484.84,Net Banking,Completed,2026-03-20
O006813,C0407,P0198,W006,3,369.55,145.79,962.86,Cash,Pending,2025-11-14
O006814,C0321,P0043,W017,1,759.88,33.0,726.88,Net Banking,Completed,2025-12-01
O006815,C0075,P0001,W005,1,711.01,136.17,574.84,Credit Card,Completed,2026-04-27
O006816,C0111,P0080,W020,4,24.4,12.94,84.66,UPI,Cancelled,2026-06-16
O006817,C0272,P0126,W004,9,352.47,435.88,2736.35,UPI,Completed,2025-09-23
O006818,C0388,P0095,W007,7,121.43,131.69,718.32,Credit Card,Pending,2025-10-16
O006819,C0377,P0193,W008,6,327.81,165.54,1801.32,Net Banking,Pending,2025-10-01
O006820,C0371,P0034,W016,9,98.84,135.57,753.99,Credit Card,Cancelled,2026-05-19
O006821,C0191,P0052,W011,8,697.25,731.95,4846.05,UPI,Pending,2025-09-30
O006822,C0110,P0027,W004,10,78.28,21.03,761.77,UPI,Cancelled,2026-05-12
O006823,C0097,P0115,W006,9,346.43,598.19,2519.68,UPI,Completed,2026-04-30
O006824,C0047,P0150,W008,5,79.1,75.43,320.07,Net Banking,Cancelled,2025-11-14
O006825,C0388,P0013,W006,2,678.5,256.42,1100.58,Debit Card,Cancelled,2025-11-09
O006826,C0396,P0054,W015,1,298.13,0.84,297.29,Cash,Completed,2025-08-15
O006827,C0493,P0021,W012,2,244.16,20.99,467.33,Net Banking,Pending,2026-04-26
O006828,C0357,P0187,W008,9,557.43,985.1,4031.77,Net Banking,Cancelled,2025-08-26
O006829,C0476,P0029,W009,7,380.84,342.43,2323.45,Net Banking,Completed,2026-05-09
O006830,C0468,P0095,W008,6,121.43,89.13,639.45,Credit Card,Pending,2026-05-20
O006831,C0082,P0089,W003,8,380.36,367.55,2675.33,Credit Card,Completed,2026-05-05
O006832,C0182,P0105,W011,4,537.76,313.69,1837.35,Debit Card,Completed,2025-09-20
O006833,C0325,P0156,W014,3,716.77,406.12,1744.19,Cash,Completed,2026-06-09
O006834,C0193,P0099,W005,5,703.35,267.07,3249.68,UPI,Cancelled,2026-02-17
O006835,C0430,P0087,W014,6,52.58,13.13,302.35,Cash,Pending,2026-04-09
O006836,C0410,P0068,W009,10,244.39,205.86,2238.04,Credit Card,Completed,2025-09-15
O006837,C0372,P0032,W009,9,562.17,747.97,4311.56,Net Banking,Pending,2025-09-03
O006838,C0298,P0013,W008,4,678.5,318.53,2395.47,Cash,Completed,2026-06-09
O006839,C0072,P0190,W009,5,537.59,98.19,2589.76,UPI,Completed,2026-03-15
O006840,C0082,P0073,W006,10,114.95,53.84,1095.66,UPI,Completed,2026-07-02
O006841,C0387,P0131,W010,9,381.9,408.61,3028.49,Credit Card,Cancelled,2026-05-13
O006842,C0493,P0091,W020,7,128.87,124.9,777.19,Cash,Pending,2026-01-06
O006843,C0167,P0043,W016,2,759.88,223.71,1296.05,Credit Card,Cancelled,2026-06-24
O006844,C0479,P0133,W011,2,659.87,170.37,1149.37,Debit Card,Pending,2025-09-30
O006845,C0307,P0075,W005,4,153.98,81.86,534.06,Cash,Completed,2026-05-25
O006846,C0222,P0092,W007,10,165.58,188.52,1467.28,UPI,Cancelled,2026-03-05
O006847,C0433,P0192,W013,10,392.33,122.78,3800.52,Cash,Pending,2026-02-13
O006848,C0378,P0018,W009,9,693.16,804.34,5434.1,Credit Card,Completed,2025-11-23
O006849,C0199,P0021,W003,2,244.16,48.97,439.35,UPI,Pending,2026-04-15
O006850,C0016,P0061,W016,1,427.25,21.16,406.09,Debit Card,Pending,2025-09-14
O006851,C0187,P0091,W001,8,128.87,118.33,912.63,Cash,Pending,2026-01-25
O006852,C0405,P0074,W001,7,318.47,431.04,1798.25,Credit Card,Pending,2026-03-29
O006853,C0088,P0036,W017,10,550.45,691.49,4813.01,UPI,Pending,2026-07-19
O006854,C0417,P0188,W017,7,149.25,50.03,994.72,Cash,Pending,2025-11-04
O006855,C0262,P0011,W006,2,311.47,75.55,547.39,Cash,Pending,2026-04-16
O006856,C0446,P0027,W010,8,78.28,111.08,515.16,Credit Card,Pending,2026-02-09
O006857,C0407,P0006,W005,6,615.25,320.85,3370.65,Credit Card,Cancelled,2026-03-09
O006858,C0380,P0003,W003,7,307.09,275.87,1873.76,UPI,Completed,2026-06-06
O006859,C0451,P0094,W001,10,536.83,677.43,4690.87,Debit Card,Cancelled,2026-07-26
O006860,C0313,P0037,W018,1,536.12,25.0,511.12,Debit Card,Pending,2026-07-23
O006861,C0104,P0046,W019,9,602.93,189.58,5236.79,Net Banking,Pending,2025-11-04
O006862,C0022,P0065,W009,3,114.36,39.03,304.05,Credit Card,Completed,2026-04-17
O006863,C0308,P0017,W017,5,438.91,26.28,2168.27,Net Banking,Pending,2026-06-01
O006864,C0364,P0054,W015,7,298.13,176.48,1910.43,Debit Card,Cancelled,2025-09-30
O006865,C0157,P0111,W014,2,638.29,208.74,1067.84,Cash,Pending,2026-06-12
O006866,C0236,P0027,W009,10,78.28,88.53,694.27,Net Banking,Completed,2025-11-03
O006867,C0118,P0018,W008,4,693.16,446.55,2326.09,Credit Card,Pending,2025-11-19
O006868,C0276,P0127,W019,4,830.32,469.41,2851.87,UPI,Completed,2025-11-29
O006869,C0198,P0092,W001,8,165.58,103.46,1221.18,UPI,Completed,2025-12-02
O006870,C0034,P0124,W002,10,711.13,597.86,6513.44,Net Banking,Completed,2025-09-04
O006871,C0013,P0083,W004,6,557.15,119.28,3223.62,Cash,Pending,2026-06-23
O006872,C0445,P0042,W009,9,276.02,322.06,2162.12,Cash,Completed,2026-04-11
O006873,C0183,P0103,W019,2,104.86,6.14,203.58,UPI,Cancelled,2025-09-30
O006874,C0342,P0183,W011,9,518.44,32.4,4633.56,Cash,Cancelled,2026-06-03
O006875,C0081,P0187,W018,3,557.43,152.72,1519.57,Credit Card,Cancelled,2025-09-17
O006876,C0469,P0052,W008,4,697.25,500.47,2288.53,Net Banking,Completed,2025-10-10
O006877,C0243,P0109,W010,5,51.49,12.9,244.55,UPI,Completed,2026-02-20
O006878,C0145,P0116,W016,4,446.14,238.42,1546.14,Cash,Completed,2025-11-08
O006879,C0452,P0126,W008,7,352.47,206.82,2260.47,Debit Card,Pending,2026-05-09
O006880,C0251,P0174,W006,4,288.11,67.75,1084.69,Credit Card,Completed,2026-06-08
O006881,C0004,P0027,W015,10,78.28,6.79,776.01,UPI,Pending,2025-11-17
O006882,C0119,P0076,W010,10,366.83,403.64,3264.66,Cash,Completed,2025-10-26
O006883,C0330,P0043,W009,4,759.88,7.67,3031.85,Net Banking,Cancelled,2025-08-15
O006884,C0254,P0056,W012,6,73.8,7.13,435.67,Net Banking,Completed,2026-03-12
O006885,C0313,P0074,W016,9,318.47,428.84,2437.39,Cash,Completed,2026-06-09
O006886,C0341,P0090,W020,9,414.11,541.17,3185.82,Net Banking,Cancelled,2025-12-17
O006887,C0026,P0096,W012,3,223.64,33.93,636.99,Cash,Cancelled,2026-07-26
O006888,C0034,P0057,W004,10,500.43,383.77,4620.53,UPI,Cancelled,2026-04-01
O006889,C0406,P0094,W018,1,536.83,68.01,468.82,Credit Card,Pending,2026-04-10
O006890,C0005,P0035,W015,10,613.51,382.35,5752.75,UPI,Cancelled,2026-01-13
O006891,C0300,P0119,W012,8,123.87,91.66,899.3,UPI,Cancelled,2025-11-02
O006892,C0037,P0139,W006,7,261.47,120.37,1709.92,Debit Card,Completed,2025-11-24
O006893,C0389,P0156,W002,8,716.77,1055.37,4678.79,Credit Card,Completed,2026-01-02
O006894,C0186,P0030,W006,10,129.09,243.41,1047.49,Debit Card,Completed,2026-05-16
O006895,C0323,P0178,W011,6,253.74,237.02,1285.42,Cash,Cancelled,2026-05-29
O006896,C0496,P0194,W010,1,316.48,43.41,273.07,Net Banking,Pending,2025-11-27
O006897,C0228,P0036,W009,10,550.45,362.26,5142.24,Cash,Completed,2026-03-30
O006898,C0020,P0105,W002,5,537.76,488.77,2200.03,Credit Card,Pending,2026-02-12
O006899,C0185,P0105,W011,5,537.76,46.33,2642.47,Cash,Pending,2026-07-23
O006900,C0429,P0195,W011,3,194.61,69.26,514.57,Debit Card,Pending,2026-02-07
O006901,C0454,P0183,W005,4,518.44,299.25,1774.51,Credit Card,Completed,2025-10-19
O006902,C0471,P0145,W011,3,49.46,18.26,130.12,Cash,Completed,2026-06-22
O006903,C0411,P0018,W014,7,693.16,284.28,4567.84,UPI,Pending,2026-03-29
O006904,C0024,P0034,W007,9,98.84,171.46,718.1,Debit Card,Cancelled,2026-06-04
O006905,C0356,P0027,W005,1,78.28,11.11,67.17,Cash,Completed,2025-12-04
O006906,C0295,P0019,W012,7,452.83,195.53,2974.28,Debit Card,Cancelled,2026-04-03
O006907,C0086,P0018,W012,5,693.16,426.8,3039.0,Net Banking,Completed,2026-03-16
O006908,C0343,P0200,W020,6,181.69,103.76,986.38,Net Banking,Completed,2025-09-30
O006909,C0291,P0161,W007,5,792.47,691.94,3270.41,Credit Card,Cancelled,2026-06-07
O006910,C0375,P0009,W013,5,127.01,18.92,616.13,Credit Card,Pending,2026-04-04
O006911,C0334,P0011,W012,9,311.47,86.11,2717.12,Credit Card,Cancelled,2026-07-16
O006912,C0148,P0086,W015,1,781.27,54.22,727.05,Net Banking,Pending,2026-01-19
O006913,C0377,P0123,W001,1,614.42,41.23,573.19,Net Banking,Cancelled,2026-08-02
O006914,C0500,P0061,W010,8,427.25,405.99,3012.01,Debit Card,Cancelled,2026-03-16
O006915,C0298,P0197,W009,3,603.05,296.9,1512.25,UPI,Cancelled,2025-09-19
O006916,C0303,P0145,W006,9,49.46,60.3,384.84,UPI,Cancelled,2025-08-25
O006917,C0445,P0128,W014,10,366.55,69.78,3595.72,Net Banking,Pending,2025-09-23
O006918,C0451,P0027,W009,8,78.28,74.33,551.91,Net Banking,Pending,2026-01-08
O006919,C0306,P0021,W014,1,244.16,3.31,240.85,Credit Card,Completed,2025-12-28
O006920,C0121,P0005,W006,4,616.49,329.48,2136.48,Net Banking,Cancelled,2026-07-19
O006921,C0044,P0174,W019,2,288.11,2.95,573.27,UPI,Cancelled,2025-10-11
O006922,C0283,P0069,W016,5,779.75,30.12,3868.63,UPI,Pending,2025-09-09
O006923,C0369,P0012,W004,8,342.53,72.01,2668.23,Cash,Completed,2025-09-09
O006924,C0413,P0022,W001,7,456.03,362.56,2829.65,UPI,Pending,2025-08-09
O006925,C0315,P0135,W018,5,444.2,381.99,1839.01,Debit Card,Completed,2025-12-18
O006926,C0038,P0193,W015,2,327.81,30.01,625.61,Cash,Cancelled,2026-07-05
O006927,C0170,P0004,W018,10,47.98,28.83,450.97,Net Banking,Cancelled,2025-10-29
O006928,C0226,P0163,W004,8,561.9,421.24,4073.96,Cash,Cancelled,2025-09-09
O006929,C0084,P0061,W010,3,427.25,170.83,1110.92,UPI,Cancelled,2025-11-29
O006930,C0213,P0142,W015,7,465.39,316.24,2941.49,Debit Card,Cancelled,2026-06-22
O006931,C0058,P0142,W012,3,465.39,193.71,1202.46,Net Banking,Completed,2026-07-19
O006932,C0441,P0150,W009,2,79.1,25.08,133.12,Debit Card,Completed,2026-01-11
O006933,C0210,P0162,W011,1,472.72,32.85,439.87,Credit Card,Completed,2025-11-21
O006934,C0455,P0110,W018,9,91.98,71.05,756.77,Credit Card,Cancelled,2025-08-16
O006935,C0397,P0120,W011,2,117.95,9.75,226.15,Cash,Pending,2026-01-07
O006936,C0242,P0044,W018,3,509.99,226.63,1303.34,Cash,Completed,2026-06-17
O006937,C0313,P0180,W016,10,83.12,58.11,773.09,Credit Card,Cancelled,2026-03-06
O006938,C0287,P0050,W008,1,407.27,32.72,374.55,UPI,Cancelled,2025-12-26
O006939,C0495,P0077,W008,7,705.01,301.91,4633.16,Debit Card,Completed,2025-09-16
O006940,C0352,P0011,W012,10,311.47,195.22,2919.48,Cash,Completed,2025-09-20
O006941,C0401,P0119,W005,10,123.87,167.58,1071.12,UPI,Completed,2026-03-03
O006942,C0188,P0174,W012,6,288.11,20.09,1708.57,UPI,Completed,2026-06-01
O006943,C0346,P0190,W005,1,537.59,4.32,533.27,Credit Card,Completed,2025-10-23
O006944,C0487,P0155,W006,10,70.67,102.33,604.37,Cash,Completed,2026-08-04
O006945,C0370,P0029,W008,3,380.84,9.06,1133.46,UPI,Completed,2025-09-27
O006946,C0425,P0194,W012,10,316.48,34.75,3130.05,Net Banking,Completed,2026-06-05
O006947,C0214,P0065,W014,3,114.36,4.38,338.7,Debit Card,Pending,2025-11-19
O006948,C0311,P0039,W002,5,696.37,385.27,3096.58,Debit Card,Completed,2025-11-04
O006949,C0408,P0010,W003,3,275.52,2.78,823.78,Debit Card,Cancelled,2025-12-01
O006950,C0126,P0131,W014,10,381.9,190.68,3628.32,Net Banking,Completed,2025-12-03
O006951,C0105,P0143,W001,4,276.16,108.6,996.04,Credit Card,Cancelled,2026-07-06
O006952,C0160,P0125,W019,10,184.54,247.38,1598.02,Cash,Pending,2026-05-12
O006953,C0097,P0023,W017,8,673.26,942.52,4443.56,UPI,Cancelled,2025-08-27
O006954,C0484,P0141,W012,8,473.02,69.96,3714.2,UPI,Pending,2026-03-27
O006955,C0032,P0097,W003,2,339.95,87.71,592.19,UPI,Completed,2025-10-03
O006956,C0192,P0191,W017,3,583.75,95.46,1655.79,Net Banking,Pending,2026-03-30
O006957,C0079,P0010,W002,2,275.52,54.02,497.02,Credit Card,Pending,2025-12-22
O006958,C0061,P0057,W005,9,500.43,755.81,3748.06,Credit Card,Completed,2026-06-22
O006959,C0407,P0098,W009,10,515.46,480.45,4674.15,UPI,Cancelled,2025-08-12
O006960,C0218,P0046,W003,7,602.93,692.14,3528.37,Credit Card,Completed,2026-02-28
O006961,C0152,P0182,W011,8,103.87,80.66,750.3,Cash,Completed,2026-04-24
O006962,C0455,P0067,W020,5,610.98,348.57,2706.33,UPI,Cancelled,2026-03-19
O006963,C0137,P0045,W005,7,74.54,6.4,515.38,Cash,Cancelled,2025-11-21
O006964,C0402,P0143,W015,1,276.16,35.37,240.79,Net Banking,Cancelled,2026-01-13
O006965,C0308,P0122,W013,8,472.24,622.3,3155.62,Cash,Cancelled,2025-09-05
O006966,C0398,P0199,W001,10,550.92,339.38,5169.82,UPI,Pending,2026-06-19
O006967,C0346,P0197,W005,10,603.05,800.67,5229.83,UPI,Completed,2026-01-07
O006968,C0023,P0100,W001,8,451.54,367.99,3244.33,Cash,Completed,2025-08-30
O006969,C0457,P0156,W020,8,716.77,781.36,4952.8,Net Banking,Pending,2026-07-10
O006970,C0116,P0103,W016,2,104.86,30.7,179.02,UPI,Completed,2026-07-15
O006971,C0420,P0015,W006,1,435.76,65.96,369.8,Cash,Cancelled,2025-11-07
O006972,C0205,P0042,W008,9,276.02,96.92,2387.26,UPI,Cancelled,2026-07-15
O006973,C0150,P0016,W010,8,646.11,788.29,4380.59,UPI,Pending,2026-08-05
O006974,C0152,P0145,W014,6,49.46,58.79,237.97,Debit Card,Completed,2025-12-10
O006975,C0467,P0135,W017,9,444.2,595.82,3401.98,Debit Card,Completed,2025-11-14
O006976,C0407,P0077,W014,4,705.01,292.85,2527.19,Cash,Cancelled,2025-09-27
O006977,C0367,P0132,W005,1,661.28,26.37,634.91,Credit Card,Cancelled,2025-12-11
O006978,C0038,P0116,W019,1,446.14,66.09,380.05,Credit Card,Cancelled,2026-04-02
O006979,C0299,P0049,W014,10,200.77,394.97,1612.73,Net Banking,Pending,2026-07-26
O006980,C0067,P0064,W011,4,124.23,44.76,452.16,Cash,Pending,2025-09-30
O006981,C0454,P0025,W018,10,464.04,923.36,3717.04,Credit Card,Cancelled,2025-09-09
O006982,C0456,P0133,W006,9,659.87,500.26,5438.57,Cash,Completed,2025-09-07
O006983,C0240,P0051,W003,2,229.62,53.94,405.3,UPI,Pending,2026-07-14
O006984,C0011,P0163,W004,9,561.9,386.85,4670.25,Net Banking,Completed,2026-01-31
O006985,C0287,P0096,W010,9,223.64,383.99,1628.77,Cash,Completed,2026-05-14
O006986,C0003,P0139,W001,3,261.47,5.65,778.76,Debit Card,Cancelled,2026-01-22
O006987,C0003,P0135,W001,7,444.2,251.63,2857.77,Credit Card,Cancelled,2025-11-03
O006988,C0399,P0003,W013,8,307.09,414.48,2042.24,Credit Card,Pending,2026-01-05
O006989,C0149,P0122,W004,4,472.24,316.84,1572.12,Cash,Cancelled,2025-11-14
O006990,C0286,P0104,W006,7,61.8,84.29,348.31,UPI,Cancelled,2026-07-03
O006991,C0323,P0007,W010,3,86.6,17.19,242.61,Credit Card,Pending,2026-04-04
O006992,C0198,P0013,W003,6,678.5,434.6,3636.4,Debit Card,Pending,2026-03-29
O006993,C0050,P0088,W006,7,512.39,597.89,2988.84,Net Banking,Completed,2025-11-24
O006994,C0428,P0135,W015,10,444.2,407.96,4034.04,UPI,Cancelled,2026-01-21
O006995,C0173,P0085,W001,1,734.45,34.72,699.73,Credit Card,Pending,2026-03-15
O006996,C0249,P0198,W013,5,369.55,119.5,1728.25,Debit Card,Completed,2025-08-09
O006997,C0408,P0126,W010,7,352.47,256.54,2210.75,Net Banking,Completed,2025-11-04
O006998,C0379,P0153,W012,8,97.2,149.0,628.6,UPI,Completed,2026-05-05
O006999,C0194,P0199,W018,8,550.92,371.52,4035.84,Cash,Cancelled,2026-05-29
O007000,C0189,P0007,W018,8,86.6,56.64,636.16,Cash,Pending,2025-12-12
O007001,C0035,P0169,W020,10,685.11,1144.63,5706.47,UPI,Completed,2026-05-30
O007002,C0169,P0195,W008,2,194.61,34.55,354.67,Net Banking,Completed,2026-03-20
O007003,C0415,P0102,W011,2,580.08,165.28,994.88,Cash,Pending,2026-05-08
O007004,C0344,P0035,W011,7,613.51,804.71,3489.86,Credit Card,Pending,2026-07-13
O007005,C0398,P0093,W012,6,102.56,65.05,550.31,Credit Card,Pending,2026-04-09
O007006,C0046,P0149,W015,7,102.98,87.01,633.85,Debit Card,Completed,2025-10-05
O007007,C0410,P0091,W017,4,128.87,27.9,487.58,Credit Card,Pending,2026-06-17
O007008,C0492,P0031,W006,10,475.72,205.0,4552.2,Net Banking,Pending,2026-04-14
O007009,C0494,P0059,W001,5,691.04,261.09,3194.11,Cash,Cancelled,2026-07-22
O007010,C0453,P0075,W020,5,153.98,62.95,706.95,Credit Card,Pending,2025-11-14
O007011,C0308,P0121,W020,9,650.82,332.88,5524.5,UPI,Cancelled,2025-10-11
O007012,C0491,P0046,W016,3,602.93,217.17,1591.62,Debit Card,Cancelled,2026-05-07
O007013,C0381,P0117,W010,2,422.57,7.77,837.37,Credit Card,Pending,2026-03-07
O007014,C0384,P0043,W014,2,759.88,298.19,1221.57,UPI,Completed,2026-03-05
O007015,C0024,P0098,W018,1,515.46,27.68,487.78,Cash,Cancelled,2026-06-06
O007016,C0214,P0174,W019,2,288.11,93.61,482.61,Net Banking,Completed,2026-03-28
O007017,C0330,P0041,W007,1,471.27,28.33,442.94,UPI,Pending,2025-12-24
O007018,C0040,P0023,W009,8,673.26,1006.39,4379.69,Debit Card,Completed,2025-12-23
O007019,C0128,P0191,W001,9,583.75,476.59,4777.16,UPI,Completed,2025-08-12
O007020,C0022,P0040,W002,8,533.67,737.89,3531.47,Debit Card,Cancelled,2026-03-26
O007021,C0062,P0045,W001,5,74.54,44.02,328.68,Net Banking,Cancelled,2025-09-03
O007022,C0138,P0136,W004,6,596.21,641.15,2936.11,Net Banking,Cancelled,2025-12-13
O007023,C0240,P0131,W010,6,381.9,202.92,2088.48,Net Banking,Cancelled,2025-12-23
O007024,C0347,P0165,W020,10,221.44,350.16,1864.24,Cash,Cancelled,2026-01-03
O007025,C0383,P0039,W005,3,696.37,322.79,1766.32,Net Banking,Completed,2025-09-02
O007026,C0430,P0191,W018,8,583.75,221.18,4448.82,Credit Card,Cancelled,2026-03-29
O007027,C0045,P0191,W009,8,583.75,48.99,4621.01,Cash,Cancelled,2026-03-23
O007028,C0333,P0087,W002,1,52.58,9.01,43.57,Cash,Cancelled,2026-07-22
O007029,C0127,P0033,W010,3,316.3,32.63,916.27,Net Banking,Completed,2026-03-30
O007030,C0004,P0169,W005,2,685.11,196.74,1173.48,Credit Card,Cancelled,2025-12-18
O007031,C0308,P0026,W002,4,424.88,122.11,1577.41,Credit Card,Pending,2026-01-03
O007032,C0082,P0178,W004,4,253.74,105.96,909.0,Net Banking,Completed,2025-09-09
O007033,C0219,P0091,W005,4,128.87,22.03,493.45,Debit Card,Pending,2025-12-25
O007034,C0397,P0171,W005,5,165.53,9.35,818.3,Cash,Completed,2026-01-02
O007035,C0493,P0068,W008,3,244.39,14.58,718.59,UPI,Pending,2025-12-01
O007036,C0296,P0158,W001,8,498.73,730.82,3259.02,UPI,Pending,2026-04-11
O007037,C0383,P0071,W011,3,324.09,169.18,803.09,Cash,Pending,2026-04-10
O007038,C0271,P0082,W003,4,524.26,36.06,2060.98,UPI,Cancelled,2025-11-03
O007039,C0463,P0141,W007,10,473.02,437.05,4293.15,Cash,Completed,2026-07-02
O007040,C0387,P0097,W001,1,339.95,38.09,301.86,Debit Card,Pending,2025-08-18
O007041,C0118,P0035,W010,4,613.51,276.34,2177.7,Credit Card,Cancelled,2025-11-29
O007042,C0356,P0164,W001,10,347.36,601.38,2872.22,Debit Card,Completed,2026-07-06
O007043,C0461,P0037,W012,1,536.12,76.3,459.82,UPI,Completed,2026-03-30
O007044,C0378,P0105,W001,3,537.76,278.93,1334.35,Net Banking,Pending,2026-04-08
O007045,C0358,P0041,W013,5,471.27,265.77,2090.58,Debit Card,Cancelled,2026-06-02
O007046,C0187,P0019,W013,4,452.83,244.43,1566.89,Debit Card,Pending,2026-05-12
O007047,C0078,P0167,W007,7,121.8,167.84,684.76,Cash,Completed,2025-10-09
O007048,C0095,P0126,W012,1,352.47,61.52,290.95,UPI,Pending,2026-01-11
O007049,C0378,P0064,W014,7,124.23,140.87,728.74,Credit Card,Pending,2025-11-19
O007050,C0251,P0134,W003,5,127.8,112.31,526.69,UPI,Completed,2025-10-16
O007051,C0313,P0078,W010,8,134.38,38.9,1036.14,Net Banking,Cancelled,2026-06-09
O007052,C0380,P0125,W009,10,184.54,181.87,1663.53,Cash,Cancelled,2026-02-07
O007053,C0063,P0026,W017,6,424.88,47.21,2502.07,Cash,Pending,2025-12-20
O007054,C0344,P0152,W009,2,41.85,9.31,74.39,UPI,Pending,2025-11-17
O007055,C0311,P0029,W003,10,380.84,523.63,3284.77,Cash,Pending,2025-09-28
O007056,C0370,P0095,W007,7,121.43,111.32,738.69,UPI,Pending,2026-03-03
O007057,C0348,P0150,W013,1,79.1,15.14,63.96,Debit Card,Completed,2026-02-07
O007058,C0217,P0001,W011,7,711.01,607.9,4369.17,Credit Card,Completed,2025-10-31
O007059,C0076,P0040,W002,4,533.67,351.55,1783.13,UPI,Completed,2025-09-18
O007060,C0485,P0134,W007,9,127.8,180.76,969.44,Cash,Pending,2026-04-30
O007061,C0065,P0142,W015,9,465.39,261.46,3927.05,Debit Card,Completed,2026-01-19
O007062,C0139,P0174,W007,7,288.11,178.63,1838.14,Cash,Completed,2025-12-05
O007063,C0420,P0131,W020,3,381.9,219.41,926.29,Debit Card,Completed,2025-12-26
O007064,C0486,P0027,W007,1,78.28,3.96,74.32,Credit Card,Completed,2026-01-13
O007065,C0011,P0012,W004,3,342.53,170.36,857.23,Net Banking,Completed,2025-09-15
O007066,C0470,P0103,W016,7,104.86,77.85,656.17,Net Banking,Cancelled,2025-08-17
O007067,C0208,P0047,W003,8,519.72,415.46,3742.3,Cash,Completed,2025-12-12
O007068,C0298,P0187,W002,10,557.43,440.57,5133.73,Debit Card,Completed,2025-09-30
O007069,C0442,P0189,W014,3,416.57,32.75,1216.96,Cash,Cancelled,2025-08-11
O007070,C0408,P0073,W004,4,114.95,16.13,443.67,Cash,Cancelled,2025-09-11
O007071,C0234,P0069,W014,9,779.75,845.76,6171.99,Net Banking,Completed,2026-01-17
O007072,C0024,P0124,W009,4,711.13,238.68,2605.84,Net Banking,Pending,2026-05-15
O007073,C0148,P0191,W020,10,583.75,542.82,5294.68,Credit Card,Cancelled,2026-06-03
O007074,C0168,P0041,W009,5,471.27,139.89,2216.46,Net Banking,Completed,2025-09-18
O007075,C0102,P0035,W020,5,613.51,413.6,2653.95,Cash,Completed,2026-02-01
O007076,C0018,P0185,W010,1,566.24,106.65,459.59,Credit Card,Pending,2026-06-15
O007077,C0400,P0180,W019,7,83.12,69.48,512.36,Debit Card,Completed,2025-12-26
O007078,C0406,P0146,W004,2,595.2,7.52,1182.88,Net Banking,Completed,2025-09-21
O007079,C0052,P0182,W009,8,103.87,1.56,829.4,Net Banking,Completed,2026-01-29
O007080,C0290,P0087,W013,1,52.58,8.05,44.53,Debit Card,Pending,2025-11-12
O007081,C0389,P0178,W003,5,253.74,185.52,1083.18,UPI,Pending,2025-09-24
O007082,C0475,P0053,W003,6,208.63,127.13,1124.65,Net Banking,Pending,2026-01-30
O007083,C0001,P0124,W014,4,711.13,31.0,2813.52,Debit Card,Cancelled,2026-06-08
O007084,C0171,P0103,W013,9,104.86,182.39,761.35,Cash,Completed,2026-06-16
O007085,C0101,P0103,W011,4,104.86,27.38,392.06,Cash,Completed,2025-12-14
O007086,C0016,P0104,W002,2,61.8,21.42,102.18,Debit Card,Pending,2026-06-27
O007087,C0156,P0188,W018,10,149.25,269.61,1222.89,Net Banking,Pending,2026-02-09
O007088,C0133,P0167,W013,7,121.8,16.68,835.92,Debit Card,Cancelled,2026-02-13
O007089,C0219,P0053,W013,7,208.63,271.93,1188.48,UPI,Cancelled,2026-04-11
O007090,C0033,P0024,W001,6,574.38,203.51,3242.77,Cash,Cancelled,2025-11-17
O007091,C0203,P0061,W009,8,427.25,624.04,2793.96,Debit Card,Cancelled,2026-05-13
O007092,C0302,P0173,W013,3,112.19,4.84,331.73,Cash,Completed,2025-10-16
O007093,C0320,P0108,W012,6,467.1,64.61,2737.99,UPI,Cancelled,2026-06-12
O007094,C0382,P0051,W001,8,229.62,61.7,1775.26,UPI,Cancelled,2025-12-20
O007095,C0164,P0167,W008,2,121.8,0.21,243.39,Credit Card,Pending,2026-05-09
O007096,C0439,P0136,W013,10,596.21,913.91,5048.19,Debit Card,Completed,2025-09-10
O007097,C0056,P0129,W002,6,649.05,181.05,3713.25,Cash,Pending,2026-07-01
O007098,C0017,P0008,W005,1,707.65,120.32,587.33,Cash,Cancelled,2025-08-30
O007099,C0120,P0044,W015,10,509.99,742.1,4357.8,Cash,Completed,2025-12-19
O007100,C0006,P0175,W001,4,636.16,453.67,2090.97,Net Banking,Completed,2026-01-13
O007101,C0129,P0145,W008,10,49.46,37.47,457.13,Debit Card,Completed,2025-09-11
O007102,C0290,P0188,W010,7,149.25,149.1,895.65,UPI,Pending,2026-01-27
O007103,C0400,P0064,W005,9,124.23,92.88,1025.19,Net Banking,Pending,2025-11-12
O007104,C0493,P0022,W015,10,456.03,905.22,3655.08,Cash,Cancelled,2026-06-19
O007105,C0490,P0154,W017,4,687.94,129.76,2622.0,UPI,Completed,2026-05-11
O007106,C0228,P0104,W019,6,61.8,45.12,325.68,UPI,Cancelled,2025-12-07
O007107,C0055,P0028,W005,10,169.73,47.45,1649.85,UPI,Pending,2025-09-25
O007108,C0080,P0051,W011,6,229.62,34.84,1342.88,Credit Card,Completed,2026-07-25
O007109,C0395,P0120,W006,9,117.95,143.06,918.49,Net Banking,Cancelled,2026-02-28
O007110,C0287,P0047,W013,7,519.72,252.7,3385.34,Credit Card,Completed,2026-03-27
O007111,C0264,P0045,W002,7,74.54,16.16,505.62,Cash,Pending,2026-06-30
O007112,C0064,P0140,W006,1,719.31,127.46,591.85,Cash,Completed,2025-11-08
O007113,C0440,P0165,W018,3,221.44,61.25,603.07,Credit Card,Pending,2025-08-23
O007114,C0380,P0001,W012,7,711.01,303.68,4673.39,Credit Card,Cancelled,2026-02-03
O007115,C0348,P0011,W015,10,311.47,3.57,3111.13,Debit Card,Cancelled,2026-01-20
O007116,C0002,P0069,W010,7,779.75,283.27,5174.98,Debit Card,Pending,2026-07-11
O007117,C0158,P0083,W017,3,557.15,206.12,1465.33,Credit Card,Pending,2026-02-19
O007118,C0027,P0143,W006,5,276.16,221.4,1159.4,Credit Card,Pending,2026-06-02
O007119,C0074,P0059,W015,5,691.04,251.31,3203.89,Net Banking,Cancelled,2026-07-15
O007120,C0269,P0028,W005,8,169.73,123.56,1234.28,Credit Card,Cancelled,2026-06-05
O007121,C0181,P0053,W015,2,208.63,78.84,338.42,Cash,Cancelled,2026-06-12
O007122,C0471,P0095,W009,1,121.43,17.3,104.13,Cash,Completed,2026-04-03
O007123,C0024,P0120,W016,3,117.95,34.72,319.13,Net Banking,Pending,2025-09-03
O007124,C0179,P0185,W017,5,566.24,362.44,2468.76,Cash,Cancelled,2026-06-10
O007125,C0296,P0061,W011,6,427.25,211.42,2352.08,Credit Card,Cancelled,2025-09-19
O007126,C0018,P0069,W013,10,779.75,1507.0,6290.5,Cash,Completed,2026-06-14
O007127,C0171,P0177,W017,5,764.51,82.83,3739.72,Cash,Pending,2026-08-05
O007128,C0095,P0055,W002,6,691.95,52.72,4098.98,Credit Card,Cancelled,2025-12-11
O007129,C0001,P0153,W003,1,97.2,8.03,89.17,Credit Card,Completed,2025-11-25
O007130,C0399,P0030,W012,2,129.09,45.64,212.54,Cash,Pending,2026-02-06
O007131,C0427,P0110,W017,1,91.98,13.15,78.83,UPI,Cancelled,2026-04-09
O007132,C0454,P0135,W015,6,444.2,294.91,2370.29,Cash,Completed,2026-07-01
O007133,C0172,P0012,W003,8,342.53,165.36,2574.88,UPI,Pending,2025-12-01
O007134,C0402,P0074,W014,2,318.47,62.14,574.8,UPI,Completed,2026-02-27
O007135,C0083,P0127,W009,9,830.32,1397.3,6075.58,Cash,Pending,2025-10-24
O007136,C0052,P0110,W011,6,91.98,18.91,532.97,Net Banking,Cancelled,2026-03-20
O007137,C0344,P0129,W011,9,649.05,215.19,5626.26,UPI,Cancelled,2026-07-12
O007138,C0203,P0010,W018,6,275.52,263.94,1389.18,Net Banking,Completed,2026-07-11
O007139,C0074,P0027,W003,10,78.28,80.97,701.83,Debit Card,Pending,2025-08-12
O007140,C0091,P0003,W002,4,307.09,236.33,992.03,Credit Card,Completed,2026-07-09
O007141,C0167,P0199,W011,5,550.92,300.54,2454.06,Net Banking,Pending,2025-11-27
O007142,C0225,P0198,W006,8,369.55,167.78,2788.62,UPI,Completed,2025-12-03
O007143,C0421,P0103,W012,3,104.86,48.63,265.95,Cash,Completed,2026-03-21
O007144,C0375,P0185,W001,9,566.24,881.99,4214.17,Credit Card,Pending,2026-08-05
O007145,C0351,P0126,W016,4,352.47,1.45,1408.43,UPI,Cancelled,2026-07-07
O007146,C0442,P0185,W012,7,566.24,631.85,3331.83,UPI,Completed,2025-08-23
O007147,C0032,P0140,W013,2,719.31,82.4,1356.22,Debit Card,Completed,2025-11-06
O007148,C0298,P0094,W013,2,536.83,155.81,917.85,Net Banking,Pending,2026-04-26
O007149,C0276,P0087,W010,10,52.58,88.36,437.44,Net Banking,Completed,2026-01-30
O007150,C0500,P0122,W009,2,472.24,77.29,867.19,Debit Card,Completed,2025-11-27
O007151,C0413,P0095,W003,4,121.43,80.8,404.92,UPI,Pending,2025-09-20
O007152,C0313,P0131,W010,8,381.9,46.97,3008.23,Cash,Pending,2026-05-17
O007153,C0457,P0158,W011,6,498.73,187.74,2804.64,Net Banking,Pending,2025-09-27
O007154,C0423,P0167,W016,2,121.8,6.28,237.32,Debit Card,Pending,2026-02-21
O007155,C0340,P0184,W013,9,600.98,79.02,5329.8,Debit Card,Completed,2026-04-25
O007156,C0482,P0065,W011,4,114.36,21.84,435.6,Credit Card,Pending,2025-08-10
O007157,C0471,P0029,W018,10,380.84,318.62,3489.78,Debit Card,Cancelled,2026-01-10
O007158,C0489,P0145,W002,3,49.46,19.83,128.55,UPI,Completed,2025-09-11
O007159,C0350,P0078,W010,4,134.38,95.5,442.02,Net Banking,Cancelled,2025-12-21
O007160,C0386,P0149,W007,5,102.98,21.99,492.91,UPI,Completed,2025-08-12
O007161,C0104,P0173,W015,1,112.19,22.07,90.12,Credit Card,Cancelled,2026-02-03
O007162,C0135,P0157,W018,10,596.45,1181.7,4782.8,Cash,Pending,2025-11-24
O007163,C0110,P0085,W003,4,734.45,269.29,2668.51,Debit Card,Cancelled,2026-05-30
O007164,C0271,P0026,W006,10,424.88,807.17,3441.63,Net Banking,Pending,2026-04-25
O007165,C0229,P0021,W019,8,244.16,355.54,1597.74,Net Banking,Completed,2026-04-29
O007166,C0121,P0157,W017,7,596.45,833.39,3341.76,Cash,Cancelled,2025-10-23
O007167,C0452,P0161,W017,7,792.47,1075.24,4472.05,Net Banking,Completed,2025-08-12
O007168,C0236,P0015,W014,6,435.76,485.24,2129.32,Debit Card,Completed,2025-09-28
O007169,C0053,P0055,W015,3,691.95,200.53,1875.32,Credit Card,Completed,2026-04-24
O007170,C0010,P0020,W016,3,658.43,238.74,1736.55,Net Banking,Completed,2026-03-10
O007171,C0337,P0078,W018,3,134.38,22.11,381.03,Net Banking,Pending,2025-09-03
O007172,C0183,P0085,W007,3,734.45,338.15,1865.2,Credit Card,Pending,2026-01-26
O007173,C0179,P0054,W001,1,298.13,56.42,241.71,Net Banking,Pending,2026-03-05
O007174,C0363,P0094,W008,5,536.83,457.57,2226.58,UPI,Pending,2025-08-20
O007175,C0499,P0198,W017,10,369.55,603.22,3092.28,Net Banking,Pending,2026-04-07
O007176,C0197,P0081,W003,5,583.65,205.1,2713.15,Net Banking,Pending,2026-08-01
O007177,C0492,P0075,W003,3,153.98,63.73,398.21,Cash,Pending,2026-03-02
O007178,C0294,P0059,W015,7,691.04,754.8,4082.48,Cash,Completed,2026-07-06
O007179,C0022,P0076,W005,8,366.83,542.2,2392.44,Debit Card,Completed,2026-07-28
O007180,C0292,P0032,W012,3,562.17,305.01,1381.5,Debit Card,Cancelled,2026-06-18
O007181,C0468,P0171,W015,3,165.53,13.08,483.51,Debit Card,Pending,2025-10-23
O007182,C0408,P0182,W009,1,103.87,20.77,83.1,Cash,Cancelled,2026-04-06
O007183,C0328,P0126,W011,7,352.47,319.58,2147.71,UPI,Completed,2025-09-12
O007184,C0208,P0041,W002,4,471.27,56.32,1828.76,UPI,Completed,2026-06-10
O007185,C0395,P0163,W013,10,561.9,222.74,5396.26,Credit Card,Pending,2026-02-19
O007186,C0127,P0171,W015,3,165.53,43.5,453.09,UPI,Cancelled,2025-11-04
O007187,C0312,P0141,W002,1,473.02,71.23,401.79,Debit Card,Completed,2025-11-16
O007188,C0410,P0104,W012,6,61.8,74.08,296.72,Net Banking,Cancelled,2026-05-24
O007189,C0074,P0066,W001,7,156.35,63.46,1030.99,Cash,Cancelled,2026-05-04
O007190,C0400,P0042,W004,3,276.02,127.65,700.41,Credit Card,Completed,2026-04-02
O007191,C0037,P0090,W017,10,414.11,286.29,3854.81,Cash,Completed,2025-11-24
O007192,C0173,P0196,W012,6,403.53,423.99,1997.19,Net Banking,Pending,2025-11-18
O007193,C0185,P0194,W008,6,316.48,59.05,1839.83,UPI,Pending,2026-03-03
O007194,C0353,P0001,W011,4,711.01,171.71,2672.33,Credit Card,Cancelled,2026-04-14
O007195,C0324,P0191,W020,6,583.75,167.45,3335.05,Credit Card,Cancelled,2025-09-06
O007196,C0230,P0066,W002,6,156.35,117.85,820.25,Cash,Completed,2026-05-22
O007197,C0471,P0092,W020,2,165.58,61.46,269.7,Debit Card,Completed,2025-11-18
O007198,C0386,P0041,W013,7,471.27,591.61,2707.28,Credit Card,Pending,2025-12-05
O007199,C0212,P0088,W013,6,512.39,545.84,2528.5,Net Banking,Pending,2026-05-21
O007200,C0121,P0180,W009,9,83.12,11.76,736.32,Cash,Completed,2025-09-14
O007201,C0015,P0157,W002,8,596.45,129.15,4642.45,Debit Card,Cancelled,2026-06-13
O007202,C0006,P0141,W010,8,473.02,57.76,3726.4,Cash,Pending,2026-01-22
O007203,C0432,P0077,W001,2,705.01,234.71,1175.31,Credit Card,Cancelled,2026-02-03
O007204,C0059,P0188,W010,9,149.25,53.65,1289.6,UPI,Pending,2026-02-18
O007205,C0353,P0003,W004,1,307.09,56.85,250.24,Cash,Pending,2025-09-07
O007206,C0226,P0173,W015,1,112.19,9.94,102.25,Credit Card,Completed,2025-10-18
O007207,C0208,P0169,W011,6,685.11,541.01,3569.65,Cash,Cancelled,2026-02-08
O007208,C0081,P0182,W012,7,103.87,66.64,660.45,Net Banking,Pending,2026-04-12
O007209,C0395,P0133,W017,7,659.87,144.68,4474.41,UPI,Cancelled,2026-06-04
O007210,C0078,P0187,W009,3,557.43,257.47,1414.82,Cash,Cancelled,2025-10-14
O007211,C0113,P0191,W002,3,583.75,241.39,1509.86,Debit Card,Cancelled,2025-12-27
O007212,C0055,P0141,W007,9,473.02,264.55,3992.63,Cash,Cancelled,2026-06-30
O007213,C0209,P0126,W018,9,352.47,83.63,3088.6,Debit Card,Pending,2025-08-05
O007214,C0163,P0093,W015,4,102.56,60.45,349.79,Credit Card,Completed,2026-05-20
O007215,C0130,P0161,W019,9,792.47,394.89,6737.34,Net Banking,Pending,2025-11-05
O007216,C0100,P0094,W016,1,536.83,30.21,506.62,Debit Card,Completed,2026-05-15
O007217,C0019,P0122,W018,4,472.24,345.71,1543.25,Cash,Completed,2026-06-28
O007218,C0334,P0099,W014,8,703.35,181.83,5444.97,Debit Card,Cancelled,2025-12-14
O007219,C0261,P0036,W018,2,550.45,180.5,920.4,Credit Card,Completed,2025-11-14
O007220,C0248,P0013,W011,6,678.5,524.8,3546.2,UPI,Completed,2026-02-07
O007221,C0399,P0035,W015,2,613.51,118.26,1108.76,Credit Card,Completed,2025-09-22
O007222,C0257,P0047,W020,8,519.72,731.05,3426.71,Net Banking,Cancelled,2025-11-06
O007223,C0372,P0043,W013,8,759.88,246.81,5832.23,Net Banking,Cancelled,2026-05-29
O007224,C0414,P0106,W006,8,395.02,606.78,2553.38,Net Banking,Completed,2026-07-13
O007225,C0471,P0097,W020,8,339.95,423.97,2295.63,UPI,Pending,2025-08-14
O007226,C0198,P0160,W006,7,103.95,28.69,698.96,Debit Card,Completed,2025-11-08
O007227,C0473,P0135,W010,6,444.2,351.44,2313.76,Credit Card,Completed,2026-03-23
O007228,C0273,P0078,W005,8,134.38,23.87,1051.17,Net Banking,Pending,2025-09-27
O007229,C0057,P0133,W009,4,659.87,27.42,2612.06,UPI,Cancelled,2025-08-20
O007230,C0144,P0189,W018,10,416.57,409.58,3756.12,UPI,Cancelled,2025-12-07
O007231,C0129,P0148,W015,7,538.64,632.13,3138.35,Debit Card,Cancelled,2025-08-11
O007232,C0243,P0177,W016,3,764.51,281.75,2011.78,Debit Card,Pending,2025-09-07
O007233,C0384,P0177,W010,2,764.51,196.51,1332.51,Cash,Pending,2026-05-27
O007234,C0016,P0195,W015,4,194.61,97.43,681.01,Cash,Completed,2025-08-08
O007235,C0329,P0072,W008,1,712.27,26.81,685.46,Credit Card,Cancelled,2026-03-01
O007236,C0363,P0182,W012,7,103.87,18.55,708.54,Credit Card,Pending,2026-01-12
O007237,C0395,P0187,W019,7,557.43,392.88,3509.13,Debit Card,Cancelled,2025-10-04
O007238,C0179,P0037,W015,8,536.12,140.8,4148.16,Net Banking,Cancelled,2026-04-16
O007239,C0450,P0122,W005,1,472.24,90.84,381.4,Cash,Cancelled,2026-01-14
O007240,C0268,P0058,W012,10,607.88,738.73,5340.07,Net Banking,Pending,2026-07-29
O007241,C0213,P0105,W014,10,537.76,417.78,4959.82,UPI,Pending,2025-11-17
O007242,C0317,P0006,W007,9,615.25,847.99,4689.26,Credit Card,Cancelled,2025-10-29
O007243,C0455,P0151,W006,4,359.46,124.42,1313.42,Cash,Pending,2026-04-14
O007244,C0086,P0121,W014,7,650.82,231.87,4323.87,Debit Card,Cancelled,2025-12-26
O007245,C0498,P0158,W003,2,498.73,82.9,914.56,Net Banking,Pending,2026-01-05
O007246,C0270,P0135,W005,2,444.2,127.97,760.43,UPI,Pending,2026-05-16
O007247,C0021,P0032,W006,9,562.17,749.36,4310.17,Credit Card,Cancelled,2026-07-18
O007248,C0388,P0003,W020,4,307.09,207.55,1020.81,UPI,Completed,2026-01-20
O007249,C0298,P0109,W018,4,51.49,9.03,196.93,Debit Card,Cancelled,2025-11-08
O007250,C0392,P0176,W007,8,708.65,621.16,5048.04,Cash,Completed,2026-06-12
O007251,C0130,P0164,W012,1,347.36,32.34,315.02,UPI,Pending,2025-08-05
O007252,C0039,P0124,W007,7,711.13,560.56,4417.35,Cash,Pending,2026-02-19
O007253,C0306,P0076,W020,9,366.83,210.73,3090.74,Credit Card,Completed,2026-06-30
O007254,C0048,P0141,W007,3,473.02,220.84,1198.22,Debit Card,Completed,2025-10-03
O007255,C0479,P0067,W006,10,610.98,112.93,5996.87,UPI,Cancelled,2026-06-29
O007256,C0347,P0190,W006,9,537.59,491.42,4346.89,UPI,Cancelled,2026-05-21
O007257,C0479,P0059,W014,10,691.04,12.46,6897.94,Credit Card,Cancelled,2025-10-07
O007258,C0049,P0175,W011,7,636.16,824.77,3628.35,Cash,Completed,2026-07-31
O007259,C0061,P0041,W011,1,471.27,20.44,450.83,Debit Card,Cancelled,2026-01-27
O007260,C0297,P0041,W007,4,471.27,221.49,1663.59,Credit Card,Pending,2025-11-11
O007261,C0233,P0144,W012,5,642.6,608.16,2604.84,Credit Card,Pending,2026-06-22
O007262,C0457,P0196,W018,8,403.53,296.52,2931.72,Credit Card,Pending,2026-03-03
O007263,C0074,P0176,W017,3,708.65,99.86,2026.09,Net Banking,Completed,2026-03-29
O007264,C0481,P0148,W018,3,538.64,27.94,1587.98,Cash,Completed,2026-03-23
O007265,C0116,P0013,W019,8,678.5,25.09,5402.91,Net Banking,Completed,2026-06-24
O007266,C0196,P0020,W006,6,658.43,706.84,3243.74,Debit Card,Pending,2025-08-16
O007267,C0480,P0088,W013,9,512.39,742.26,3869.25,UPI,Completed,2026-04-01
O007268,C0180,P0122,W008,4,472.24,70.52,1818.44,Debit Card,Completed,2025-10-25
O007269,C0154,P0124,W011,1,711.13,81.0,630.13,Cash,Completed,2026-05-17
O007270,C0384,P0128,W018,5,366.55,238.3,1594.45,Cash,Cancelled,2026-06-07
O007271,C0182,P0051,W016,2,229.62,33.16,426.08,Credit Card,Pending,2025-08-05
O007272,C0003,P0090,W001,6,414.11,276.57,2208.09,Debit Card,Cancelled,2026-01-22
O007273,C0404,P0173,W002,2,112.19,19.72,204.66,Debit Card,Cancelled,2025-12-26
O007274,C0290,P0114,W010,6,433.11,293.25,2305.41,Net Banking,Pending,2026-02-07
O007275,C0442,P0009,W013,3,127.01,54.02,327.01,Net Banking,Completed,2026-06-08
O007276,C0215,P0065,W011,10,114.36,7.12,1136.48,Credit Card,Cancelled,2025-10-18
O007277,C0331,P0055,W011,8,691.95,683.51,4852.09,Net Banking,Cancelled,2026-02-24
O007278,C0101,P0093,W008,9,102.56,124.8,798.24,Credit Card,Pending,2026-03-13
O007279,C0017,P0011,W020,1,311.47,52.02,259.45,Net Banking,Cancelled,2026-07-02
O007280,C0403,P0185,W001,6,566.24,547.3,2850.14,Net Banking,Pending,2026-01-03
O007281,C0068,P0183,W005,8,518.44,693.44,3454.08,Debit Card,Completed,2026-08-05
O007282,C0013,P0069,W012,3,779.75,388.81,1950.44,Credit Card,Pending,2026-01-01
O007283,C0124,P0041,W020,10,471.27,328.55,4384.15,Cash,Pending,2025-10-07
O007284,C0021,P0051,W015,9,229.62,231.35,1835.23,UPI,Completed,2026-03-30
O007285,C0223,P0151,W020,10,359.46,218.67,3375.93,Debit Card,Cancelled,2026-06-29
O007286,C0161,P0187,W011,3,557.43,73.13,1599.16,Debit Card,Completed,2026-03-10
O007287,C0057,P0163,W015,5,561.9,160.78,2648.72,Credit Card,Completed,2026-04-23
O007288,C0131,P0067,W005,2,610.98,161.62,1060.34,UPI,Cancelled,2026-06-28
O007289,C0019,P0116,W005,1,446.14,51.89,394.25,Net Banking,Completed,2026-03-21
O007290,C0079,P0093,W008,2,102.56,32.23,172.89,Net Banking,Cancelled,2026-06-23
O007291,C0086,P0087,W004,3,52.58,4.64,153.1,Debit Card,Pending,2026-07-17
O007292,C0280,P0105,W005,5,537.76,517.89,2170.91,Cash,Pending,2025-09-13
O007293,C0295,P0077,W006,9,705.01,917.41,5427.68,Net Banking,Pending,2026-04-05
O007294,C0336,P0177,W001,10,764.51,1464.17,6180.93,Cash,Pending,2026-02-13
O007295,C0338,P0035,W016,10,613.51,792.35,5342.75,UPI,Pending,2025-12-14
O007296,C0367,P0022,W007,1,456.03,58.08,397.95,Net Banking,Cancelled,2026-06-16
O007297,C0201,P0135,W005,4,444.2,217.95,1558.85,Credit Card,Cancelled,2026-07-13
O007298,C0337,P0015,W012,10,435.76,628.41,3729.19,UPI,Pending,2025-10-06
O007299,C0179,P0108,W013,10,467.1,652.43,4018.57,Cash,Pending,2026-02-17
O007300,C0372,P0164,W007,9,347.36,227.48,2898.76,Debit Card,Pending,2026-02-01
O007301,C0122,P0130,W007,10,247.63,360.41,2115.89,Net Banking,Completed,2025-09-14
O007302,C0058,P0180,W002,3,83.12,30.82,218.54,Debit Card,Completed,2025-09-30
O007303,C0231,P0118,W016,9,545.32,400.24,4507.64,UPI,Pending,2026-07-03
O007304,C0130,P0178,W009,3,253.74,98.57,662.65,UPI,Pending,2026-01-27
O007305,C0021,P0126,W013,10,352.47,676.37,2848.33,Credit Card,Pending,2025-09-26
O007306,C0307,P0113,W004,8,229.52,358.25,1477.91,Debit Card,Pending,2026-02-21
O007307,C0096,P0131,W016,4,381.9,183.18,1344.42,Cash,Cancelled,2026-06-14
O007308,C0360,P0188,W015,7,149.25,172.94,871.81,Net Banking,Completed,2025-12-03
O007309,C0258,P0093,W005,7,102.56,15.82,702.1,Net Banking,Cancelled,2026-06-18
O007310,C0011,P0030,W010,10,129.09,60.8,1230.1,Cash,Cancelled,2026-05-24
O007311,C0062,P0126,W010,2,352.47,87.1,617.84,Cash,Cancelled,2026-04-11
O007312,C0129,P0038,W018,4,210.73,105.96,736.96,UPI,Completed,2026-01-17
O007313,C0397,P0109,W008,7,51.49,67.3,293.13,Cash,Pending,2025-12-09
O007314,C0045,P0061,W010,6,427.25,106.84,2456.66,Debit Card,Pending,2025-10-18
O007315,C0161,P0117,W007,1,422.57,53.34,369.23,Debit Card,Completed,2025-12-22
O007316,C0418,P0191,W001,4,583.75,178.73,2156.27,Credit Card,Cancelled,2025-11-16
O007317,C0444,P0063,W007,10,152.21,283.01,1239.09,UPI,Cancelled,2025-11-14
O007318,C0273,P0073,W004,4,114.95,1.38,458.42,Net Banking,Pending,2026-01-11
O007319,C0114,P0124,W011,1,711.13,74.33,636.8,Credit Card,Pending,2025-12-02
O007320,C0059,P0102,W018,2,580.08,151.54,1008.62,UPI,Cancelled,2025-11-24
O007321,C0050,P0136,W002,2,596.21,81.66,1110.76,Debit Card,Pending,2025-11-11
O007322,C0279,P0093,W006,7,102.56,132.49,585.43,Net Banking,Cancelled,2026-07-08
O007323,C0415,P0066,W010,7,156.35,124.5,969.95,Net Banking,Pending,2025-08-18
O007324,C0398,P0067,W007,10,610.98,897.96,5211.84,UPI,Pending,2025-09-19
O007325,C0290,P0125,W013,4,184.54,50.9,687.26,UPI,Completed,2026-04-08
O007326,C0382,P0007,W011,2,86.6,4.19,169.01,Cash,Completed,2026-07-03
O007327,C0299,P0049,W009,10,200.77,274.76,1732.94,Net Banking,Pending,2026-03-10
O007328,C0098,P0109,W012,8,51.49,77.35,334.57,UPI,Pending,2026-06-18
O007329,C0209,P0083,W002,9,557.15,745.08,4269.27,Debit Card,Completed,2026-06-17
O007330,C0349,P0073,W014,5,114.95,80.81,493.94,UPI,Pending,2026-06-30
O007331,C0102,P0059,W002,5,691.04,409.61,3045.59,Net Banking,Completed,2026-04-29
O007332,C0153,P0122,W018,5,472.24,422.44,1938.76,Cash,Completed,2026-01-05
O007333,C0262,P0018,W013,6,693.16,668.04,3490.92,Credit Card,Cancelled,2026-06-24
O007334,C0142,P0033,W005,1,316.3,53.49,262.81,UPI,Cancelled,2025-08-20
O007335,C0330,P0032,W009,8,562.17,479.7,4017.66,Cash,Pending,2026-05-13
O007336,C0264,P0181,W011,3,510.35,154.01,1377.04,Cash,Pending,2026-03-26
O007337,C0071,P0111,W019,10,638.29,831.59,5551.31,UPI,Cancelled,2026-02-20
O007338,C0424,P0128,W002,1,366.55,0.19,366.36,Net Banking,Pending,2026-05-18
O007339,C0250,P0073,W005,8,114.95,35.05,884.55,Net Banking,Pending,2025-11-24
O007340,C0235,P0195,W016,8,194.61,288.29,1268.59,Credit Card,Pending,2026-06-15
O007341,C0413,P0068,W007,1,244.39,34.87,209.52,Credit Card,Completed,2026-06-05
O007342,C0380,P0122,W002,10,472.24,133.39,4589.01,UPI,Cancelled,2026-07-07
O007343,C0166,P0190,W014,8,537.59,427.48,3873.24,Debit Card,Cancelled,2025-12-19
O007344,C0374,P0071,W002,1,324.09,29.27,294.82,Debit Card,Pending,2025-08-09
O007345,C0352,P0200,W004,10,181.69,60.8,1756.1,Net Banking,Completed,2025-10-24
O007346,C0481,P0069,W018,5,779.75,367.53,3531.22,Debit Card,Cancelled,2026-05-07
O007347,C0316,P0026,W005,10,424.88,101.25,4147.55,Debit Card,Cancelled,2025-11-17
O007348,C0023,P0001,W018,4,711.01,494.09,2349.95,UPI,Pending,2025-10-09
O007349,C0264,P0179,W019,6,761.14,848.26,3718.58,Cash,Cancelled,2025-09-03
O007350,C0247,P0026,W004,5,424.88,423.67,1700.73,Credit Card,Cancelled,2025-10-08
O007351,C0282,P0133,W016,6,659.87,403.16,3556.06,Cash,Pending,2026-01-09
O007352,C0238,P0090,W012,8,414.11,432.01,2880.87,Cash,Cancelled,2026-07-24
O007353,C0165,P0052,W016,8,697.25,468.22,5109.78,Net Banking,Cancelled,2025-08-20
O007354,C0377,P0076,W007,8,366.83,177.41,2757.23,UPI,Completed,2025-08-05
O007355,C0291,P0133,W015,1,659.87,26.81,633.06,Credit Card,Pending,2025-09-25
O007356,C0214,P0107,W004,6,223.7,136.69,1205.51,UPI,Cancelled,2025-09-14
O007357,C0375,P0075,W011,5,153.98,1.63,768.27,Net Banking,Completed,2026-03-18
O007358,C0018,P0160,W006,10,103.95,94.98,944.52,UPI,Pending,2026-01-12
O007359,C0431,P0096,W010,5,223.64,9.37,1108.83,Debit Card,Cancelled,2025-10-26
O007360,C0423,P0185,W016,4,566.24,275.79,1989.17,Credit Card,Cancelled,2026-08-05
O007361,C0475,P0060,W003,10,220.07,428.67,1772.03,Credit Card,Completed,2026-06-03
O007362,C0204,P0131,W009,3,381.9,178.0,967.7,Cash,Cancelled,2025-12-16
O007363,C0353,P0052,W020,2,697.25,196.77,1197.73,Credit Card,Completed,2025-08-28
O007364,C0177,P0138,W009,4,574.82,434.72,1864.56,Cash,Cancelled,2025-09-07
O007365,C0116,P0189,W020,10,416.57,633.07,3532.63,Credit Card,Completed,2026-04-20
O007366,C0486,P0106,W007,8,395.02,249.37,2910.79,UPI,Cancelled,2025-11-14
O007367,C0080,P0034,W014,3,98.84,34.82,261.7,Cash,Cancelled,2025-11-19
O007368,C0091,P0130,W018,9,247.63,15.36,2213.31,Credit Card,Completed,2026-07-11
O007369,C0068,P0115,W010,9,346.43,212.89,2904.98,Credit Card,Cancelled,2025-11-30
O007370,C0250,P0052,W017,7,697.25,451.25,4429.5,Credit Card,Pending,2026-06-26
O007371,C0156,P0182,W001,2,103.87,30.97,176.77,Debit Card,Cancelled,2026-05-26
O007372,C0369,P0132,W004,8,661.28,812.83,4477.41,Credit Card,Completed,2025-08-11
O007373,C0016,P0165,W007,7,221.44,286.56,1263.52,Credit Card,Completed,2025-12-05
O007374,C0169,P0069,W013,3,779.75,243.88,2095.37,Net Banking,Cancelled,2025-08-06
O007375,C0090,P0129,W013,4,649.05,187.62,2408.58,Debit Card,Cancelled,2025-12-18
O007376,C0142,P0040,W006,3,533.67,3.35,1597.66,Debit Card,Completed,2025-08-06
O007377,C0136,P0079,W003,9,102.81,121.66,803.63,Credit Card,Cancelled,2025-11-21
O007378,C0358,P0178,W001,2,253.74,32.69,474.79,Credit Card,Cancelled,2026-02-20
O007379,C0310,P0109,W017,3,51.49,27.11,127.36,UPI,Completed,2026-02-16
O007380,C0148,P0134,W004,4,127.8,70.78,440.42,Cash,Pending,2025-10-11
O007381,C0380,P0060,W008,5,220.07,204.58,895.77,Cash,Completed,2025-11-26
O007382,C0169,P0061,W003,5,427.25,83.96,2052.29,Net Banking,Cancelled,2026-06-11
O007383,C0028,P0012,W014,6,342.53,196.68,1858.5,Debit Card,Pending,2026-01-06
O007384,C0359,P0041,W020,4,471.27,52.83,1832.25,Debit Card,Pending,2025-10-11
O007385,C0224,P0185,W005,3,566.24,208.02,1490.7,Debit Card,Pending,2026-01-29
O007386,C0460,P0160,W020,9,103.95,178.31,757.24,UPI,Completed,2026-02-25
O007387,C0213,P0078,W004,1,134.38,17.92,116.46,Debit Card,Cancelled,2026-07-04
O007388,C0411,P0159,W020,3,340.74,167.13,855.09,Credit Card,Completed,2026-06-13
O007389,C0381,P0164,W002,10,347.36,10.39,3463.21,Credit Card,Pending,2026-05-01
O007390,C0050,P0198,W006,7,369.55,457.47,2129.38,Cash,Pending,2026-04-17
O007391,C0141,P0117,W012,8,422.57,406.69,2973.87,Net Banking,Cancelled,2025-08-15
O007392,C0103,P0033,W016,5,316.3,196.82,1384.68,Net Banking,Pending,2025-09-16
O007393,C0230,P0153,W010,4,97.2,0.69,388.11,Cash,Pending,2026-06-26
O007394,C0335,P0185,W005,9,566.24,65.26,5030.9,Debit Card,Cancelled,2026-05-03
O007395,C0448,P0142,W005,1,465.39,79.31,386.08,Credit Card,Cancelled,2025-11-12
O007396,C0300,P0066,W013,4,156.35,16.95,608.45,Net Banking,Cancelled,2026-05-08
O007397,C0450,P0184,W008,4,600.98,313.58,2090.34,Credit Card,Cancelled,2026-04-26
O007398,C0253,P0163,W017,6,561.9,186.71,3184.69,Net Banking,Completed,2026-02-21
O007399,C0317,P0074,W006,6,318.47,135.0,1775.82,UPI,Cancelled,2025-09-14
O007400,C0352,P0170,W002,1,505.56,61.73,443.83,Debit Card,Completed,2026-06-17
O007401,C0130,P0144,W007,8,642.6,913.35,4227.45,Cash,Cancelled,2026-04-01
O007402,C0176,P0077,W012,4,705.01,427.2,2392.84,Cash,Cancelled,2025-12-27
O007403,C0117,P0073,W008,5,114.95,37.04,537.71,UPI,Cancelled,2026-03-17
O007404,C0021,P0117,W020,1,422.57,2.77,419.8,Debit Card,Cancelled,2026-04-02
O007405,C0068,P0179,W010,4,761.14,448.35,2596.21,Net Banking,Pending,2026-02-25
O007406,C0078,P0131,W017,1,381.9,18.42,363.48,Debit Card,Completed,2025-10-30
O007407,C0170,P0059,W013,10,691.04,1369.22,5541.18,Debit Card,Cancelled,2025-10-06
O007408,C0118,P0183,W005,2,518.44,30.22,1006.66,Credit Card,Cancelled,2026-07-15
O007409,C0498,P0041,W009,5,471.27,180.35,2176.0,Cash,Completed,2026-06-24
O007410,C0138,P0142,W001,8,465.39,718.31,3004.81,Debit Card,Pending,2025-10-23
O007411,C0442,P0081,W016,1,583.65,35.06,548.59,Debit Card,Cancelled,2026-01-24
O007412,C0297,P0183,W008,8,518.44,391.69,3755.83,Debit Card,Cancelled,2025-10-24
O007413,C0006,P0057,W006,2,500.43,188.73,812.13,UPI,Completed,2025-08-07
O007414,C0024,P0183,W003,6,518.44,278.78,2831.86,Net Banking,Pending,2026-03-18
O007415,C0094,P0197,W020,2,603.05,155.6,1050.5,Net Banking,Cancelled,2026-02-14
O007416,C0205,P0010,W015,1,275.52,4.75,270.77,Debit Card,Completed,2026-02-19
O007417,C0463,P0019,W006,4,452.83,17.0,1794.32,UPI,Pending,2026-04-28
O007418,C0422,P0130,W001,2,247.63,20.14,475.12,Debit Card,Pending,2025-09-29
O007419,C0499,P0049,W008,6,200.77,105.05,1099.57,Credit Card,Cancelled,2025-10-14
O007420,C0415,P0166,W005,7,399.5,358.84,2437.66,Cash,Completed,2026-04-05
O007421,C0355,P0133,W020,10,659.87,698.16,5900.54,Cash,Pending,2026-07-14
O007422,C0316,P0038,W013,6,210.73,251.79,1012.59,Cash,Cancelled,2025-09-08
O007423,C0221,P0013,W012,9,678.5,703.52,5402.98,Cash,Completed,2025-11-27
O007424,C0187,P0039,W008,7,696.37,721.76,4152.83,Net Banking,Completed,2026-02-06
O007425,C0214,P0186,W014,6,703.11,809.32,3409.34,Credit Card,Completed,2026-04-29
O007426,C0164,P0187,W017,5,557.43,190.02,2597.13,Credit Card,Cancelled,2026-07-15
O007427,C0365,P0135,W009,3,444.2,126.14,1206.46,Credit Card,Completed,2026-01-02
O007428,C0219,P0155,W009,3,70.67,36.41,175.6,Cash,Cancelled,2026-05-14
O007429,C0295,P0196,W009,8,403.53,539.4,2688.84,UPI,Cancelled,2025-12-21
O007430,C0496,P0101,W002,7,536.98,114.87,3643.99,UPI,Pending,2026-06-06
O007431,C0044,P0175,W014,2,636.16,222.67,1049.65,Net Banking,Cancelled,2026-04-12
O007432,C0441,P0110,W017,10,91.98,40.45,879.35,Net Banking,Cancelled,2026-05-27
O007433,C0356,P0022,W019,3,456.03,42.24,1325.85,Credit Card,Cancelled,2026-06-29
O007434,C0205,P0044,W003,7,509.99,538.58,3031.35,UPI,Cancelled,2025-09-16
O007435,C0365,P0158,W004,1,498.73,32.62,466.11,Debit Card,Completed,2025-10-21
O007436,C0294,P0109,W010,9,51.49,64.5,398.91,Debit Card,Completed,2025-09-02
O007437,C0438,P0182,W019,8,103.87,111.22,719.74,Net Banking,Pending,2025-10-18
O007438,C0198,P0045,W001,1,74.54,12.31,62.23,UPI,Completed,2026-03-13
O007439,C0059,P0106,W020,3,395.02,117.6,1067.46,Net Banking,Pending,2026-05-23
O007440,C0447,P0039,W004,10,696.37,757.57,6206.13,Net Banking,Pending,2026-05-31
O007441,C0052,P0033,W012,4,316.3,54.99,1210.21,Debit Card,Cancelled,2025-10-05
O007442,C0221,P0057,W018,10,500.43,385.81,4618.49,Credit Card,Completed,2026-05-20
O007443,C0318,P0087,W009,1,52.58,9.21,43.37,Credit Card,Completed,2026-06-26
O007444,C0218,P0103,W017,2,104.86,26.48,183.24,Net Banking,Pending,2025-08-10
O007445,C0419,P0065,W011,5,114.36,63.32,508.48,Net Banking,Pending,2025-10-25
O007446,C0344,P0137,W007,8,70.49,25.62,538.3,Credit Card,Cancelled,2026-05-27
O007447,C0120,P0010,W011,4,275.52,97.18,1004.9,UPI,Completed,2026-02-02
O007448,C0295,P0179,W013,4,761.14,428.97,2615.59,Cash,Cancelled,2025-09-15
O007449,C0393,P0026,W014,5,424.88,324.93,1799.47,Credit Card,Pending,2026-04-24
O007450,C0053,P0013,W008,10,678.5,317.54,6467.46,Cash,Pending,2025-10-05
O007451,C0080,P0045,W006,5,74.54,0.66,372.04,Credit Card,Cancelled,2026-03-01
O007452,C0068,P0106,W002,5,395.02,12.24,1962.86,Net Banking,Completed,2026-05-17
O007453,C0200,P0140,W014,3,719.31,405.97,1751.96,Cash,Pending,2026-04-11
O007454,C0357,P0106,W012,9,395.02,192.91,3362.27,Debit Card,Completed,2025-10-31
O007455,C0363,P0130,W016,7,247.63,287.54,1445.87,Debit Card,Pending,2026-02-24
O007456,C0364,P0029,W004,2,380.84,72.55,689.13,UPI,Completed,2026-05-26
O007457,C0209,P0200,W007,9,181.69,215.04,1420.17,Credit Card,Cancelled,2025-11-08
O007458,C0094,P0055,W009,10,691.95,657.82,6261.68,UPI,Pending,2025-08-11
O007459,C0449,P0185,W012,7,566.24,413.01,3550.67,Credit Card,Pending,2026-02-20
O007460,C0268,P0062,W008,4,152.46,77.11,532.73,Cash,Completed,2026-03-16
O007461,C0274,P0104,W005,9,61.8,24.09,532.11,UPI,Pending,2026-03-22
O007462,C0269,P0055,W019,4,691.95,318.84,2448.96,Net Banking,Pending,2025-08-21
O007463,C0402,P0160,W017,9,103.95,139.86,795.69,Net Banking,Completed,2026-05-20
O007464,C0282,P0171,W005,8,165.53,54.02,1270.22,UPI,Pending,2026-07-23
O007465,C0287,P0134,W008,1,127.8,8.74,119.06,Net Banking,Pending,2025-10-06
O007466,C0463,P0089,W013,10,380.36,221.52,3582.08,Net Banking,Pending,2026-05-29
O007467,C0141,P0004,W005,4,47.98,23.5,168.42,Net Banking,Completed,2026-05-17
O007468,C0392,P0142,W011,3,465.39,16.19,1379.98,Cash,Pending,2026-06-02
O007469,C0317,P0128,W016,2,366.55,48.88,684.22,Cash,Completed,2025-09-18
O007470,C0027,P0182,W002,8,103.87,24.28,806.68,Net Banking,Cancelled,2026-01-02
O007471,C0338,P0200,W009,4,181.69,68.68,658.08,Debit Card,Pending,2026-07-03
O007472,C0041,P0010,W008,2,275.52,108.47,442.57,Cash,Completed,2025-09-12
O007473,C0418,P0049,W015,2,200.77,19.56,381.98,Net Banking,Completed,2026-02-23
O007474,C0162,P0090,W011,1,414.11,48.16,365.95,Credit Card,Cancelled,2026-03-07
O007475,C0432,P0057,W019,1,500.43,84.59,415.84,Cash,Cancelled,2025-08-08
O007476,C0258,P0167,W010,9,121.8,54.8,1041.4,Debit Card,Pending,2026-04-07
O007477,C0121,P0193,W016,10,327.81,352.38,2925.72,Credit Card,Cancelled,2026-01-20
O007478,C0437,P0074,W015,10,318.47,183.24,3001.46,Debit Card,Pending,2026-06-06
O007479,C0224,P0153,W017,4,97.2,3.12,385.68,Cash,Completed,2026-04-23
O007480,C0375,P0153,W009,1,97.2,19.28,77.92,Net Banking,Cancelled,2026-06-08
O007481,C0263,P0190,W014,9,537.59,92.33,4745.98,Credit Card,Cancelled,2026-05-13
O007482,C0089,P0088,W018,2,512.39,25.72,999.06,Net Banking,Completed,2025-10-21
O007483,C0431,P0170,W001,9,505.56,173.45,4376.59,Debit Card,Cancelled,2026-02-03
O007484,C0101,P0111,W003,5,638.29,631.66,2559.79,Credit Card,Pending,2026-02-07
O007485,C0047,P0081,W001,6,583.65,634.47,2867.43,Debit Card,Cancelled,2026-05-21
O007486,C0248,P0100,W005,5,451.54,450.71,1806.99,Cash,Cancelled,2026-04-14
O007487,C0137,P0033,W012,2,316.3,0.39,632.21,Cash,Completed,2026-03-06
O007488,C0206,P0154,W004,5,687.94,677.45,2762.25,Debit Card,Pending,2026-04-20
O007489,C0049,P0031,W014,5,475.72,435.02,1943.58,Debit Card,Pending,2025-11-29
O007490,C0338,P0019,W005,7,452.83,349.48,2820.33,UPI,Completed,2026-02-26
O007491,C0065,P0180,W017,5,83.12,32.52,383.08,UPI,Pending,2025-08-11
O007492,C0474,P0007,W007,4,86.6,13.28,333.12,Debit Card,Completed,2026-06-11
O007493,C0306,P0192,W003,1,392.33,35.88,356.45,Credit Card,Cancelled,2026-01-30
O007494,C0100,P0022,W003,2,456.03,61.81,850.25,Debit Card,Completed,2025-08-21
O007495,C0297,P0057,W017,6,500.43,514.18,2488.4,Debit Card,Cancelled,2026-03-01
O007496,C0198,P0076,W006,4,366.83,145.96,1321.36,Credit Card,Cancelled,2026-06-30
O007497,C0382,P0064,W005,9,124.23,133.16,984.91,Credit Card,Cancelled,2025-12-30
O007498,C0146,P0137,W005,3,70.49,24.67,186.8,Debit Card,Cancelled,2025-10-06
O007499,C0415,P0006,W011,8,615.25,880.35,4041.65,Net Banking,Cancelled,2026-03-27
O007500,C0086,P0022,W020,7,456.03,320.81,2871.4,Cash,Cancelled,2026-08-01
O007501,C0116,P0194,W004,4,316.48,116.68,1149.24,Cash,Cancelled,2026-04-22
O007502,C0038,P0155,W016,4,70.67,24.31,258.37,UPI,Pending,2026-03-19
O007503,C0460,P0054,W007,1,298.13,11.31,286.82,Net Banking,Cancelled,2026-01-14
O007504,C0467,P0036,W006,6,550.45,426.86,2875.84,Debit Card,Pending,2026-08-01
O007505,C0396,P0113,W005,4,229.52,147.13,770.95,Net Banking,Pending,2025-12-25
O007506,C0472,P0149,W008,1,102.98,11.62,91.36,UPI,Completed,2025-08-12
O007507,C0003,P0066,W008,3,156.35,91.39,377.66,Credit Card,Completed,2026-05-25
O007508,C0135,P0115,W011,8,346.43,228.82,2542.62,Net Banking,Completed,2025-08-30
O007509,C0122,P0194,W003,6,316.48,242.86,1656.02,Cash,Completed,2025-11-24
O007510,C0419,P0163,W005,1,561.9,61.73,500.17,Credit Card,Completed,2026-06-07
O007511,C0101,P0101,W019,2,536.98,205.35,868.61,Net Banking,Cancelled,2025-10-29
O007512,C0064,P0200,W012,10,181.69,325.22,1491.68,UPI,Pending,2026-04-04
O007513,C0440,P0101,W007,7,536.98,698.06,3060.8,Cash,Completed,2026-06-13
O007514,C0470,P0104,W006,2,61.8,0.67,122.93,Net Banking,Completed,2025-09-14
O007515,C0438,P0187,W010,7,557.43,611.16,3290.85,Net Banking,Completed,2026-04-23
O007516,C0251,P0060,W001,7,220.07,261.13,1279.36,Net Banking,Cancelled,2026-06-29
O007517,C0039,P0187,W007,6,557.43,320.06,3024.52,Debit Card,Pending,2025-08-16
O007518,C0059,P0067,W016,3,610.98,268.31,1564.63,Credit Card,Completed,2026-04-21
O007519,C0292,P0176,W020,3,708.65,60.29,2065.66,Cash,Completed,2026-06-11
O007520,C0352,P0078,W010,5,134.38,11.64,660.26,UPI,Pending,2025-12-29
O007521,C0120,P0200,W019,3,181.69,52.09,492.98,Net Banking,Pending,2026-03-18
O007522,C0212,P0166,W009,8,399.5,198.91,2997.09,Cash,Cancelled,2025-09-11
O007523,C0215,P0064,W012,3,124.23,39.5,333.19,Cash,Completed,2026-02-13
O007524,C0323,P0097,W010,9,339.95,511.18,2548.37,Credit Card,Completed,2026-07-14
O007525,C0385,P0156,W017,1,716.77,84.02,632.75,Debit Card,Completed,2025-12-30
O007526,C0352,P0098,W008,2,515.46,138.89,892.03,Net Banking,Completed,2025-08-18
O007527,C0169,P0025,W008,6,464.04,125.87,2658.37,Net Banking,Completed,2026-02-19
O007528,C0004,P0076,W007,3,366.83,40.14,1060.35,Debit Card,Pending,2026-02-03
O007529,C0011,P0055,W015,3,691.95,215.83,1860.02,Debit Card,Cancelled,2025-12-25
O007530,C0474,P0048,W014,9,197.9,195.69,1585.41,Debit Card,Cancelled,2025-10-24
O007531,C0192,P0027,W008,1,78.28,3.33,74.95,Credit Card,Cancelled,2025-11-02
O007532,C0305,P0068,W007,8,244.39,96.55,1858.57,Debit Card,Completed,2025-12-24
O007533,C0224,P0096,W016,1,223.64,39.3,184.34,Net Banking,Cancelled,2025-11-29
O007534,C0250,P0083,W009,8,557.15,119.13,4338.07,Net Banking,Pending,2026-03-27
O007535,C0258,P0108,W005,6,467.1,293.48,2509.12,Cash,Completed,2025-10-08
O007536,C0203,P0047,W002,9,519.72,191.96,4485.52,Debit Card,Cancelled,2025-12-09
O007537,C0367,P0190,W001,5,537.59,515.85,2172.1,Cash,Completed,2026-07-16
O007538,C0111,P0058,W017,5,607.88,386.62,2652.78,Net Banking,Cancelled,2026-06-02
O007539,C0024,P0182,W004,3,103.87,43.6,268.01,Net Banking,Completed,2026-02-17
O007540,C0355,P0023,W004,10,673.26,1160.5,5572.1,Credit Card,Cancelled,2025-12-27
O007541,C0212,P0171,W007,2,165.53,5.68,325.38,Credit Card,Pending,2025-10-23
O007542,C0267,P0085,W014,8,734.45,993.92,4881.68,Cash,Pending,2025-11-10
O007543,C0318,P0104,W018,7,61.8,32.95,399.65,Debit Card,Cancelled,2026-01-18
O007544,C0013,P0097,W015,7,339.95,139.67,2239.98,UPI,Pending,2026-07-29
O007545,C0001,P0010,W008,7,275.52,36.09,1892.55,Credit Card,Completed,2025-10-24
O007546,C0232,P0051,W020,2,229.62,34.63,424.61,Net Banking,Cancelled,2026-06-15
O007547,C0233,P0080,W018,10,24.4,33.86,210.14,UPI,Completed,2026-07-13
O007548,C0483,P0128,W020,8,366.55,56.68,2875.72,Debit Card,Cancelled,2026-07-27
O007549,C0351,P0112,W005,8,635.62,981.97,4102.99,Debit Card,Completed,2025-12-06
O007550,C0437,P0133,W004,1,659.87,33.39,626.48,Debit Card,Completed,2025-09-28
O007551,C0409,P0004,W011,2,47.98,2.56,93.4,UPI,Pending,2026-01-29
O007552,C0257,P0096,W011,1,223.64,18.35,205.29,UPI,Pending,2026-08-03
O007553,C0238,P0029,W005,6,380.84,227.45,2057.59,UPI,Cancelled,2025-10-10
O007554,C0070,P0117,W001,7,422.57,113.45,2844.54,UPI,Completed,2026-01-05
O007555,C0145,P0060,W015,10,220.07,225.48,1975.22,UPI,Completed,2025-10-17
O007556,C0035,P0017,W013,4,438.91,74.37,1681.27,Cash,Pending,2025-11-26
O007557,C0225,P0156,W004,6,716.77,493.73,3806.89,Net Banking,Cancelled,2026-06-25
O007558,C0118,P0098,W011,7,515.46,215.39,3392.83,UPI,Cancelled,2025-10-21
O007559,C0183,P0116,W004,9,446.14,326.78,3688.48,UPI,Cancelled,2026-02-15
O007560,C0142,P0093,W012,6,102.56,120.35,495.01,Credit Card,Cancelled,2026-05-10
O007561,C0462,P0037,W003,3,536.12,127.47,1480.89,Cash,Pending,2025-10-26
O007562,C0014,P0168,W017,8,802.22,482.86,5934.9,Cash,Cancelled,2025-12-14
O007563,C0141,P0173,W003,4,112.19,68.12,380.64,Credit Card,Pending,2025-08-06
O007564,C0330,P0050,W020,7,407.27,361.95,2488.94,Debit Card,Completed,2026-02-24
O007565,C0286,P0042,W019,2,276.02,45.64,506.4,Cash,Completed,2026-06-05
O007566,C0362,P0112,W003,6,635.62,694.53,3119.19,Credit Card,Completed,2025-09-10
O007567,C0403,P0096,W007,10,223.64,109.26,2127.14,UPI,Pending,2026-04-01
O007568,C0290,P0169,W016,8,685.11,723.94,4756.94,Cash,Cancelled,2025-09-05
O007569,C0224,P0199,W008,3,550.92,274.74,1378.02,Debit Card,Cancelled,2026-01-18
O007570,C0359,P0116,W020,8,446.14,280.19,3288.93,Debit Card,Pending,2025-09-29
O007571,C0073,P0150,W004,4,79.1,16.04,300.36,Debit Card,Cancelled,2025-09-07
O007572,C0402,P0105,W004,5,537.76,466.52,2222.28,Credit Card,Completed,2026-03-07
O007573,C0140,P0033,W012,7,316.3,50.6,2163.5,Credit Card,Completed,2026-08-05
O007574,C0256,P0101,W014,3,536.98,258.46,1352.48,Cash,Completed,2026-07-21
O007575,C0336,P0022,W010,9,456.03,98.71,4005.56,UPI,Completed,2025-08-10
O007576,C0376,P0186,W014,10,703.11,1066.71,5964.39,Net Banking,Pending,2025-08-06
O007577,C0157,P0020,W018,6,658.43,57.01,3893.57,Cash,Completed,2025-08-05
O007578,C0211,P0176,W010,9,708.65,692.96,5684.89,Net Banking,Pending,2026-01-31
O007579,C0366,P0064,W016,1,124.23,10.52,113.71,Debit Card,Pending,2025-11-05
O007580,C0196,P0114,W010,4,433.11,309.63,1422.81,Debit Card,Cancelled,2025-10-17
O007581,C0415,P0021,W012,7,244.16,158.0,1551.12,Debit Card,Completed,2025-10-31
O007582,C0140,P0183,W011,3,518.44,3.11,1552.21,UPI,Completed,2025-10-14
O007583,C0372,P0009,W018,10,127.01,43.57,1226.53,UPI,Completed,2026-02-16
O007584,C0389,P0002,W003,10,318.95,625.3,2564.2,Credit Card,Completed,2026-01-20
O007585,C0428,P0191,W001,3,583.75,39.6,1711.65,UPI,Completed,2026-05-27
O007586,C0136,P0160,W003,4,103.95,24.53,391.27,Cash,Completed,2026-07-18
O007587,C0180,P0033,W016,8,316.3,109.26,2421.14,Cash,Pending,2025-08-21
O007588,C0035,P0173,W020,7,112.19,136.28,649.05,Debit Card,Cancelled,2025-12-12
O007589,C0431,P0043,W012,8,759.88,985.74,5093.3,Debit Card,Cancelled,2026-03-16
O007590,C0013,P0107,W011,3,223.7,86.96,584.14,UPI,Pending,2026-01-22
O007591,C0212,P0047,W002,3,519.72,113.7,1445.46,Cash,Pending,2026-01-27
O007592,C0476,P0167,W010,6,121.8,97.92,632.88,UPI,Cancelled,2026-05-26
O007593,C0366,P0072,W012,10,712.27,1077.78,6044.92,Cash,Completed,2026-05-19
O007594,C0146,P0068,W012,4,244.39,79.54,898.02,Cash,Pending,2025-08-14
O007595,C0046,P0012,W009,9,342.53,123.32,2959.45,Net Banking,Cancelled,2025-12-27
O007596,C0229,P0029,W004,7,380.84,459.91,2205.97,Cash,Cancelled,2025-11-06
O007597,C0495,P0189,W002,5,416.57,199.65,1883.2,Net Banking,Cancelled,2025-10-18
O007598,C0468,P0057,W014,7,500.43,575.38,2927.63,Net Banking,Cancelled,2026-06-05
O007599,C0119,P0092,W007,7,165.58,198.01,961.05,Credit Card,Cancelled,2026-04-05
O007600,C0476,P0127,W018,8,830.32,472.86,6169.7,Debit Card,Cancelled,2025-09-20
O007601,C0113,P0019,W002,3,452.83,247.42,1111.07,Cash,Pending,2025-11-19
O007602,C0296,P0068,W011,7,244.39,104.78,1605.95,UPI,Cancelled,2026-02-07
O007603,C0264,P0114,W020,10,433.11,279.42,4051.68,UPI,Cancelled,2026-06-20
O007604,C0082,P0175,W015,5,636.16,610.24,2570.56,Cash,Cancelled,2025-10-10
O007605,C0404,P0036,W015,6,550.45,164.92,3137.78,UPI,Cancelled,2026-05-10
O007606,C0433,P0020,W004,9,658.43,749.89,5175.98,Cash,Cancelled,2025-08-16
O007607,C0192,P0086,W018,3,781.27,217.28,2126.53,UPI,Cancelled,2026-06-27
O007608,C0175,P0086,W001,10,781.27,1061.29,6751.41,Net Banking,Completed,2026-01-23
O007609,C0291,P0013,W017,10,678.5,849.26,5935.74,Credit Card,Cancelled,2025-12-09
O007610,C0397,P0107,W017,10,223.7,50.28,2186.72,Debit Card,Completed,2025-11-04
O007611,C0405,P0121,W014,5,650.82,86.9,3167.2,Debit Card,Pending,2026-03-26
O007612,C0109,P0003,W016,8,307.09,472.38,1984.34,Credit Card,Cancelled,2026-04-28
O007613,C0330,P0086,W017,1,781.27,126.99,654.28,Debit Card,Cancelled,2025-11-08
O007614,C0007,P0122,W016,3,472.24,258.3,1158.42,Debit Card,Pending,2026-06-22
O007615,C0042,P0027,W018,3,78.28,4.45,230.39,Net Banking,Completed,2025-10-14
O007616,C0143,P0088,W020,8,512.39,598.55,3500.57,Credit Card,Cancelled,2026-01-12
O007617,C0045,P0048,W017,6,197.9,212.16,975.24,Credit Card,Completed,2025-08-08
O007618,C0216,P0007,W016,10,86.6,167.16,698.84,UPI,Pending,2026-04-10
O007619,C0036,P0054,W003,3,298.13,38.89,855.5,Cash,Completed,2026-05-28
O007620,C0212,P0053,W014,5,208.63,157.82,885.33,Debit Card,Cancelled,2025-10-29
O007621,C0308,P0121,W020,1,650.82,43.55,607.27,Net Banking,Completed,2025-08-07
O007622,C0143,P0149,W010,3,102.98,43.83,265.11,Credit Card,Completed,2026-03-25
O007623,C0183,P0025,W019,6,464.04,443.66,2340.58,UPI,Completed,2026-07-23
O007624,C0286,P0191,W019,6,583.75,108.09,3394.41,Net Banking,Cancelled,2026-03-05
O007625,C0045,P0091,W014,7,128.87,62.59,839.5,UPI,Cancelled,2026-04-28
O007626,C0380,P0092,W002,3,165.58,19.58,477.16,Credit Card,Pending,2026-01-26
O007627,C0081,P0070,W005,10,468.0,100.01,4579.99,Net Banking,Completed,2025-10-26
O007628,C0446,P0148,W020,5,538.64,171.67,2521.53,Debit Card,Pending,2026-05-22
O007629,C0154,P0028,W020,10,169.73,205.52,1491.78,Debit Card,Pending,2025-11-04
O007630,C0045,P0089,W015,8,380.36,389.32,2653.56,Cash,Pending,2026-04-16
O007631,C0471,P0047,W001,5,519.72,390.74,2207.86,Credit Card,Pending,2026-01-04
O007632,C0283,P0090,W010,5,414.11,29.18,2041.37,Cash,Cancelled,2026-06-06
O007633,C0440,P0040,W004,5,533.67,293.27,2375.08,UPI,Pending,2026-04-26
O007634,C0132,P0156,W015,10,716.77,23.26,7144.44,Debit Card,Pending,2025-08-24
O007635,C0220,P0019,W013,2,452.83,158.02,747.64,Credit Card,Pending,2025-09-01
O007636,C0251,P0148,W005,5,538.64,146.63,2546.57,Net Banking,Completed,2026-04-26
O007637,C0061,P0038,W005,6,210.73,163.53,1100.85,Credit Card,Pending,2026-04-01
O007638,C0249,P0064,W018,9,124.23,8.7,1109.37,Debit Card,Pending,2025-12-05
O007639,C0195,P0046,W003,3,602.93,178.66,1630.13,UPI,Pending,2025-10-05
O007640,C0499,P0146,W016,7,595.2,25.75,4140.65,Credit Card,Completed,2026-05-28
O007641,C0241,P0005,W003,7,616.49,229.58,4085.85,UPI,Cancelled,2026-03-28
O007642,C0010,P0126,W020,5,352.47,105.83,1656.52,Cash,Cancelled,2025-08-15
O007643,C0254,P0193,W010,10,327.81,46.07,3232.03,Debit Card,Completed,2025-09-20
O007644,C0053,P0094,W002,2,536.83,52.81,1020.85,Debit Card,Completed,2025-10-12
O007645,C0203,P0091,W013,9,128.87,189.44,970.39,Net Banking,Pending,2026-01-14
O007646,C0216,P0010,W012,5,275.52,92.82,1284.78,Debit Card,Pending,2025-09-17
O007647,C0227,P0021,W011,7,244.16,50.94,1658.18,Cash,Completed,2026-05-03
O007648,C0211,P0039,W020,6,696.37,118.46,4059.76,Debit Card,Cancelled,2025-11-21
O007649,C0418,P0043,W015,9,759.88,1095.85,5743.07,Net Banking,Cancelled,2025-10-15
O007650,C0169,P0107,W005,6,223.7,228.85,1113.35,Credit Card,Pending,2026-04-03
O007651,C0429,P0047,W004,10,519.72,91.74,5105.46,Cash,Completed,2025-10-23
O007652,C0116,P0034,W001,7,98.84,126.06,565.82,Cash,Cancelled,2025-10-14
O007653,C0179,P0197,W011,8,603.05,897.54,3926.86,Cash,Pending,2026-03-11
O007654,C0272,P0049,W008,8,200.77,12.92,1593.24,Credit Card,Cancelled,2025-09-03
O007655,C0239,P0080,W012,5,24.4,16.9,105.1,UPI,Pending,2026-05-30
O007656,C0229,P0171,W014,10,165.53,122.44,1532.86,Net Banking,Pending,2026-03-26
O007657,C0418,P0075,W007,2,153.98,53.47,254.49,Cash,Completed,2025-10-25
O007658,C0015,P0086,W001,4,781.27,406.32,2718.76,Net Banking,Completed,2025-08-28
O007659,C0239,P0132,W020,10,661.28,858.13,5754.67,Net Banking,Pending,2025-10-15
O007660,C0351,P0145,W014,1,49.46,3.2,46.26,Debit Card,Cancelled,2026-02-27
O007661,C0108,P0013,W018,3,678.5,401.9,1633.6,Credit Card,Pending,2026-07-28
O007662,C0340,P0109,W007,2,51.49,6.51,96.47,UPI,Cancelled,2026-07-23
O007663,C0181,P0118,W006,10,545.32,855.06,4598.14,UPI,Completed,2025-08-07
O007664,C0297,P0062,W009,3,152.46,87.64,369.74,Cash,Pending,2025-08-06
O007665,C0401,P0093,W008,7,102.56,57.64,660.28,Net Banking,Completed,2026-03-05
O007666,C0227,P0101,W017,7,536.98,306.15,3452.71,Cash,Pending,2026-01-06
O007667,C0104,P0096,W019,4,223.64,158.98,735.58,Debit Card,Completed,2025-12-14
O007668,C0450,P0020,W006,5,658.43,469.41,2822.74,UPI,Completed,2025-08-29
O007669,C0276,P0093,W020,4,102.56,23.28,386.96,Net Banking,Pending,2025-11-09
O007670,C0405,P0107,W009,1,223.7,38.68,185.02,UPI,Completed,2025-10-03
O007671,C0176,P0056,W017,1,73.8,4.68,69.12,Cash,Completed,2026-07-10
O007672,C0060,P0088,W004,8,512.39,15.4,4083.72,Cash,Cancelled,2026-04-21
O007673,C0286,P0035,W010,9,613.51,480.86,5040.73,Net Banking,Completed,2026-03-27
O007674,C0112,P0178,W006,8,253.74,142.94,1886.98,UPI,Cancelled,2025-12-12
O007675,C0373,P0069,W007,1,779.75,107.35,672.4,UPI,Pending,2026-04-17
O007676,C0024,P0096,W013,2,223.64,84.44,362.84,Net Banking,Completed,2026-03-10
O007677,C0285,P0197,W009,1,603.05,87.86,515.19,UPI,Cancelled,2026-02-04
O007678,C0468,P0142,W004,3,465.39,269.05,1127.12,Net Banking,Completed,2025-11-12
O007679,C0050,P0154,W008,1,687.94,119.14,568.8,Credit Card,Completed,2025-10-23
O007680,C0072,P0160,W020,8,103.95,77.37,754.23,Credit Card,Pending,2026-06-16
O007681,C0455,P0060,W008,4,220.07,46.93,833.35,Net Banking,Cancelled,2026-05-16
O007682,C0277,P0095,W019,4,121.43,51.29,434.43,Net Banking,Cancelled,2025-10-10
O007683,C0096,P0006,W019,9,615.25,90.9,5446.35,Credit Card,Completed,2026-02-16
O007684,C0195,P0003,W012,6,307.09,325.19,1517.35,Net Banking,Pending,2026-02-07
O007685,C0434,P0111,W019,4,638.29,313.45,2239.71,Debit Card,Cancelled,2026-07-20
O007686,C0012,P0026,W005,9,424.88,264.41,3559.51,Credit Card,Cancelled,2025-11-26
O007687,C0058,P0105,W006,5,537.76,95.06,2593.74,Net Banking,Pending,2025-12-17
O007688,C0023,P0200,W018,9,181.69,160.82,1474.39,Credit Card,Cancelled,2026-02-27
O007689,C0217,P0069,W018,8,779.75,943.97,5294.03,Credit Card,Completed,2025-12-29
O007690,C0111,P0183,W007,9,518.44,144.94,4521.02,Credit Card,Cancelled,2025-11-18
O007691,C0073,P0038,W017,4,210.73,125.09,717.83,Credit Card,Cancelled,2026-02-12
O007692,C0422,P0130,W012,4,247.63,110.33,880.19,Cash,Completed,2026-06-05
O007693,C0256,P0010,W012,9,275.52,116.73,2362.95,Cash,Pending,2026-05-20
O007694,C0348,P0091,W019,6,128.87,113.26,659.96,Net Banking,Pending,2025-11-28
O007695,C0068,P0190,W020,8,537.59,606.35,3694.37,Net Banking,Pending,2026-02-14
O007696,C0422,P0082,W014,3,524.26,95.02,1477.76,Credit Card,Cancelled,2025-11-24
O007697,C0236,P0149,W009,1,102.98,0.13,102.85,Cash,Completed,2026-04-29
O007698,C0219,P0121,W005,6,650.82,174.1,3730.82,Credit Card,Completed,2026-01-31
O007699,C0437,P0003,W016,8,307.09,166.43,2290.29,Credit Card,Completed,2025-09-22
O007700,C0200,P0098,W015,2,515.46,26.53,1004.39,UPI,Cancelled,2026-01-01
O007701,C0338,P0160,W005,4,103.95,3.42,412.38,UPI,Pending,2025-11-05
O007702,C0168,P0153,W005,7,97.2,15.67,664.73,Net Banking,Completed,2025-09-01
O007703,C0350,P0088,W011,1,512.39,73.73,438.66,Debit Card,Completed,2026-04-03
O007704,C0363,P0173,W003,1,112.19,18.36,93.83,UPI,Pending,2026-07-19
O007705,C0417,P0012,W004,7,342.53,51.28,2346.43,UPI,Completed,2026-03-25
O007706,C0103,P0032,W008,8,562.17,68.56,4428.8,UPI,Completed,2025-10-18
O007707,C0203,P0147,W018,2,250.9,65.76,436.04,Debit Card,Completed,2026-05-24
O007708,C0243,P0026,W012,5,424.88,338.31,1786.09,Cash,Completed,2026-04-25
O007709,C0023,P0149,W003,10,102.98,82.3,947.5,Cash,Cancelled,2026-04-08
O007710,C0085,P0047,W015,8,519.72,82.93,4074.83,Credit Card,Pending,2025-11-02
O007711,C0235,P0047,W007,7,519.72,527.76,3110.28,Credit Card,Pending,2026-05-14
O007712,C0194,P0030,W003,4,129.09,88.8,427.56,Credit Card,Pending,2025-12-28
O007713,C0432,P0155,W017,4,70.67,21.53,261.15,UPI,Completed,2026-06-15
O007714,C0394,P0081,W011,8,583.65,568.72,4100.48,UPI,Cancelled,2026-05-02
O007715,C0183,P0157,W018,9,596.45,989.41,4378.64,UPI,Completed,2026-01-17
O007716,C0398,P0077,W010,10,705.01,639.31,6410.79,Net Banking,Pending,2026-03-31
O007717,C0257,P0069,W003,2,779.75,273.42,1286.08,Debit Card,Pending,2026-05-28
O007718,C0262,P0007,W006,5,86.6,60.61,372.39,Debit Card,Pending,2026-04-06
O007719,C0205,P0042,W003,7,276.02,194.06,1738.08,Net Banking,Pending,2025-08-08
O007720,C0053,P0179,W015,8,761.14,268.96,5820.16,Cash,Pending,2026-04-21
O007721,C0484,P0112,W019,4,635.62,116.89,2425.59,Debit Card,Cancelled,2026-06-04
O007722,C0155,P0160,W009,5,103.95,33.46,486.29,Debit Card,Completed,2026-05-06
O007723,C0273,P0118,W005,1,545.32,103.89,441.43,Cash,Pending,2025-08-12
O007724,C0273,P0178,W012,1,253.74,20.8,232.94,Cash,Pending,2025-08-17
O007725,C0223,P0063,W006,8,152.21,109.86,1107.82,Credit Card,Cancelled,2026-04-05
O007726,C0097,P0078,W007,8,134.38,21.71,1053.33,Net Banking,Cancelled,2025-09-12
O007727,C0268,P0115,W006,7,346.43,124.24,2300.77,Cash,Cancelled,2026-08-04
O007728,C0229,P0047,W019,10,519.72,556.55,4640.65,Cash,Cancelled,2025-12-15
O007729,C0383,P0083,W009,7,557.15,204.38,3695.67,UPI,Pending,2026-07-28
O007730,C0400,P0003,W011,6,307.09,311.59,1530.95,UPI,Pending,2026-06-20
O007731,C0360,P0029,W008,5,380.84,116.32,1787.88,Cash,Completed,2025-11-07
O007732,C0004,P0082,W004,2,524.26,1.46,1047.06,Credit Card,Completed,2026-05-29
O007733,C0476,P0032,W014,10,562.17,696.59,4925.11,UPI,Completed,2026-01-05
O007734,C0229,P0076,W012,8,366.83,235.18,2699.46,Debit Card,Cancelled,2026-06-29
O007735,C0122,P0068,W019,7,244.39,171.04,1539.69,Net Banking,Completed,2026-06-07
O007736,C0032,P0070,W003,10,468.0,29.42,4650.58,Debit Card,Cancelled,2026-06-09
O007737,C0252,P0175,W018,6,636.16,103.72,3713.24,Debit Card,Completed,2026-01-23
O007738,C0092,P0051,W005,5,229.62,51.36,1096.74,Debit Card,Pending,2025-09-08
O007739,C0258,P0033,W019,3,316.3,41.88,907.02,Credit Card,Cancelled,2025-12-25
O007740,C0086,P0001,W005,9,711.01,428.98,5970.11,UPI,Pending,2025-08-30
O007741,C0380,P0075,W004,9,153.98,178.08,1207.74,UPI,Cancelled,2025-08-08
O007742,C0261,P0007,W007,6,86.6,74.77,444.83,Credit Card,Pending,2025-12-03
O007743,C0347,P0122,W006,9,472.24,463.8,3786.36,Credit Card,Cancelled,2026-04-22
O007744,C0040,P0155,W017,4,70.67,34.12,248.56,Cash,Completed,2025-08-09
O007745,C0491,P0074,W012,7,318.47,60.79,2168.5,UPI,Pending,2025-09-06
O007746,C0240,P0029,W017,6,380.84,144.95,2140.09,UPI,Cancelled,2026-02-09
O007747,C0194,P0014,W010,8,248.91,192.28,1799.0,Cash,Cancelled,2025-12-07
O007748,C0278,P0068,W015,10,244.39,399.59,2044.31,Net Banking,Cancelled,2026-03-02
O007749,C0277,P0169,W009,7,685.11,18.38,4777.39,UPI,Pending,2025-10-22
O007750,C0149,P0077,W017,1,705.01,118.85,586.16,Net Banking,Completed,2026-01-18
O007751,C0390,P0012,W014,9,342.53,108.76,2974.01,Debit Card,Completed,2025-11-27
O007752,C0191,P0140,W018,5,719.31,94.8,3501.75,Debit Card,Completed,2026-02-15
O007753,C0448,P0100,W002,10,451.54,843.89,3671.51,UPI,Completed,2026-01-06
O007754,C0042,P0165,W007,1,221.44,22.55,198.89,Credit Card,Completed,2025-12-09
O007755,C0374,P0135,W007,5,444.2,275.88,1945.12,Credit Card,Completed,2026-02-04
O007756,C0244,P0137,W017,6,70.49,33.45,389.49,Cash,Pending,2025-10-23
O007757,C0111,P0149,W015,5,102.98,86.21,428.69,Debit Card,Pending,2026-05-18
O007758,C0198,P0039,W004,10,696.37,817.4,6146.3,Debit Card,Cancelled,2025-10-09
O007759,C0014,P0136,W019,9,596.21,610.79,4755.1,Debit Card,Cancelled,2026-05-29
O007760,C0201,P0010,W013,6,275.52,68.84,1584.28,Net Banking,Pending,2026-06-25
O007761,C0022,P0031,W016,1,475.72,13.87,461.85,UPI,Cancelled,2026-05-13
O007762,C0143,P0115,W003,10,346.43,488.99,2975.31,Net Banking,Pending,2025-12-25
O007763,C0146,P0014,W006,10,248.91,301.4,2187.7,Cash,Cancelled,2026-05-16
O007764,C0260,P0136,W011,4,596.21,456.19,1928.65,UPI,Completed,2026-04-08
O007765,C0161,P0047,W016,10,519.72,471.08,4726.12,Net Banking,Completed,2025-12-25
O007766,C0202,P0193,W005,2,327.81,84.11,571.51,Debit Card,Cancelled,2025-10-20
O007767,C0305,P0022,W011,3,456.03,260.36,1107.73,Credit Card,Pending,2026-03-21
O007768,C0230,P0198,W010,4,369.55,188.2,1290.0,Credit Card,Cancelled,2025-11-19
O007769,C0286,P0128,W010,5,366.55,307.22,1525.53,Cash,Cancelled,2026-07-19
O007770,C0211,P0183,W005,9,518.44,780.51,3885.45,Credit Card,Cancelled,2026-01-22
O007771,C0072,P0132,W014,10,661.28,464.67,6148.13,Net Banking,Pending,2026-07-21
O007772,C0193,P0190,W020,7,537.59,411.36,3351.77,Debit Card,Completed,2026-06-20
O007773,C0468,P0032,W018,5,562.17,343.63,2467.22,UPI,Cancelled,2026-03-08
O007774,C0391,P0128,W012,8,366.55,477.81,2454.59,Net Banking,Pending,2025-10-17
O007775,C0300,P0053,W003,1,208.63,22.17,186.46,Credit Card,Completed,2025-10-21
O007776,C0235,P0124,W019,4,711.13,147.1,2697.42,Debit Card,Cancelled,2025-11-13
O007777,C0417,P0063,W018,9,152.21,173.58,1196.31,Debit Card,Completed,2026-04-14
O007778,C0171,P0194,W002,1,316.48,9.28,307.2,Credit Card,Completed,2026-04-15
O007779,C0324,P0091,W013,10,128.87,20.46,1268.24,Debit Card,Pending,2026-02-05
O007780,C0294,P0093,W015,2,102.56,39.98,165.14,Net Banking,Completed,2025-11-21
O007781,C0213,P0150,W014,4,79.1,27.93,288.47,Cash,Completed,2026-02-08
O007782,C0094,P0125,W015,3,184.54,99.75,453.87,Cash,Cancelled,2026-01-11
O007783,C0392,P0152,W010,2,41.85,9.95,73.75,Credit Card,Pending,2026-03-14
O007784,C0330,P0193,W020,6,327.81,193.5,1773.36,Net Banking,Completed,2025-11-19
O007785,C0310,P0200,W007,10,181.69,265.02,1551.88,Net Banking,Cancelled,2026-06-06
O007786,C0299,P0179,W016,4,761.14,468.88,2575.68,Net Banking,Pending,2026-03-22
O007787,C0105,P0156,W020,1,716.77,44.57,672.2,Debit Card,Completed,2026-07-30
O007788,C0035,P0015,W001,2,435.76,30.24,841.28,Net Banking,Cancelled,2026-01-12
O007789,C0137,P0107,W019,9,223.7,340.62,1672.68,Net Banking,Completed,2026-08-05
O007790,C0442,P0027,W009,1,78.28,11.67,66.61,Cash,Cancelled,2026-03-17
O007791,C0427,P0037,W008,2,536.12,74.44,997.8,Net Banking,Cancelled,2026-08-02
O007792,C0312,P0114,W016,9,433.11,303.18,3594.81,Net Banking,Pending,2026-07-31
O007793,C0236,P0150,W003,10,79.1,79.51,711.49,UPI,Pending,2026-03-10
O007794,C0496,P0200,W005,7,181.69,155.84,1115.99,Credit Card,Cancelled,2026-01-26
O007795,C0267,P0032,W018,8,562.17,121.68,4375.68,UPI,Completed,2025-10-19
O007796,C0445,P0105,W016,5,537.76,163.3,2525.5,Net Banking,Pending,2026-06-05
O007797,C0102,P0197,W012,5,603.05,309.65,2705.6,UPI,Cancelled,2026-07-06
O007798,C0301,P0102,W006,8,580.08,640.05,4000.59,Cash,Pending,2025-10-09
O007799,C0101,P0173,W013,7,112.19,72.6,712.73,Net Banking,Pending,2026-01-23
O007800,C0333,P0012,W004,5,342.53,227.47,1485.18,UPI,Completed,2025-08-17
O007801,C0157,P0194,W018,2,316.48,119.27,513.69,Net Banking,Cancelled,2025-08-08
O007802,C0137,P0008,W010,4,707.65,275.5,2555.1,Net Banking,Completed,2026-02-23
O007803,C0040,P0103,W004,9,104.86,21.89,921.85,Debit Card,Cancelled,2026-07-18
O007804,C0053,P0140,W017,9,719.31,128.29,6345.5,Cash,Completed,2025-12-19
O007805,C0405,P0101,W020,6,536.98,472.19,2749.69,Credit Card,Pending,2025-09-05
O007806,C0310,P0038,W013,4,210.73,38.67,804.25,Credit Card,Cancelled,2025-10-23
O007807,C0425,P0039,W015,6,696.37,207.54,3970.68,Debit Card,Pending,2025-08-25
O007808,C0409,P0179,W003,8,761.14,351.76,5737.36,Cash,Cancelled,2026-01-15
O007809,C0391,P0147,W009,8,250.9,176.08,1831.12,Net Banking,Pending,2026-07-12
O007810,C0436,P0019,W015,1,452.83,2.75,450.08,Debit Card,Pending,2025-12-25
O007811,C0400,P0098,W013,6,515.46,535.59,2557.17,Cash,Completed,2026-03-21
O007812,C0022,P0169,W008,9,685.11,945.66,5220.33,Cash,Cancelled,2026-04-05
O007813,C0034,P0182,W009,8,103.87,50.78,780.18,UPI,Completed,2026-07-05
O007814,C0372,P0058,W016,8,607.88,295.28,4567.76,Cash,Completed,2026-03-14
O007815,C0254,P0120,W014,9,117.95,134.44,927.11,Credit Card,Pending,2026-06-14
O007816,C0374,P0159,W012,10,340.74,329.76,3077.64,Net Banking,Pending,2026-04-05
O007817,C0488,P0009,W013,7,127.01,20.0,869.07,UPI,Cancelled,2026-03-03
O007818,C0423,P0013,W014,5,678.5,591.57,2800.93,Credit Card,Cancelled,2026-01-27
O007819,C0475,P0082,W009,1,524.26,71.89,452.37,Net Banking,Completed,2026-04-10
O007820,C0389,P0171,W011,8,165.53,31.74,1292.5,Cash,Cancelled,2026-02-02
O007821,C0308,P0186,W009,7,703.11,909.62,4012.15,Debit Card,Pending,2025-08-10
O007822,C0187,P0065,W019,1,114.36,2.62,111.74,UPI,Cancelled,2026-06-16
O007823,C0055,P0027,W014,6,78.28,71.83,397.85,Cash,Cancelled,2026-05-06
O007824,C0121,P0034,W001,2,98.84,32.98,164.7,Debit Card,Cancelled,2025-09-01
O007825,C0214,P0184,W001,8,600.98,854.85,3952.99,Cash,Cancelled,2025-10-09
O007826,C0186,P0109,W010,5,51.49,7.16,250.29,Credit Card,Completed,2025-11-26
O007827,C0287,P0117,W016,3,422.57,46.72,1220.99,Net Banking,Pending,2026-01-22
O007828,C0198,P0020,W003,4,658.43,130.83,2502.89,UPI,Completed,2025-11-19
O007829,C0436,P0159,W011,4,340.74,251.55,1111.41,Cash,Completed,2025-09-13
O007830,C0426,P0152,W012,7,41.85,6.85,286.1,Debit Card,Cancelled,2026-05-15
O007831,C0154,P0101,W009,10,536.98,1065.84,4303.96,UPI,Completed,2026-08-05
O007832,C0409,P0018,W011,2,693.16,8.33,1377.99,Cash,Completed,2026-08-05
O007833,C0472,P0126,W017,7,352.47,136.22,2331.07,Debit Card,Pending,2026-05-01
O007834,C0441,P0054,W013,5,298.13,201.96,1288.69,Net Banking,Completed,2026-01-05
O007835,C0301,P0042,W020,1,276.02,47.89,228.13,UPI,Completed,2025-12-25
O007836,C0483,P0172,W012,5,355.99,15.92,1764.03,Net Banking,Pending,2026-04-05
O007837,C0163,P0030,W001,3,129.09,10.1,377.17,Net Banking,Completed,2026-05-21
O007838,C0040,P0099,W012,2,703.35,279.06,1127.64,Cash,Cancelled,2025-09-04
O007839,C0326,P0007,W008,5,86.6,81.27,351.73,Net Banking,Pending,2026-05-07
O007840,C0355,P0199,W008,8,550.92,685.79,3721.57,UPI,Pending,2026-04-19
O007841,C0388,P0045,W018,8,74.54,69.5,526.82,Net Banking,Completed,2026-06-05
O007842,C0367,P0092,W004,5,165.58,78.01,749.89,Cash,Pending,2025-12-19
O007843,C0307,P0022,W002,3,456.03,69.07,1299.02,Net Banking,Cancelled,2026-06-09
O007844,C0185,P0020,W014,2,658.43,72.68,1244.18,Debit Card,Cancelled,2025-08-16
O007845,C0025,P0030,W009,9,129.09,205.97,955.84,Cash,Cancelled,2026-07-19
O007846,C0247,P0196,W012,4,403.53,210.27,1403.85,Debit Card,Pending,2026-04-30
O007847,C0194,P0067,W002,4,610.98,478.85,1965.07,UPI,Completed,2026-05-14
O007848,C0427,P0177,W001,3,764.51,364.5,1929.03,Cash,Completed,2025-11-13
O007849,C0289,P0136,W005,5,596.21,387.32,2593.73,Debit Card,Completed,2026-01-16
O007850,C0498,P0196,W003,7,403.53,306.78,2517.93,UPI,Completed,2026-02-12
O007851,C0197,P0195,W009,9,194.61,84.8,1666.69,Net Banking,Cancelled,2026-06-23
O007852,C0240,P0158,W003,10,498.73,508.87,4478.43,Debit Card,Pending,2025-09-18
O007853,C0277,P0009,W002,10,127.01,190.94,1079.16,UPI,Cancelled,2026-01-01
O007854,C0010,P0052,W011,8,697.25,590.9,4987.1,Credit Card,Pending,2026-04-06
O007855,C0102,P0132,W005,6,661.28,396.51,3571.17,Credit Card,Cancelled,2026-03-27
O007856,C0294,P0199,W019,2,550.92,200.21,901.63,Debit Card,Pending,2025-09-02
O007857,C0047,P0199,W015,7,550.92,175.47,3680.97,UPI,Completed,2026-04-25
O007858,C0073,P0134,W010,7,127.8,168.75,725.85,Debit Card,Pending,2025-10-18
O007859,C0417,P0107,W003,5,223.7,21.91,1096.59,Net Banking,Pending,2026-03-17
O007860,C0366,P0161,W008,5,792.47,673.55,3288.8,Cash,Pending,2026-04-14
O007861,C0297,P0066,W012,9,156.35,250.64,1156.51,Net Banking,Cancelled,2026-06-17
O007862,C0348,P0015,W006,3,435.76,108.85,1198.43,UPI,Cancelled,2026-01-19
O007863,C0088,P0045,W007,4,74.54,51.79,246.37,Credit Card,Completed,2026-04-10
O007864,C0331,P0012,W010,8,342.53,523.57,2216.67,UPI,Cancelled,2025-12-12
O007865,C0496,P0122,W012,9,472.24,184.0,4066.16,Debit Card,Completed,2026-03-29
O007866,C0067,P0099,W014,7,703.35,345.86,4577.59,Credit Card,Completed,2026-07-29
O007867,C0321,P0051,W016,10,229.62,46.85,2249.35,Cash,Pending,2026-02-16
O007868,C0273,P0104,W010,5,61.8,25.93,283.07,Net Banking,Pending,2026-07-04
O007869,C0268,P0141,W010,6,473.02,482.45,2355.67,Debit Card,Cancelled,2026-06-30
O007870,C0074,P0098,W018,3,515.46,242.45,1303.93,UPI,Completed,2026-06-28
O007871,C0116,P0163,W011,3,561.9,190.23,1495.47,UPI,Cancelled,2025-08-17
O007872,C0005,P0030,W015,5,129.09,40.25,605.2,Credit Card,Pending,2025-09-13
O007873,C0051,P0044,W006,10,509.99,85.89,5014.01,Net Banking,Cancelled,2026-02-23
O007874,C0391,P0069,W003,1,779.75,87.11,692.64,Cash,Completed,2026-05-06
O007875,C0005,P0189,W009,2,416.57,22.28,810.86,UPI,Cancelled,2025-08-30
O007876,C0340,P0058,W006,10,607.88,1016.12,5062.68,Credit Card,Pending,2025-10-04
O007877,C0406,P0027,W008,9,78.28,104.93,599.59,Net Banking,Completed,2026-02-19
O007878,C0009,P0153,W011,5,97.2,77.04,408.96,Cash,Pending,2025-08-28
O007879,C0037,P0159,W003,5,340.74,180.28,1523.42,Cash,Pending,2026-05-03
O007880,C0209,P0025,W005,7,464.04,49.83,3198.45,Debit Card,Pending,2026-01-10
O007881,C0212,P0157,W019,7,596.45,29.63,4145.52,Net Banking,Cancelled,2026-01-21
O007882,C0392,P0107,W008,2,223.7,38.61,408.79,Net Banking,Pending,2026-04-10
O007883,C0037,P0060,W002,10,220.07,48.29,2152.41,Debit Card,Pending,2026-06-01
O007884,C0095,P0130,W011,8,247.63,344.36,1636.68,Credit Card,Cancelled,2026-04-02
O007885,C0352,P0161,W005,7,792.47,501.56,5045.73,Net Banking,Completed,2026-05-07
O007886,C0154,P0011,W016,7,311.47,144.9,2035.39,Credit Card,Pending,2026-05-06
O007887,C0036,P0197,W017,7,603.05,831.57,3389.78,Net Banking,Cancelled,2026-04-29
O007888,C0272,P0154,W016,1,687.94,95.71,592.23,Net Banking,Cancelled,2026-02-07
O007889,C0403,P0102,W012,4,580.08,198.85,2121.47,Credit Card,Pending,2025-09-16
O007890,C0136,P0097,W017,3,339.95,77.0,942.85,Credit Card,Completed,2025-09-09
O007891,C0100,P0127,W003,5,830.32,678.16,3473.44,Cash,Completed,2026-06-24
O007892,C0010,P0078,W007,5,134.38,26.02,645.88,Net Banking,Completed,2026-06-12
O007893,C0452,P0115,W020,3,346.43,113.11,926.18,Net Banking,Completed,2026-05-11
O007894,C0135,P0032,W019,9,562.17,125.07,4934.46,Debit Card,Completed,2025-08-17
O007895,C0055,P0187,W019,1,557.43,13.98,543.45,Credit Card,Completed,2026-01-14
O007896,C0476,P0050,W014,2,407.27,86.98,727.56,Debit Card,Cancelled,2025-08-14
O007897,C0361,P0181,W009,2,510.35,14.36,1006.34,Debit Card,Pending,2026-04-30
O007898,C0305,P0118,W003,1,545.32,11.06,534.26,UPI,Pending,2026-02-14
O007899,C0333,P0149,W001,10,102.98,104.99,924.81,Credit Card,Pending,2026-06-19
O007900,C0212,P0193,W012,9,327.81,169.76,2780.53,Credit Card,Cancelled,2026-03-08
O007901,C0462,P0046,W007,9,602.93,235.35,5191.02,Net Banking,Cancelled,2026-06-25
O007902,C0077,P0184,W001,7,600.98,812.97,3393.89,Debit Card,Cancelled,2026-01-24
O007903,C0338,P0075,W010,10,153.98,130.59,1409.21,Net Banking,Cancelled,2025-12-27
O007904,C0096,P0115,W002,10,346.43,311.51,3152.79,Cash,Completed,2025-09-21
O007905,C0005,P0126,W017,10,352.47,236.36,3288.34,Debit Card,Completed,2026-05-03
O007906,C0119,P0112,W002,5,635.62,303.51,2874.59,UPI,Pending,2025-09-08
O007907,C0470,P0193,W018,1,327.81,63.97,263.84,Debit Card,Cancelled,2026-05-23
O007908,C0145,P0021,W001,9,244.16,174.04,2023.4,Cash,Pending,2025-12-02
O007909,C0103,P0140,W005,4,719.31,45.73,2831.51,Credit Card,Cancelled,2026-07-10
O007910,C0361,P0068,W005,1,244.39,27.06,217.33,Debit Card,Cancelled,2025-10-26
O007911,C0015,P0185,W003,8,566.24,484.26,4045.66,Credit Card,Completed,2025-11-07
O007912,C0322,P0185,W001,3,566.24,174.03,1524.69,Debit Card,Completed,2026-04-12
O007913,C0191,P0041,W015,2,471.27,66.58,875.96,Credit Card,Completed,2025-11-11
O007914,C0364,P0036,W008,6,550.45,440.78,2861.92,Cash,Pending,2026-03-24
O007915,C0398,P0059,W019,4,691.04,163.63,2600.53,UPI,Cancelled,2025-12-18
O007916,C0181,P0061,W010,3,427.25,66.97,1214.78,Net Banking,Pending,2025-09-04
O007917,C0075,P0026,W013,9,424.88,341.94,3481.98,UPI,Completed,2026-03-15
O007918,C0295,P0156,W015,3,716.77,95.47,2054.84,Cash,Cancelled,2026-03-26
O007919,C0491,P0058,W009,4,607.88,184.69,2246.83,Cash,Cancelled,2025-12-07
O007920,C0446,P0117,W009,8,422.57,659.16,2721.4,Credit Card,Cancelled,2025-10-29
O007921,C0307,P0045,W012,10,74.54,1.55,743.85,UPI,Cancelled,2025-10-26
O007922,C0292,P0147,W014,3,250.9,10.88,741.82,Debit Card,Completed,2025-08-25
O007923,C0162,P0167,W006,8,121.8,4.79,969.61,Credit Card,Pending,2026-07-15
O007924,C0089,P0028,W018,7,169.73,26.62,1161.49,UPI,Pending,2026-03-19
O007925,C0051,P0069,W019,6,779.75,195.09,4483.41,UPI,Completed,2025-09-02
O007926,C0492,P0116,W008,1,446.14,85.87,360.27,Credit Card,Completed,2026-07-02
O007927,C0354,P0064,W016,8,124.23,191.83,802.01,Credit Card,Cancelled,2026-04-21
O007928,C0190,P0092,W013,1,165.58,2.51,163.07,UPI,Completed,2026-02-25
O007929,C0284,P0113,W015,4,229.52,65.74,852.34,Cash,Completed,2025-11-19
O007930,C0249,P0174,W017,3,288.11,46.38,817.95,Credit Card,Pending,2025-12-16
O007931,C0050,P0140,W018,2,719.31,211.95,1226.67,UPI,Cancelled,2026-07-20
O007932,C0245,P0137,W018,3,70.49,24.25,187.22,UPI,Pending,2025-11-27
O007933,C0295,P0111,W004,1,638.29,110.04,528.25,Net Banking,Pending,2026-05-04
O007934,C0096,P0200,W009,6,181.69,23.58,1066.56,Credit Card,Cancelled,2026-06-06
O007935,C0248,P0072,W020,1,712.27,115.21,597.06,Debit Card,Cancelled,2026-03-09
O007936,C0369,P0073,W007,5,114.95,17.34,557.41,Debit Card,Completed,2026-06-27
O007937,C0447,P0118,W010,5,545.32,114.54,2612.06,Credit Card,Cancelled,2025-11-29
O007938,C0470,P0132,W009,4,661.28,134.86,2510.26,Net Banking,Pending,2026-06-17
O007939,C0155,P0058,W017,1,607.88,22.05,585.83,Cash,Pending,2025-11-23
O007940,C0018,P0006,W019,7,615.25,849.79,3456.96,UPI,Pending,2026-03-19
O007941,C0137,P0049,W013,3,200.77,47.89,554.42,UPI,Pending,2026-04-19
O007942,C0169,P0178,W017,10,253.74,499.98,2037.42,Debit Card,Completed,2026-05-10
O007943,C0186,P0175,W005,4,636.16,124.99,2419.65,Credit Card,Cancelled,2026-02-21
O007944,C0387,P0102,W008,4,580.08,135.0,2185.32,Cash,Pending,2026-07-28
O007945,C0105,P0090,W003,5,414.11,365.45,1705.1,UPI,Completed,2026-07-21
O007946,C0142,P0065,W019,7,114.36,119.04,681.48,Net Banking,Completed,2026-01-18
O007947,C0356,P0042,W018,3,276.02,159.97,668.09,Debit Card,Cancelled,2026-07-26
O007948,C0253,P0183,W009,2,518.44,37.87,999.01,Cash,Completed,2026-08-04
O007949,C0155,P0188,W017,3,149.25,42.54,405.21,Cash,Pending,2025-10-16
O007950,C0263,P0180,W006,9,83.12,103.34,644.74,UPI,Completed,2026-08-03
O007951,C0190,P0077,W014,9,705.01,833.42,5511.67,Net Banking,Completed,2026-05-06
O007952,C0169,P0034,W015,6,98.84,7.48,585.56,Debit Card,Completed,2026-06-02
O007953,C0233,P0060,W003,9,220.07,201.46,1779.17,Credit Card,Cancelled,2026-04-30
O007954,C0090,P0012,W013,2,342.53,132.39,552.67,UPI,Cancelled,2025-11-21
O007955,C0308,P0080,W020,2,24.4,4.23,44.57,UPI,Cancelled,2026-04-27
O007956,C0337,P0154,W019,5,687.94,85.36,3354.34,Net Banking,Pending,2026-02-21
O007957,C0203,P0034,W001,1,98.84,5.28,93.56,Cash,Completed,2026-06-08
O007958,C0150,P0145,W016,9,49.46,0.46,444.68,UPI,Cancelled,2025-11-22
O007959,C0097,P0109,W016,5,51.49,42.88,214.57,Net Banking,Pending,2026-06-09
O007960,C0266,P0109,W003,5,51.49,42.86,214.59,Cash,Cancelled,2025-09-10
O007961,C0434,P0148,W012,1,538.64,30.22,508.42,Debit Card,Completed,2025-11-21
O007962,C0005,P0126,W004,1,352.47,14.75,337.72,Net Banking,Completed,2025-12-16
O007963,C0434,P0012,W006,3,342.53,168.64,858.95,Credit Card,Pending,2026-01-21
O007964,C0448,P0199,W010,9,550.92,829.51,4128.77,UPI,Cancelled,2025-09-22
O007965,C0127,P0118,W017,5,545.32,149.83,2576.77,UPI,Completed,2026-01-03
O007966,C0395,P0099,W007,2,703.35,265.3,1141.4,Cash,Cancelled,2026-01-20
O007967,C0226,P0070,W012,4,468.0,187.24,1684.76,Credit Card,Cancelled,2025-08-12
O007968,C0463,P0150,W019,8,79.1,77.77,555.03,Cash,Completed,2025-08-15
O007969,C0385,P0167,W004,3,121.8,1.9,363.5,Cash,Completed,2025-10-02
O007970,C0347,P0127,W014,3,830.32,309.82,2181.14,Debit Card,Cancelled,2025-11-30
O007971,C0307,P0196,W007,1,403.53,78.25,325.28,Cash,Pending,2026-06-03
O007972,C0210,P0119,W015,1,123.87,24.4,99.47,UPI,Cancelled,2026-05-23
O007973,C0397,P0010,W002,10,275.52,512.8,2242.4,Debit Card,Pending,2026-01-20
O007974,C0384,P0109,W007,7,51.49,16.37,344.06,UPI,Cancelled,2026-04-30
O007975,C0311,P0152,W001,3,41.85,16.85,108.7,Cash,Pending,2026-06-20
O007976,C0349,P0159,W010,7,340.74,43.42,2341.76,Cash,Pending,2026-06-12
O007977,C0138,P0058,W008,7,607.88,549.09,3706.07,Debit Card,Completed,2025-08-14
O007978,C0486,P0027,W017,4,78.28,13.01,300.11,UPI,Cancelled,2026-06-21
O007979,C0310,P0051,W005,1,229.62,21.43,208.19,Cash,Cancelled,2026-07-07
O007980,C0053,P0033,W010,4,316.3,90.55,1174.65,Net Banking,Pending,2026-05-20
O007981,C0346,P0197,W014,7,603.05,818.59,3402.76,UPI,Pending,2026-07-22
O007982,C0313,P0132,W005,6,661.28,704.76,3262.92,UPI,Completed,2026-07-27
O007983,C0131,P0120,W005,10,117.95,161.03,1018.47,UPI,Pending,2026-03-09
O007984,C0340,P0160,W013,2,103.95,23.51,184.39,Credit Card,Completed,2025-12-09
O007985,C0162,P0091,W006,2,128.87,7.24,250.5,Debit Card,Pending,2026-03-13
O007986,C0280,P0172,W008,9,355.99,478.91,2725.0,Debit Card,Completed,2026-02-18
O007987,C0129,P0005,W007,6,616.49,466.28,3232.66,Net Banking,Completed,2026-07-28
O007988,C0032,P0146,W015,1,595.2,107.74,487.46,Net Banking,Cancelled,2025-08-28
O007989,C0390,P0136,W005,6,596.21,36.52,3540.74,Cash,Cancelled,2025-12-31
O007990,C0342,P0185,W002,3,566.24,43.54,1655.18,Net Banking,Pending,2026-05-23
O007991,C0102,P0141,W010,8,473.02,406.93,3377.23,Net Banking,Pending,2025-08-20
O007992,C0147,P0200,W010,4,181.69,53.67,673.09,UPI,Cancelled,2025-12-03
O007993,C0174,P0003,W013,5,307.09,218.37,1317.08,Credit Card,Cancelled,2026-05-15
O007994,C0431,P0176,W014,3,708.65,324.12,1801.83,UPI,Cancelled,2025-09-06
O007995,C0222,P0119,W015,7,123.87,128.09,739.0,Net Banking,Completed,2026-01-20
O007996,C0357,P0079,W015,4,102.81,7.35,403.89,UPI,Pending,2026-07-09
O007997,C0035,P0036,W007,1,550.45,22.24,528.21,Cash,Pending,2025-09-30
O007998,C0193,P0171,W010,10,165.53,151.75,1503.55,Credit Card,Completed,2026-02-23
O007999,C0110,P0107,W008,10,223.7,135.04,2101.96,Net Banking,Cancelled,2025-09-13
O008000,C0181,P0001,W015,4,711.01,257.92,2586.12,Net Banking,Pending,2026-02-28
O008001,C0329,P0016,W015,2,646.11,192.29,1099.93,Net Banking,Cancelled,2025-09-23
O008002,C0361,P0152,W009,2,41.85,2.63,81.07,Cash,Pending,2025-10-12
O008003,C0236,P0041,W018,3,471.27,104.36,1309.45,Cash,Pending,2026-04-01
O008004,C0390,P0042,W017,10,276.02,456.93,2303.27,Debit Card,Completed,2026-06-07
O008005,C0348,P0076,W006,5,366.83,134.56,1699.59,Debit Card,Cancelled,2026-04-16
O008006,C0128,P0117,W017,1,422.57,66.8,355.77,Debit Card,Cancelled,2025-12-01
O008007,C0210,P0096,W006,2,223.64,73.51,373.77,Debit Card,Cancelled,2025-09-21
O008008,C0297,P0022,W020,9,456.03,166.47,3937.8,Debit Card,Cancelled,2026-06-09
O008009,C0338,P0057,W013,4,500.43,203.12,1798.6,UPI,Cancelled,2026-01-25
O008010,C0395,P0166,W018,2,399.5,62.14,736.86,Debit Card,Pending,2025-09-10
O008011,C0242,P0082,W015,10,524.26,940.05,4302.55,Debit Card,Completed,2025-12-12
O008012,C0385,P0140,W010,5,719.31,716.36,2880.19,Net Banking,Cancelled,2025-11-10
O008013,C0028,P0053,W014,5,208.63,89.03,954.12,UPI,Pending,2025-09-07
O008014,C0181,P0158,W005,5,498.73,456.98,2036.67,Net Banking,Pending,2025-08-18
O008015,C0346,P0138,W019,6,574.82,309.28,3139.64,Cash,Pending,2025-08-25
O008016,C0132,P0144,W010,5,642.6,31.07,3181.93,Cash,Completed,2025-11-25
O008017,C0275,P0008,W006,8,707.65,595.05,5066.15,UPI,Completed,2026-07-26
O008018,C0423,P0060,W008,8,220.07,78.63,1681.93,Cash,Pending,2026-01-14
O008019,C0255,P0161,W017,2,792.47,290.0,1294.94,Debit Card,Completed,2026-07-05
O008020,C0433,P0151,W017,10,359.46,213.01,3381.59,UPI,Cancelled,2026-07-28
O008021,C0273,P0083,W006,7,557.15,685.32,3214.73,Debit Card,Completed,2026-07-13
O008022,C0189,P0165,W013,4,221.44,137.43,748.33,UPI,Cancelled,2025-08-09
O008023,C0460,P0148,W009,3,538.64,151.76,1464.16,UPI,Completed,2026-07-03
O008024,C0183,P0035,W016,10,613.51,753.05,5382.05,Credit Card,Pending,2025-08-05
O008025,C0347,P0094,W017,2,536.83,206.8,866.86,Credit Card,Cancelled,2026-04-02
O008026,C0424,P0072,W004,6,712.27,49.27,4224.35,Debit Card,Completed,2026-02-14
O008027,C0063,P0050,W007,9,407.27,702.56,2962.87,UPI,Completed,2025-08-25
O008028,C0048,P0134,W008,1,127.8,24.25,103.55,UPI,Cancelled,2025-12-08
O008029,C0263,P0080,W012,2,24.4,9.05,39.75,Credit Card,Completed,2026-02-15
O008030,C0362,P0064,W019,10,124.23,137.73,1104.57,Net Banking,Completed,2026-04-05
O008031,C0416,P0170,W014,9,505.56,730.87,3819.17,Debit Card,Pending,2026-01-26
O008032,C0285,P0136,W020,10,596.21,807.25,5154.85,Debit Card,Cancelled,2025-12-11
O008033,C0161,P0059,W008,9,691.04,761.39,5457.97,Net Banking,Cancelled,2026-04-15
O008034,C0219,P0061,W015,7,427.25,80.75,2910.0,Credit Card,Pending,2026-06-22
O008035,C0122,P0131,W003,2,381.9,132.89,630.91,Credit Card,Pending,2026-01-21
O008036,C0275,P0078,W015,7,134.38,113.56,827.1,UPI,Pending,2026-07-07
O008037,C0196,P0063,W008,5,152.21,128.19,632.86,Cash,Cancelled,2025-10-23
O008038,C0078,P0004,W004,3,47.98,21.51,122.43,UPI,Pending,2026-07-24
O008039,C0143,P0157,W008,9,596.45,415.27,4952.78,Net Banking,Completed,2025-12-20
O008040,C0194,P0092,W002,10,165.58,15.68,1640.12,Cash,Cancelled,2026-02-16
O008041,C0338,P0127,W002,3,830.32,220.48,2270.48,Credit Card,Completed,2026-02-05
O008042,C0165,P0013,W013,5,678.5,674.06,2718.44,Net Banking,Completed,2025-11-19
O008043,C0071,P0026,W010,1,424.88,30.92,393.96,Debit Card,Completed,2026-06-20
O008044,C0024,P0174,W015,4,288.11,97.1,1055.34,Debit Card,Cancelled,2026-04-11
O008045,C0327,P0006,W018,6,615.25,597.06,3094.44,Net Banking,Pending,2025-11-24
O008046,C0227,P0015,W005,7,435.76,579.67,2470.65,Net Banking,Pending,2026-05-13
O008047,C0469,P0065,W005,2,114.36,27.72,201.0,UPI,Completed,2026-06-29
O008048,C0384,P0017,W008,3,438.91,119.16,1197.57,Cash,Completed,2025-12-20
O008049,C0424,P0031,W001,6,475.72,168.06,2686.26,Credit Card,Cancelled,2025-12-15
O008050,C0130,P0145,W001,9,49.46,38.08,407.06,Cash,Pending,2025-12-06
O008051,C0128,P0094,W015,9,536.83,491.32,4340.15,Cash,Completed,2026-01-22
O008052,C0191,P0073,W019,5,114.95,29.92,544.83,Cash,Completed,2026-06-02
O008053,C0059,P0114,W009,2,433.11,7.42,858.8,Debit Card,Pending,2026-01-09
O008054,C0135,P0072,W001,2,712.27,283.97,1140.57,UPI,Pending,2026-04-27
O008055,C0209,P0044,W008,2,509.99,136.63,883.35,UPI,Cancelled,2026-04-17
O008056,C0215,P0051,W015,9,229.62,397.64,1668.94,Debit Card,Pending,2025-08-16
O008057,C0100,P0109,W005,3,51.49,9.58,144.89,Cash,Pending,2026-07-09
O008058,C0213,P0131,W012,3,381.9,127.98,1017.72,Debit Card,Pending,2026-01-12
O008059,C0410,P0034,W003,2,98.84,11.75,185.93,Cash,Cancelled,2026-06-03
O008060,C0494,P0044,W020,4,509.99,51.22,1988.74,UPI,Completed,2026-02-28
O008061,C0107,P0175,W004,6,636.16,232.08,3584.88,Debit Card,Completed,2026-02-13
O008062,C0397,P0006,W001,1,615.25,14.95,600.3,Debit Card,Pending,2026-01-07
O008063,C0086,P0172,W004,3,355.99,30.33,1037.64,Net Banking,Completed,2026-04-02
O008064,C0372,P0144,W002,10,642.6,70.51,6355.49,Debit Card,Completed,2026-05-03
O008065,C0076,P0137,W011,5,70.49,34.39,318.06,Credit Card,Completed,2025-08-13
O008066,C0073,P0133,W010,9,659.87,821.86,5116.97,Cash,Pending,2026-03-02
O008067,C0492,P0024,W020,2,574.38,210.25,938.51,UPI,Pending,2025-11-02
O008068,C0242,P0182,W014,10,103.87,71.45,967.25,Net Banking,Completed,2025-10-22
O008069,C0104,P0011,W008,7,311.47,185.04,1995.25,Cash,Pending,2025-08-24
O008070,C0477,P0068,W019,3,244.39,52.8,680.37,Credit Card,Completed,2026-02-12
O008071,C0350,P0145,W013,4,49.46,0.45,197.39,Cash,Completed,2026-05-06
O008072,C0382,P0122,W015,9,472.24,2.99,4247.17,Credit Card,Completed,2026-02-15
O008073,C0457,P0114,W004,8,433.11,50.82,3414.06,Debit Card,Pending,2026-07-24
O008074,C0155,P0164,W015,8,347.36,35.2,2743.68,Debit Card,Completed,2025-09-04
O008075,C0477,P0143,W007,4,276.16,202.97,901.67,Credit Card,Cancelled,2025-10-10
O008076,C0177,P0156,W003,9,716.77,640.48,5810.45,Net Banking,Pending,2026-05-08
O008077,C0364,P0191,W020,9,583.75,246.78,5006.97,UPI,Pending,2025-12-13
O008078,C0294,P0131,W020,6,381.9,249.08,2042.32,Cash,Completed,2026-02-23
O008079,C0494,P0199,W019,9,550.92,720.54,4237.74,Net Banking,Pending,2026-04-26
O008080,C0308,P0120,W004,10,117.95,104.82,1074.68,Debit Card,Pending,2026-01-26
O008081,C0112,P0081,W005,10,583.65,1052.58,4783.92,Credit Card,Cancelled,2025-10-04
O008082,C0245,P0019,W007,5,452.83,193.3,2070.85,Net Banking,Pending,2026-07-30
O008083,C0445,P0018,W011,1,693.16,52.43,640.73,Credit Card,Pending,2025-09-28
O008084,C0334,P0168,W010,3,802.22,250.33,2156.33,Cash,Pending,2026-06-21
O008085,C0310,P0110,W004,3,91.98,50.79,225.15,UPI,Pending,2025-11-24
O008086,C0174,P0120,W001,3,117.95,9.88,343.97,UPI,Completed,2026-04-15
O008087,C0387,P0109,W017,4,51.49,2.37,203.59,Cash,Cancelled,2025-10-03
O008088,C0118,P0005,W008,9,616.49,119.75,5428.66,UPI,Completed,2026-06-09
O008089,C0256,P0058,W006,3,607.88,8.41,1815.23,UPI,Cancelled,2026-01-21
O008090,C0311,P0155,W016,5,70.67,50.79,302.56,Credit Card,Completed,2026-03-30
O008091,C0391,P0125,W012,5,184.54,151.71,770.99,Credit Card,Completed,2026-04-19
O008092,C0104,P0043,W004,6,759.88,612.62,3946.66,Credit Card,Cancelled,2026-01-28
O008093,C0245,P0136,W020,2,596.21,91.79,1100.63,UPI,Pending,2026-04-01
O008094,C0054,P0067,W007,8,610.98,269.86,4617.98,Debit Card,Cancelled,2026-01-20
O008095,C0280,P0157,W019,7,596.45,479.91,3695.24,Credit Card,Pending,2026-02-20
O008096,C0211,P0014,W008,5,248.91,201.23,1043.32,Net Banking,Completed,2025-09-19
O008097,C0341,P0069,W016,9,779.75,113.0,6904.75,Net Banking,Pending,2026-02-18
O008098,C0111,P0113,W019,4,229.52,46.15,871.93,Cash,Cancelled,2026-01-14
O008099,C0437,P0182,W018,6,103.87,34.97,588.25,Debit Card,Cancelled,2025-08-09
O008100,C0294,P0043,W005,7,759.88,436.63,4882.53,Cash,Completed,2025-09-04
O008101,C0034,P0139,W012,4,261.47,183.3,862.58,UPI,Completed,2026-05-19
O008102,C0026,P0128,W013,10,366.55,438.23,3227.27,Credit Card,Cancelled,2025-11-07
O008103,C0432,P0193,W005,10,327.81,230.04,3048.06,Net Banking,Completed,2026-05-21
O008104,C0099,P0090,W020,4,414.11,69.67,1586.77,Credit Card,Cancelled,2025-12-26
O008105,C0423,P0189,W013,8,416.57,253.55,3079.01,Debit Card,Pending,2026-02-26
O008106,C0195,P0096,W005,10,223.64,425.96,1810.44,Cash,Completed,2025-09-23
O008107,C0135,P0108,W014,6,467.1,326.9,2475.7,Debit Card,Pending,2025-09-10
O008108,C0049,P0148,W015,5,538.64,123.34,2569.86,Cash,Cancelled,2026-01-20
O008109,C0263,P0146,W017,3,595.2,91.68,1693.92,UPI,Completed,2026-06-01
O008110,C0015,P0133,W003,1,659.87,46.93,612.94,Cash,Completed,2026-08-04
O008111,C0246,P0018,W007,5,693.16,238.91,3226.89,Net Banking,Cancelled,2025-09-13
O008112,C0009,P0125,W010,10,184.54,242.19,1603.21,Net Banking,Cancelled,2025-09-25
O008113,C0190,P0175,W001,8,636.16,213.39,4875.89,Cash,Completed,2026-06-24
O008114,C0448,P0192,W004,9,392.33,638.52,2892.45,Debit Card,Pending,2026-05-28
O008115,C0290,P0035,W017,6,613.51,637.49,3043.57,Cash,Cancelled,2025-09-11
O008116,C0120,P0146,W010,4,595.2,26.75,2354.05,Net Banking,Completed,2025-12-24
O008117,C0101,P0130,W009,10,247.63,153.73,2322.57,Net Banking,Completed,2025-12-31
O008118,C0323,P0139,W002,2,261.47,104.45,418.49,Credit Card,Pending,2025-12-16
O008119,C0486,P0009,W014,8,127.01,28.69,987.39,Cash,Cancelled,2025-09-16
O008120,C0013,P0151,W016,6,359.46,59.05,2097.71,Cash,Cancelled,2025-12-22
O008121,C0131,P0055,W012,10,691.95,1021.9,5897.6,Credit Card,Pending,2026-01-27
O008122,C0051,P0179,W009,3,761.14,59.5,2223.92,UPI,Completed,2025-12-23
O008123,C0395,P0088,W001,3,512.39,198.62,1338.55,Debit Card,Pending,2025-08-10
O008124,C0035,P0165,W019,1,221.44,41.27,180.17,Cash,Pending,2026-06-14
O008125,C0268,P0174,W015,7,288.11,119.33,1897.44,UPI,Pending,2025-10-21
O008126,C0264,P0067,W015,7,610.98,597.56,3679.3,Net Banking,Cancelled,2025-09-17
O008127,C0399,P0043,W004,10,759.88,622.41,6976.39,UPI,Pending,2026-03-08
O008128,C0393,P0200,W013,7,181.69,62.25,1209.58,Cash,Cancelled,2025-08-24
O008129,C0102,P0099,W020,5,703.35,173.89,3342.86,Credit Card,Cancelled,2026-01-02
O008130,C0147,P0107,W006,7,223.7,167.31,1398.59,Debit Card,Cancelled,2026-06-16
O008131,C0241,P0183,W008,5,518.44,421.89,2170.31,Credit Card,Cancelled,2025-09-18
O008132,C0287,P0025,W003,7,464.04,76.77,3171.51,UPI,Cancelled,2025-09-17
O008133,C0374,P0136,W004,7,596.21,84.7,4088.77,Net Banking,Pending,2025-09-28
O008134,C0089,P0006,W010,3,615.25,96.39,1749.36,Net Banking,Completed,2025-09-22
O008135,C0370,P0002,W012,1,318.95,56.14,262.81,Debit Card,Completed,2026-07-24
O008136,C0251,P0018,W012,9,693.16,255.13,5983.31,Debit Card,Completed,2026-06-14
O008137,C0006,P0139,W012,6,261.47,312.86,1255.96,Credit Card,Completed,2026-02-07
O008138,C0389,P0036,W015,3,550.45,208.22,1443.13,UPI,Pending,2026-07-03
O008139,C0006,P0143,W002,8,276.16,262.16,1947.12,Cash,Pending,2025-12-05
O008140,C0103,P0036,W002,9,550.45,461.38,4492.67,Cash,Completed,2025-08-19
O008141,C0372,P0095,W012,10,121.43,16.71,1197.59,UPI,Cancelled,2026-07-12
O008142,C0426,P0068,W003,3,244.39,135.32,597.85,Credit Card,Pending,2026-03-03
O008143,C0368,P0065,W018,9,114.36,69.04,960.2,Debit Card,Cancelled,2026-02-02
O008144,C0054,P0076,W006,4,366.83,219.3,1248.02,Credit Card,Completed,2025-10-01
O008145,C0103,P0171,W006,3,165.53,80.4,416.19,UPI,Pending,2026-03-16
O008146,C0016,P0079,W007,10,102.81,85.83,942.27,Credit Card,Completed,2026-03-19
O008147,C0125,P0005,W011,2,616.49,78.94,1154.04,Net Banking,Cancelled,2026-04-07
O008148,C0491,P0148,W003,4,538.64,193.97,1960.59,Net Banking,Pending,2026-06-07
O008149,C0242,P0026,W001,1,424.88,8.7,416.18,Cash,Pending,2025-08-10
O008150,C0043,P0078,W017,7,134.38,24.31,916.35,Debit Card,Completed,2026-01-07
O008151,C0128,P0151,W002,3,359.46,183.6,894.78,Debit Card,Cancelled,2025-08-25
O008152,C0478,P0019,W011,1,452.83,12.36,440.47,Credit Card,Cancelled,2025-12-08
O008153,C0065,P0163,W003,10,561.9,844.45,4774.55,Credit Card,Cancelled,2026-06-26
O008154,C0066,P0106,W009,5,395.02,313.55,1661.55,UPI,Cancelled,2025-11-23
O008155,C0249,P0152,W013,1,41.85,3.77,38.08,Cash,Cancelled,2026-05-08
O008156,C0284,P0096,W018,1,223.64,35.53,188.11,Cash,Completed,2025-12-30
O008157,C0279,P0103,W003,10,104.86,207.94,840.66,UPI,Cancelled,2025-11-21
O008158,C0005,P0126,W019,10,352.47,701.28,2823.42,Credit Card,Completed,2026-02-03
O008159,C0384,P0073,W020,5,114.95,110.05,464.7,Credit Card,Cancelled,2026-05-08
O008160,C0126,P0048,W018,7,197.9,24.16,1361.14,Debit Card,Completed,2026-03-04
O008161,C0177,P0122,W011,8,472.24,627.9,3150.02,Debit Card,Cancelled,2025-08-29
O008162,C0421,P0133,W009,3,659.87,255.98,1723.63,Credit Card,Cancelled,2025-09-02
O008163,C0384,P0061,W011,7,427.25,252.13,2738.62,Cash,Pending,2026-07-12
O008164,C0381,P0096,W010,2,223.64,7.55,439.73,Debit Card,Completed,2025-12-26
O008165,C0142,P0199,W014,10,550.92,464.77,5044.43,Debit Card,Cancelled,2025-12-10
O008166,C0022,P0039,W011,2,696.37,270.32,1122.42,Cash,Pending,2025-08-18
O008167,C0110,P0067,W011,9,610.98,398.18,5100.64,Debit Card,Pending,2025-10-13
O008168,C0342,P0097,W012,4,339.95,199.13,1160.67,Credit Card,Cancelled,2026-06-10
O008169,C0113,P0131,W017,1,381.9,58.72,323.18,Credit Card,Completed,2026-03-04
O008170,C0197,P0082,W020,8,524.26,349.72,3844.36,UPI,Pending,2026-01-16
O008171,C0446,P0023,W002,10,673.26,1071.93,5660.67,UPI,Completed,2026-04-07
O008172,C0171,P0088,W015,6,512.39,349.93,2724.41,Cash,Cancelled,2025-11-22
O008173,C0398,P0171,W017,7,165.53,221.55,937.16,Debit Card,Completed,2025-10-08
O008174,C0296,P0185,W003,4,566.24,63.21,2201.75,Credit Card,Cancelled,2026-02-22
O008175,C0488,P0022,W002,3,456.03,27.24,1340.85,UPI,Completed,2026-01-09
O008176,C0211,P0141,W020,10,473.02,138.35,4591.85,Net Banking,Pending,2026-03-30
O008177,C0291,P0005,W014,8,616.49,580.71,4351.21,UPI,Cancelled,2026-05-11
O008178,C0097,P0003,W012,9,307.09,373.77,2390.04,UPI,Pending,2026-02-14
O008179,C0100,P0008,W003,6,707.65,805.65,3440.25,Debit Card,Pending,2026-07-18
O008180,C0489,P0072,W003,9,712.27,383.42,6027.01,Cash,Cancelled,2026-02-06
O008181,C0043,P0096,W019,10,223.64,29.81,2206.59,UPI,Pending,2025-11-26
O008182,C0331,P0124,W005,9,711.13,72.26,6327.91,Net Banking,Pending,2026-04-14
O008183,C0091,P0084,W018,2,611.84,29.1,1194.58,Debit Card,Pending,2026-06-09
O008184,C0128,P0048,W010,7,197.9,245.14,1140.16,Net Banking,Completed,2026-03-04
O008185,C0183,P0200,W002,5,181.69,89.64,818.81,Debit Card,Cancelled,2025-12-28
O008186,C0300,P0039,W013,1,696.37,71.03,625.34,Debit Card,Pending,2026-03-17
O008187,C0215,P0183,W018,9,518.44,355.34,4310.62,Net Banking,Cancelled,2025-09-24
O008188,C0463,P0073,W003,6,114.95,97.43,592.27,UPI,Cancelled,2026-01-06
O008189,C0477,P0113,W009,2,229.52,84.67,374.37,UPI,Completed,2026-07-02
O008190,C0456,P0155,W014,8,70.67,83.31,482.05,Credit Card,Cancelled,2026-03-11
O008191,C0156,P0014,W020,2,248.91,14.03,483.79,UPI,Pending,2025-11-04
O008192,C0036,P0079,W014,8,102.81,126.61,695.87,Cash,Cancelled,2026-07-08
O008193,C0440,P0154,W007,4,687.94,169.61,2582.15,UPI,Pending,2026-01-29
O008194,C0219,P0079,W019,9,102.81,31.57,893.72,Net Banking,Completed,2026-03-21
O008195,C0432,P0032,W014,10,562.17,1070.8,4550.9,Credit Card,Pending,2026-07-01
O008196,C0291,P0097,W020,3,339.95,122.7,897.15,Cash,Pending,2026-04-11
O008197,C0405,P0197,W009,4,603.05,277.81,2134.39,UPI,Pending,2025-08-07
O008198,C0240,P0121,W004,6,650.82,372.43,3532.49,Debit Card,Cancelled,2025-09-19
O008199,C0095,P0193,W002,9,327.81,583.68,2366.61,Net Banking,Completed,2026-06-12
O008200,C0234,P0062,W003,5,152.46,127.76,634.54,Debit Card,Completed,2025-10-15
O008201,C0278,P0152,W002,6,41.85,5.1,246.0,Net Banking,Cancelled,2025-08-27
O008202,C0009,P0143,W002,10,276.16,198.74,2562.86,Net Banking,Completed,2026-01-10
O008203,C0224,P0115,W019,5,346.43,55.67,1676.48,Credit Card,Completed,2026-05-05
O008204,C0183,P0070,W017,2,468.0,43.68,892.32,Debit Card,Pending,2026-07-14
O008205,C0116,P0066,W010,5,156.35,50.67,731.08,UPI,Completed,2026-05-25
O008206,C0267,P0100,W002,7,451.54,554.14,2606.64,Credit Card,Cancelled,2026-01-08
O008207,C0435,P0072,W007,7,712.27,855.39,4130.5,Debit Card,Cancelled,2026-07-15
O008208,C0436,P0029,W019,8,380.84,100.83,2945.89,Net Banking,Cancelled,2025-10-27
O008209,C0127,P0157,W010,8,596.45,644.06,4127.54,UPI,Cancelled,2025-10-14
O008210,C0007,P0142,W016,7,465.39,541.2,2716.53,UPI,Completed,2025-08-08
O008211,C0196,P0141,W020,6,473.02,147.44,2690.68,UPI,Completed,2026-05-18
O008212,C0360,P0094,W014,1,536.83,3.46,533.37,UPI,Pending,2026-01-06
O008213,C0467,P0073,W014,5,114.95,60.23,514.52,Net Banking,Cancelled,2025-11-06
O008214,C0035,P0165,W017,4,221.44,85.51,800.25,Credit Card,Completed,2025-08-14
O008215,C0048,P0041,W012,1,471.27,54.35,416.92,Net Banking,Completed,2026-02-03
O008216,C0379,P0070,W002,2,468.0,52.36,883.64,UPI,Completed,2026-04-24
O008217,C0284,P0150,W002,2,79.1,4.56,153.64,Cash,Cancelled,2026-03-05
O008218,C0283,P0005,W001,8,616.49,486.24,4445.68,Cash,Cancelled,2026-07-17
O008219,C0443,P0050,W019,5,407.27,187.61,1848.74,UPI,Pending,2025-08-08
O008220,C0027,P0114,W009,3,433.11,157.94,1141.39,Debit Card,Cancelled,2025-10-04
O008221,C0423,P0124,W006,1,711.13,106.02,605.11,Credit Card,Completed,2026-04-30
O008222,C0145,P0011,W013,2,311.47,107.18,515.76,Debit Card,Pending,2025-11-22
O008223,C0060,P0153,W016,10,97.2,137.11,834.89,UPI,Cancelled,2025-10-26
O008224,C0153,P0116,W019,2,446.14,66.83,825.45,Debit Card,Pending,2026-03-30
O008225,C0419,P0151,W001,8,359.46,213.37,2662.31,Credit Card,Cancelled,2025-08-30
O008226,C0072,P0062,W017,5,152.46,33.79,728.51,UPI,Cancelled,2026-06-10
O008227,C0312,P0050,W001,4,407.27,314.59,1314.49,Credit Card,Pending,2026-06-08
O008228,C0262,P0192,W012,8,392.33,351.71,2786.93,Net Banking,Cancelled,2026-05-11
O008229,C0042,P0013,W015,7,678.5,115.03,4634.47,UPI,Cancelled,2026-04-18
O008230,C0019,P0143,W002,8,276.16,337.27,1872.01,Net Banking,Cancelled,2026-01-04
O008231,C0194,P0140,W006,5,719.31,229.99,3366.56,Debit Card,Cancelled,2025-12-26
O008232,C0107,P0100,W001,2,451.54,11.35,891.73,Credit Card,Pending,2026-03-15
O008233,C0303,P0192,W010,9,392.33,254.08,3276.89,Net Banking,Pending,2026-06-09
O008234,C0122,P0161,W020,2,792.47,174.45,1410.49,UPI,Cancelled,2025-08-26
O008235,C0392,P0133,W009,6,659.87,531.01,3428.21,Cash,Pending,2026-01-09
O008236,C0415,P0199,W008,7,550.92,753.42,3103.02,Credit Card,Cancelled,2026-05-20
O008237,C0006,P0084,W009,8,611.84,189.97,4704.75,UPI,Cancelled,2026-02-03
O008238,C0427,P0136,W015,4,596.21,207.45,2177.39,Debit Card,Cancelled,2025-08-25
O008239,C0428,P0025,W014,5,464.04,271.24,2048.96,UPI,Completed,2026-06-20
O008240,C0347,P0159,W006,2,340.74,107.23,574.25,Debit Card,Pending,2026-02-17
O008241,C0189,P0050,W017,10,407.27,525.67,3547.03,Debit Card,Cancelled,2025-11-29
O008242,C0390,P0021,W013,4,244.16,68.6,908.04,Debit Card,Completed,2026-05-25
O008243,C0361,P0182,W008,4,103.87,16.86,398.62,Net Banking,Pending,2025-11-13
O008244,C0171,P0160,W011,9,103.95,165.01,770.54,UPI,Cancelled,2025-09-19
O008245,C0304,P0101,W001,4,536.98,21.7,2126.22,UPI,Pending,2025-09-09
O008246,C0092,P0095,W016,4,121.43,43.71,442.01,Cash,Completed,2026-05-12
O008247,C0157,P0026,W006,2,424.88,91.59,758.17,UPI,Completed,2026-02-26
O008248,C0182,P0092,W002,10,165.58,15.39,1640.41,Net Banking,Cancelled,2026-05-15
O008249,C0295,P0073,W018,7,114.95,79.37,725.28,Credit Card,Pending,2025-08-11
O008250,C0047,P0055,W004,4,691.95,406.14,2361.66,UPI,Completed,2026-04-12
O008251,C0183,P0108,W005,3,467.1,13.39,1387.91,Debit Card,Cancelled,2026-07-05
O008252,C0301,P0091,W008,4,128.87,53.67,461.81,Credit Card,Cancelled,2026-03-07
O008253,C0224,P0104,W004,6,61.8,52.27,318.53,UPI,Cancelled,2026-06-28
O008254,C0125,P0079,W015,4,102.81,76.28,334.96,Credit Card,Completed,2025-11-25
O008255,C0188,P0031,W014,7,475.72,48.1,3281.94,Cash,Completed,2026-06-03
O008256,C0249,P0102,W017,1,580.08,88.8,491.28,Credit Card,Cancelled,2026-05-18
O008257,C0374,P0143,W019,5,276.16,12.07,1368.73,Credit Card,Cancelled,2025-10-27
O008258,C0228,P0109,W003,4,51.49,28.42,177.54,UPI,Pending,2025-08-30
O008259,C0366,P0092,W019,8,165.58,65.47,1259.17,Debit Card,Completed,2025-10-24
O008260,C0068,P0076,W016,1,366.83,27.17,339.66,Cash,Cancelled,2026-02-18
O008261,C0203,P0166,W002,2,399.5,33.06,765.94,Net Banking,Pending,2026-07-17
O008262,C0436,P0159,W019,9,340.74,150.22,2916.44,Net Banking,Completed,2026-06-10
O008263,C0441,P0043,W003,8,759.88,1182.64,4896.4,Net Banking,Pending,2025-12-25
O008264,C0494,P0085,W010,3,734.45,314.45,1888.9,Debit Card,Completed,2026-03-31
O008265,C0295,P0126,W020,4,352.47,209.23,1200.65,Credit Card,Pending,2026-04-23
O008266,C0477,P0158,W010,1,498.73,89.06,409.67,Credit Card,Completed,2025-10-16
O008267,C0415,P0164,W001,1,347.36,43.79,303.57,UPI,Completed,2026-05-13
O008268,C0340,P0102,W010,10,580.08,218.48,5582.32,UPI,Completed,2025-12-05
O008269,C0077,P0195,W001,5,194.61,5.8,967.25,Credit Card,Completed,2026-02-07
O008270,C0045,P0068,W016,1,244.39,27.92,216.47,Net Banking,Cancelled,2025-11-14
O008271,C0009,P0184,W006,6,600.98,20.57,3585.31,Cash,Pending,2026-07-06
O008272,C0026,P0154,W015,8,687.94,28.24,5475.28,Net Banking,Completed,2026-02-19
O008273,C0437,P0013,W017,9,678.5,486.02,5620.48,Net Banking,Completed,2026-04-12
O008274,C0468,P0002,W020,1,318.95,57.09,261.86,Net Banking,Cancelled,2025-09-19
O008275,C0091,P0196,W018,8,403.53,262.34,2965.9,Debit Card,Cancelled,2026-05-17
O008276,C0262,P0154,W017,8,687.94,801.72,4701.8,Debit Card,Completed,2026-04-23
O008277,C0169,P0171,W017,9,165.53,202.62,1287.15,Debit Card,Completed,2025-08-24
O008278,C0420,P0036,W004,1,550.45,100.9,449.55,Credit Card,Pending,2026-07-26
O008279,C0461,P0092,W017,7,165.58,54.47,1104.59,UPI,Cancelled,2025-09-21
O008280,C0428,P0035,W012,9,613.51,432.32,5089.27,Net Banking,Pending,2026-05-01
O008281,C0291,P0139,W017,6,261.47,107.8,1461.02,Cash,Cancelled,2026-06-22
O008282,C0335,P0199,W018,4,550.92,383.2,1820.48,UPI,Cancelled,2025-10-30
O008283,C0289,P0131,W003,6,381.9,33.52,2257.88,Debit Card,Cancelled,2026-01-21
O008284,C0269,P0147,W007,9,250.9,177.05,2081.05,UPI,Cancelled,2025-08-15
O008285,C0308,P0016,W005,6,646.11,659.72,3216.94,Net Banking,Cancelled,2026-01-01
O008286,C0048,P0017,W001,9,438.91,657.58,3292.61,UPI,Completed,2026-06-24
O008287,C0387,P0016,W001,6,646.11,104.12,3772.54,Net Banking,Pending,2025-09-27
O008288,C0434,P0087,W016,9,52.58,57.54,415.68,Cash,Cancelled,2026-07-13
O008289,C0038,P0053,W017,5,208.63,112.59,930.56,Net Banking,Pending,2025-10-27
O008290,C0356,P0006,W016,3,615.25,245.45,1600.3,Debit Card,Pending,2026-01-04
O008291,C0117,P0102,W001,10,580.08,374.57,5426.23,Debit Card,Completed,2026-03-17
O008292,C0035,P0187,W010,5,557.43,325.52,2461.63,Credit Card,Cancelled,2026-03-23
O008293,C0347,P0154,W011,7,687.94,113.35,4702.23,Net Banking,Cancelled,2026-05-04
O008294,C0142,P0069,W015,3,779.75,166.18,2173.07,Net Banking,Completed,2026-03-04
O008295,C0460,P0188,W007,7,149.25,21.6,1023.15,Credit Card,Completed,2025-09-13
O008296,C0209,P0107,W017,6,223.7,161.79,1180.41,Net Banking,Completed,2025-12-11
O008297,C0056,P0075,W007,7,153.98,25.54,1052.32,Cash,Pending,2026-06-19
O008298,C0030,P0090,W005,9,414.11,479.73,3247.26,Cash,Cancelled,2026-04-30
O008299,C0294,P0032,W009,2,562.17,211.88,912.46,Cash,Cancelled,2026-04-18
O008300,C0281,P0164,W013,8,347.36,68.83,2710.05,Debit Card,Pending,2025-10-01
O008301,C0426,P0009,W014,3,127.01,6.26,374.77,Net Banking,Cancelled,2026-07-17
O008302,C0269,P0183,W017,4,518.44,341.14,1732.62,Debit Card,Cancelled,2026-06-17
O008303,C0010,P0028,W013,4,169.73,20.59,658.33,Cash,Pending,2025-12-04
O008304,C0361,P0078,W008,3,134.38,59.25,343.89,Credit Card,Pending,2026-01-16
O008305,C0179,P0092,W010,1,165.58,3.04,162.54,Net Banking,Cancelled,2026-01-27
O008306,C0225,P0010,W009,4,275.52,179.4,922.68,Net Banking,Pending,2026-02-15
O008307,C0165,P0114,W017,5,433.11,265.14,1900.41,Net Banking,Cancelled,2026-07-20
O008308,C0278,P0135,W009,7,444.2,51.89,3057.51,Credit Card,Cancelled,2025-09-20
O008309,C0441,P0055,W006,4,691.95,295.5,2472.3,Debit Card,Completed,2025-11-04
O008310,C0367,P0141,W020,8,473.02,110.01,3674.15,Net Banking,Pending,2025-11-26
O008311,C0020,P0180,W019,4,83.12,18.46,314.02,Debit Card,Completed,2026-05-15
O008312,C0461,P0106,W001,9,395.02,207.59,3347.59,Cash,Cancelled,2025-08-29
O008313,C0264,P0197,W011,1,603.05,25.85,577.2,Cash,Pending,2026-04-04
O008314,C0230,P0126,W001,2,352.47,45.01,659.93,Cash,Cancelled,2025-09-18
O008315,C0492,P0198,W005,2,369.55,57.43,681.67,Credit Card,Completed,2025-10-06
O008316,C0372,P0124,W008,7,711.13,605.25,4372.66,Debit Card,Pending,2025-09-20
O008317,C0008,P0061,W014,1,427.25,57.6,369.65,Credit Card,Cancelled,2026-01-31
O008318,C0298,P0168,W017,5,802.22,571.38,3439.72,Net Banking,Cancelled,2026-04-03
O008319,C0140,P0127,W015,8,830.32,1288.47,5354.09,Debit Card,Pending,2025-11-09
O008320,C0001,P0129,W020,4,649.05,289.2,2307.0,Cash,Cancelled,2025-09-01
O008321,C0019,P0154,W011,6,687.94,576.87,3550.77,Net Banking,Completed,2026-07-23
O008322,C0459,P0155,W019,2,70.67,10.74,130.6,Credit Card,Completed,2025-08-26
O008323,C0208,P0027,W008,2,78.28,29.83,126.73,Net Banking,Cancelled,2025-12-18
O008324,C0031,P0088,W004,2,512.39,35.81,988.97,UPI,Pending,2026-04-05
O008325,C0002,P0070,W003,3,468.0,167.37,1236.63,Net Banking,Pending,2025-10-29
O008326,C0264,P0002,W009,8,318.95,482.54,2069.06,UPI,Pending,2026-05-17
O008327,C0060,P0165,W008,10,221.44,109.57,2104.83,Cash,Pending,2026-06-25
O008328,C0323,P0099,W004,3,703.35,277.21,1832.84,Cash,Completed,2025-11-01
O008329,C0223,P0039,W018,10,696.37,903.15,6060.55,Cash,Completed,2026-07-02
O008330,C0236,P0046,W006,3,602.93,87.02,1721.77,UPI,Pending,2026-06-09
O008331,C0482,P0092,W001,3,165.58,28.12,468.62,Credit Card,Cancelled,2026-03-06
O008332,C0113,P0117,W011,4,422.57,310.6,1379.68,Credit Card,Cancelled,2026-05-26
O008333,C0239,P0108,W015,10,467.1,79.11,4591.89,UPI,Cancelled,2025-11-30
O008334,C0025,P0149,W018,3,102.98,47.14,261.8,Net Banking,Cancelled,2026-05-28
O008335,C0408,P0167,W001,3,121.8,70.93,294.47,Credit Card,Pending,2025-10-17
O008336,C0385,P0047,W020,9,519.72,9.52,4667.96,Cash,Cancelled,2025-09-19
O008337,C0048,P0014,W011,4,248.91,165.82,829.82,Credit Card,Cancelled,2026-03-17
O008338,C0024,P0138,W009,4,574.82,344.89,1954.39,Debit Card,Cancelled,2026-03-22
O008339,C0002,P0137,W003,3,70.49,28.83,182.64,UPI,Pending,2025-09-08
O008340,C0113,P0045,W008,10,74.54,145.98,599.42,Credit Card,Completed,2025-10-24
O008341,C0416,P0073,W015,7,114.95,51.15,753.5,Net Banking,Pending,2025-11-28
O008342,C0313,P0065,W019,4,114.36,66.64,390.8,Cash,Pending,2026-03-07
O008343,C0225,P0090,W004,1,414.11,43.98,370.13,UPI,Pending,2026-04-12
O008344,C0214,P0088,W001,4,512.39,133.12,1916.44,Credit Card,Pending,2025-08-05
O008345,C0385,P0048,W020,2,197.9,58.03,337.77,Credit Card,Completed,2026-08-01
O008346,C0074,P0082,W009,1,524.26,103.22,421.04,Cash,Pending,2025-11-26
O008347,C0109,P0088,W002,6,512.39,112.53,2961.81,UPI,Pending,2026-07-19
O008348,C0430,P0117,W001,9,422.57,75.0,3728.13,Debit Card,Pending,2025-10-24
O008349,C0201,P0138,W007,9,574.82,662.12,4511.26,Credit Card,Cancelled,2026-08-03
O008350,C0067,P0119,W001,9,123.87,100.84,1013.99,UPI,Pending,2026-05-28
O008351,C0209,P0136,W001,10,596.21,464.23,5497.87,Debit Card,Pending,2025-10-18
O008352,C0266,P0143,W018,2,276.16,0.08,552.24,Net Banking,Completed,2025-12-12
O008353,C0030,P0141,W015,9,473.02,63.37,4193.81,Net Banking,Cancelled,2026-03-31
O008354,C0065,P0093,W005,8,102.56,4.42,816.06,UPI,Pending,2026-02-09
O008355,C0295,P0085,W013,8,734.45,525.72,5349.88,UPI,Completed,2026-06-10
O008356,C0470,P0080,W009,8,24.4,32.28,162.92,Credit Card,Cancelled,2026-07-16
O008357,C0346,P0035,W013,3,613.51,106.28,1734.25,Debit Card,Pending,2025-10-29
O008358,C0134,P0039,W016,9,696.37,1195.29,5072.04,Debit Card,Cancelled,2026-03-16
O008359,C0477,P0082,W017,4,524.26,416.69,1680.35,Net Banking,Completed,2026-04-10
O008360,C0073,P0009,W017,8,127.01,89.16,926.92,Net Banking,Pending,2026-02-04
O008361,C0048,P0198,W017,6,369.55,130.0,2087.3,Debit Card,Pending,2025-10-22
O008362,C0283,P0120,W018,10,117.95,183.43,996.07,Debit Card,Completed,2026-01-20
O008363,C0201,P0149,W020,10,102.98,28.55,1001.25,Cash,Completed,2026-02-23
O008364,C0148,P0124,W015,10,711.13,262.28,6849.02,Net Banking,Completed,2025-09-01
O008365,C0303,P0057,W014,10,500.43,776.58,4227.72,Credit Card,Cancelled,2025-08-10
O008366,C0173,P0200,W010,5,181.69,172.15,736.3,Credit Card,Pending,2026-08-05
O008367,C0134,P0121,W020,6,650.82,159.55,3745.37,Net Banking,Cancelled,2026-02-11
O008368,C0094,P0048,W018,1,197.9,4.74,193.16,Net Banking,Pending,2026-03-28
O008369,C0238,P0075,W020,9,153.98,177.31,1208.51,Cash,Pending,2025-08-27
O008370,C0186,P0028,W011,3,169.73,42.89,466.3,Cash,Pending,2026-05-20
O008371,C0206,P0090,W001,1,414.11,58.83,355.28,UPI,Completed,2025-08-24
O008372,C0243,P0007,W017,3,86.6,34.59,225.21,Credit Card,Cancelled,2026-06-09
O008373,C0256,P0091,W018,7,128.87,180.13,721.96,Debit Card,Pending,2025-12-27
O008374,C0473,P0145,W002,7,49.46,27.7,318.52,Debit Card,Completed,2026-01-30
O008375,C0487,P0011,W012,8,311.47,95.59,2396.17,Credit Card,Cancelled,2026-06-19
O008376,C0215,P0077,W009,1,705.01,48.2,656.81,Debit Card,Cancelled,2025-10-25
O008377,C0500,P0021,W010,10,244.16,197.96,2243.64,UPI,Cancelled,2026-01-27
O008378,C0093,P0092,W004,3,165.58,97.31,399.43,Cash,Pending,2025-08-07
O008379,C0077,P0148,W018,8,538.64,502.38,3806.74,Debit Card,Cancelled,2025-11-29
O008380,C0156,P0163,W017,5,561.9,192.39,2617.11,Cash,Pending,2026-04-03
O008381,C0416,P0109,W004,3,51.49,14.16,140.31,Debit Card,Completed,2025-08-06
O008382,C0224,P0171,W011,2,165.53,11.64,319.42,Cash,Cancelled,2025-11-03
O008383,C0020,P0066,W017,6,156.35,147.38,790.72,Net Banking,Pending,2025-10-23
O008384,C0073,P0111,W010,6,638.29,273.8,3555.94,Net Banking,Cancelled,2025-08-09
O008385,C0301,P0087,W014,8,52.58,24.35,396.29,Credit Card,Completed,2025-09-16
O008386,C0059,P0192,W011,10,392.33,603.6,3319.7,Cash,Cancelled,2026-01-15
O008387,C0396,P0099,W004,7,703.35,740.81,4182.64,UPI,Cancelled,2025-10-05
O008388,C0337,P0186,W009,2,703.11,279.69,1126.53,Cash,Cancelled,2025-08-20
O008389,C0221,P0089,W002,10,380.36,706.82,3096.78,Credit Card,Completed,2026-03-09
O008390,C0315,P0197,W005,8,603.05,177.82,4646.58,Net Banking,Pending,2026-06-13
O008391,C0430,P0140,W005,1,719.31,142.8,576.51,Debit Card,Pending,2026-03-03
O008392,C0207,P0140,W004,3,719.31,197.95,1959.98,Cash,Cancelled,2026-07-15
O008393,C0037,P0147,W015,3,250.9,82.59,670.11,Net Banking,Cancelled,2025-12-18
O008394,C0105,P0131,W013,1,381.9,42.19,339.71,UPI,Cancelled,2025-12-23
O008395,C0498,P0022,W002,3,456.03,66.93,1301.16,Credit Card,Cancelled,2026-04-20
O008396,C0312,P0116,W001,1,446.14,13.15,432.99,Debit Card,Pending,2026-04-05
O008397,C0093,P0131,W012,9,381.9,681.54,2755.56,Debit Card,Cancelled,2025-12-31
O008398,C0238,P0137,W010,2,70.49,3.09,137.89,UPI,Cancelled,2026-02-18
O008399,C0060,P0048,W019,10,197.9,250.79,1728.21,Cash,Completed,2025-10-25
O008400,C0009,P0137,W002,8,70.49,11.79,552.13,Credit Card,Completed,2026-04-03
O008401,C0409,P0006,W003,9,615.25,34.3,5502.95,Debit Card,Completed,2025-11-21
O008402,C0020,P0139,W018,8,261.47,330.21,1761.55,UPI,Cancelled,2025-11-30
O008403,C0045,P0096,W012,6,223.64,188.36,1153.48,UPI,Pending,2026-06-24
O008404,C0038,P0063,W006,2,152.21,26.6,277.82,Cash,Completed,2026-03-09
O008405,C0442,P0015,W005,7,435.76,238.39,2811.93,Cash,Cancelled,2026-06-02
O008406,C0412,P0058,W005,7,607.88,127.85,4127.31,Cash,Completed,2026-03-26
O008407,C0349,P0071,W017,7,324.09,414.87,1853.76,Debit Card,Cancelled,2025-10-24
O008408,C0159,P0137,W008,6,70.49,69.41,353.53,Credit Card,Cancelled,2026-06-27
O008409,C0041,P0024,W001,4,574.38,161.4,2136.12,Cash,Completed,2026-02-02
O008410,C0114,P0112,W019,10,635.62,456.75,5899.45,Credit Card,Pending,2025-08-31
O008411,C0397,P0107,W005,5,223.7,48.47,1070.03,Cash,Cancelled,2026-02-10
O008412,C0009,P0178,W012,1,253.74,20.64,233.1,Net Banking,Pending,2026-04-16
O008413,C0032,P0097,W012,4,339.95,249.63,1110.17,Net Banking,Completed,2025-10-23
O008414,C0251,P0193,W010,10,327.81,300.04,2978.06,Credit Card,Completed,2025-10-29
O008415,C0021,P0163,W014,2,561.9,74.91,1048.89,Cash,Cancelled,2026-07-01
O008416,C0328,P0023,W003,9,673.26,1004.73,5054.61,Net Banking,Cancelled,2026-01-09
O008417,C0137,P0139,W008,6,261.47,162.38,1406.44,Net Banking,Pending,2026-07-16
O008418,C0212,P0014,W011,2,248.91,68.81,429.01,Debit Card,Cancelled,2026-07-02
O008419,C0442,P0020,W008,8,658.43,21.47,5245.97,Credit Card,Completed,2026-02-18
O008420,C0141,P0062,W012,1,152.46,1.96,150.5,Credit Card,Completed,2025-09-07
O008421,C0470,P0139,W004,2,261.47,79.61,443.33,Net Banking,Cancelled,2026-03-26
O008422,C0396,P0050,W012,2,407.27,145.92,668.62,Credit Card,Pending,2026-04-11
O008423,C0330,P0068,W009,2,244.39,73.72,415.06,Net Banking,Cancelled,2026-01-16
O008424,C0330,P0149,W012,4,102.98,36.18,375.74,Net Banking,Pending,2026-02-15
O008425,C0263,P0197,W010,7,603.05,469.13,3752.22,UPI,Cancelled,2025-11-27
O008426,C0302,P0101,W010,3,536.98,177.11,1433.83,Net Banking,Cancelled,2026-06-21
O008427,C0297,P0103,W008,7,104.86,2.46,731.56,Debit Card,Cancelled,2026-07-21
O008428,C0488,P0197,W007,5,603.05,253.96,2761.29,Cash,Cancelled,2025-09-15
O008429,C0209,P0081,W014,7,583.65,486.92,3598.63,Net Banking,Pending,2026-04-06
O008430,C0086,P0028,W012,7,169.73,26.85,1161.26,UPI,Pending,2026-04-20
O008431,C0445,P0146,W005,2,595.2,221.42,968.98,UPI,Pending,2026-07-18
O008432,C0400,P0172,W012,8,355.99,456.2,2391.72,Debit Card,Pending,2026-06-15
O008433,C0342,P0181,W011,6,510.35,187.38,2874.72,Credit Card,Pending,2026-07-24
O008434,C0497,P0080,W008,9,24.4,28.57,191.03,Debit Card,Cancelled,2026-05-22
O008435,C0044,P0108,W015,5,467.1,425.85,1909.65,Net Banking,Completed,2026-07-17
O008436,C0262,P0063,W018,6,152.21,41.1,872.16,Credit Card,Cancelled,2026-07-07
O008437,C0333,P0014,W009,3,248.91,0.17,746.56,UPI,Completed,2026-05-12
O008438,C0496,P0014,W002,3,248.91,139.53,607.2,Cash,Completed,2025-09-13
O008439,C0101,P0086,W019,7,781.27,67.43,5401.46,Cash,Completed,2025-08-30
O008440,C0049,P0032,W006,1,562.17,87.54,474.63,Debit Card,Completed,2025-08-24
O008441,C0464,P0064,W020,6,124.23,60.89,684.49,Credit Card,Cancelled,2026-03-04
O008442,C0462,P0117,W013,8,422.57,222.06,3158.5,UPI,Cancelled,2026-08-02
O008443,C0321,P0069,W002,10,779.75,164.75,7632.75,Net Banking,Cancelled,2026-01-18
O008444,C0172,P0117,W005,2,422.57,114.13,731.01,Cash,Pending,2026-03-02
O008445,C0274,P0146,W005,3,595.2,190.15,1595.45,Credit Card,Pending,2026-05-30
O008446,C0387,P0151,W009,1,359.46,14.0,345.46,Net Banking,Completed,2025-10-03
O008447,C0338,P0044,W018,1,509.99,15.78,494.21,Debit Card,Cancelled,2025-10-03
O008448,C0403,P0047,W003,10,519.72,93.93,5103.27,Net Banking,Cancelled,2026-01-19
O008449,C0395,P0063,W002,3,152.21,10.12,446.51,Net Banking,Pending,2026-03-02
O008450,C0344,P0131,W015,3,381.9,214.55,931.15,Net Banking,Completed,2025-10-19
O008451,C0102,P0173,W020,10,112.19,145.1,976.8,Net Banking,Cancelled,2026-05-10
O008452,C0012,P0173,W014,2,112.19,1.39,222.99,Debit Card,Pending,2025-11-11
O008453,C0401,P0104,W016,7,61.8,68.15,364.45,Debit Card,Completed,2025-11-22
O008454,C0489,P0153,W020,3,97.2,4.53,287.07,Debit Card,Completed,2025-08-10
O008455,C0306,P0027,W013,4,78.28,17.52,295.6,UPI,Completed,2026-01-31
O008456,C0048,P0077,W011,5,705.01,678.39,2846.66,Credit Card,Completed,2026-05-14
O008457,C0393,P0055,W014,7,691.95,888.81,3954.84,Credit Card,Completed,2026-04-19
O008458,C0350,P0005,W013,10,616.49,188.02,5976.88,Net Banking,Completed,2026-03-21
O008459,C0123,P0007,W007,3,86.6,4.66,255.14,Net Banking,Cancelled,2026-05-28
O008460,C0237,P0094,W018,6,536.83,157.29,3063.69,Net Banking,Cancelled,2026-05-17
O008461,C0064,P0017,W020,6,438.91,482.71,2150.75,UPI,Pending,2025-09-15
O008462,C0325,P0177,W004,8,764.51,791.05,5325.03,UPI,Cancelled,2026-02-05
O008463,C0030,P0153,W016,1,97.2,11.55,85.65,Cash,Pending,2025-09-09
O008464,C0396,P0119,W004,7,123.87,49.18,817.91,Credit Card,Cancelled,2025-09-24
O008465,C0021,P0085,W007,7,734.45,993.33,4147.82,Debit Card,Pending,2026-05-15
O008466,C0110,P0176,W015,8,708.65,1057.35,4611.85,UPI,Cancelled,2026-05-21
O008467,C0019,P0074,W014,1,318.47,18.9,299.57,Cash,Completed,2026-04-01
O008468,C0030,P0176,W015,5,708.65,706.79,2836.46,Net Banking,Cancelled,2026-02-13
O008469,C0267,P0065,W004,6,114.36,76.94,609.22,Credit Card,Cancelled,2025-09-28
O008470,C0011,P0093,W016,6,102.56,90.37,524.99,Credit Card,Pending,2026-07-07
O008471,C0451,P0036,W003,7,550.45,513.78,3339.37,Debit Card,Pending,2025-09-20
O008472,C0112,P0188,W008,3,149.25,60.36,387.39,Debit Card,Cancelled,2026-06-07
O008473,C0068,P0024,W014,6,574.38,206.37,3239.91,Credit Card,Pending,2026-04-15
O008474,C0258,P0046,W012,1,602.93,19.28,583.65,Credit Card,Cancelled,2025-08-29
O008475,C0455,P0065,W019,9,114.36,191.55,837.69,Credit Card,Completed,2026-01-14
O008476,C0328,P0083,W017,1,557.15,32.92,524.23,Credit Card,Completed,2026-01-19
O008477,C0137,P0020,W010,6,658.43,580.72,3369.86,Cash,Pending,2026-05-21
O008478,C0216,P0045,W007,8,74.54,86.28,510.04,Debit Card,Completed,2026-05-27
O008479,C0443,P0073,W016,8,114.95,170.55,749.05,UPI,Pending,2026-01-15
O008480,C0463,P0167,W013,8,121.8,187.13,787.27,Net Banking,Completed,2025-09-29
O008481,C0167,P0167,W011,7,121.8,22.07,830.53,Debit Card,Cancelled,2026-04-04
O008482,C0228,P0011,W006,8,311.47,51.11,2440.65,Debit Card,Cancelled,2026-06-17
O008483,C0196,P0158,W017,4,498.73,281.31,1713.61,UPI,Completed,2026-02-26
O008484,C0306,P0085,W006,3,734.45,34.2,2169.15,UPI,Pending,2025-11-22
O008485,C0356,P0165,W005,9,221.44,148.84,1844.12,Credit Card,Pending,2025-12-08
O008486,C0385,P0058,W019,6,607.88,288.97,3358.31,Cash,Pending,2026-05-10
O008487,C0115,P0054,W018,8,298.13,370.6,2014.44,Debit Card,Pending,2026-01-20
O008488,C0169,P0097,W015,6,339.95,46.77,1992.93,Debit Card,Completed,2026-05-23
O008489,C0444,P0125,W016,3,184.54,40.45,513.17,Debit Card,Pending,2026-03-21
O008490,C0305,P0003,W010,4,307.09,79.96,1148.4,Cash,Cancelled,2026-04-11
O008491,C0024,P0161,W018,10,792.47,264.96,7659.74,Net Banking,Completed,2026-01-02
O008492,C0483,P0185,W004,9,566.24,877.69,4218.47,Debit Card,Completed,2025-12-21
O008493,C0136,P0052,W005,10,697.25,1000.41,5972.09,UPI,Completed,2026-01-02
O008494,C0082,P0167,W002,10,121.8,15.21,1202.79,Credit Card,Cancelled,2025-09-11
O008495,C0265,P0137,W019,1,70.49,3.34,67.15,Debit Card,Pending,2026-04-18
O008496,C0083,P0170,W018,3,505.56,52.36,1464.32,Credit Card,Pending,2026-05-03
O008497,C0230,P0126,W008,8,352.47,202.79,2616.97,Cash,Pending,2026-05-23
O008498,C0151,P0103,W012,4,104.86,48.78,370.66,Cash,Completed,2026-06-09
O008499,C0091,P0097,W001,2,339.95,110.1,569.8,Cash,Pending,2025-12-20
O008500,C0378,P0086,W019,3,781.27,17.09,2326.72,Net Banking,Cancelled,2026-01-16
O008501,C0465,P0187,W003,6,557.43,385.45,2959.13,Debit Card,Cancelled,2026-04-03
O008502,C0356,P0112,W006,1,635.62,42.58,593.04,Net Banking,Cancelled,2026-02-02
O008503,C0328,P0057,W009,8,500.43,36.57,3966.87,UPI,Completed,2025-11-19
O008504,C0092,P0075,W010,3,153.98,71.1,390.84,UPI,Cancelled,2026-03-17
O008505,C0163,P0021,W010,7,244.16,262.56,1446.56,Debit Card,Completed,2026-04-17
O008506,C0417,P0180,W006,2,83.12,19.39,146.85,Debit Card,Pending,2026-03-01
O008507,C0354,P0062,W017,10,152.46,38.3,1486.3,Credit Card,Pending,2025-09-08
O008508,C0346,P0058,W014,8,607.88,615.28,4247.76,Cash,Pending,2026-05-03
O008509,C0136,P0039,W009,8,696.37,743.35,4827.61,Cash,Cancelled,2025-10-30
O008510,C0133,P0078,W015,5,134.38,15.28,656.62,Credit Card,Completed,2026-04-26
O008511,C0458,P0035,W018,10,613.51,923.93,5211.17,UPI,Completed,2025-10-04
O008512,C0390,P0172,W003,1,355.99,16.36,339.63,Debit Card,Completed,2025-09-01
O008513,C0365,P0143,W010,9,276.16,149.94,2335.5,Debit Card,Pending,2025-09-13
O008514,C0188,P0015,W009,7,435.76,186.84,2863.48,UPI,Cancelled,2026-03-14
O008515,C0043,P0070,W010,5,468.0,447.02,1892.98,Net Banking,Pending,2026-03-29
O008516,C0178,P0184,W020,7,600.98,623.89,3582.97,Debit Card,Completed,2026-03-22
O008517,C0333,P0050,W005,6,407.27,397.45,2046.17,Debit Card,Completed,2025-08-13
O008518,C0085,P0089,W013,9,380.36,298.14,3125.1,Debit Card,Completed,2026-04-14
O008519,C0423,P0085,W007,10,734.45,1381.17,5963.33,Net Banking,Completed,2026-04-04
O008520,C0183,P0025,W014,7,464.04,377.07,2871.21,Debit Card,Pending,2026-03-11
O008521,C0278,P0066,W002,7,156.35,113.19,981.26,Net Banking,Cancelled,2025-08-24
O008522,C0334,P0194,W007,8,316.48,139.1,2392.74,UPI,Cancelled,2026-08-04
O008523,C0393,P0125,W005,10,184.54,167.85,1677.55,Cash,Cancelled,2026-06-21
O008524,C0102,P0109,W017,7,51.49,19.58,340.85,UPI,Cancelled,2026-02-17
O008525,C0238,P0054,W016,3,298.13,12.43,881.96,Debit Card,Completed,2025-08-25
O008526,C0379,P0040,W016,2,533.67,182.49,884.85,UPI,Cancelled,2025-10-15
O008527,C0093,P0031,W007,3,475.72,103.22,1323.94,Cash,Cancelled,2026-01-13
O008528,C0105,P0119,W017,9,123.87,119.89,994.94,Credit Card,Cancelled,2025-12-21
O008529,C0469,P0149,W011,6,102.98,85.21,532.67,Cash,Pending,2025-08-29
O008530,C0171,P0095,W010,9,121.43,170.46,922.41,Net Banking,Pending,2026-05-28
O008531,C0412,P0015,W017,1,435.76,34.67,401.09,Credit Card,Pending,2026-06-13
O008532,C0297,P0089,W019,9,380.36,126.21,3297.03,Cash,Completed,2026-07-13
O008533,C0386,P0183,W005,5,518.44,394.46,2197.74,Cash,Pending,2025-11-26
O008534,C0099,P0173,W015,4,112.19,62.34,386.42,Net Banking,Cancelled,2026-06-24
O008535,C0491,P0173,W010,1,112.19,11.64,100.55,Debit Card,Completed,2025-11-14
O008536,C0242,P0022,W004,6,456.03,232.7,2503.48,Debit Card,Cancelled,2026-03-21
O008537,C0049,P0180,W016,10,83.12,161.75,669.45,Cash,Pending,2025-10-28
O008538,C0259,P0019,W017,9,452.83,338.08,3737.39,UPI,Pending,2025-08-30
O008539,C0260,P0055,W003,2,691.95,11.45,1372.45,Cash,Pending,2026-06-13
O008540,C0252,P0124,W004,10,711.13,32.25,7079.05,Debit Card,Cancelled,2025-10-15
O008541,C0185,P0152,W017,9,41.85,18.12,358.53,Debit Card,Cancelled,2026-01-06
O008542,C0048,P0030,W001,10,129.09,188.41,1102.49,Credit Card,Cancelled,2025-11-22
O008543,C0240,P0081,W008,10,583.65,822.98,5013.52,Net Banking,Cancelled,2026-02-15
O008544,C0302,P0047,W015,7,519.72,2.65,3635.39,Net Banking,Completed,2025-09-17
O008545,C0397,P0192,W002,6,392.33,187.14,2166.84,UPI,Pending,2026-04-27
O008546,C0024,P0019,W005,8,452.83,317.97,3304.67,Cash,Cancelled,2026-06-02
O008547,C0320,P0086,W001,8,781.27,97.24,6152.92,Credit Card,Completed,2026-06-03
O008548,C0016,P0190,W003,10,537.59,570.65,4805.25,Credit Card,Completed,2025-11-18
O008549,C0366,P0137,W004,5,70.49,23.07,329.38,Debit Card,Cancelled,2025-09-05
O008550,C0257,P0151,W020,5,359.46,177.65,1619.65,Credit Card,Pending,2025-12-21
O008551,C0280,P0115,W005,7,346.43,409.64,2015.37,Cash,Completed,2025-09-13
O008552,C0033,P0137,W013,5,70.49,41.83,310.62,Debit Card,Completed,2025-12-20
O008553,C0434,P0056,W017,2,73.8,23.75,123.85,Credit Card,Completed,2025-12-18
O008554,C0394,P0040,W007,3,533.67,160.78,1440.23,UPI,Pending,2026-03-16
O008555,C0144,P0012,W012,6,342.53,11.64,2043.54,Debit Card,Completed,2026-05-02
O008556,C0456,P0008,W012,1,707.65,107.98,599.67,Cash,Pending,2026-05-03
O008557,C0194,P0016,W005,9,646.11,82.9,5732.09,Net Banking,Completed,2026-01-28
O008558,C0395,P0177,W006,4,764.51,444.84,2613.2,Cash,Completed,2025-11-14
O008559,C0364,P0101,W017,8,536.98,686.39,3609.45,Debit Card,Cancelled,2026-01-13
O008560,C0228,P0118,W006,10,545.32,96.94,5356.26,Net Banking,Pending,2025-12-01
O008561,C0264,P0139,W015,3,261.47,131.21,653.2,Net Banking,Cancelled,2026-06-21
O008562,C0354,P0163,W005,1,561.9,87.56,474.34,Credit Card,Pending,2026-01-12
O008563,C0093,P0057,W016,9,500.43,261.51,4242.36,Cash,Pending,2025-12-11
O008564,C0024,P0152,W012,4,41.85,20.95,146.45,Debit Card,Cancelled,2026-03-20
O008565,C0177,P0001,W006,4,711.01,14.99,2829.05,UPI,Pending,2025-08-14
O008566,C0449,P0106,W006,5,395.02,67.93,1907.17,Credit Card,Completed,2026-06-11
O008567,C0196,P0101,W009,1,536.98,14.11,522.87,Net Banking,Pending,2025-09-28
O008568,C0343,P0193,W013,4,327.81,166.67,1144.57,UPI,Completed,2025-09-20
O008569,C0295,P0089,W003,6,380.36,65.16,2217.0,Debit Card,Cancelled,2025-12-04
O008570,C0246,P0112,W008,8,635.62,35.3,5049.66,Net Banking,Pending,2025-10-31
O008571,C0046,P0064,W012,4,124.23,8.08,488.84,Debit Card,Pending,2026-05-18
O008572,C0461,P0144,W013,8,642.6,721.8,4419.0,UPI,Completed,2026-03-08
O008573,C0121,P0161,W016,1,792.47,95.71,696.76,Net Banking,Completed,2026-03-30
O008574,C0214,P0153,W018,3,97.2,45.02,246.58,Cash,Cancelled,2026-05-26
O008575,C0462,P0139,W004,3,261.47,67.09,717.32,Net Banking,Cancelled,2025-11-20
O008576,C0027,P0151,W001,10,359.46,402.9,3191.7,UPI,Completed,2026-04-21
O008577,C0052,P0031,W012,5,475.72,221.11,2157.49,UPI,Cancelled,2025-08-27
O008578,C0363,P0119,W009,4,123.87,54.5,440.98,Cash,Pending,2026-06-15
O008579,C0404,P0180,W019,9,83.12,38.47,709.61,UPI,Pending,2026-07-04
O008580,C0279,P0013,W017,8,678.5,362.85,5065.15,Cash,Completed,2025-08-26
O008581,C0064,P0083,W002,4,557.15,433.6,1795.0,UPI,Pending,2026-01-31
O008582,C0351,P0107,W005,4,223.7,84.49,810.31,Net Banking,Cancelled,2026-05-20
O008583,C0023,P0125,W020,7,184.54,104.06,1187.72,Net Banking,Completed,2025-11-19
O008584,C0343,P0058,W013,8,607.88,499.55,4363.49,Cash,Pending,2025-09-02
O008585,C0461,P0096,W002,7,223.64,130.35,1435.13,Cash,Cancelled,2025-12-29
O008586,C0143,P0066,W002,9,156.35,279.63,1127.52,Debit Card,Completed,2026-05-15
O008587,C0269,P0145,W002,2,49.46,10.95,87.97,Credit Card,Pending,2026-02-19
O008588,C0445,P0006,W007,4,615.25,480.69,1980.31,Credit Card,Cancelled,2026-02-11
O008589,C0448,P0133,W019,8,659.87,745.31,4533.65,UPI,Completed,2026-05-02
O008590,C0468,P0100,W019,9,451.54,145.69,3918.17,Credit Card,Completed,2026-02-28
O008591,C0393,P0046,W009,2,602.93,75.07,1130.79,Net Banking,Cancelled,2026-06-01
O008592,C0336,P0109,W002,6,51.49,40.61,268.33,Net Banking,Completed,2026-03-09
O008593,C0398,P0016,W013,6,646.11,3.01,3873.65,UPI,Completed,2026-05-13
O008594,C0377,P0147,W012,10,250.9,105.36,2403.64,Debit Card,Completed,2026-05-10
O008595,C0004,P0097,W006,6,339.95,396.94,1642.76,Net Banking,Pending,2025-10-19
O008596,C0364,P0142,W015,1,465.39,52.24,413.15,UPI,Pending,2025-11-03
O008597,C0106,P0090,W014,2,414.11,105.49,722.73,Net Banking,Cancelled,2026-03-25
O008598,C0018,P0024,W011,8,574.38,581.56,4013.48,Net Banking,Pending,2026-01-05
O008599,C0334,P0133,W007,10,659.87,793.37,5805.33,Net Banking,Completed,2025-12-23
O008600,C0101,P0027,W019,4,78.28,32.07,281.05,Debit Card,Pending,2026-04-12
O008601,C0462,P0070,W016,5,468.0,268.99,2071.01,Cash,Completed,2025-09-15
O008602,C0434,P0104,W003,10,61.8,63.75,554.25,Debit Card,Pending,2026-04-21
O008603,C0150,P0114,W017,4,433.11,310.01,1422.43,Debit Card,Completed,2026-02-16
O008604,C0002,P0179,W015,9,761.14,1134.43,5715.83,Cash,Completed,2026-02-27
O008605,C0363,P0165,W003,8,221.44,266.17,1505.35,UPI,Cancelled,2026-01-29
O008606,C0478,P0153,W007,6,97.2,8.47,574.73,Debit Card,Pending,2026-02-03
O008607,C0265,P0036,W003,8,550.45,719.25,3684.35,Net Banking,Cancelled,2025-11-06
O008608,C0140,P0059,W013,5,691.04,345.6,3109.6,Cash,Cancelled,2026-02-19
O008609,C0112,P0199,W018,6,550.92,368.96,2936.56,Credit Card,Pending,2026-02-15
O008610,C0112,P0035,W014,3,613.51,227.62,1612.91,Net Banking,Completed,2025-09-01
O008611,C0331,P0079,W006,6,102.81,89.21,527.65,Credit Card,Pending,2026-05-17
O008612,C0138,P0037,W003,10,536.12,660.19,4701.01,Cash,Cancelled,2025-09-14
O008613,C0297,P0025,W010,1,464.04,34.11,429.93,Debit Card,Cancelled,2026-02-16
O008614,C0337,P0059,W011,4,691.04,547.83,2216.33,UPI,Completed,2026-01-03
O008615,C0218,P0131,W001,8,381.9,456.96,2598.24,UPI,Pending,2026-02-11
O008616,C0126,P0122,W017,4,472.24,133.72,1755.24,Debit Card,Cancelled,2026-04-22
O008617,C0086,P0029,W007,6,380.84,213.69,2071.35,Debit Card,Completed,2026-02-13
O008618,C0287,P0184,W006,5,600.98,38.05,2966.85,Net Banking,Completed,2025-12-12
O008619,C0486,P0003,W017,3,307.09,102.21,819.06,Cash,Cancelled,2025-09-11
O008620,C0021,P0044,W001,4,509.99,338.67,1701.29,Net Banking,Completed,2025-08-20
O008621,C0242,P0068,W003,10,244.39,155.2,2288.7,Debit Card,Completed,2025-10-23
O008622,C0163,P0137,W008,2,70.49,0.41,140.57,Net Banking,Cancelled,2026-03-02
O008623,C0189,P0040,W015,6,533.67,9.65,3192.37,UPI,Completed,2026-07-28
O008624,C0214,P0134,W016,10,127.8,106.65,1171.35,Credit Card,Pending,2026-02-13
O008625,C0025,P0058,W018,5,607.88,220.77,2818.63,UPI,Cancelled,2026-01-18
O008626,C0421,P0137,W003,8,70.49,82.5,481.42,UPI,Pending,2026-03-03
O008627,C0406,P0006,W015,9,615.25,849.63,4687.62,Net Banking,Cancelled,2025-08-23
O008628,C0150,P0110,W006,6,91.98,101.92,449.96,Cash,Completed,2026-01-18
O008629,C0404,P0058,W020,1,607.88,13.4,594.48,UPI,Completed,2026-04-26
O008630,C0407,P0060,W017,3,220.07,10.48,649.73,Net Banking,Cancelled,2025-11-15
O008631,C0114,P0126,W017,3,352.47,15.93,1041.48,UPI,Pending,2025-09-25
O008632,C0295,P0027,W010,4,78.28,37.57,275.55,Cash,Pending,2025-10-24
O008633,C0338,P0048,W008,8,197.9,120.7,1462.5,Debit Card,Cancelled,2026-01-05
O008634,C0093,P0105,W015,6,537.76,642.36,2584.2,Debit Card,Completed,2026-04-02
O008635,C0109,P0055,W008,5,691.95,171.04,3288.71,Net Banking,Cancelled,2026-06-30
O008636,C0279,P0063,W003,4,152.21,116.82,492.02,Credit Card,Cancelled,2026-01-25
O008637,C0272,P0064,W007,2,124.23,32.16,216.3,Net Banking,Completed,2025-11-06
O008638,C0256,P0067,W014,3,610.98,285.46,1547.48,Net Banking,Completed,2025-11-14
O008639,C0398,P0176,W006,6,708.65,401.46,3850.44,Net Banking,Pending,2026-07-14
O008640,C0277,P0105,W016,2,537.76,208.38,867.14,Credit Card,Pending,2025-09-09
O008641,C0049,P0166,W006,6,399.5,245.9,2151.1,Net Banking,Pending,2025-12-01
O008642,C0126,P0008,W008,5,707.65,217.07,3321.18,Credit Card,Completed,2025-08-26
O008643,C0232,P0139,W009,10,261.47,57.83,2556.87,Credit Card,Completed,2025-09-02
O008644,C0105,P0086,W005,10,781.27,1541.21,6271.49,UPI,Completed,2025-10-14
O008645,C0241,P0034,W012,8,98.84,79.14,711.58,Net Banking,Completed,2025-09-29
O008646,C0466,P0046,W001,4,602.93,176.26,2235.46,Cash,Completed,2025-12-03
O008647,C0453,P0011,W019,6,311.47,348.79,1520.03,Debit Card,Pending,2026-02-08
O008648,C0238,P0106,W013,8,395.02,510.08,2650.08,Credit Card,Completed,2025-11-04
O008649,C0031,P0127,W013,2,830.32,225.96,1434.68,Credit Card,Completed,2025-10-27
O008650,C0378,P0074,W016,7,318.47,425.77,1803.52,Credit Card,Completed,2026-07-24
O008651,C0038,P0153,W008,8,97.2,49.69,727.91,Cash,Pending,2025-12-05
O008652,C0199,P0135,W019,6,444.2,199.95,2465.25,Cash,Cancelled,2025-08-20
O008653,C0304,P0114,W011,9,433.11,14.35,3883.64,Cash,Pending,2026-07-20
O008654,C0035,P0181,W010,1,510.35,62.68,447.67,Net Banking,Pending,2026-07-31
O008655,C0244,P0156,W020,9,716.77,891.04,5559.89,Credit Card,Completed,2025-12-17
O008656,C0141,P0055,W005,3,691.95,373.78,1702.07,Net Banking,Completed,2025-08-16
O008657,C0110,P0051,W006,5,229.62,45.86,1102.24,Debit Card,Completed,2025-12-25
O008658,C0478,P0030,W012,6,129.09,151.66,622.88,Credit Card,Cancelled,2026-04-11
O008659,C0147,P0141,W005,9,473.02,30.95,4226.23,Debit Card,Cancelled,2026-02-04
O008660,C0112,P0073,W003,5,114.95,8.82,565.93,Net Banking,Pending,2026-07-05
O008661,C0375,P0130,W015,9,247.63,4.41,2224.26,Cash,Pending,2025-09-28
O008662,C0248,P0138,W017,9,574.82,966.48,4206.9,Cash,Cancelled,2026-02-26
O008663,C0152,P0015,W010,10,435.76,74.05,4283.55,UPI,Cancelled,2025-12-17
O008664,C0106,P0073,W001,6,114.95,122.67,567.03,UPI,Pending,2025-12-06
O008665,C0402,P0180,W015,5,83.12,17.93,397.67,Credit Card,Pending,2025-12-13
O008666,C0198,P0175,W014,9,636.16,954.39,4771.05,Cash,Pending,2025-11-02
O008667,C0449,P0093,W004,4,102.56,75.55,334.69,UPI,Completed,2025-09-29
O008668,C0408,P0075,W008,7,153.98,161.63,916.23,Cash,Pending,2026-02-03
O008669,C0168,P0096,W015,6,223.64,165.03,1176.81,Cash,Completed,2026-04-23
O008670,C0111,P0029,W013,10,380.84,419.05,3389.35,Net Banking,Pending,2025-12-02
O008671,C0429,P0137,W019,5,70.49,3.67,348.78,Cash,Cancelled,2026-05-20
O008672,C0450,P0101,W006,7,536.98,447.09,3311.77,Net Banking,Completed,2026-01-15
O008673,C0010,P0076,W001,1,366.83,18.69,348.14,UPI,Completed,2025-10-21
O008674,C0140,P0106,W020,7,395.02,28.1,2737.04,Cash,Pending,2025-09-20
O008675,C0442,P0044,W009,5,509.99,4.45,2545.5,UPI,Pending,2026-07-10
O008676,C0209,P0166,W019,7,399.5,143.56,2652.94,Credit Card,Pending,2026-08-05
O008677,C0225,P0095,W020,10,121.43,197.23,1017.07,UPI,Pending,2025-08-18
O008678,C0102,P0129,W002,6,649.05,582.46,3311.84,Debit Card,Cancelled,2025-09-01
O008679,C0113,P0162,W014,8,472.72,324.15,3457.61,Credit Card,Cancelled,2026-05-31
O008680,C0061,P0109,W012,1,51.49,4.12,47.37,UPI,Pending,2026-03-15
O008681,C0399,P0143,W013,7,276.16,108.45,1824.67,Net Banking,Cancelled,2025-10-21
O008682,C0201,P0090,W007,2,414.11,97.64,730.58,Debit Card,Completed,2026-06-22
O008683,C0480,P0023,W013,10,673.26,1243.84,5488.76,Net Banking,Completed,2026-02-02
O008684,C0457,P0099,W007,6,703.35,463.76,3756.34,Cash,Pending,2026-03-26
O008685,C0491,P0023,W002,2,673.26,215.85,1130.67,Net Banking,Cancelled,2025-10-21
O008686,C0260,P0112,W009,7,635.62,822.58,3626.76,Cash,Pending,2026-07-12
O008687,C0382,P0143,W003,1,276.16,41.33,234.83,UPI,Cancelled,2026-03-19
O008688,C0027,P0013,W016,3,678.5,199.62,1835.88,Cash,Completed,2026-05-14
O008689,C0290,P0090,W011,3,414.11,32.06,1210.27,UPI,Pending,2026-05-18
O008690,C0204,P0166,W001,9,399.5,38.48,3557.02,Cash,Pending,2025-10-20
O008691,C0045,P0160,W008,10,103.95,153.01,886.49,Debit Card,Pending,2026-01-14
O008692,C0430,P0070,W006,4,468.0,219.85,1652.15,Debit Card,Pending,2026-03-30
O008693,C0075,P0152,W004,10,41.85,7.77,410.73,Net Banking,Completed,2026-02-18
O008694,C0412,P0151,W006,6,359.46,30.17,2126.59,Credit Card,Pending,2026-02-19
O008695,C0438,P0099,W006,10,703.35,1249.11,5784.39,Credit Card,Pending,2026-06-29
O008696,C0423,P0197,W017,5,603.05,446.54,2568.71,Credit Card,Pending,2026-06-30
O008697,C0328,P0055,W008,7,691.95,927.26,3916.39,Credit Card,Pending,2026-03-21
O008698,C0258,P0058,W012,3,607.88,254.61,1569.03,Credit Card,Completed,2025-09-27
O008699,C0269,P0079,W011,10,102.81,119.94,908.16,Debit Card,Cancelled,2026-06-18
O008700,C0017,P0050,W004,2,407.27,69.56,744.98,UPI,Cancelled,2026-01-28
O008701,C0277,P0122,W009,6,472.24,483.54,2349.9,Debit Card,Completed,2026-04-25
O008702,C0199,P0159,W012,9,340.74,42.77,3023.89,Credit Card,Pending,2026-02-05
O008703,C0109,P0039,W004,4,696.37,317.1,2468.38,Debit Card,Cancelled,2026-06-20
O008704,C0141,P0017,W004,3,438.91,77.12,1239.61,UPI,Cancelled,2026-02-20
O008705,C0212,P0050,W015,1,407.27,6.04,401.23,Credit Card,Pending,2025-08-10
O008706,C0238,P0135,W010,10,444.2,215.9,4226.1,UPI,Cancelled,2025-08-09
O008707,C0261,P0042,W013,7,276.02,332.8,1599.34,Debit Card,Completed,2026-05-25
O008708,C0162,P0191,W019,6,583.75,571.03,2931.47,UPI,Completed,2025-09-18
O008709,C0241,P0068,W007,4,244.39,163.47,814.09,Cash,Completed,2026-07-25
O008710,C0457,P0050,W012,2,407.27,31.26,783.28,Cash,Completed,2026-03-26
O008711,C0169,P0102,W017,10,580.08,300.07,5500.73,Net Banking,Pending,2026-01-17
O008712,C0226,P0081,W003,8,583.65,883.86,3785.34,Debit Card,Cancelled,2025-09-25
O008713,C0425,P0179,W009,4,761.14,170.12,2874.44,UPI,Completed,2025-12-26
O008714,C0046,P0030,W005,8,129.09,175.97,856.75,Debit Card,Completed,2026-07-24
O008715,C0167,P0058,W014,3,607.88,107.67,1715.97,Cash,Completed,2026-01-29
O008716,C0123,P0117,W013,5,422.57,1.77,2111.08,Net Banking,Cancelled,2026-07-10
O008717,C0420,P0128,W006,7,366.55,349.39,2216.46,Credit Card,Pending,2026-02-15
O008718,C0356,P0035,W019,2,613.51,85.44,1141.58,Debit Card,Cancelled,2026-06-27
O008719,C0094,P0181,W015,6,510.35,54.41,3007.69,Credit Card,Completed,2025-08-11
O008720,C0455,P0007,W019,2,86.6,28.15,145.05,Debit Card,Pending,2025-10-24
O008721,C0064,P0147,W004,6,250.9,258.31,1247.09,Net Banking,Cancelled,2026-07-02
O008722,C0202,P0149,W018,10,102.98,50.99,978.81,UPI,Cancelled,2026-08-05
O008723,C0009,P0019,W003,2,452.83,125.31,780.35,Net Banking,Pending,2025-08-30
O008724,C0465,P0026,W018,5,424.88,401.72,1722.68,Net Banking,Completed,2026-06-05
O008725,C0052,P0033,W018,4,316.3,203.5,1061.7,Cash,Pending,2026-06-21
O008726,C0158,P0102,W002,7,580.08,116.77,3943.79,Net Banking,Pending,2026-05-16
O008727,C0065,P0100,W020,6,451.54,526.14,2183.1,Debit Card,Completed,2026-03-18
O008728,C0087,P0025,W004,8,464.04,99.78,3612.54,Net Banking,Completed,2025-12-30
O008729,C0207,P0112,W002,10,635.62,37.97,6318.23,UPI,Completed,2025-11-12
O008730,C0417,P0173,W014,4,112.19,86.23,362.53,Debit Card,Cancelled,2026-07-10
O008731,C0178,P0166,W016,5,399.5,256.89,1740.61,Credit Card,Completed,2025-11-03
O008732,C0159,P0193,W008,1,327.81,64.89,262.92,Cash,Cancelled,2025-12-21
O008733,C0011,P0136,W008,6,596.21,487.67,3089.59,Cash,Cancelled,2026-02-14
O008734,C0063,P0132,W002,8,661.28,983.72,4306.52,Credit Card,Cancelled,2026-04-03
O008735,C0260,P0043,W012,6,759.88,186.85,4372.43,Net Banking,Cancelled,2025-08-24
O008736,C0230,P0156,W006,10,716.77,719.19,6448.51,Debit Card,Cancelled,2026-07-12
O008737,C0334,P0019,W015,9,452.83,349.73,3725.74,Credit Card,Completed,2025-11-16
O008738,C0015,P0173,W008,2,112.19,8.42,215.96,Credit Card,Cancelled,2026-01-19
O008739,C0143,P0028,W016,4,169.73,85.51,593.41,UPI,Completed,2025-09-12
O008740,C0155,P0005,W018,9,616.49,1109.08,4439.33,Cash,Completed,2026-03-04
O008741,C0239,P0129,W001,3,649.05,155.32,1791.83,Cash,Pending,2025-11-29
O008742,C0148,P0144,W003,9,642.6,789.04,4994.36,UPI,Pending,2026-06-14
O008743,C0091,P0192,W010,7,392.33,70.25,2676.06,UPI,Cancelled,2025-10-06
O008744,C0175,P0133,W020,8,659.87,484.25,4794.71,UPI,Completed,2026-02-25
O008745,C0233,P0075,W011,3,153.98,75.0,386.94,UPI,Completed,2026-05-25
O008746,C0251,P0006,W004,4,615.25,390.82,2070.18,UPI,Completed,2025-08-06
O008747,C0193,P0177,W009,5,764.51,25.63,3796.92,Net Banking,Completed,2025-10-09
O008748,C0296,P0056,W003,8,73.8,101.78,488.62,Net Banking,Pending,2026-02-15
O008749,C0375,P0125,W008,3,184.54,13.66,539.96,UPI,Cancelled,2026-04-23
O008750,C0402,P0048,W019,5,197.9,81.73,907.77,Cash,Completed,2025-09-02
O008751,C0159,P0019,W015,6,452.83,392.91,2324.07,UPI,Completed,2025-12-23
O008752,C0143,P0043,W003,2,759.88,181.75,1338.01,Cash,Completed,2025-11-04
O008753,C0438,P0102,W014,6,580.08,288.02,3192.46,Credit Card,Cancelled,2026-02-02
O008754,C0330,P0072,W020,10,712.27,698.88,6423.82,Net Banking,Pending,2026-04-10
O008755,C0491,P0085,W014,10,734.45,1113.59,6230.91,Credit Card,Cancelled,2026-03-24
O008756,C0397,P0074,W002,1,318.47,45.34,273.13,Credit Card,Completed,2026-06-17
O008757,C0095,P0174,W001,7,288.11,18.41,1998.36,UPI,Pending,2026-01-15
O008758,C0427,P0031,W010,7,475.72,3.75,3326.29,UPI,Cancelled,2025-08-09
O008759,C0484,P0019,W005,4,452.83,259.28,1552.04,UPI,Pending,2026-01-08
O008760,C0369,P0139,W012,3,261.47,47.07,737.34,UPI,Pending,2025-10-06
O008761,C0046,P0144,W016,9,642.6,404.08,5379.32,Cash,Completed,2026-05-09
O008762,C0281,P0079,W008,1,102.81,7.51,95.3,Credit Card,Cancelled,2026-05-12
O008763,C0205,P0185,W020,1,566.24,67.25,498.99,Net Banking,Pending,2025-08-23
O008764,C0001,P0075,W005,8,153.98,208.43,1023.41,Credit Card,Completed,2025-11-19
O008765,C0484,P0125,W008,5,184.54,180.08,742.62,Debit Card,Completed,2025-08-09
O008766,C0202,P0115,W013,2,346.43,49.88,642.98,Cash,Cancelled,2026-06-15
O008767,C0078,P0103,W011,7,104.86,13.91,720.11,Cash,Completed,2025-09-19
O008768,C0005,P0054,W005,7,298.13,14.79,2072.12,Net Banking,Completed,2026-01-09
O008769,C0130,P0076,W013,8,366.83,286.16,2648.48,Cash,Pending,2026-01-06
O008770,C0276,P0195,W020,9,194.61,342.7,1408.79,UPI,Completed,2025-11-25
O008771,C0056,P0140,W012,6,719.31,120.64,4195.22,Credit Card,Completed,2026-03-10
O008772,C0229,P0083,W013,6,557.15,510.01,2832.89,UPI,Cancelled,2026-07-20
O008773,C0068,P0082,W005,5,524.26,135.0,2486.3,Cash,Completed,2025-11-02
O008774,C0277,P0015,W017,3,435.76,15.61,1291.67,UPI,Pending,2025-11-15
O008775,C0146,P0155,W011,6,70.67,58.39,365.63,Debit Card,Pending,2025-12-15
O008776,C0484,P0108,W001,4,467.1,356.34,1512.06,Cash,Pending,2025-09-25
O008777,C0384,P0056,W009,8,73.8,111.88,478.52,UPI,Cancelled,2026-07-13
O008778,C0412,P0064,W001,7,124.23,142.92,726.69,Credit Card,Completed,2025-11-25
O008779,C0325,P0196,W013,1,403.53,76.31,327.22,Credit Card,Completed,2025-08-26
O008780,C0476,P0196,W005,1,403.53,26.29,377.24,Debit Card,Completed,2026-04-15
O008781,C0362,P0163,W014,3,561.9,289.39,1396.31,Credit Card,Pending,2026-05-28
O008782,C0444,P0044,W008,9,509.99,714.34,3875.57,Cash,Completed,2026-02-13
O008783,C0321,P0067,W017,5,610.98,474.23,2580.67,UPI,Cancelled,2025-12-26
O008784,C0494,P0067,W003,10,610.98,842.44,5267.36,Debit Card,Cancelled,2026-01-31
O008785,C0043,P0122,W008,10,472.24,505.72,4216.68,UPI,Pending,2026-03-31
O008786,C0457,P0006,W001,7,615.25,833.39,3473.36,Net Banking,Completed,2026-02-24
O008787,C0273,P0052,W020,6,697.25,136.22,4047.28,Credit Card,Completed,2026-05-05
O008788,C0457,P0023,W008,1,673.26,68.18,605.08,Debit Card,Pending,2026-06-04
O008789,C0490,P0106,W016,2,395.02,129.61,660.43,Net Banking,Cancelled,2025-12-10
O008790,C0167,P0108,W009,7,467.1,72.37,3197.33,Cash,Completed,2025-11-21
O008791,C0287,P0167,W009,5,121.8,21.11,587.89,Debit Card,Completed,2026-05-28
O008792,C0373,P0074,W011,2,318.47,111.36,525.58,UPI,Completed,2026-06-06
O008793,C0103,P0169,W017,9,685.11,781.33,5384.66,Credit Card,Completed,2025-12-02
O008794,C0272,P0174,W001,6,288.11,104.75,1623.91,Debit Card,Cancelled,2025-12-07
O008795,C0070,P0004,W017,2,47.98,19.1,76.86,Credit Card,Completed,2025-10-07
O008796,C0403,P0046,W014,7,602.93,315.13,3905.38,Cash,Cancelled,2026-06-17
O008797,C0208,P0142,W019,3,465.39,253.41,1142.76,Debit Card,Cancelled,2026-05-28
O008798,C0044,P0027,W015,10,78.28,1.76,781.04,Cash,Cancelled,2026-03-04
O008799,C0031,P0149,W011,9,102.98,24.62,902.2,UPI,Cancelled,2026-04-13
O008800,C0171,P0096,W020,6,223.64,203.8,1138.04,Cash,Completed,2026-06-16
O008801,C0156,P0178,W003,9,253.74,303.88,1979.78,Debit Card,Completed,2025-09-30
O008802,C0120,P0028,W003,6,169.73,87.43,930.95,Debit Card,Cancelled,2026-04-15
O008803,C0331,P0185,W017,5,566.24,108.71,2722.49,Credit Card,Pending,2026-05-10
O008804,C0172,P0052,W013,7,697.25,386.83,4493.92,Credit Card,Cancelled,2026-04-10
O008805,C0001,P0026,W003,1,424.88,81.46,343.42,Debit Card,Pending,2026-03-20
O008806,C0020,P0021,W020,7,244.16,37.05,1672.07,UPI,Cancelled,2026-04-18
O008807,C0263,P0004,W002,8,47.98,49.26,334.58,Net Banking,Pending,2026-06-21
O008808,C0145,P0165,W016,8,221.44,132.35,1639.17,Credit Card,Cancelled,2026-06-23
O008809,C0046,P0150,W006,5,79.1,63.82,331.68,Net Banking,Cancelled,2026-01-18
O008810,C0055,P0013,W010,1,678.5,67.9,610.6,Net Banking,Cancelled,2025-11-22
O008811,C0258,P0019,W013,2,452.83,153.72,751.94,Net Banking,Completed,2026-03-28
O008812,C0016,P0122,W010,4,472.24,363.16,1525.8,Debit Card,Pending,2026-07-11
O008813,C0164,P0057,W011,10,500.43,464.2,4540.1,Net Banking,Completed,2025-09-23
O008814,C0497,P0055,W015,4,691.95,401.53,2366.27,Cash,Pending,2026-04-30
O008815,C0281,P0013,W006,7,678.5,584.18,4165.32,Debit Card,Cancelled,2025-12-10
O008816,C0480,P0041,W003,5,471.27,405.69,1950.66,Debit Card,Completed,2025-09-22
O008817,C0378,P0009,W017,10,127.01,222.13,1047.97,Debit Card,Pending,2025-12-07
O008818,C0381,P0040,W012,10,533.67,292.99,5043.71,UPI,Completed,2025-12-23
O008819,C0028,P0004,W018,2,47.98,3.75,92.21,Credit Card,Completed,2025-08-27
O008820,C0159,P0160,W002,7,103.95,42.61,685.04,Debit Card,Completed,2026-01-25
O008821,C0444,P0162,W013,3,472.72,50.77,1367.39,Net Banking,Cancelled,2026-04-19
O008822,C0386,P0158,W020,5,498.73,100.44,2393.21,UPI,Cancelled,2025-10-19
O008823,C0069,P0075,W013,2,153.98,61.22,246.74,Debit Card,Cancelled,2026-05-17
O008824,C0001,P0097,W007,5,339.95,114.58,1585.17,Debit Card,Completed,2026-02-03
O008825,C0137,P0192,W010,6,392.33,292.57,2061.41,UPI,Pending,2026-03-28
O008826,C0039,P0129,W017,10,649.05,944.77,5545.73,Cash,Completed,2026-03-08
O008827,C0290,P0006,W007,5,615.25,114.86,2961.39,Net Banking,Cancelled,2026-01-15
O008828,C0309,P0130,W004,3,247.63,93.51,649.38,Credit Card,Completed,2026-06-22
O008829,C0467,P0133,W020,10,659.87,1198.99,5399.71,Cash,Completed,2026-04-30
O008830,C0148,P0065,W009,6,114.36,114.4,571.76,Credit Card,Completed,2025-10-24
O008831,C0005,P0156,W003,10,716.77,1177.81,5989.89,Debit Card,Completed,2025-12-11
O008832,C0261,P0107,W001,4,223.7,178.46,716.34,Cash,Completed,2025-12-02
O008833,C0498,P0023,W010,1,673.26,120.19,553.07,Cash,Pending,2025-09-15
O008834,C0273,P0041,W019,9,471.27,604.39,3637.04,Credit Card,Cancelled,2026-07-28
O008835,C0364,P0020,W001,3,658.43,266.28,1709.01,Cash,Pending,2026-02-01
O008836,C0249,P0098,W006,5,515.46,298.54,2278.76,UPI,Cancelled,2026-08-02
O008837,C0298,P0057,W016,4,500.43,83.89,1917.83,Credit Card,Pending,2026-01-21
O008838,C0364,P0131,W010,9,381.9,684.03,2753.07,Cash,Cancelled,2026-03-10
O008839,C0394,P0194,W019,2,316.48,21.0,611.96,UPI,Pending,2025-08-16
O008840,C0004,P0185,W014,9,566.24,118.78,4977.38,Debit Card,Cancelled,2025-10-15
O008841,C0247,P0189,W008,6,416.57,133.88,2365.54,Net Banking,Pending,2026-06-18
O008842,C0357,P0148,W003,1,538.64,52.93,485.71,Debit Card,Pending,2026-06-19
O008843,C0292,P0059,W020,6,691.04,0.99,4145.25,Cash,Completed,2026-03-24
O008844,C0109,P0090,W012,8,414.11,545.86,2767.02,UPI,Completed,2025-11-30
O008845,C0156,P0121,W011,8,650.82,823.8,4382.76,Net Banking,Pending,2025-10-16
O008846,C0359,P0117,W017,5,422.57,287.75,1825.1,Net Banking,Completed,2025-08-10
O008847,C0240,P0140,W008,2,719.31,246.31,1192.31,UPI,Pending,2026-01-03
O008848,C0192,P0046,W009,6,602.93,598.57,3019.01,Cash,Completed,2025-12-08
O008849,C0188,P0020,W012,5,658.43,345.86,2946.29,Debit Card,Pending,2026-05-18
O008850,C0294,P0098,W008,2,515.46,31.71,999.21,Debit Card,Pending,2026-04-22
O008851,C0116,P0025,W007,1,464.04,36.88,427.16,Cash,Pending,2025-11-10
O008852,C0292,P0016,W003,4,646.11,351.68,2232.76,Net Banking,Pending,2025-12-16
O008853,C0001,P0025,W013,7,464.04,65.42,3182.86,Net Banking,Pending,2026-05-01
O008854,C0304,P0028,W008,7,169.73,219.71,968.4,Cash,Completed,2026-01-05
O008855,C0275,P0076,W016,7,366.83,443.41,2124.4,UPI,Cancelled,2026-07-29
O008856,C0244,P0002,W009,6,318.95,379.42,1534.28,Credit Card,Cancelled,2026-03-24
O008857,C0008,P0136,W004,7,596.21,508.34,3665.13,Credit Card,Completed,2026-01-04
O008858,C0085,P0168,W003,6,802.22,804.58,4008.74,Debit Card,Cancelled,2026-04-09
O008859,C0435,P0069,W010,8,779.75,823.43,5414.57,Debit Card,Cancelled,2026-07-23
O008860,C0420,P0129,W005,10,649.05,146.19,6344.31,Credit Card,Pending,2025-09-07
O008861,C0216,P0093,W012,7,102.56,41.23,676.69,Cash,Cancelled,2026-07-01
O008862,C0098,P0100,W011,9,451.54,783.15,3280.71,Net Banking,Completed,2026-04-25
O008863,C0426,P0143,W001,1,276.16,0.48,275.68,UPI,Cancelled,2025-09-22
O008864,C0373,P0088,W008,3,512.39,92.16,1445.01,UPI,Cancelled,2025-12-11
O008865,C0315,P0066,W018,9,156.35,145.81,1261.34,Credit Card,Completed,2025-12-19
O008866,C0369,P0108,W011,1,467.1,71.79,395.31,Net Banking,Pending,2026-07-30
O008867,C0375,P0197,W016,8,603.05,706.12,4118.28,Credit Card,Cancelled,2025-10-27
O008868,C0340,P0191,W005,3,583.75,257.89,1493.36,Cash,Cancelled,2025-12-24
O008869,C0121,P0061,W017,2,427.25,136.55,717.95,Credit Card,Completed,2025-12-06
O008870,C0412,P0040,W009,8,533.67,825.41,3443.95,Debit Card,Cancelled,2025-08-29
O008871,C0090,P0134,W019,2,127.8,13.99,241.61,Net Banking,Cancelled,2025-08-12
O008872,C0019,P0148,W015,4,538.64,342.54,1812.02,Cash,Pending,2025-08-16
O008873,C0105,P0146,W017,10,595.2,879.14,5072.86,Debit Card,Completed,2026-04-23
O008874,C0023,P0016,W016,2,646.11,109.21,1183.01,Cash,Completed,2025-09-11
O008875,C0432,P0013,W012,4,678.5,195.94,2518.06,Credit Card,Pending,2026-06-19
O008876,C0421,P0186,W006,1,703.11,103.38,599.73,Net Banking,Pending,2026-07-31
O008877,C0374,P0029,W007,6,380.84,114.83,2170.21,Cash,Completed,2026-08-04
O008878,C0366,P0031,W017,2,475.72,9.72,941.72,Debit Card,Completed,2025-11-15
O008879,C0359,P0146,W015,9,595.2,337.64,5019.16,Credit Card,Pending,2026-03-04
O008880,C0327,P0184,W010,3,600.98,353.78,1449.16,Cash,Completed,2026-05-22
O008881,C0146,P0030,W006,8,129.09,131.77,900.95,UPI,Completed,2026-04-22
O008882,C0335,P0183,W010,3,518.44,177.36,1377.96,UPI,Cancelled,2025-08-21
O008883,C0314,P0107,W006,5,223.7,69.46,1049.04,Credit Card,Completed,2026-07-15
O008884,C0474,P0047,W013,10,519.72,157.57,5039.63,Debit Card,Completed,2026-01-01
O008885,C0175,P0178,W001,8,253.74,81.17,1948.75,Debit Card,Completed,2026-02-05
O008886,C0259,P0094,W009,7,536.83,0.55,3757.26,UPI,Pending,2026-07-19
O008887,C0254,P0081,W006,2,583.65,124.74,1042.56,Cash,Completed,2025-11-07
O008888,C0178,P0132,W013,9,661.28,76.3,5875.22,Debit Card,Cancelled,2026-07-12
O008889,C0220,P0159,W008,7,340.74,288.44,2096.74,UPI,Pending,2026-07-27
O008890,C0451,P0176,W017,7,708.65,776.57,4183.98,Credit Card,Pending,2025-10-07
O008891,C0128,P0175,W005,9,636.16,866.1,4859.34,Cash,Completed,2025-08-19
O008892,C0440,P0183,W018,1,518.44,75.43,443.01,Debit Card,Cancelled,2025-09-04
O008893,C0017,P0195,W007,9,194.61,22.9,1728.59,Debit Card,Cancelled,2026-07-17
O008894,C0489,P0110,W002,1,91.98,17.57,74.41,UPI,Cancelled,2025-12-23
O008895,C0364,P0128,W009,3,366.55,121.55,978.1,Net Banking,Cancelled,2026-04-02
O008896,C0112,P0014,W018,5,248.91,215.13,1029.42,Credit Card,Pending,2025-09-22
O008897,C0438,P0173,W018,5,112.19,93.33,467.62,UPI,Cancelled,2025-08-17
O008898,C0284,P0178,W006,4,253.74,153.56,861.4,Net Banking,Cancelled,2025-08-30
O008899,C0264,P0075,W017,8,153.98,80.95,1150.89,Credit Card,Cancelled,2025-11-13
O008900,C0248,P0165,W014,7,221.44,71.56,1478.52,Debit Card,Cancelled,2026-04-04
O008901,C0479,P0164,W007,7,347.36,159.74,2271.78,Net Banking,Completed,2025-12-28
O008902,C0286,P0138,W012,7,574.82,445.51,3578.23,Debit Card,Cancelled,2025-12-25
O008903,C0402,P0146,W007,10,595.2,312.95,5639.05,Cash,Cancelled,2026-01-07
O008904,C0359,P0009,W016,5,127.01,107.73,527.32,Cash,Pending,2025-09-22
O008905,C0435,P0126,W018,5,352.47,191.4,1570.95,Cash,Pending,2026-07-13
O008906,C0359,P0009,W001,6,127.01,79.65,682.41,Credit Card,Pending,2026-04-06
O008907,C0295,P0100,W007,7,451.54,513.77,2647.01,Net Banking,Cancelled,2025-11-08
O008908,C0441,P0042,W004,2,276.02,9.47,542.57,Debit Card,Cancelled,2026-07-14
O008909,C0401,P0064,W010,5,124.23,25.8,595.35,Cash,Completed,2026-04-26
O008910,C0170,P0091,W019,9,128.87,147.84,1011.99,Credit Card,Cancelled,2026-01-24
O008911,C0332,P0076,W011,10,366.83,235.58,3432.72,Credit Card,Cancelled,2026-05-10
O008912,C0234,P0187,W020,9,557.43,567.06,4449.81,Credit Card,Cancelled,2025-12-15
O008913,C0270,P0123,W013,5,614.42,356.32,2715.78,UPI,Pending,2026-05-15
O008914,C0463,P0007,W009,4,86.6,46.36,300.04,Net Banking,Completed,2026-06-01
O008915,C0494,P0048,W020,2,197.9,18.53,377.27,UPI,Completed,2026-03-15
O008916,C0014,P0092,W012,8,165.58,208.61,1116.03,Credit Card,Completed,2025-08-18
O008917,C0409,P0057,W016,1,500.43,11.67,488.76,Debit Card,Completed,2026-04-02
O008918,C0272,P0195,W016,2,194.61,36.28,352.94,Net Banking,Pending,2026-03-22
O008919,C0114,P0157,W011,4,596.45,138.63,2247.17,Net Banking,Completed,2026-07-18
O008920,C0249,P0109,W008,1,51.49,3.55,47.94,Net Banking,Completed,2026-07-03
O008921,C0427,P0039,W004,8,696.37,887.82,4683.14,Credit Card,Completed,2025-10-23
O008922,C0058,P0076,W010,1,366.83,58.03,308.8,Net Banking,Pending,2026-06-09
O008923,C0004,P0088,W012,8,512.39,682.36,3416.76,Net Banking,Pending,2025-12-26
O008924,C0095,P0098,W004,6,515.46,328.29,2764.47,Net Banking,Completed,2025-08-06
O008925,C0381,P0088,W006,7,512.39,138.44,3448.29,UPI,Pending,2026-05-26
O008926,C0412,P0022,W011,2,456.03,133.41,778.65,Net Banking,Pending,2026-03-19
O008927,C0281,P0107,W007,9,223.7,358.87,1654.43,UPI,Pending,2025-12-22
O008928,C0488,P0046,W008,5,602.93,569.73,2444.92,Debit Card,Completed,2026-04-06
O008929,C0443,P0100,W008,3,451.54,66.58,1288.04,Debit Card,Pending,2026-06-05
O008930,C0256,P0111,W002,4,638.29,5.3,2547.86,Net Banking,Completed,2026-04-22
O008931,C0100,P0107,W009,1,223.7,9.68,214.02,Debit Card,Completed,2026-01-09
O008932,C0303,P0126,W018,9,352.47,335.56,2836.67,UPI,Cancelled,2025-12-24
O008933,C0269,P0151,W009,4,359.46,240.71,1197.13,UPI,Cancelled,2026-07-02
O008934,C0051,P0082,W020,3,524.26,174.26,1398.52,Debit Card,Pending,2026-02-27
O008935,C0184,P0192,W001,6,392.33,63.45,2290.53,Credit Card,Pending,2026-02-11
O008936,C0349,P0098,W001,3,515.46,3.56,1542.82,Debit Card,Pending,2026-05-02
O008937,C0138,P0124,W012,2,711.13,49.8,1372.46,Cash,Completed,2026-02-04
O008938,C0029,P0075,W017,1,153.98,15.09,138.89,Credit Card,Completed,2026-02-09
O008939,C0480,P0068,W007,3,244.39,26.36,706.81,Cash,Cancelled,2026-02-01
O008940,C0482,P0019,W018,10,452.83,636.85,3891.45,UPI,Cancelled,2026-07-30
O008941,C0074,P0121,W004,9,650.82,983.28,4874.1,Debit Card,Completed,2026-01-23
O008942,C0047,P0123,W003,8,614.42,145.41,4769.95,UPI,Cancelled,2025-08-11
O008943,C0316,P0084,W007,10,611.84,130.46,5987.94,Net Banking,Pending,2026-05-29
O008944,C0212,P0052,W012,3,697.25,404.37,1687.38,Cash,Completed,2026-02-01
O008945,C0104,P0180,W007,4,83.12,27.8,304.68,Debit Card,Cancelled,2026-05-13
O008946,C0415,P0168,W020,6,802.22,273.1,4540.22,Credit Card,Completed,2025-09-28
O008947,C0169,P0180,W018,7,83.12,7.22,574.62,Debit Card,Pending,2026-06-21
O008948,C0402,P0179,W020,3,761.14,396.05,1887.37,Net Banking,Pending,2026-04-04
O008949,C0366,P0086,W020,8,781.27,357.59,5892.57,Credit Card,Completed,2026-06-01
O008950,C0108,P0070,W011,6,468.0,380.59,2427.41,Net Banking,Cancelled,2026-05-25
O008951,C0427,P0045,W008,2,74.54,2.22,146.86,Credit Card,Pending,2026-02-22
O008952,C0337,P0170,W019,7,505.56,6.61,3532.31,Debit Card,Pending,2026-04-13
O008953,C0040,P0187,W001,1,557.43,19.45,537.98,Credit Card,Cancelled,2025-11-09
O008954,C0333,P0137,W013,1,70.49,1.15,69.34,Credit Card,Completed,2026-04-24
O008955,C0276,P0030,W012,8,129.09,34.33,998.39,Cash,Pending,2026-06-02
O008956,C0099,P0065,W003,6,114.36,114.65,571.51,Net Banking,Cancelled,2025-11-09
O008957,C0210,P0077,W002,4,705.01,379.16,2440.88,Cash,Cancelled,2026-01-04
O008958,C0406,P0116,W013,1,446.14,54.4,391.74,Cash,Pending,2026-03-30
O008959,C0343,P0036,W013,10,550.45,792.94,4711.56,Cash,Cancelled,2026-07-01
O008960,C0468,P0073,W004,7,114.95,120.31,684.34,Debit Card,Cancelled,2025-08-24
O008961,C0410,P0028,W012,9,169.73,110.75,1416.82,Debit Card,Cancelled,2025-09-01
O008962,C0350,P0059,W009,4,691.04,393.16,2371.0,Net Banking,Cancelled,2026-02-25
O008963,C0225,P0084,W020,7,611.84,624.61,3658.27,UPI,Cancelled,2025-08-25
O008964,C0333,P0120,W008,7,117.95,4.35,821.3,Debit Card,Cancelled,2025-10-18
O008965,C0167,P0060,W014,5,220.07,193.46,906.89,UPI,Completed,2026-01-26
O008966,C0055,P0117,W005,10,422.57,597.53,3628.17,Debit Card,Cancelled,2026-02-04
O008967,C0439,P0122,W007,4,472.24,160.4,1728.56,Net Banking,Cancelled,2026-03-01
O008968,C0373,P0185,W013,3,566.24,245.85,1452.87,Credit Card,Cancelled,2026-02-05
O008969,C0327,P0119,W016,1,123.87,20.27,103.6,Credit Card,Cancelled,2026-07-07
O008970,C0218,P0001,W008,9,711.01,328.64,6070.45,Credit Card,Cancelled,2026-04-28
O008971,C0492,P0059,W013,5,691.04,431.67,3023.53,Credit Card,Completed,2026-05-30
O008972,C0269,P0177,W016,3,764.51,111.41,2182.12,Cash,Completed,2025-12-22
O008973,C0246,P0167,W007,10,121.8,138.58,1079.42,Credit Card,Pending,2025-10-26
O008974,C0490,P0048,W016,8,197.9,239.17,1344.03,Credit Card,Pending,2025-10-10
O008975,C0300,P0032,W013,3,562.17,17.31,1669.2,Cash,Pending,2026-07-08
O008976,C0059,P0150,W012,3,79.1,14.37,222.93,UPI,Completed,2025-11-09
O008977,C0252,P0102,W016,7,580.08,638.6,3421.96,Credit Card,Completed,2026-04-23
O008978,C0060,P0031,W010,1,475.72,62.66,413.06,Debit Card,Completed,2026-07-17
O008979,C0421,P0061,W018,2,427.25,151.58,702.92,Credit Card,Pending,2026-06-08
O008980,C0001,P0029,W006,2,380.84,46.24,715.44,UPI,Cancelled,2026-04-21
O008981,C0303,P0129,W012,7,649.05,767.31,3776.04,UPI,Cancelled,2026-03-05
O008982,C0212,P0117,W019,3,422.57,223.95,1043.76,Net Banking,Completed,2026-05-22
O008983,C0262,P0068,W007,2,244.39,54.06,434.72,Debit Card,Pending,2026-02-02
O008984,C0448,P0035,W018,6,613.51,521.5,3159.56,Net Banking,Pending,2026-02-26
O008985,C0065,P0003,W015,3,307.09,62.92,858.35,UPI,Pending,2026-06-25
O008986,C0259,P0046,W004,2,602.93,218.78,987.08,Credit Card,Completed,2026-03-21
O008987,C0158,P0031,W018,9,475.72,820.83,3460.65,UPI,Pending,2026-03-26
O008988,C0468,P0030,W003,7,129.09,60.32,843.31,Net Banking,Completed,2026-05-22
O008989,C0423,P0129,W001,8,649.05,728.95,4463.45,UPI,Cancelled,2025-09-28
O008990,C0126,P0030,W008,8,129.09,17.97,1014.75,Cash,Completed,2025-12-03
O008991,C0128,P0160,W017,9,103.95,52.36,883.19,Credit Card,Pending,2026-06-11
O008992,C0274,P0025,W017,5,464.04,184.14,2136.06,Net Banking,Completed,2025-10-23
O008993,C0283,P0181,W003,3,510.35,18.38,1512.67,Debit Card,Cancelled,2026-03-20
O008994,C0039,P0074,W015,6,318.47,173.75,1737.07,Cash,Completed,2025-08-26
O008995,C0477,P0127,W010,5,830.32,751.89,3399.71,UPI,Completed,2026-06-23
O008996,C0318,P0154,W005,6,687.94,506.21,3621.43,Debit Card,Completed,2026-02-20
O008997,C0443,P0199,W015,9,550.92,302.14,4656.14,Cash,Pending,2025-11-17
O008998,C0269,P0188,W005,3,149.25,63.24,384.51,Debit Card,Completed,2026-01-31
O008999,C0373,P0095,W013,6,121.43,5.09,723.49,UPI,Completed,2025-11-21
O009000,C0435,P0069,W007,4,779.75,91.66,3027.34,Cash,Cancelled,2026-08-01
O009001,C0199,P0005,W002,10,616.49,957.8,5207.1,Debit Card,Pending,2026-03-25
O009002,C0012,P0176,W013,2,708.65,38.31,1378.99,UPI,Pending,2025-11-28
O009003,C0464,P0088,W015,4,512.39,203.33,1846.23,Credit Card,Pending,2026-05-26
O009004,C0406,P0196,W012,8,403.53,88.19,3140.05,Cash,Completed,2025-11-30
O009005,C0122,P0154,W011,3,687.94,49.85,2013.97,Cash,Completed,2026-05-03
O009006,C0304,P0044,W005,1,509.99,85.02,424.97,UPI,Completed,2026-02-10
O009007,C0401,P0189,W017,4,416.57,211.3,1454.98,Debit Card,Completed,2026-05-17
O009008,C0032,P0159,W020,3,340.74,173.79,848.43,UPI,Completed,2026-02-15
O009009,C0083,P0050,W008,6,407.27,286.14,2157.48,Credit Card,Pending,2026-01-19
O009010,C0082,P0006,W011,5,615.25,605.41,2470.84,Cash,Cancelled,2025-10-04
O009011,C0130,P0066,W002,3,156.35,54.77,414.28,Credit Card,Completed,2025-09-03
O009012,C0491,P0103,W005,6,104.86,12.52,616.64,Debit Card,Cancelled,2026-02-06
O009013,C0121,P0009,W019,4,127.01,3.59,504.45,Cash,Pending,2025-10-08
O009014,C0342,P0062,W014,4,152.46,25.19,584.65,Net Banking,Completed,2026-02-11
O009015,C0443,P0097,W004,5,339.95,109.48,1590.27,Debit Card,Cancelled,2025-12-12
O009016,C0386,P0057,W006,3,500.43,294.26,1207.03,Credit Card,Pending,2026-05-28
O009017,C0071,P0035,W001,1,613.51,0.25,613.26,Cash,Completed,2026-05-23
O009018,C0272,P0071,W008,9,324.09,291.52,2625.29,Cash,Completed,2026-05-19
O009019,C0305,P0020,W020,1,658.43,47.06,611.37,UPI,Completed,2025-09-05
O009020,C0459,P0102,W004,10,580.08,496.52,5304.28,Net Banking,Completed,2026-05-23
O009021,C0196,P0018,W007,10,693.16,995.92,5935.68,Debit Card,Completed,2026-03-20
O009022,C0278,P0062,W020,2,152.46,41.76,263.16,Net Banking,Cancelled,2025-11-06
O009023,C0139,P0063,W009,8,152.21,77.41,1140.27,Debit Card,Cancelled,2025-08-15
O009024,C0314,P0003,W015,4,307.09,146.28,1082.08,Cash,Pending,2026-05-26
O009025,C0364,P0006,W012,1,615.25,56.04,559.21,Debit Card,Completed,2025-11-06
O009026,C0003,P0062,W012,5,152.46,114.42,647.88,Net Banking,Completed,2025-09-06
O009027,C0330,P0002,W010,6,318.95,211.54,1702.16,UPI,Pending,2025-11-23
O009028,C0333,P0120,W010,5,117.95,109.64,480.11,Credit Card,Pending,2025-09-01
O009029,C0486,P0088,W010,4,512.39,213.85,1835.71,UPI,Cancelled,2025-08-22
O009030,C0396,P0070,W009,5,468.0,426.28,1913.72,UPI,Completed,2026-04-29
O009031,C0077,P0113,W010,1,229.52,39.47,190.05,Credit Card,Pending,2026-03-04
O009032,C0302,P0018,W007,10,693.16,547.23,6384.37,Net Banking,Completed,2026-02-16
O009033,C0074,P0197,W001,9,603.05,217.36,5210.09,Debit Card,Completed,2026-06-03
O009034,C0422,P0194,W015,6,316.48,359.0,1539.88,Cash,Pending,2026-01-21
O009035,C0110,P0111,W018,3,638.29,53.89,1860.98,Debit Card,Completed,2026-05-13
O009036,C0068,P0142,W012,5,465.39,360.87,1966.08,Credit Card,Cancelled,2026-02-21
O009037,C0120,P0009,W019,9,127.01,228.25,914.84,Cash,Pending,2026-01-03
O009038,C0063,P0092,W012,5,165.58,165.31,662.59,Cash,Pending,2026-03-29
O009039,C0354,P0031,W011,3,475.72,198.83,1228.33,Debit Card,Cancelled,2026-05-30
O009040,C0463,P0058,W016,7,607.88,528.1,3727.06,Net Banking,Pending,2026-02-14
O009041,C0483,P0082,W015,10,524.26,408.08,4834.52,UPI,Completed,2025-10-25
O009042,C0434,P0031,W018,3,475.72,237.62,1189.54,Credit Card,Pending,2025-12-30
O009043,C0220,P0130,W001,10,247.63,279.18,2197.12,Credit Card,Pending,2026-01-09
O009044,C0015,P0173,W014,7,112.19,35.52,749.81,Debit Card,Pending,2025-12-28
O009045,C0312,P0103,W001,1,104.86,16.7,88.16,Net Banking,Pending,2026-05-18
O009046,C0148,P0173,W020,3,112.19,14.55,322.02,Net Banking,Cancelled,2026-05-17
O009047,C0224,P0156,W013,2,716.77,57.98,1375.56,Cash,Completed,2025-10-03
O009048,C0081,P0030,W003,9,129.09,49.81,1112.0,Credit Card,Pending,2026-07-28
O009049,C0498,P0127,W011,5,830.32,360.7,3790.9,UPI,Pending,2026-05-29
O009050,C0452,P0189,W011,10,416.57,632.12,3533.58,Debit Card,Pending,2026-07-15
O009051,C0291,P0137,W013,5,70.49,29.26,323.19,Net Banking,Pending,2026-01-04
O009052,C0257,P0128,W011,9,366.55,411.18,2887.77,UPI,Completed,2026-02-02
O009053,C0131,P0021,W014,7,244.16,106.13,1602.99,Cash,Completed,2026-07-16
O009054,C0071,P0096,W005,2,223.64,84.79,362.49,Cash,Cancelled,2026-07-18
O009055,C0165,P0150,W007,8,79.1,30.42,602.38,Cash,Completed,2025-08-05
O009056,C0426,P0151,W012,10,359.46,521.28,3073.32,Net Banking,Completed,2026-06-09
O009057,C0363,P0070,W005,10,468.0,901.93,3778.07,Credit Card,Completed,2026-04-15
O009058,C0362,P0190,W009,6,537.59,259.58,2965.96,UPI,Cancelled,2026-03-20
O009059,C0245,P0004,W019,1,47.98,7.21,40.77,Cash,Pending,2025-12-09
O009060,C0239,P0073,W012,4,114.95,5.99,453.81,Debit Card,Completed,2025-12-08
O009061,C0359,P0016,W010,7,646.11,748.02,3774.75,Debit Card,Completed,2026-01-26
O009062,C0084,P0085,W005,2,734.45,69.34,1399.56,UPI,Pending,2026-03-25
O009063,C0294,P0157,W013,2,596.45,127.93,1064.97,Cash,Completed,2025-12-15
O009064,C0268,P0114,W009,7,433.11,408.81,2622.96,Debit Card,Pending,2025-10-20
O009065,C0353,P0108,W001,6,467.1,29.29,2773.31,Credit Card,Completed,2025-09-24
O009066,C0009,P0042,W013,7,276.02,209.49,1722.65,Debit Card,Completed,2026-07-31
O009067,C0239,P0061,W005,1,427.25,38.81,388.44,UPI,Completed,2025-11-27
O009068,C0376,P0141,W003,6,473.02,438.85,2399.27,Credit Card,Pending,2025-11-09
O009069,C0297,P0124,W016,1,711.13,136.0,575.13,Cash,Pending,2025-10-29
O009070,C0212,P0131,W020,2,381.9,12.93,750.87,Cash,Pending,2026-05-08
O009071,C0182,P0114,W007,10,433.11,401.82,3929.28,UPI,Pending,2025-12-10
O009072,C0034,P0119,W018,1,123.87,8.95,114.92,Credit Card,Pending,2026-06-19
O009073,C0443,P0090,W005,9,414.11,167.92,3559.07,Net Banking,Cancelled,2025-11-22
O009074,C0205,P0192,W009,2,392.33,40.65,744.01,Credit Card,Completed,2025-10-02
O009075,C0068,P0168,W011,2,802.22,199.27,1405.17,Credit Card,Cancelled,2025-11-30
O009076,C0275,P0197,W019,1,603.05,108.83,494.22,Credit Card,Completed,2025-11-22
O009077,C0376,P0176,W001,4,708.65,500.42,2334.18,Cash,Completed,2025-09-05
O009078,C0036,P0075,W009,4,153.98,37.53,578.39,Net Banking,Completed,2025-08-13
O009079,C0138,P0062,W009,3,152.46,89.73,367.65,Debit Card,Pending,2025-09-06
O009080,C0492,P0110,W008,6,91.98,60.17,491.71,Net Banking,Completed,2025-10-15
O009081,C0261,P0056,W005,6,73.8,10.88,431.92,Net Banking,Cancelled,2025-10-09
O009082,C0082,P0082,W019,6,524.26,497.87,2647.69,Debit Card,Pending,2026-01-15
O009083,C0302,P0082,W013,7,524.26,150.77,3519.05,UPI,Pending,2026-05-16
O009084,C0267,P0057,W019,4,500.43,201.02,1800.7,Net Banking,Pending,2025-10-06
O009085,C0100,P0049,W013,3,200.77,89.01,513.3,Cash,Cancelled,2026-06-06
O009086,C0126,P0035,W009,8,613.51,856.74,4051.34,Net Banking,Pending,2026-01-26
O009087,C0480,P0017,W018,10,438.91,514.31,3874.79,Debit Card,Completed,2025-12-28
O009088,C0430,P0064,W008,2,124.23,49.64,198.82,Credit Card,Cancelled,2026-03-07
O009089,C0086,P0047,W002,6,519.72,340.74,2777.58,Debit Card,Cancelled,2026-04-26
O009090,C0458,P0165,W016,2,221.44,3.33,439.55,Net Banking,Pending,2025-10-31
O009091,C0061,P0023,W009,8,673.26,882.58,4503.5,Debit Card,Pending,2025-12-06
O009092,C0257,P0057,W015,3,500.43,2.28,1499.01,Credit Card,Completed,2026-06-12
O009093,C0106,P0179,W013,6,761.14,154.87,4411.97,Cash,Completed,2025-10-26
O009094,C0457,P0171,W020,2,165.53,36.27,294.79,Net Banking,Cancelled,2025-09-08
O009095,C0009,P0113,W017,3,229.52,8.13,680.43,UPI,Cancelled,2026-02-09
O009096,C0218,P0091,W003,6,128.87,150.18,623.04,UPI,Pending,2026-01-31
O009097,C0324,P0034,W017,1,98.84,7.1,91.74,Debit Card,Cancelled,2025-11-04
O009098,C0305,P0026,W020,9,424.88,299.05,3524.87,Cash,Completed,2025-09-22
O009099,C0148,P0031,W012,3,475.72,37.21,1389.95,Net Banking,Completed,2025-08-22
O009100,C0338,P0113,W012,9,229.52,71.2,1994.48,Net Banking,Pending,2026-02-23
O009101,C0204,P0032,W008,2,562.17,134.04,990.3,Debit Card,Pending,2026-07-26
O009102,C0046,P0148,W006,4,538.64,358.86,1795.7,Net Banking,Completed,2026-01-25
O009103,C0045,P0006,W017,4,615.25,189.01,2271.99,Debit Card,Pending,2025-11-28
O009104,C0122,P0019,W011,5,452.83,185.72,2078.43,Credit Card,Cancelled,2026-05-23
O009105,C0312,P0057,W002,10,500.43,316.64,4687.66,Debit Card,Pending,2026-05-16
O009106,C0493,P0073,W007,6,114.95,93.99,595.71,Cash,Pending,2026-05-29
O009107,C0432,P0077,W006,1,705.01,95.93,609.08,Net Banking,Completed,2026-02-02
O009108,C0119,P0190,W020,6,537.59,401.28,2824.26,Net Banking,Pending,2026-05-17
O009109,C0479,P0178,W003,10,253.74,277.45,2259.95,Credit Card,Cancelled,2026-05-30
O009110,C0370,P0026,W014,5,424.88,370.16,1754.24,Cash,Cancelled,2026-06-14
O009111,C0188,P0100,W006,8,451.54,265.36,3346.96,Debit Card,Pending,2025-08-22
O009112,C0280,P0168,W011,5,802.22,288.97,3722.13,Cash,Completed,2026-04-12
O009113,C0019,P0008,W017,1,707.65,79.66,627.99,Debit Card,Pending,2026-03-12
O009114,C0305,P0185,W009,4,566.24,164.53,2100.43,Debit Card,Completed,2025-10-19
O009115,C0432,P0011,W007,1,311.47,48.9,262.57,Debit Card,Completed,2026-07-28
O009116,C0315,P0178,W009,7,253.74,262.44,1513.74,Net Banking,Cancelled,2025-12-23
O009117,C0276,P0019,W010,9,452.83,127.77,3947.7,Cash,Completed,2025-11-12
O009118,C0251,P0191,W014,1,583.75,70.51,513.24,UPI,Completed,2025-12-26
O009119,C0053,P0030,W016,1,129.09,15.08,114.01,Credit Card,Pending,2026-06-11
O009120,C0314,P0097,W007,8,339.95,459.59,2260.01,Debit Card,Cancelled,2025-12-02
O009121,C0124,P0060,W010,8,220.07,321.71,1438.85,Net Banking,Cancelled,2025-11-13
O009122,C0313,P0123,W012,2,614.42,73.21,1155.63,Debit Card,Pending,2025-09-19
O009123,C0221,P0106,W016,2,395.02,16.91,773.13,UPI,Cancelled,2025-10-20
O009124,C0347,P0146,W003,1,595.2,1.67,593.53,UPI,Completed,2025-11-23
O009125,C0056,P0129,W017,4,649.05,184.72,2411.48,Credit Card,Pending,2025-10-25
O009126,C0150,P0015,W020,8,435.76,225.22,3260.86,Debit Card,Cancelled,2026-07-21
O009127,C0109,P0171,W009,7,165.53,49.62,1109.09,Cash,Cancelled,2026-04-20
O009128,C0133,P0035,W002,4,613.51,389.67,2064.37,Credit Card,Cancelled,2026-07-20
O009129,C0155,P0090,W013,10,414.11,594.51,3546.59,Debit Card,Completed,2026-06-27
O009130,C0045,P0063,W018,5,152.21,121.93,639.12,Net Banking,Pending,2025-10-22
O009131,C0002,P0177,W007,6,764.51,398.03,4189.03,Debit Card,Pending,2026-01-14
O009132,C0238,P0131,W005,5,381.9,189.59,1719.91,Debit Card,Pending,2026-06-03
O009133,C0095,P0098,W010,8,515.46,776.8,3346.88,Credit Card,Completed,2026-06-04
O009134,C0319,P0103,W001,7,104.86,121.67,612.35,Cash,Cancelled,2026-06-12
O009135,C0236,P0189,W012,4,416.57,24.43,1641.85,Cash,Pending,2025-10-09
O009136,C0113,P0101,W011,1,536.98,50.86,486.12,Credit Card,Pending,2026-01-20
O009137,C0127,P0174,W006,9,288.11,26.32,2566.67,UPI,Completed,2025-11-12
O009138,C0089,P0166,W016,1,399.5,16.54,382.96,Cash,Cancelled,2026-01-17
O009139,C0046,P0140,W002,4,719.31,71.62,2805.62,Debit Card,Cancelled,2026-03-31
O009140,C0292,P0051,W008,9,229.62,152.72,1913.86,Cash,Pending,2026-04-02
O009141,C0261,P0172,W015,1,355.99,69.46,286.53,Credit Card,Completed,2025-08-19
O009142,C0202,P0141,W011,7,473.02,127.99,3183.15,Credit Card,Pending,2025-08-18
O009143,C0411,P0124,W018,3,711.13,310.61,1822.78,Cash,Pending,2026-01-06
O009144,C0371,P0022,W013,1,456.03,63.88,392.15,Cash,Pending,2026-06-28
O009145,C0274,P0155,W012,6,70.67,41.41,382.61,UPI,Pending,2026-03-19
O009146,C0239,P0012,W017,8,342.53,522.11,2218.13,Net Banking,Cancelled,2026-03-16
O009147,C0109,P0150,W009,10,79.1,109.75,681.25,Cash,Completed,2025-09-23
O009148,C0032,P0085,W010,2,734.45,260.84,1208.06,Debit Card,Pending,2026-01-30
O009149,C0337,P0002,W016,4,318.95,222.01,1053.79,Credit Card,Completed,2026-01-03
O009150,C0359,P0147,W010,1,250.9,29.46,221.44,Debit Card,Pending,2026-06-04
O009151,C0342,P0104,W010,1,61.8,0.27,61.53,UPI,Completed,2026-01-05
O009152,C0095,P0082,W017,6,524.26,210.8,2934.76,Net Banking,Completed,2026-04-14
O009153,C0196,P0087,W011,3,52.58,13.62,144.12,UPI,Cancelled,2026-02-16
O009154,C0447,P0043,W012,7,759.88,813.72,4505.44,Debit Card,Cancelled,2026-03-27
O009155,C0146,P0058,W020,10,607.88,254.83,5823.97,Net Banking,Completed,2025-11-04
O009156,C0381,P0047,W006,4,519.72,272.72,1806.16,UPI,Completed,2025-10-27
O009157,C0432,P0125,W003,5,184.54,85.48,837.22,Credit Card,Pending,2025-11-02
O009158,C0452,P0083,W017,7,557.15,433.71,3466.34,Credit Card,Pending,2026-05-09
O009159,C0247,P0131,W005,4,381.9,265.96,1261.64,Cash,Pending,2025-10-26
O009160,C0411,P0041,W003,7,471.27,184.15,3114.74,Cash,Cancelled,2025-10-09
O009161,C0404,P0130,W007,10,247.63,41.21,2435.09,Credit Card,Completed,2026-01-04
O009162,C0064,P0036,W011,3,550.45,139.79,1511.56,Cash,Pending,2026-01-16
O009163,C0099,P0160,W007,5,103.95,57.76,461.99,Debit Card,Pending,2025-10-27
O009164,C0461,P0172,W013,5,355.99,125.91,1654.04,Net Banking,Pending,2026-02-07
O009165,C0337,P0124,W001,3,711.13,170.15,1963.24,Net Banking,Pending,2025-12-25
O009166,C0039,P0171,W015,5,165.53,26.27,801.38,Debit Card,Completed,2026-04-10
O009167,C0226,P0136,W018,2,596.21,229.12,963.3,Net Banking,Pending,2025-09-30
O009168,C0199,P0200,W018,5,181.69,148.26,760.19,Net Banking,Pending,2026-05-11
O009169,C0328,P0007,W009,10,86.6,70.06,795.94,UPI,Pending,2026-02-27
O009170,C0335,P0191,W017,6,583.75,429.61,3072.89,Net Banking,Pending,2026-04-06
O009171,C0358,P0094,W008,10,536.83,1045.9,4322.4,Cash,Pending,2026-07-20
O009172,C0109,P0199,W015,7,550.92,149.58,3706.86,Credit Card,Cancelled,2026-07-28
O009173,C0265,P0035,W014,7,613.51,571.44,3723.13,UPI,Pending,2026-07-29
O009174,C0068,P0034,W002,7,98.84,81.72,610.16,Cash,Pending,2026-07-21
O009175,C0483,P0163,W020,2,561.9,103.03,1020.77,Credit Card,Completed,2025-08-05
O009176,C0325,P0175,W019,1,636.16,20.94,615.22,UPI,Completed,2026-01-09
O009177,C0249,P0033,W011,3,316.3,32.05,916.85,Cash,Cancelled,2026-01-08
O009178,C0173,P0125,W014,3,184.54,70.63,482.99,Net Banking,Cancelled,2025-09-05
O009179,C0340,P0183,W004,7,518.44,241.26,3387.82,Debit Card,Completed,2025-12-02
O009180,C0217,P0131,W010,7,381.9,10.24,2663.06,Cash,Pending,2026-07-30
O009181,C0254,P0137,W006,10,70.49,86.21,618.69,Cash,Pending,2026-03-07
O009182,C0405,P0046,W002,10,602.93,465.31,5563.99,Credit Card,Completed,2026-04-05
O009183,C0395,P0064,W019,3,124.23,42.79,329.9,UPI,Completed,2026-02-08
O009184,C0308,P0022,W007,10,456.03,426.2,4134.1,Net Banking,Completed,2026-03-04
O009185,C0227,P0123,W001,9,614.42,621.16,4908.62,Cash,Completed,2025-10-24
O009186,C0461,P0152,W017,8,41.85,19.08,315.72,Net Banking,Pending,2025-09-28
O009187,C0266,P0030,W006,8,129.09,94.82,937.9,Credit Card,Cancelled,2026-05-20
O009188,C0298,P0076,W014,2,366.83,38.17,695.49,UPI,Pending,2025-10-07
O009189,C0199,P0087,W014,2,52.58,12.21,92.95,Debit Card,Pending,2026-02-22
O009190,C0478,P0165,W019,1,221.44,40.88,180.56,Net Banking,Completed,2025-08-07
O009191,C0147,P0123,W006,5,614.42,205.56,2866.54,UPI,Cancelled,2025-08-18
O009192,C0490,P0133,W009,8,659.87,57.91,5221.05,Net Banking,Pending,2026-06-08
O009193,C0063,P0099,W018,7,703.35,8.78,4914.67,Credit Card,Pending,2026-04-28
O009194,C0329,P0088,W016,9,512.39,721.42,3890.09,Net Banking,Completed,2025-09-27
O009195,C0285,P0034,W011,5,98.84,29.43,464.77,Cash,Cancelled,2025-09-29
O009196,C0379,P0055,W011,8,691.95,104.1,5431.5,Credit Card,Pending,2026-07-01
O009197,C0250,P0058,W005,9,607.88,313.04,5157.88,UPI,Cancelled,2026-06-12
O009198,C0386,P0110,W011,7,91.98,21.84,622.02,UPI,Completed,2026-06-30
O009199,C0276,P0005,W014,10,616.49,727.16,5437.74,Cash,Completed,2026-02-25
O009200,C0028,P0088,W003,3,512.39,94.81,1442.36,Cash,Completed,2025-12-21
O009201,C0036,P0161,W010,10,792.47,28.37,7896.33,Credit Card,Completed,2026-07-06
O009202,C0056,P0021,W003,8,244.16,11.93,1941.35,UPI,Pending,2025-12-18
O009203,C0155,P0125,W011,7,184.54,108.54,1183.24,Net Banking,Completed,2026-03-17
O009204,C0492,P0148,W014,3,538.64,163.18,1452.74,Net Banking,Pending,2026-01-07
O009205,C0386,P0029,W003,9,380.84,642.23,2785.33,Debit Card,Cancelled,2025-10-22
O009206,C0377,P0007,W012,10,86.6,83.88,782.12,Credit Card,Pending,2025-11-19
O009207,C0244,P0177,W003,3,764.51,290.39,2003.14,Debit Card,Completed,2025-12-29
O009208,C0204,P0168,W008,4,802.22,319.13,2889.75,Cash,Cancelled,2026-06-11
O009209,C0493,P0088,W017,4,512.39,164.46,1885.1,Net Banking,Pending,2026-08-04
O009210,C0142,P0135,W009,5,444.2,244.84,1976.16,Credit Card,Cancelled,2026-04-17
O009211,C0153,P0063,W012,1,152.21,5.0,147.21,Net Banking,Cancelled,2026-04-27
O009212,C0177,P0002,W016,2,318.95,18.04,619.86,Credit Card,Cancelled,2026-05-25
O009213,C0467,P0166,W014,4,399.5,91.21,1506.79,Credit Card,Completed,2026-07-15
O009214,C0006,P0058,W006,6,607.88,621.96,3025.32,UPI,Pending,2026-07-23
O009215,C0091,P0084,W010,8,611.84,913.91,3980.81,Credit Card,Completed,2026-01-05
O009216,C0101,P0196,W006,1,403.53,71.63,331.9,Cash,Pending,2026-02-10
O009217,C0117,P0127,W016,4,830.32,503.43,2817.85,Credit Card,Cancelled,2025-09-01
O009218,C0351,P0014,W011,2,248.91,19.73,478.09,UPI,Completed,2026-01-23
O009219,C0433,P0059,W008,4,691.04,1.17,2762.99,UPI,Pending,2026-05-19
O009220,C0462,P0046,W014,9,602.93,881.4,4544.97,Debit Card,Pending,2025-10-25
O009221,C0148,P0180,W005,1,83.12,12.42,70.7,Credit Card,Completed,2025-09-04
O009222,C0010,P0170,W003,3,505.56,176.1,1340.58,Credit Card,Pending,2025-09-22
O009223,C0129,P0158,W017,5,498.73,7.67,2485.98,UPI,Pending,2025-10-25
O009224,C0030,P0024,W016,7,574.38,171.41,3849.25,Credit Card,Pending,2026-03-01
O009225,C0304,P0126,W015,2,352.47,121.88,583.06,Net Banking,Completed,2026-05-05
O009226,C0493,P0182,W013,9,103.87,5.57,929.26,UPI,Completed,2025-12-03
O009227,C0014,P0112,W004,4,635.62,327.45,2215.03,Credit Card,Completed,2026-05-02
O009228,C0010,P0049,W017,8,200.77,14.24,1591.92,Debit Card,Pending,2026-04-24
O009229,C0314,P0194,W013,8,316.48,87.08,2444.76,Cash,Pending,2026-02-17
O009230,C0182,P0162,W009,10,472.72,55.16,4672.04,UPI,Cancelled,2026-04-17
O009231,C0093,P0095,W018,6,121.43,144.26,584.32,Net Banking,Cancelled,2026-03-02
O009232,C0422,P0172,W017,7,355.99,346.71,2145.22,Cash,Completed,2026-05-06
O009233,C0139,P0078,W020,9,134.38,39.23,1170.19,Net Banking,Cancelled,2025-10-18
O009234,C0196,P0114,W012,5,433.11,63.24,2102.31,Debit Card,Cancelled,2025-12-22
O009235,C0153,P0180,W001,2,83.12,16.43,149.81,UPI,Completed,2026-08-03
O009236,C0253,P0179,W008,1,761.14,83.99,677.15,Credit Card,Pending,2025-10-18
O009237,C0435,P0121,W004,4,650.82,275.81,2327.47,Net Banking,Pending,2026-07-20
O009238,C0018,P0180,W016,2,83.12,7.22,159.02,Credit Card,Pending,2025-10-18
O009239,C0272,P0031,W005,2,475.72,61.91,889.53,Debit Card,Pending,2026-07-08
O009240,C0337,P0006,W005,1,615.25,15.99,599.26,UPI,Completed,2026-01-27
O009241,C0387,P0118,W008,3,545.32,144.97,1490.99,Credit Card,Cancelled,2026-05-20
O009242,C0291,P0180,W010,10,83.12,116.93,714.27,Cash,Pending,2026-03-06
O009243,C0298,P0164,W019,5,347.36,149.52,1587.28,UPI,Cancelled,2025-08-15
O009244,C0486,P0164,W018,5,347.36,58.72,1678.08,UPI,Cancelled,2026-03-11
O009245,C0316,P0086,W019,6,781.27,564.18,4123.44,Net Banking,Completed,2025-10-03
O009246,C0488,P0011,W008,4,311.47,198.95,1046.93,Debit Card,Pending,2025-12-17
O009247,C0305,P0193,W006,1,327.81,64.31,263.5,Net Banking,Pending,2025-12-02
O009248,C0296,P0156,W012,3,716.77,281.86,1868.45,Debit Card,Completed,2026-04-20
O009249,C0038,P0039,W006,1,696.37,68.85,627.52,Net Banking,Completed,2025-08-08
O009250,C0194,P0101,W003,10,536.98,255.42,5114.38,Cash,Completed,2025-09-22
O009251,C0345,P0046,W015,3,602.93,71.21,1737.58,UPI,Cancelled,2025-10-21
O009252,C0343,P0004,W011,3,47.98,21.43,122.51,UPI,Pending,2026-07-23
O009253,C0487,P0122,W006,10,472.24,284.78,4437.62,Net Banking,Completed,2026-03-28
O009254,C0193,P0177,W014,2,764.51,11.03,1517.99,Net Banking,Cancelled,2026-01-23
O009255,C0199,P0066,W007,3,156.35,47.42,421.63,Debit Card,Cancelled,2025-10-13
O009256,C0456,P0066,W002,5,156.35,34.82,746.93,Debit Card,Cancelled,2026-01-05
O009257,C0234,P0121,W012,1,650.82,44.68,606.14,UPI,Cancelled,2025-11-06
O009258,C0291,P0197,W006,6,603.05,616.39,3001.91,Net Banking,Cancelled,2026-08-02
O009259,C0250,P0010,W009,9,275.52,138.01,2341.67,Cash,Pending,2025-10-27
O009260,C0267,P0121,W011,10,650.82,541.97,5966.23,Cash,Cancelled,2026-02-28
O009261,C0448,P0060,W006,2,220.07,34.94,405.2,Credit Card,Pending,2025-12-18
O009262,C0207,P0024,W016,7,574.38,673.98,3346.68,UPI,Cancelled,2026-07-09
O009263,C0089,P0179,W013,6,761.14,347.01,4219.83,UPI,Pending,2026-06-01
O009264,C0144,P0192,W017,2,392.33,109.86,674.8,Credit Card,Completed,2026-07-15
O009265,C0246,P0035,W019,7,613.51,394.58,3899.99,UPI,Pending,2025-11-02
O009266,C0003,P0037,W008,3,536.12,92.55,1515.81,Net Banking,Pending,2026-07-28
O009267,C0441,P0043,W013,5,759.88,47.76,3751.64,Net Banking,Pending,2025-09-01
O009268,C0474,P0151,W006,7,359.46,366.88,2149.34,UPI,Cancelled,2026-01-02
O009269,C0147,P0179,W016,6,761.14,184.56,4382.28,Cash,Cancelled,2026-01-26
O009270,C0123,P0105,W014,10,537.76,391.82,4985.78,Credit Card,Pending,2026-06-19
O009271,C0500,P0181,W014,10,510.35,235.82,4867.68,Net Banking,Pending,2025-09-16
O009272,C0291,P0027,W019,1,78.28,12.08,66.2,UPI,Cancelled,2025-12-11
O009273,C0237,P0092,W017,5,165.58,95.79,732.11,Debit Card,Cancelled,2026-04-23
O009274,C0408,P0013,W007,9,678.5,569.67,5536.83,UPI,Pending,2026-02-23
O009275,C0206,P0100,W015,1,451.54,83.47,368.07,Cash,Completed,2025-12-10
O009276,C0118,P0036,W009,10,550.45,628.23,4876.27,Debit Card,Cancelled,2025-12-09
O009277,C0309,P0086,W014,8,781.27,575.78,5674.38,UPI,Pending,2026-06-04
O009278,C0164,P0083,W003,10,557.15,1100.28,4471.22,Debit Card,Cancelled,2026-03-15
O009279,C0075,P0192,W002,6,392.33,331.13,2022.85,Debit Card,Pending,2026-01-14
O009280,C0001,P0114,W018,2,433.11,29.28,836.94,Net Banking,Completed,2026-03-27
O009281,C0090,P0193,W012,2,327.81,52.59,603.03,Debit Card,Cancelled,2026-04-26
O009282,C0258,P0120,W020,4,117.95,44.39,427.41,Cash,Cancelled,2026-05-09
O009283,C0083,P0183,W013,8,518.44,62.63,4084.89,Credit Card,Completed,2026-02-01
O009284,C0100,P0150,W011,4,79.1,8.65,307.75,Debit Card,Completed,2026-07-22
O009285,C0222,P0122,W015,1,472.24,77.19,395.05,UPI,Cancelled,2026-05-09
O009286,C0297,P0102,W013,2,580.08,49.44,1110.72,UPI,Cancelled,2025-10-13
O009287,C0377,P0069,W013,6,779.75,196.88,4481.62,Credit Card,Cancelled,2026-07-20
O009288,C0485,P0065,W012,9,114.36,192.84,836.4,UPI,Cancelled,2026-07-12
O009289,C0090,P0196,W016,4,403.53,190.79,1423.33,Debit Card,Pending,2025-11-04
O009290,C0491,P0128,W019,6,366.55,355.87,1843.43,UPI,Cancelled,2026-02-17
O009291,C0272,P0074,W009,9,318.47,317.4,2548.83,Cash,Cancelled,2026-05-01
O009292,C0409,P0155,W007,4,70.67,42.87,239.81,Credit Card,Pending,2026-07-21
O009293,C0336,P0174,W001,3,288.11,53.19,811.14,Cash,Pending,2026-04-07
O009294,C0318,P0038,W010,1,210.73,28.54,182.19,Credit Card,Cancelled,2025-11-06
O009295,C0361,P0057,W004,9,500.43,314.91,4188.96,Cash,Cancelled,2026-05-23
O009296,C0159,P0116,W016,5,446.14,283.61,1947.09,Cash,Cancelled,2026-04-18
O009297,C0303,P0026,W020,10,424.88,466.02,3782.78,Net Banking,Cancelled,2026-04-06
O009298,C0028,P0122,W001,6,472.24,265.53,2567.91,Cash,Completed,2025-09-03
O009299,C0463,P0006,W009,4,615.25,467.33,1993.67,UPI,Pending,2025-12-08
O009300,C0356,P0014,W007,7,248.91,234.75,1507.62,Cash,Pending,2025-12-15
O009301,C0383,P0103,W008,2,104.86,10.54,199.18,Cash,Cancelled,2026-06-18
O009302,C0366,P0010,W011,10,275.52,355.73,2399.47,Net Banking,Cancelled,2026-03-04
O009303,C0153,P0046,W016,7,602.93,382.2,3838.31,Debit Card,Cancelled,2026-03-17
O009304,C0110,P0011,W003,4,311.47,133.74,1112.14,UPI,Cancelled,2025-09-08
O009305,C0105,P0131,W008,5,381.9,108.24,1801.26,Cash,Pending,2026-04-19
O009306,C0049,P0182,W003,3,103.87,44.11,267.5,Net Banking,Cancelled,2026-06-02
O009307,C0147,P0187,W005,4,557.43,171.25,2058.47,Net Banking,Pending,2026-05-20
O009308,C0150,P0187,W011,10,557.43,190.02,5384.28,Cash,Completed,2026-05-10
O009309,C0245,P0159,W015,10,340.74,177.41,3229.99,Credit Card,Completed,2026-07-29
O009310,C0074,P0071,W001,2,324.09,63.79,584.39,Credit Card,Completed,2026-04-10
O009311,C0012,P0163,W018,10,561.9,961.16,4657.84,Cash,Completed,2025-11-14
O009312,C0042,P0142,W017,4,465.39,362.48,1499.08,Net Banking,Pending,2026-07-27
O009313,C0434,P0100,W002,4,451.54,188.27,1617.89,UPI,Pending,2025-11-24
O009314,C0219,P0154,W013,5,687.94,51.65,3388.05,UPI,Cancelled,2026-01-06
O009315,C0041,P0179,W015,3,761.14,96.88,2186.54,UPI,Cancelled,2025-10-16
O009316,C0089,P0003,W012,3,307.09,146.4,774.87,Cash,Pending,2026-06-24
O009317,C0369,P0092,W007,7,165.58,227.91,931.15,Debit Card,Pending,2026-04-17
O009318,C0071,P0117,W009,4,422.57,179.91,1510.37,Debit Card,Cancelled,2025-09-01
O009319,C0423,P0015,W007,9,435.76,671.84,3250.0,UPI,Pending,2026-03-14
O009320,C0456,P0161,W019,9,792.47,216.77,6915.46,Net Banking,Completed,2025-08-09
O009321,C0482,P0007,W002,4,86.6,47.77,298.63,Credit Card,Pending,2026-03-18
O009322,C0052,P0048,W005,3,197.9,37.34,556.36,Cash,Cancelled,2026-03-16
O009323,C0008,P0172,W016,1,355.99,60.83,295.16,UPI,Pending,2026-06-20
O009324,C0218,P0044,W017,10,509.99,770.39,4329.51,UPI,Pending,2025-11-29
O009325,C0137,P0048,W014,3,197.9,96.94,496.76,UPI,Cancelled,2026-05-19
O009326,C0050,P0118,W011,1,545.32,63.4,481.92,Credit Card,Cancelled,2025-10-20
O009327,C0182,P0050,W019,1,407.27,35.25,372.02,Cash,Pending,2026-01-14
O009328,C0041,P0182,W018,5,103.87,21.77,497.58,UPI,Completed,2025-09-20
O009329,C0284,P0170,W002,6,505.56,603.93,2429.43,Cash,Cancelled,2025-09-13
O009330,C0027,P0156,W002,3,716.77,326.82,1823.49,UPI,Cancelled,2026-07-07
O009331,C0341,P0065,W012,9,114.36,116.91,912.33,UPI,Cancelled,2025-12-27
O009332,C0219,P0168,W006,5,802.22,193.66,3817.44,Cash,Completed,2026-02-21
O009333,C0211,P0078,W018,8,134.38,152.21,922.83,Net Banking,Pending,2026-07-26
O009334,C0380,P0180,W014,9,83.12,51.15,696.93,Debit Card,Pending,2026-04-17
O009335,C0468,P0128,W008,7,366.55,298.69,2267.16,UPI,Cancelled,2025-09-28
O009336,C0383,P0187,W014,5,557.43,442.91,2344.24,Net Banking,Pending,2026-05-09
O009337,C0321,P0076,W013,4,366.83,79.68,1387.64,UPI,Completed,2025-08-12
O009338,C0281,P0083,W013,6,557.15,263.08,3079.82,Debit Card,Cancelled,2026-04-24
O009339,C0122,P0072,W019,10,712.27,952.31,6170.39,Credit Card,Cancelled,2026-01-05
O009340,C0024,P0003,W011,1,307.09,19.27,287.82,Debit Card,Completed,2025-12-30
O009341,C0301,P0148,W006,10,538.64,822.49,4563.91,Net Banking,Pending,2026-02-10
O009342,C0436,P0008,W005,4,707.65,148.11,2682.49,Credit Card,Cancelled,2025-09-22
O009343,C0322,P0053,W014,9,208.63,29.03,1848.64,Credit Card,Completed,2026-01-18
O009344,C0117,P0176,W013,7,708.65,776.65,4183.9,Net Banking,Cancelled,2026-01-05
O009345,C0210,P0194,W003,9,316.48,12.47,2835.85,Debit Card,Pending,2025-08-16
O009346,C0205,P0153,W005,6,97.2,113.32,469.88,Net Banking,Completed,2026-07-02
O009347,C0084,P0100,W010,2,451.54,155.34,747.74,Credit Card,Completed,2026-02-26
O009348,C0011,P0085,W003,4,734.45,54.32,2883.48,Credit Card,Cancelled,2025-09-29
O009349,C0298,P0100,W015,9,451.54,212.64,3851.22,UPI,Cancelled,2025-09-27
O009350,C0071,P0120,W001,10,117.95,68.4,1111.1,UPI,Pending,2026-01-06
O009351,C0011,P0123,W006,1,614.42,39.86,574.56,UPI,Cancelled,2025-11-07
O009352,C0408,P0029,W005,8,380.84,173.51,2873.21,Credit Card,Completed,2025-08-18
O009353,C0044,P0149,W011,1,102.98,9.66,93.32,UPI,Cancelled,2026-03-28
O009354,C0290,P0101,W019,9,536.98,246.54,4586.28,Debit Card,Completed,2026-03-20
O009355,C0041,P0184,W001,10,600.98,266.28,5743.52,UPI,Completed,2026-07-17
O009356,C0309,P0004,W002,2,47.98,15.59,80.37,UPI,Cancelled,2025-09-02
O009357,C0300,P0032,W011,5,562.17,156.43,2654.42,Debit Card,Cancelled,2026-03-19
O009358,C0428,P0169,W013,4,685.11,505.26,2235.18,Debit Card,Completed,2026-05-23
O009359,C0291,P0145,W017,2,49.46,5.58,93.34,Debit Card,Completed,2026-05-04
O009360,C0454,P0088,W011,10,512.39,741.5,4382.4,Credit Card,Pending,2026-03-16
O009361,C0181,P0057,W007,9,500.43,434.45,4069.42,Credit Card,Pending,2025-12-17
O009362,C0098,P0025,W010,7,464.04,562.2,2686.08,Cash,Cancelled,2026-03-18
O009363,C0107,P0021,W003,7,244.16,81.71,1627.41,Cash,Pending,2025-09-04
O009364,C0160,P0035,W012,4,613.51,193.96,2260.08,Credit Card,Pending,2026-06-26
O009365,C0271,P0109,W019,6,51.49,36.3,272.64,Credit Card,Pending,2026-04-23
O009366,C0400,P0151,W017,5,359.46,345.56,1451.74,Credit Card,Cancelled,2026-07-18
O009367,C0049,P0108,W018,8,467.1,400.09,3336.71,UPI,Completed,2025-10-22
O009368,C0208,P0018,W001,1,693.16,22.68,670.48,Net Banking,Completed,2026-03-03
O009369,C0492,P0040,W009,10,533.67,443.3,4893.4,Cash,Completed,2026-02-21
O009370,C0067,P0198,W006,7,369.55,121.03,2465.82,UPI,Cancelled,2026-05-10
O009371,C0059,P0093,W017,6,102.56,81.76,533.6,Net Banking,Cancelled,2026-05-15
O009372,C0065,P0016,W003,5,646.11,140.81,3089.74,Debit Card,Completed,2025-12-29
O009373,C0478,P0087,W010,2,52.58,1.91,103.25,UPI,Pending,2025-08-09
O009374,C0231,P0179,W014,4,761.14,234.94,2809.62,Net Banking,Completed,2026-07-27
O009375,C0414,P0025,W010,1,464.04,52.16,411.88,Debit Card,Pending,2025-08-12
O009376,C0479,P0046,W009,6,602.93,710.46,2907.12,Credit Card,Completed,2026-07-23
O009377,C0005,P0191,W016,5,583.75,439.14,2479.61,Credit Card,Completed,2026-04-26
O009378,C0226,P0074,W017,4,318.47,56.23,1217.65,UPI,Cancelled,2026-01-08
O009379,C0219,P0107,W003,10,223.7,305.22,1931.78,UPI,Cancelled,2026-02-19
O009380,C0128,P0103,W009,6,104.86,110.77,518.39,Credit Card,Completed,2026-06-06
O009381,C0283,P0093,W003,2,102.56,21.32,183.8,Debit Card,Completed,2025-09-19
O009382,C0175,P0011,W003,6,311.47,220.15,1648.67,Debit Card,Completed,2026-07-02
O009383,C0030,P0055,W012,2,691.95,252.98,1130.92,Net Banking,Pending,2026-02-04
O009384,C0480,P0022,W012,1,456.03,41.9,414.13,Net Banking,Cancelled,2026-03-16
O009385,C0120,P0034,W003,6,98.84,44.42,548.62,UPI,Completed,2026-02-11
O009386,C0362,P0078,W019,3,134.38,40.31,362.83,UPI,Completed,2026-05-02
O009387,C0421,P0168,W018,2,802.22,123.97,1480.47,Net Banking,Pending,2026-04-04
O009388,C0007,P0173,W007,3,112.19,41.32,295.25,Net Banking,Cancelled,2025-08-29
O009389,C0034,P0089,W011,8,380.36,292.05,2750.83,Debit Card,Cancelled,2025-11-15
O009390,C0287,P0069,W014,8,779.75,184.84,6053.16,Cash,Completed,2026-06-16
O009391,C0371,P0064,W006,4,124.23,75.81,421.11,Net Banking,Pending,2026-07-24
O009392,C0366,P0151,W005,10,359.46,622.96,2971.64,UPI,Cancelled,2026-03-30
O009393,C0058,P0033,W016,1,316.3,42.89,273.41,Debit Card,Completed,2026-04-14
O009394,C0087,P0166,W014,4,399.5,244.74,1353.26,Credit Card,Cancelled,2025-10-09
O009395,C0146,P0169,W003,2,685.11,263.15,1107.07,Debit Card,Completed,2025-11-14
O009396,C0441,P0088,W016,10,512.39,724.77,4399.13,Net Banking,Pending,2025-10-13
O009397,C0302,P0117,W017,4,422.57,321.97,1368.31,Cash,Pending,2026-04-12
O009398,C0289,P0084,W014,6,611.84,700.13,2970.91,UPI,Completed,2026-06-22
O009399,C0242,P0186,W010,7,703.11,763.2,4158.57,Cash,Completed,2026-08-02
O009400,C0385,P0152,W008,4,41.85,21.15,146.25,Net Banking,Completed,2026-02-01
O009401,C0150,P0010,W012,1,275.52,19.79,255.73,Cash,Cancelled,2026-05-02
O009402,C0203,P0058,W016,5,607.88,530.6,2508.8,Cash,Cancelled,2026-02-05
O009403,C0184,P0175,W001,2,636.16,177.96,1094.36,Debit Card,Completed,2026-08-03
O009404,C0348,P0116,W019,2,446.14,108.56,783.72,Credit Card,Completed,2025-11-12
O009405,C0329,P0037,W014,6,536.12,373.88,2842.84,Credit Card,Cancelled,2026-06-28
O009406,C0386,P0053,W002,2,208.63,17.22,400.04,UPI,Cancelled,2025-09-09
O009407,C0158,P0194,W015,9,316.48,106.41,2741.91,Cash,Cancelled,2025-08-23
O009408,C0412,P0015,W013,5,435.76,69.67,2109.13,UPI,Completed,2025-09-18
O009409,C0137,P0088,W017,2,512.39,200.8,823.98,Credit Card,Cancelled,2026-06-18
O009410,C0205,P0011,W008,1,311.47,1.66,309.81,Cash,Cancelled,2026-03-10
O009411,C0368,P0130,W001,9,247.63,219.21,2009.46,Net Banking,Completed,2025-08-08
O009412,C0236,P0145,W020,4,49.46,23.71,174.13,Debit Card,Cancelled,2026-04-17
O009413,C0090,P0035,W019,8,613.51,328.57,4579.51,Net Banking,Cancelled,2025-10-04
O009414,C0079,P0054,W018,3,298.13,149.97,744.42,Net Banking,Pending,2026-02-28
O009415,C0135,P0085,W018,2,734.45,172.83,1296.07,Credit Card,Completed,2026-07-19
O009416,C0181,P0101,W008,3,536.98,138.06,1472.88,Credit Card,Completed,2025-09-17
O009417,C0424,P0081,W016,4,583.65,169.33,2165.27,UPI,Pending,2025-10-17
O009418,C0268,P0118,W003,3,545.32,280.71,1355.25,Credit Card,Cancelled,2025-10-24
O009419,C0092,P0095,W012,9,121.43,21.01,1071.86,Credit Card,Pending,2025-10-22
O009420,C0002,P0198,W015,4,369.55,26.92,1451.28,Net Banking,Completed,2026-02-28
O009421,C0495,P0130,W015,2,247.63,20.18,475.08,Net Banking,Cancelled,2026-05-24
O009422,C0364,P0152,W011,2,41.85,2.74,80.96,Net Banking,Pending,2025-09-04
O009423,C0010,P0030,W009,10,129.09,173.02,1117.88,Credit Card,Pending,2026-03-08
O009424,C0432,P0071,W007,10,324.09,425.61,2815.29,Cash,Cancelled,2025-09-11
O009425,C0426,P0174,W002,8,288.11,323.91,1980.97,Debit Card,Pending,2025-11-06
O009426,C0438,P0121,W001,5,650.82,286.36,2967.74,Debit Card,Pending,2026-05-15
O009427,C0004,P0111,W013,9,638.29,1039.47,4705.14,Net Banking,Cancelled,2026-04-01
O009428,C0431,P0033,W011,7,316.3,142.62,2071.48,Cash,Completed,2025-08-07
O009429,C0091,P0009,W014,4,127.01,27.51,480.53,Debit Card,Pending,2026-01-31
O009430,C0287,P0148,W009,7,538.64,663.73,3106.75,Net Banking,Completed,2026-01-14
O009431,C0066,P0068,W008,7,244.39,3.89,1706.84,Debit Card,Completed,2026-05-12
O009432,C0492,P0097,W015,1,339.95,48.26,291.69,UPI,Completed,2025-12-26
O009433,C0385,P0035,W003,2,613.51,32.29,1194.73,Credit Card,Cancelled,2026-01-02
O009434,C0367,P0147,W011,5,250.9,50.92,1203.58,UPI,Completed,2025-10-08
O009435,C0389,P0105,W015,2,537.76,72.65,1002.87,Credit Card,Cancelled,2025-11-17
O009436,C0204,P0073,W007,7,114.95,13.72,790.93,UPI,Cancelled,2025-10-13
O009437,C0078,P0034,W012,2,98.84,0.65,197.03,Credit Card,Completed,2025-11-17
O009438,C0368,P0010,W001,3,275.52,34.86,791.7,Credit Card,Pending,2026-01-21
O009439,C0068,P0182,W011,10,103.87,171.36,867.34,Debit Card,Pending,2025-09-27
O009440,C0483,P0187,W009,1,557.43,108.9,448.53,UPI,Cancelled,2025-10-25
O009441,C0293,P0056,W007,10,73.8,11.36,726.64,Net Banking,Pending,2025-12-18
O009442,C0368,P0074,W018,7,318.47,401.89,1827.4,Net Banking,Cancelled,2026-07-28
O009443,C0106,P0023,W015,4,673.26,252.03,2441.01,Cash,Cancelled,2026-04-20
O009444,C0316,P0132,W003,4,661.28,268.65,2376.47,UPI,Completed,2025-11-10
O009445,C0206,P0143,W010,6,276.16,249.47,1407.49,Debit Card,Pending,2025-08-11
O009446,C0416,P0184,W007,9,600.98,760.08,4648.74,Debit Card,Cancelled,2026-07-21
O009447,C0480,P0033,W007,1,316.3,52.34,263.96,UPI,Cancelled,2025-09-29
O009448,C0330,P0005,W008,7,616.49,801.0,3514.43,Net Banking,Cancelled,2025-12-06
O009449,C0196,P0145,W014,8,49.46,53.26,342.42,Credit Card,Completed,2025-10-17
O009450,C0309,P0110,W006,3,91.98,25.92,250.02,Credit Card,Cancelled,2025-11-20
O009451,C0006,P0027,W019,1,78.28,6.96,71.32,Net Banking,Pending,2026-02-26
O009452,C0210,P0012,W012,2,342.53,59.06,626.0,Debit Card,Pending,2025-09-27
O009453,C0188,P0196,W014,1,403.53,56.68,346.85,UPI,Pending,2026-06-29
O009454,C0467,P0133,W019,5,659.87,554.12,2745.23,Debit Card,Cancelled,2025-09-26
O009455,C0113,P0177,W011,5,764.51,630.75,3191.8,Net Banking,Pending,2025-09-04
O009456,C0425,P0083,W007,6,557.15,23.24,3319.66,Debit Card,Cancelled,2026-03-29
O009457,C0348,P0148,W008,9,538.64,762.92,4084.84,Net Banking,Cancelled,2025-08-23
O009458,C0427,P0109,W006,10,51.49,48.94,465.96,Net Banking,Cancelled,2026-06-15
O009459,C0224,P0164,W001,8,347.36,538.81,2240.07,Cash,Pending,2026-04-12
O009460,C0466,P0169,W012,3,685.11,139.75,1915.58,Debit Card,Completed,2025-12-08
O009461,C0415,P0014,W008,8,248.91,255.2,1736.08,Net Banking,Pending,2026-05-12
O009462,C0105,P0010,W018,5,275.52,31.16,1346.44,Debit Card,Completed,2026-06-26
O009463,C0087,P0187,W018,10,557.43,456.4,5117.9,Debit Card,Completed,2026-02-28
O009464,C0191,P0070,W012,9,468.0,146.91,4065.09,Net Banking,Completed,2026-02-25
O009465,C0042,P0147,W010,2,250.9,26.34,475.46,Credit Card,Pending,2026-01-13
O009466,C0049,P0160,W011,10,103.95,37.41,1002.09,UPI,Completed,2026-02-25
O009467,C0375,P0001,W018,2,711.01,158.1,1263.92,Cash,Cancelled,2026-01-18
O009468,C0198,P0150,W003,1,79.1,1.61,77.49,Net Banking,Completed,2025-12-17
O009469,C0394,P0078,W016,6,134.38,60.13,746.15,Credit Card,Pending,2025-09-13
O009470,C0374,P0150,W006,6,79.1,38.37,436.23,Net Banking,Completed,2026-05-18
O009471,C0279,P0125,W014,10,184.54,2.36,1843.04,Debit Card,Completed,2025-10-03
O009472,C0043,P0200,W004,1,181.69,24.8,156.89,Debit Card,Pending,2026-01-22
O009473,C0110,P0086,W013,9,781.27,890.79,6140.64,UPI,Pending,2025-12-12
O009474,C0233,P0008,W008,5,707.65,186.61,3351.64,Debit Card,Cancelled,2026-06-09
O009475,C0316,P0165,W005,3,221.44,30.93,633.39,Cash,Completed,2026-07-07
O009476,C0174,P0082,W007,4,524.26,54.87,2042.17,Net Banking,Cancelled,2025-12-23
O009477,C0286,P0044,W002,6,509.99,73.52,2986.42,Debit Card,Cancelled,2025-10-04
O009478,C0153,P0105,W011,9,537.76,756.53,4083.31,UPI,Cancelled,2025-11-09
O009479,C0185,P0030,W002,4,129.09,98.12,418.24,Net Banking,Pending,2026-02-24
O009480,C0117,P0033,W005,4,316.3,22.27,1242.93,Net Banking,Pending,2026-05-03
O009481,C0159,P0151,W008,4,359.46,8.28,1429.56,Net Banking,Pending,2026-03-18
O009482,C0265,P0111,W009,6,638.29,299.84,3529.9,Net Banking,Completed,2026-06-07
O009483,C0427,P0070,W019,10,468.0,55.0,4625.0,Debit Card,Completed,2026-04-08
O009484,C0365,P0120,W014,1,117.95,7.74,110.21,Net Banking,Completed,2025-12-26
O009485,C0067,P0092,W020,6,165.58,17.49,975.99,Debit Card,Cancelled,2026-03-26
O009486,C0096,P0108,W014,10,467.1,553.41,4117.59,Net Banking,Pending,2026-01-14
O009487,C0390,P0188,W014,4,149.25,16.45,580.55,UPI,Pending,2026-07-23
O009488,C0378,P0149,W013,3,102.98,55.56,253.38,UPI,Completed,2026-03-25
O009489,C0060,P0062,W005,5,152.46,66.04,696.26,Net Banking,Completed,2026-06-25
O009490,C0093,P0040,W016,2,533.67,52.76,1014.58,Credit Card,Cancelled,2026-03-14
O009491,C0220,P0026,W002,8,424.88,649.93,2749.11,UPI,Cancelled,2025-12-07
O009492,C0036,P0160,W016,9,103.95,68.39,867.16,Cash,Completed,2026-05-13
O009493,C0350,P0014,W018,3,248.91,75.34,671.39,Cash,Cancelled,2025-11-30
O009494,C0375,P0198,W020,6,369.55,323.65,1893.65,Debit Card,Completed,2025-08-14
O009495,C0125,P0170,W012,5,505.56,158.23,2369.57,Cash,Completed,2025-12-29
O009496,C0456,P0104,W011,7,61.8,12.86,419.74,Debit Card,Cancelled,2026-04-07
O009497,C0415,P0013,W010,9,678.5,864.89,5241.61,Cash,Pending,2026-05-24
O009498,C0433,P0172,W016,3,355.99,153.81,914.16,Net Banking,Pending,2026-07-10
O009499,C0444,P0159,W017,6,340.74,3.71,2040.73,UPI,Pending,2026-05-06
O009500,C0402,P0177,W012,2,764.51,163.84,1365.18,Debit Card,Completed,2026-05-31
O009501,C0071,P0068,W002,7,244.39,84.25,1626.48,UPI,Completed,2026-02-26
O009502,C0448,P0090,W007,7,414.11,488.59,2410.18,Debit Card,Completed,2026-01-21
O009503,C0457,P0109,W006,2,51.49,5.27,97.71,Net Banking,Pending,2026-04-25
O009504,C0119,P0147,W017,8,250.9,268.77,1738.43,Cash,Completed,2026-01-02
O009505,C0471,P0129,W006,2,649.05,6.48,1291.62,Debit Card,Pending,2025-12-08
O009506,C0493,P0061,W009,9,427.25,718.33,3126.92,Credit Card,Pending,2025-08-16
O009507,C0053,P0093,W020,1,102.56,12.6,89.96,UPI,Pending,2026-02-01
O009508,C0393,P0063,W006,9,152.21,14.75,1355.14,Cash,Completed,2026-04-27
O009509,C0071,P0060,W014,4,220.07,114.29,765.99,UPI,Completed,2026-05-03
O009510,C0360,P0131,W010,5,381.9,138.03,1771.47,Debit Card,Pending,2026-08-04
O009511,C0440,P0119,W019,1,123.87,4.0,119.87,UPI,Pending,2025-11-07
O009512,C0042,P0154,W017,2,687.94,24.68,1351.2,UPI,Cancelled,2026-07-06
O009513,C0304,P0005,W003,6,616.49,330.79,3368.15,Net Banking,Cancelled,2026-02-23
O009514,C0320,P0061,W009,7,427.25,39.46,2951.29,UPI,Cancelled,2025-08-19
O009515,C0474,P0161,W020,3,792.47,334.76,2042.65,UPI,Completed,2026-01-20
O009516,C0160,P0172,W002,10,355.99,570.28,2989.62,Net Banking,Cancelled,2026-06-19
O009517,C0418,P0096,W003,2,223.64,27.4,419.88,Credit Card,Completed,2026-04-29
O009518,C0328,P0039,W013,10,696.37,513.33,6450.37,Net Banking,Pending,2025-08-08
O009519,C0446,P0120,W015,5,117.95,18.47,571.28,Credit Card,Completed,2026-05-06
O009520,C0500,P0084,W015,3,611.84,351.48,1484.04,Debit Card,Pending,2026-02-09
O009521,C0486,P0108,W018,6,467.1,403.57,2399.03,Cash,Completed,2026-03-25
O009522,C0497,P0128,W020,7,366.55,404.96,2160.89,UPI,Pending,2026-01-28
O009523,C0390,P0132,W002,1,661.28,50.05,611.23,Debit Card,Cancelled,2025-09-25
O009524,C0034,P0054,W016,9,298.13,121.2,2561.97,Cash,Pending,2026-04-14
O009525,C0414,P0034,W010,8,98.84,32.23,758.49,Debit Card,Cancelled,2026-01-01
O009526,C0052,P0076,W010,8,366.83,18.1,2916.54,UPI,Completed,2026-01-06
O009527,C0305,P0144,W018,3,642.6,266.23,1661.57,UPI,Pending,2025-10-23
O009528,C0455,P0045,W003,6,74.54,13.36,433.88,Cash,Completed,2026-05-02
O009529,C0409,P0188,W011,3,149.25,88.76,358.99,UPI,Completed,2026-02-14
O009530,C0054,P0163,W011,8,561.9,213.06,4282.14,Credit Card,Completed,2026-08-02
O009531,C0184,P0185,W006,5,566.24,295.31,2535.89,Net Banking,Completed,2026-01-20
O009532,C0069,P0004,W001,3,47.98,1.31,142.63,Cash,Pending,2026-05-04
O009533,C0308,P0067,W019,2,610.98,144.15,1077.81,Cash,Completed,2025-12-31
O009534,C0014,P0019,W010,5,452.83,435.05,1829.1,Cash,Cancelled,2026-02-07
O009535,C0298,P0128,W018,9,366.55,279.87,3019.08,UPI,Pending,2025-10-24
O009536,C0022,P0165,W008,9,221.44,246.73,1746.23,Credit Card,Completed,2026-06-24
O009537,C0107,P0036,W018,6,550.45,527.12,2775.58,Credit Card,Completed,2026-07-06
O009538,C0472,P0191,W014,2,583.75,21.67,1145.83,Credit Card,Cancelled,2025-08-30
O009539,C0359,P0032,W007,6,562.17,516.99,2856.03,UPI,Cancelled,2025-09-06
O009540,C0035,P0049,W018,6,200.77,66.57,1138.05,Net Banking,Pending,2026-01-15
O009541,C0373,P0012,W005,7,342.53,169.46,2228.25,Net Banking,Completed,2026-05-21
O009542,C0091,P0150,W014,5,79.1,26.77,368.73,Cash,Completed,2026-03-11
O009543,C0203,P0169,W016,10,685.11,370.19,6480.91,Cash,Pending,2025-12-30
O009544,C0139,P0007,W005,2,86.6,19.98,153.22,Cash,Completed,2026-02-02
O009545,C0200,P0146,W013,10,595.2,689.11,5262.89,Net Banking,Completed,2026-07-16
O009546,C0348,P0133,W013,7,659.87,672.91,3946.18,Debit Card,Cancelled,2026-06-03
O009547,C0264,P0159,W017,7,340.74,288.22,2096.96,Credit Card,Pending,2026-03-10
O009548,C0215,P0145,W014,4,49.46,4.86,192.98,Debit Card,Pending,2025-11-22
O009549,C0040,P0184,W004,4,600.98,208.46,2195.46,Net Banking,Pending,2026-04-07
O009550,C0015,P0094,W012,2,536.83,140.45,933.21,Debit Card,Completed,2026-06-23
O009551,C0206,P0048,W004,10,197.9,123.4,1855.6,Credit Card,Cancelled,2025-11-04
O009552,C0275,P0048,W010,2,197.9,34.36,361.44,Debit Card,Cancelled,2025-12-11
O009553,C0291,P0195,W004,3,194.61,29.19,554.64,UPI,Completed,2025-08-10
O009554,C0277,P0136,W002,8,596.21,679.66,4090.02,Debit Card,Completed,2026-06-05
O009555,C0126,P0138,W002,6,574.82,665.81,2783.11,Cash,Cancelled,2026-06-16
O009556,C0322,P0199,W005,2,550.92,203.17,898.67,UPI,Completed,2025-08-18
O009557,C0474,P0056,W002,8,73.8,11.61,578.79,Debit Card,Cancelled,2025-10-11
O009558,C0452,P0080,W013,4,24.4,19.04,78.56,Cash,Cancelled,2026-05-12
O009559,C0109,P0024,W001,6,574.38,678.05,2768.23,Debit Card,Pending,2025-12-25
O009560,C0042,P0004,W009,6,47.98,37.39,250.49,Net Banking,Pending,2025-08-15
O009561,C0218,P0009,W003,7,127.01,65.2,823.87,Cash,Completed,2026-04-03
O009562,C0339,P0048,W014,3,197.9,93.36,500.34,Debit Card,Cancelled,2026-05-29
O009563,C0147,P0043,W016,6,759.88,142.4,4416.88,Debit Card,Completed,2026-07-26
O009564,C0140,P0026,W019,5,424.88,118.41,2005.99,Cash,Cancelled,2025-09-05
O009565,C0500,P0136,W006,10,596.21,444.96,5517.14,Credit Card,Cancelled,2026-07-25
O009566,C0239,P0187,W016,1,557.43,63.54,493.89,Debit Card,Completed,2026-04-27
O009567,C0327,P0126,W016,7,352.47,260.71,2206.58,Debit Card,Cancelled,2025-09-11
O009568,C0242,P0075,W014,8,153.98,185.99,1045.85,Cash,Pending,2025-10-28
O009569,C0154,P0118,W001,8,545.32,9.05,4353.51,Net Banking,Cancelled,2026-05-08
O009570,C0143,P0186,W019,7,703.11,605.14,4316.63,UPI,Cancelled,2026-06-30
O009571,C0001,P0055,W010,6,691.95,300.84,3850.86,Net Banking,Cancelled,2026-07-06
O009572,C0434,P0096,W005,7,223.64,208.54,1356.94,Debit Card,Cancelled,2026-01-16
O009573,C0012,P0181,W014,9,510.35,648.05,3945.1,Cash,Pending,2026-07-26
O009574,C0119,P0064,W010,3,124.23,25.75,346.94,Debit Card,Cancelled,2025-09-18
O009575,C0498,P0104,W019,5,61.8,36.18,272.82,Debit Card,Completed,2025-12-05
O009576,C0085,P0056,W006,8,73.8,28.8,561.6,Debit Card,Completed,2026-07-21
O009577,C0086,P0124,W001,8,711.13,25.09,5663.95,Credit Card,Completed,2026-06-20
O009578,C0396,P0009,W019,1,127.01,21.39,105.62,Net Banking,Cancelled,2025-08-24
O009579,C0217,P0014,W009,9,248.91,196.33,2043.86,Credit Card,Cancelled,2026-07-20
O009580,C0472,P0027,W012,7,78.28,17.98,529.98,Debit Card,Completed,2025-09-27
O009581,C0042,P0042,W007,5,276.02,263.06,1117.04,Cash,Cancelled,2025-10-30
O009582,C0444,P0020,W005,6,658.43,364.91,3585.67,Credit Card,Pending,2026-06-03
O009583,C0114,P0096,W008,9,223.64,270.67,1742.09,Credit Card,Pending,2026-05-22
O009584,C0043,P0104,W006,7,61.8,62.71,369.89,Debit Card,Completed,2026-01-16
O009585,C0035,P0067,W004,4,610.98,318.2,2125.72,Debit Card,Cancelled,2025-12-22
O009586,C0411,P0100,W009,8,451.54,615.23,2997.09,Cash,Completed,2025-11-08
O009587,C0066,P0001,W007,4,711.01,220.57,2623.47,Net Banking,Pending,2025-11-04
O009588,C0385,P0136,W009,1,596.21,106.84,489.37,Cash,Cancelled,2026-01-01
O009589,C0010,P0033,W015,3,316.3,186.41,762.49,Cash,Cancelled,2026-07-31
O009590,C0343,P0028,W007,10,169.73,123.14,1574.16,Net Banking,Cancelled,2025-08-16
O009591,C0313,P0024,W010,10,574.38,1069.21,4674.59,Cash,Completed,2026-07-25
O009592,C0216,P0142,W018,8,465.39,255.65,3467.47,Net Banking,Cancelled,2026-04-14
O009593,C0158,P0191,W007,7,583.75,717.3,3368.95,Cash,Completed,2026-05-14
O009594,C0072,P0091,W005,10,128.87,28.22,1260.48,Debit Card,Pending,2025-08-28
O009595,C0462,P0183,W008,7,518.44,244.57,3384.51,Net Banking,Cancelled,2026-01-10
O009596,C0466,P0014,W012,8,248.91,367.81,1623.47,UPI,Completed,2026-06-15
O009597,C0460,P0026,W009,4,424.88,110.7,1588.82,Cash,Pending,2025-10-16
O009598,C0419,P0011,W001,10,311.47,495.84,2618.86,Debit Card,Completed,2026-01-05
O009599,C0422,P0055,W019,7,691.95,161.96,4681.69,Cash,Completed,2025-10-04
O009600,C0227,P0150,W004,2,79.1,28.3,129.9,Cash,Cancelled,2026-01-16
O009601,C0493,P0128,W002,5,366.55,106.64,1726.11,Debit Card,Completed,2026-03-31
O009602,C0416,P0146,W011,1,595.2,34.66,560.54,UPI,Cancelled,2025-09-21
O009603,C0079,P0099,W018,7,703.35,738.93,4184.52,Net Banking,Pending,2026-04-27
O009604,C0256,P0119,W010,6,123.87,80.08,663.14,Net Banking,Cancelled,2025-08-20
O009605,C0021,P0152,W005,8,41.85,60.69,274.11,Cash,Completed,2026-02-17
O009606,C0161,P0182,W017,8,103.87,156.48,674.48,Net Banking,Cancelled,2026-01-05
O009607,C0477,P0068,W013,1,244.39,5.16,239.23,Credit Card,Pending,2026-04-10
O009608,C0263,P0146,W020,1,595.2,80.51,514.69,Cash,Completed,2026-03-31
O009609,C0075,P0006,W009,6,615.25,669.19,3022.31,Cash,Cancelled,2026-02-23
O009610,C0086,P0042,W016,8,276.02,426.86,1781.3,Debit Card,Pending,2026-07-02
O009611,C0139,P0036,W009,7,550.45,440.86,3412.29,Credit Card,Pending,2026-05-02
O009612,C0067,P0161,W014,6,792.47,690.87,4063.95,Debit Card,Cancelled,2026-06-05
O009613,C0254,P0170,W014,4,505.56,44.94,1977.3,Debit Card,Completed,2025-09-01
O009614,C0182,P0104,W005,3,61.8,29.96,155.44,Debit Card,Cancelled,2026-07-19
O009615,C0148,P0191,W015,4,583.75,432.77,1902.23,UPI,Pending,2026-03-27
O009616,C0062,P0073,W012,1,114.95,0.22,114.73,Cash,Pending,2026-01-23
O009617,C0450,P0144,W013,5,642.6,547.02,2665.98,Cash,Cancelled,2025-10-19
O009618,C0312,P0106,W008,5,395.02,318.67,1656.43,Credit Card,Completed,2026-06-13
O009619,C0303,P0182,W019,8,103.87,14.22,816.74,Credit Card,Completed,2025-09-03
O009620,C0428,P0034,W014,1,98.84,18.91,79.93,Net Banking,Cancelled,2026-01-22
O009621,C0208,P0154,W003,5,687.94,122.28,3317.42,Net Banking,Completed,2025-11-14
O009622,C0401,P0056,W020,3,73.8,25.99,195.41,UPI,Completed,2026-02-28
O009623,C0211,P0087,W012,2,52.58,3.2,101.96,Credit Card,Completed,2025-08-31
O009624,C0207,P0070,W015,6,468.0,343.87,2464.13,Credit Card,Cancelled,2026-08-01
O009625,C0432,P0103,W018,9,104.86,184.26,759.48,UPI,Completed,2026-07-03
O009626,C0485,P0109,W011,4,51.49,13.92,192.04,Net Banking,Pending,2025-12-27
O009627,C0200,P0114,W016,1,433.11,34.89,398.22,Debit Card,Completed,2026-05-13
O009628,C0284,P0126,W018,4,352.47,124.43,1285.45,Net Banking,Completed,2026-06-30
O009629,C0475,P0185,W009,10,566.24,166.25,5496.15,Debit Card,Completed,2026-05-30
O009630,C0375,P0041,W013,10,471.27,881.91,3830.79,Debit Card,Completed,2026-06-23
O009631,C0458,P0103,W014,6,104.86,105.14,524.02,Credit Card,Completed,2025-09-09
O009632,C0337,P0159,W004,6,340.74,24.25,2020.19,Debit Card,Pending,2026-06-30
O009633,C0403,P0086,W008,7,781.27,669.06,4799.83,Debit Card,Completed,2026-05-16
O009634,C0363,P0021,W011,3,244.16,44.42,688.06,Credit Card,Cancelled,2025-09-06
O009635,C0048,P0138,W018,4,574.82,271.08,2028.2,UPI,Completed,2025-11-11
O009636,C0155,P0007,W015,3,86.6,6.97,252.83,Debit Card,Cancelled,2026-01-09
O009637,C0153,P0065,W007,7,114.36,94.86,705.66,Credit Card,Cancelled,2025-12-29
O009638,C0440,P0026,W015,7,424.88,315.75,2658.41,UPI,Cancelled,2026-01-07
O009639,C0389,P0102,W016,4,580.08,279.72,2040.6,UPI,Pending,2026-03-30
O009640,C0321,P0164,W017,1,347.36,26.29,321.07,Cash,Pending,2026-05-05
O009641,C0045,P0088,W013,4,512.39,80.36,1969.2,Net Banking,Pending,2026-07-06
O009642,C0420,P0113,W007,1,229.52,22.51,207.01,UPI,Completed,2026-01-30
O009643,C0288,P0101,W001,1,536.98,34.17,502.81,UPI,Cancelled,2026-02-16
O009644,C0039,P0108,W006,4,467.1,222.94,1645.46,Cash,Completed,2026-05-26
O009645,C0029,P0078,W014,8,134.38,65.57,1009.47,Cash,Completed,2026-07-15
O009646,C0335,P0100,W014,7,451.54,440.0,2720.78,Credit Card,Pending,2026-06-14
O009647,C0408,P0172,W008,3,355.99,22.47,1045.5,Credit Card,Completed,2025-11-02
O009648,C0475,P0089,W018,6,380.36,342.48,1939.68,Cash,Cancelled,2026-03-16
O009649,C0360,P0026,W009,4,424.88,273.66,1425.86,UPI,Pending,2025-10-02
O009650,C0072,P0198,W003,5,369.55,276.24,1571.51,Credit Card,Completed,2025-09-08
O009651,C0060,P0104,W003,2,61.8,3.91,119.69,Cash,Pending,2026-02-16
O009652,C0260,P0104,W014,7,61.8,68.71,363.89,Net Banking,Pending,2026-04-15
O009653,C0254,P0149,W019,9,102.98,168.74,758.08,UPI,Pending,2026-07-10
O009654,C0115,P0011,W005,6,311.47,112.48,1756.34,Credit Card,Cancelled,2026-04-28
O009655,C0190,P0039,W005,6,696.37,747.75,3430.47,Credit Card,Cancelled,2026-05-04
O009656,C0430,P0117,W005,5,422.57,290.18,1822.67,Cash,Pending,2026-06-05
O009657,C0071,P0197,W020,10,603.05,311.03,5719.47,Credit Card,Cancelled,2025-12-26
O009658,C0109,P0016,W019,7,646.11,621.88,3900.89,UPI,Pending,2025-10-02
O009659,C0089,P0111,W010,1,638.29,67.25,571.04,Cash,Pending,2026-03-23
O009660,C0235,P0136,W017,2,596.21,174.16,1018.26,Debit Card,Cancelled,2025-08-06
O009661,C0110,P0142,W006,4,465.39,296.58,1564.98,Net Banking,Cancelled,2025-11-05
O009662,C0236,P0120,W011,1,117.95,7.02,110.93,Debit Card,Completed,2025-09-19
O009663,C0313,P0071,W014,8,324.09,286.28,2306.44,Cash,Cancelled,2026-01-07
O009664,C0074,P0069,W004,2,779.75,265.28,1294.22,Cash,Completed,2025-10-14
O009665,C0237,P0070,W008,8,468.0,467.62,3276.38,UPI,Cancelled,2026-07-06
O009666,C0205,P0058,W004,3,607.88,337.08,1486.56,Cash,Pending,2026-02-25
O009667,C0255,P0011,W001,10,311.47,114.5,3000.2,Net Banking,Pending,2026-05-18
O009668,C0104,P0045,W014,9,74.54,34.82,636.04,Net Banking,Pending,2026-02-09
O009669,C0077,P0108,W010,3,467.1,233.16,1168.14,Net Banking,Completed,2026-06-18
O009670,C0375,P0164,W014,6,347.36,36.03,2048.13,UPI,Cancelled,2026-04-28
O009671,C0230,P0087,W008,2,52.58,4.03,101.13,Credit Card,Cancelled,2026-01-18
O009672,C0054,P0022,W003,3,456.03,37.96,1330.13,Net Banking,Completed,2025-08-13
O009673,C0362,P0050,W015,3,407.27,155.56,1066.25,UPI,Completed,2025-11-02
O009674,C0030,P0123,W020,3,614.42,81.53,1761.73,Debit Card,Cancelled,2026-06-06
O009675,C0454,P0194,W017,7,316.48,5.62,2209.74,Debit Card,Completed,2026-03-16
O009676,C0136,P0185,W018,9,566.24,376.41,4719.75,Net Banking,Completed,2025-12-30
O009677,C0381,P0167,W013,9,121.8,113.23,982.97,Net Banking,Completed,2025-08-12
O009678,C0251,P0176,W002,8,708.65,1092.36,4576.84,Credit Card,Completed,2025-12-27
O009679,C0229,P0014,W020,7,248.91,213.36,1529.01,Cash,Cancelled,2026-01-29
O009680,C0188,P0014,W017,5,248.91,78.51,1166.04,Cash,Completed,2026-02-18
O009681,C0483,P0163,W001,1,561.9,66.73,495.17,Net Banking,Cancelled,2026-04-04
O009682,C0155,P0041,W008,7,471.27,310.36,2988.53,UPI,Completed,2025-09-07
O009683,C0038,P0103,W002,7,104.86,60.63,673.39,Cash,Pending,2026-03-06
O009684,C0080,P0156,W012,5,716.77,459.34,3124.51,Net Banking,Completed,2025-12-29
O009685,C0132,P0186,W004,5,703.11,567.52,2948.03,Credit Card,Completed,2025-12-15
O009686,C0141,P0149,W009,8,102.98,77.36,746.48,Net Banking,Cancelled,2026-04-07
O009687,C0401,P0027,W020,3,78.28,38.41,196.43,Cash,Cancelled,2026-04-29
O009688,C0066,P0141,W011,2,473.02,165.58,780.46,Cash,Completed,2026-06-14
O009689,C0272,P0109,W007,9,51.49,17.03,446.38,Credit Card,Pending,2025-08-08
O009690,C0286,P0065,W020,10,114.36,171.75,971.85,Cash,Pending,2026-01-07
O009691,C0227,P0071,W016,10,324.09,169.51,3071.39,Cash,Cancelled,2025-12-10
O009692,C0054,P0016,W018,3,646.11,296.41,1641.92,Debit Card,Cancelled,2026-03-15
O009693,C0278,P0028,W008,3,169.73,88.56,420.63,Credit Card,Completed,2026-06-20
O009694,C0379,P0158,W006,4,498.73,8.47,1986.45,UPI,Completed,2025-08-17
O009695,C0418,P0010,W005,6,275.52,217.81,1435.31,UPI,Pending,2026-03-28
O009696,C0213,P0191,W010,7,583.75,712.61,3373.64,Debit Card,Completed,2026-06-03
O009697,C0325,P0199,W003,3,550.92,40.2,1612.56,Debit Card,Completed,2026-06-09
O009698,C0357,P0052,W019,5,697.25,84.29,3401.96,Cash,Cancelled,2025-12-21
O009699,C0123,P0144,W010,6,642.6,240.1,3615.5,Credit Card,Cancelled,2026-04-29
O009700,C0234,P0190,W011,10,537.59,1053.56,4322.34,Debit Card,Completed,2026-03-28
O009701,C0074,P0087,W020,8,52.58,23.83,396.81,Credit Card,Completed,2025-09-17
O009702,C0219,P0060,W008,4,220.07,44.7,835.58,UPI,Pending,2025-09-09
O009703,C0430,P0053,W009,8,208.63,218.61,1450.43,Credit Card,Cancelled,2026-04-06
O009704,C0347,P0125,W011,10,184.54,207.52,1637.88,UPI,Cancelled,2026-06-21
O009705,C0496,P0122,W006,3,472.24,76.59,1340.13,Credit Card,Completed,2026-03-13
O009706,C0221,P0010,W007,5,275.52,265.26,1112.34,Debit Card,Pending,2025-11-06
O009707,C0101,P0076,W015,10,366.83,474.36,3193.94,Credit Card,Cancelled,2026-07-30
O009708,C0049,P0138,W006,3,574.82,9.05,1715.41,Credit Card,Completed,2026-04-24
O009709,C0367,P0019,W013,8,452.83,140.72,3481.92,UPI,Pending,2026-08-05
O009710,C0125,P0051,W015,1,229.62,2.24,227.38,UPI,Completed,2025-09-14
O009711,C0072,P0069,W009,4,779.75,435.19,2683.81,Net Banking,Completed,2026-05-05
O009712,C0135,P0184,W020,10,600.98,892.39,5117.41,Net Banking,Cancelled,2026-02-07
O009713,C0082,P0162,W012,8,472.72,500.67,3281.09,Credit Card,Pending,2025-09-15
O009714,C0097,P0035,W013,1,613.51,64.81,548.7,UPI,Cancelled,2025-09-20
O009715,C0262,P0054,W003,8,298.13,221.85,2163.19,Cash,Cancelled,2025-10-23
O009716,C0426,P0167,W006,3,121.8,48.36,317.04,Debit Card,Completed,2026-04-14
O009717,C0336,P0181,W009,8,510.35,253.68,3829.12,Debit Card,Completed,2025-10-25
O009718,C0495,P0020,W006,9,658.43,338.29,5587.58,Credit Card,Pending,2025-08-29
O009719,C0477,P0053,W007,7,208.63,190.71,1269.7,Debit Card,Cancelled,2026-04-03
O009720,C0162,P0135,W002,4,444.2,175.29,1601.51,UPI,Completed,2025-12-16
O009721,C0324,P0158,W013,1,498.73,52.83,445.9,UPI,Pending,2026-06-03
O009722,C0415,P0056,W016,4,73.8,3.97,291.23,Cash,Cancelled,2025-11-14
O009723,C0414,P0200,W020,7,181.69,186.84,1084.99,Net Banking,Cancelled,2026-04-29
O009724,C0150,P0168,W012,10,802.22,949.14,7073.06,Cash,Cancelled,2026-01-13
O009725,C0153,P0043,W003,8,759.88,906.62,5172.42,Credit Card,Completed,2026-05-16
O009726,C0165,P0029,W001,4,380.84,25.51,1497.85,Debit Card,Cancelled,2026-02-15
O009727,C0206,P0068,W009,1,244.39,15.31,229.08,Debit Card,Completed,2026-05-26
O009728,C0384,P0119,W020,6,123.87,137.64,605.58,Debit Card,Completed,2025-08-18
O009729,C0165,P0135,W016,5,444.2,132.95,2088.05,Net Banking,Cancelled,2025-08-28
O009730,C0043,P0019,W009,9,452.83,416.17,3659.3,Credit Card,Cancelled,2025-10-11
O009731,C0441,P0064,W015,4,124.23,7.5,489.42,Cash,Pending,2025-09-28
O009732,C0360,P0040,W016,7,533.67,326.02,3409.67,Debit Card,Pending,2025-11-16
O009733,C0284,P0199,W017,5,550.92,510.33,2244.27,Cash,Cancelled,2026-02-27
O009734,C0023,P0002,W002,7,318.95,384.35,1848.3,Debit Card,Cancelled,2026-05-27
O009735,C0308,P0195,W001,3,194.61,111.27,472.56,Debit Card,Pending,2025-11-12
O009736,C0414,P0200,W003,7,181.69,189.77,1082.06,Credit Card,Completed,2026-02-10
O009737,C0120,P0019,W019,3,452.83,209.59,1148.9,Credit Card,Completed,2026-03-12
O009738,C0172,P0129,W009,5,649.05,69.54,3175.71,Credit Card,Pending,2026-07-27
O009739,C0458,P0083,W012,1,557.15,109.58,447.57,Debit Card,Cancelled,2025-11-11
O009740,C0161,P0078,W010,3,134.38,61.41,341.73,Debit Card,Cancelled,2025-11-15
O009741,C0380,P0187,W010,5,557.43,155.49,2631.66,Credit Card,Cancelled,2026-04-24
O009742,C0309,P0157,W010,2,596.45,150.43,1042.47,Cash,Completed,2026-01-19
O009743,C0358,P0042,W002,2,276.02,52.14,499.9,Debit Card,Pending,2026-04-25
O009744,C0108,P0150,W012,7,79.1,85.9,467.8,Cash,Cancelled,2026-06-13
O009745,C0354,P0145,W004,4,49.46,22.21,175.63,Debit Card,Cancelled,2025-08-06
O009746,C0401,P0041,W014,8,471.27,107.78,3662.38,Cash,Cancelled,2025-11-27
O009747,C0056,P0029,W013,7,380.84,253.85,2412.03,Cash,Cancelled,2025-10-29
O009748,C0260,P0156,W006,7,716.77,145.55,4871.84,UPI,Completed,2025-10-25
O009749,C0336,P0083,W017,5,557.15,501.99,2283.76,Net Banking,Pending,2025-10-12
O009750,C0459,P0127,W011,7,830.32,724.72,5087.52,Credit Card,Cancelled,2026-06-13
O009751,C0023,P0071,W010,2,324.09,54.16,594.02,Cash,Completed,2025-09-20
O009752,C0276,P0191,W009,10,583.75,346.81,5490.69,Debit Card,Completed,2026-01-24
O009753,C0468,P0173,W005,3,112.19,56.79,279.78,UPI,Pending,2026-03-23
O009754,C0498,P0097,W011,7,339.95,99.34,2280.31,Net Banking,Pending,2026-05-19
O009755,C0496,P0011,W004,9,311.47,116.67,2686.56,Credit Card,Pending,2026-04-12
O009756,C0309,P0039,W016,6,696.37,37.53,4140.69,Cash,Pending,2026-03-08
O009757,C0408,P0127,W019,8,830.32,197.88,6444.68,Credit Card,Cancelled,2025-12-22
O009758,C0249,P0176,W016,7,708.65,868.5,4092.05,Credit Card,Cancelled,2026-02-02
O009759,C0401,P0074,W005,2,318.47,86.65,550.29,UPI,Cancelled,2025-08-17
O009760,C0276,P0133,W006,10,659.87,104.94,6493.76,Cash,Pending,2026-02-16
O009761,C0338,P0106,W002,10,395.02,643.39,3306.81,Cash,Pending,2026-01-29
O009762,C0082,P0118,W007,8,545.32,483.09,3879.47,Credit Card,Cancelled,2026-03-23
O009763,C0395,P0067,W016,6,610.98,97.56,3568.32,Credit Card,Cancelled,2026-01-13
O009764,C0109,P0196,W011,5,403.53,222.27,1795.38,Cash,Completed,2026-01-30
O009765,C0281,P0090,W004,7,414.11,233.09,2665.68,Debit Card,Completed,2026-03-23
O009766,C0489,P0105,W015,5,537.76,275.01,2413.79,Net Banking,Cancelled,2025-08-09
O009767,C0024,P0127,W017,10,830.32,118.86,8184.34,Debit Card,Cancelled,2026-01-27
O009768,C0172,P0001,W015,7,711.01,331.83,4645.24,Debit Card,Completed,2025-08-13
O009769,C0449,P0107,W005,5,223.7,175.23,943.27,Debit Card,Completed,2026-02-14
O009770,C0473,P0019,W007,1,452.83,9.28,443.55,Debit Card,Cancelled,2026-06-28
O009771,C0333,P0050,W002,6,407.27,34.62,2409.0,UPI,Completed,2026-04-08
O009772,C0011,P0157,W004,3,596.45,327.41,1461.94,Net Banking,Pending,2026-07-11
O009773,C0325,P0157,W017,3,596.45,65.89,1723.46,UPI,Cancelled,2026-07-21
O009774,C0460,P0165,W006,2,221.44,87.62,355.26,Cash,Completed,2025-10-15
O009775,C0073,P0066,W009,4,156.35,22.67,602.73,Cash,Completed,2026-02-23
O009776,C0194,P0176,W015,10,708.65,127.79,6958.71,UPI,Pending,2026-07-12
O009777,C0448,P0089,W007,7,380.36,0.46,2662.06,UPI,Pending,2025-10-19
O009778,C0241,P0077,W012,7,705.01,321.63,4613.44,Debit Card,Completed,2026-03-08
O009779,C0295,P0114,W008,5,433.11,325.34,1840.21,Net Banking,Completed,2026-03-16
O009780,C0389,P0005,W008,1,616.49,73.92,542.57,Net Banking,Pending,2026-01-08
O009781,C0205,P0140,W004,6,719.31,74.96,4240.9,Cash,Pending,2026-03-14
O009782,C0006,P0048,W019,6,197.9,65.96,1121.44,Debit Card,Completed,2025-12-07
O009783,C0228,P0117,W009,1,422.57,5.43,417.14,Credit Card,Cancelled,2026-06-10
O009784,C0001,P0198,W010,1,369.55,8.61,360.94,Credit Card,Pending,2025-12-12
O009785,C0006,P0091,W014,5,128.87,122.71,521.64,Debit Card,Pending,2025-09-22
O009786,C0243,P0177,W019,7,764.51,456.88,4894.69,Debit Card,Cancelled,2026-02-14
O009787,C0068,P0082,W017,9,524.26,219.64,4498.7,UPI,Cancelled,2026-04-11
O009788,C0473,P0142,W020,3,465.39,88.38,1307.79,Cash,Cancelled,2026-02-04
O009789,C0466,P0032,W012,9,562.17,369.54,4689.99,Credit Card,Pending,2026-06-15
O009790,C0209,P0054,W001,8,298.13,290.78,2094.26,Cash,Completed,2026-02-03
O009791,C0087,P0130,W009,1,247.63,30.9,216.73,Net Banking,Pending,2025-09-20
O009792,C0294,P0038,W007,4,210.73,89.0,753.92,Credit Card,Pending,2025-12-08
O009793,C0107,P0035,W016,3,613.51,47.48,1793.05,UPI,Cancelled,2026-02-08
O009794,C0319,P0139,W019,8,261.47,3.49,2088.27,UPI,Completed,2026-04-15
O009795,C0450,P0069,W018,10,779.75,484.01,7313.49,UPI,Completed,2026-04-24
O009796,C0426,P0053,W006,5,208.63,25.72,1017.43,Credit Card,Cancelled,2026-04-16
O009797,C0239,P0173,W020,7,112.19,21.11,764.22,Credit Card,Pending,2025-11-12
O009798,C0093,P0014,W003,9,248.91,236.76,2003.43,UPI,Completed,2026-07-03
O009799,C0261,P0133,W006,2,659.87,83.9,1235.84,Cash,Completed,2026-01-02
O009800,C0138,P0124,W019,7,711.13,735.65,4242.26,Credit Card,Pending,2026-08-05
O009801,C0003,P0003,W016,3,307.09,24.14,897.13,UPI,Completed,2025-11-24
O009802,C0379,P0075,W007,1,153.98,26.52,127.46,UPI,Cancelled,2026-01-10
O009803,C0093,P0042,W007,6,276.02,6.59,1649.53,Debit Card,Pending,2026-03-02
O009804,C0017,P0049,W005,8,200.77,64.82,1541.34,Net Banking,Pending,2026-01-24
O009805,C0432,P0052,W020,10,697.25,382.79,6589.71,UPI,Cancelled,2025-10-22
O009806,C0099,P0050,W005,1,407.27,68.92,338.35,Cash,Cancelled,2025-12-11
O009807,C0007,P0168,W010,2,802.22,234.94,1369.5,Net Banking,Cancelled,2025-10-07
O009808,C0051,P0183,W011,2,518.44,19.87,1017.01,Credit Card,Pending,2025-09-14
O009809,C0236,P0071,W004,6,324.09,158.53,1786.01,Net Banking,Pending,2026-08-04
O009810,C0431,P0091,W003,1,128.87,15.01,113.86,Debit Card,Pending,2026-01-04
O009811,C0042,P0195,W016,4,194.61,53.98,724.46,UPI,Cancelled,2026-05-08
O009812,C0212,P0060,W012,2,220.07,69.87,370.27,Net Banking,Completed,2026-01-25
O009813,C0401,P0026,W004,9,424.88,217.11,3606.81,Cash,Pending,2025-12-25
O009814,C0318,P0027,W013,4,78.28,16.4,296.72,Credit Card,Completed,2025-10-10
O009815,C0032,P0164,W006,8,347.36,37.6,2741.28,Debit Card,Completed,2025-12-06
O009816,C0492,P0030,W010,10,129.09,175.98,1114.92,Debit Card,Pending,2025-11-28
O009817,C0448,P0090,W009,5,414.11,184.97,1885.58,Net Banking,Cancelled,2025-11-23
O009818,C0357,P0048,W007,7,197.9,206.43,1178.87,Cash,Pending,2025-12-12
O009819,C0303,P0096,W005,4,223.64,125.85,768.71,Net Banking,Cancelled,2025-09-25
O009820,C0167,P0103,W015,8,104.86,12.59,826.29,UPI,Pending,2026-02-10
O009821,C0008,P0127,W019,1,830.32,105.16,725.16,Net Banking,Cancelled,2026-07-25
O009822,C0003,P0152,W015,5,41.85,22.34,186.91,Debit Card,Completed,2026-07-26
O009823,C0462,P0065,W004,4,114.36,61.92,395.52,UPI,Cancelled,2026-02-14
O009824,C0077,P0043,W007,10,759.88,1119.25,6479.55,UPI,Completed,2025-11-10
O009825,C0223,P0106,W011,5,395.02,257.78,1717.32,Debit Card,Cancelled,2025-12-21
O009826,C0362,P0144,W019,6,642.6,123.36,3732.24,Credit Card,Completed,2025-12-12
O009827,C0110,P0124,W013,7,711.13,321.47,4656.44,Net Banking,Completed,2025-10-28
O009828,C0217,P0189,W017,3,416.57,24.17,1225.54,Net Banking,Pending,2025-09-16
O009829,C0419,P0036,W010,6,550.45,7.78,3294.92,UPI,Completed,2025-11-13
O009830,C0347,P0089,W004,7,380.36,79.43,2583.09,Cash,Pending,2025-10-09
O009831,C0220,P0174,W014,6,288.11,268.44,1460.22,Debit Card,Pending,2026-05-14
O009832,C0053,P0132,W005,6,661.28,174.27,3793.41,UPI,Pending,2026-06-28
O009833,C0241,P0099,W008,5,703.35,524.6,2992.15,Credit Card,Cancelled,2025-10-13
O009834,C0442,P0070,W012,10,468.0,727.52,3952.48,Credit Card,Pending,2026-05-12
O009835,C0288,P0129,W009,9,649.05,74.16,5767.29,UPI,Completed,2026-01-09
O009836,C0360,P0101,W013,5,536.98,500.75,2184.15,Debit Card,Completed,2025-12-21
O009837,C0210,P0046,W009,8,602.93,151.89,4671.55,Credit Card,Cancelled,2026-05-27
O009838,C0069,P0067,W016,7,610.98,239.37,4037.49,Net Banking,Completed,2026-06-17
O009839,C0252,P0148,W020,9,538.64,257.18,4590.58,Net Banking,Completed,2026-01-29
O009840,C0178,P0030,W004,1,129.09,17.58,111.51,Net Banking,Completed,2026-06-10
O009841,C0327,P0166,W013,7,399.5,159.34,2637.16,Credit Card,Cancelled,2026-03-11
O009842,C0017,P0128,W013,10,366.55,65.23,3600.27,Cash,Cancelled,2026-07-12
O009843,C0208,P0072,W012,6,712.27,742.58,3531.04,Cash,Completed,2026-03-27
O009844,C0378,P0078,W009,9,134.38,169.72,1039.7,Debit Card,Completed,2025-11-29
O009845,C0109,P0042,W016,3,276.02,141.87,686.19,UPI,Pending,2026-02-12
O009846,C0063,P0113,W019,3,229.52,71.37,617.19,UPI,Pending,2026-05-13
O009847,C0017,P0055,W007,3,691.95,314.31,1761.54,Cash,Cancelled,2025-10-04
O009848,C0283,P0062,W019,6,152.46,4.73,910.03,Net Banking,Completed,2026-01-27
O009849,C0297,P0109,W017,4,51.49,17.97,187.99,Credit Card,Completed,2026-01-25
O009850,C0425,P0094,W001,7,536.83,311.58,3446.23,UPI,Pending,2026-01-12
O009851,C0352,P0054,W012,7,298.13,278.28,1808.63,UPI,Pending,2025-12-03
O009852,C0326,P0106,W003,2,395.02,9.45,780.59,Debit Card,Completed,2026-02-27
O009853,C0107,P0178,W017,3,253.74,150.49,610.73,Credit Card,Completed,2026-07-11
O009854,C0301,P0062,W008,7,152.46,26.08,1041.14,Cash,Completed,2025-11-03
O009855,C0474,P0169,W016,6,685.11,399.54,3711.12,Credit Card,Cancelled,2026-01-18
O009856,C0225,P0029,W015,2,380.84,144.54,617.14,Debit Card,Pending,2025-08-12
O009857,C0081,P0075,W013,3,153.98,46.11,415.83,Debit Card,Cancelled,2025-11-24
O009858,C0488,P0003,W005,9,307.09,293.12,2470.69,Net Banking,Cancelled,2026-05-15
O009859,C0203,P0157,W017,7,596.45,403.19,3771.96,UPI,Pending,2025-12-06
O009860,C0285,P0100,W006,6,451.54,77.79,2631.45,Cash,Cancelled,2026-03-09
O009861,C0312,P0011,W002,6,311.47,155.77,1713.05,Credit Card,Completed,2026-04-09
O009862,C0447,P0004,W016,3,47.98,26.3,117.64,UPI,Completed,2026-07-14
O009863,C0341,P0013,W013,3,678.5,115.97,1919.53,Cash,Cancelled,2026-05-01
O009864,C0384,P0044,W012,10,509.99,281.98,4817.92,Net Banking,Pending,2026-02-18
O009865,C0174,P0153,W020,1,97.2,0.25,96.95,Credit Card,Cancelled,2025-11-12
O009866,C0081,P0077,W004,8,705.01,1082.73,4557.35,Debit Card,Pending,2025-10-23
O009867,C0283,P0118,W010,1,545.32,40.5,504.82,Credit Card,Cancelled,2025-09-17
O009868,C0030,P0137,W010,2,70.49,17.47,123.51,Net Banking,Cancelled,2026-08-03
O009869,C0151,P0159,W018,10,340.74,109.8,3297.6,Net Banking,Completed,2026-03-17
O009870,C0028,P0140,W003,9,719.31,1103.12,5370.67,Debit Card,Completed,2025-09-30
O009871,C0327,P0058,W012,9,607.88,1086.86,4384.06,Credit Card,Pending,2026-05-01
O009872,C0165,P0050,W002,9,407.27,275.69,3389.74,UPI,Completed,2025-12-07
O009873,C0217,P0068,W001,10,244.39,382.12,2061.78,Net Banking,Cancelled,2026-07-26
O009874,C0198,P0104,W014,5,61.8,17.46,291.54,Debit Card,Cancelled,2026-01-03
O009875,C0312,P0185,W009,9,566.24,561.26,4534.9,Credit Card,Completed,2025-10-10
O009876,C0038,P0027,W001,10,78.28,127.67,655.13,Net Banking,Pending,2025-11-30
O009877,C0132,P0086,W017,3,781.27,207.18,2136.63,Debit Card,Completed,2026-01-22
O009878,C0436,P0092,W014,7,165.58,137.43,1021.63,Cash,Cancelled,2025-10-16
O009879,C0413,P0156,W017,3,716.77,86.46,2063.85,Credit Card,Pending,2026-07-01
O009880,C0042,P0080,W005,5,24.4,4.2,117.8,Debit Card,Pending,2026-02-19
O009881,C0341,P0011,W001,4,311.47,219.61,1026.27,Net Banking,Cancelled,2026-02-02
O009882,C0423,P0157,W015,8,596.45,842.9,3928.7,Net Banking,Cancelled,2026-07-19
O009883,C0057,P0139,W003,2,261.47,11.32,511.62,UPI,Completed,2025-09-29
O009884,C0310,P0131,W019,6,381.9,49.01,2242.39,Debit Card,Pending,2026-06-10
O009885,C0179,P0005,W015,4,616.49,414.49,2051.47,Net Banking,Cancelled,2026-03-22
O009886,C0340,P0169,W005,2,685.11,188.9,1181.32,Net Banking,Cancelled,2026-03-28
O009887,C0104,P0140,W003,8,719.31,487.9,5266.58,UPI,Cancelled,2025-10-13
O009888,C0052,P0181,W005,3,510.35,63.92,1467.13,UPI,Cancelled,2026-03-02
O009889,C0283,P0041,W005,1,471.27,5.25,466.02,Credit Card,Completed,2026-01-22
O009890,C0274,P0057,W006,8,500.43,72.87,3930.57,Credit Card,Completed,2025-12-07
O009891,C0019,P0010,W015,2,275.52,19.0,532.04,Credit Card,Cancelled,2026-07-13
O009892,C0418,P0066,W015,1,156.35,3.15,153.2,Net Banking,Completed,2025-10-18
O009893,C0138,P0194,W010,3,316.48,162.91,786.53,Credit Card,Pending,2025-09-19
O009894,C0063,P0057,W017,1,500.43,60.97,439.46,Net Banking,Pending,2026-04-02
O009895,C0491,P0028,W008,5,169.73,75.53,773.12,Net Banking,Cancelled,2026-07-19
O009896,C0016,P0080,W011,8,24.4,34.85,160.35,Debit Card,Pending,2025-11-20
O009897,C0437,P0076,W016,10,366.83,606.2,3062.1,Net Banking,Pending,2026-05-16
O009898,C0457,P0054,W015,4,298.13,115.14,1077.38,Net Banking,Pending,2025-08-20
O009899,C0047,P0147,W019,5,250.9,106.06,1148.44,Cash,Pending,2026-02-14
O009900,C0092,P0098,W017,10,515.46,821.09,4333.51,Cash,Completed,2026-03-15
O009901,C0470,P0162,W006,1,472.72,28.54,444.18,Cash,Cancelled,2026-08-05
O009902,C0009,P0109,W013,10,51.49,101.14,413.76,UPI,Completed,2026-01-28
O009903,C0228,P0117,W001,7,422.57,30.67,2927.32,Debit Card,Completed,2025-10-26
O009904,C0460,P0160,W015,7,103.95,46.24,681.41,Cash,Cancelled,2026-04-27
O009905,C0298,P0102,W013,3,580.08,133.92,1606.32,Debit Card,Completed,2025-08-24
O009906,C0082,P0019,W006,4,452.83,327.45,1483.87,UPI,Cancelled,2026-07-20
O009907,C0332,P0061,W014,7,427.25,433.97,2556.78,Debit Card,Cancelled,2025-12-12
O009908,C0213,P0063,W014,4,152.21,64.48,544.36,Debit Card,Pending,2026-03-09
O009909,C0225,P0040,W016,7,533.67,491.41,3244.28,Debit Card,Completed,2025-09-29
O009910,C0469,P0115,W014,1,346.43,16.19,330.24,Cash,Completed,2025-10-04
O009911,C0439,P0127,W004,6,830.32,226.31,4755.61,Debit Card,Pending,2025-10-15
O009912,C0263,P0139,W005,8,261.47,6.87,2084.89,Cash,Completed,2026-08-05
O009913,C0395,P0156,W012,8,716.77,212.8,5521.36,Credit Card,Cancelled,2026-02-16
O009914,C0458,P0158,W015,6,498.73,543.12,2449.26,Cash,Cancelled,2025-12-29
O009915,C0488,P0059,W003,7,691.04,426.68,4410.6,Debit Card,Cancelled,2026-01-04
O009916,C0496,P0099,W017,2,703.35,55.52,1351.18,UPI,Completed,2026-04-16
O009917,C0032,P0157,W008,5,596.45,241.99,2740.26,Debit Card,Pending,2025-12-04
O009918,C0030,P0109,W012,9,51.49,88.24,375.17,Debit Card,Completed,2026-03-07
O009919,C0442,P0083,W014,3,557.15,271.38,1400.07,Credit Card,Pending,2025-08-10
O009920,C0254,P0061,W010,7,427.25,448.54,2542.21,Debit Card,Completed,2025-12-18
O009921,C0307,P0004,W001,6,47.98,0.52,287.36,Cash,Cancelled,2025-11-29
O009922,C0361,P0170,W019,4,505.56,341.92,1680.32,Cash,Pending,2025-08-10
O009923,C0295,P0124,W010,3,711.13,7.13,2126.26,UPI,Pending,2025-09-03
O009924,C0192,P0022,W012,9,456.03,660.94,3443.33,Debit Card,Cancelled,2026-05-30
O009925,C0184,P0026,W013,1,424.88,36.76,388.12,Credit Card,Pending,2026-04-02
O009926,C0345,P0008,W005,5,707.65,682.29,2855.96,Credit Card,Completed,2026-07-03
O009927,C0393,P0175,W001,6,636.16,639.48,3177.48,Debit Card,Cancelled,2025-10-16
O009928,C0050,P0168,W001,5,802.22,668.07,3343.03,Debit Card,Completed,2025-11-23
O009929,C0375,P0075,W012,8,153.98,31.23,1200.61,Cash,Pending,2025-12-11
O009930,C0396,P0118,W004,6,545.32,580.86,2691.06,Credit Card,Completed,2026-04-01
O009931,C0002,P0059,W020,1,691.04,31.49,659.55,Credit Card,Cancelled,2026-02-20
O009932,C0125,P0015,W019,10,435.76,36.12,4321.48,Cash,Completed,2025-10-09
O009933,C0199,P0033,W016,3,316.3,67.45,881.45,Debit Card,Completed,2026-07-20
O009934,C0329,P0179,W008,9,761.14,691.72,6158.54,Cash,Completed,2026-07-31
O009935,C0327,P0064,W011,9,124.23,183.12,934.95,Credit Card,Cancelled,2025-09-28
O009936,C0196,P0132,W009,3,661.28,92.08,1891.76,Net Banking,Completed,2026-03-11
O009937,C0227,P0070,W020,7,468.0,221.11,3054.89,Debit Card,Cancelled,2025-09-26
O009938,C0447,P0030,W020,6,129.09,22.99,751.55,Net Banking,Completed,2025-12-02
O009939,C0153,P0021,W007,7,244.16,287.17,1421.95,Cash,Completed,2026-02-19
O009940,C0186,P0043,W005,5,759.88,32.67,3766.73,Cash,Completed,2025-12-28
O009941,C0174,P0037,W001,1,536.12,92.85,443.27,Cash,Completed,2026-06-06
O009942,C0384,P0168,W013,8,802.22,1103.82,5313.94,Debit Card,Cancelled,2026-07-09
O009943,C0183,P0049,W010,2,200.77,58.95,342.59,Cash,Completed,2025-12-12
O009944,C0355,P0191,W011,5,583.75,500.82,2417.93,Cash,Completed,2025-10-16
O009945,C0330,P0128,W020,8,366.55,516.95,2415.45,Net Banking,Completed,2025-10-11
O009946,C0356,P0010,W020,7,275.52,138.1,1790.54,UPI,Completed,2026-02-24
O009947,C0360,P0053,W006,9,208.63,305.97,1571.7,Debit Card,Pending,2025-10-20
O009948,C0490,P0111,W012,3,638.29,363.71,1551.16,Credit Card,Cancelled,2026-03-09
O009949,C0489,P0146,W013,5,595.2,423.99,2552.01,Credit Card,Pending,2026-06-26
O009950,C0173,P0183,W007,7,518.44,347.59,3281.49,Credit Card,Pending,2025-11-13
O009951,C0479,P0088,W015,3,512.39,139.32,1397.85,Credit Card,Pending,2025-12-08
O009952,C0463,P0104,W001,6,61.8,21.65,349.15,Debit Card,Pending,2026-06-25
O009953,C0196,P0181,W020,5,510.35,12.49,2539.26,Cash,Pending,2026-05-17
O009954,C0289,P0139,W012,9,261.47,212.05,2141.18,Debit Card,Pending,2026-02-13
O009955,C0298,P0117,W008,5,422.57,237.29,1875.56,Cash,Completed,2026-07-02
O009956,C0102,P0134,W008,2,127.8,44.47,211.13,Cash,Completed,2025-11-01
O009957,C0164,P0135,W016,2,444.2,172.32,716.08,Debit Card,Completed,2026-04-16
O009958,C0354,P0057,W014,7,500.43,328.77,3174.24,Credit Card,Pending,2026-01-17
O009959,C0431,P0007,W013,1,86.6,8.49,78.11,Debit Card,Pending,2026-07-20
O009960,C0075,P0031,W001,3,475.72,239.54,1187.62,Net Banking,Completed,2025-09-19
O009961,C0125,P0174,W007,1,288.11,47.75,240.36,UPI,Completed,2026-05-22
O009962,C0380,P0121,W011,4,650.82,57.92,2545.36,Credit Card,Pending,2025-09-18
O009963,C0253,P0050,W005,7,407.27,296.89,2554.0,Credit Card,Completed,2026-06-22
O009964,C0287,P0114,W016,9,433.11,194.78,3703.21,Credit Card,Completed,2025-10-18
O009965,C0427,P0115,W014,7,346.43,366.78,2058.23,UPI,Cancelled,2026-05-14
O009966,C0323,P0027,W006,8,78.28,116.57,509.67,Net Banking,Pending,2025-08-31
O009967,C0248,P0145,W008,1,49.46,5.59,43.87,Credit Card,Completed,2026-05-30
O009968,C0422,P0122,W002,3,472.24,170.84,1245.88,Debit Card,Pending,2026-05-13
O009969,C0237,P0004,W008,2,47.98,18.78,77.18,Cash,Completed,2025-11-24
O009970,C0174,P0096,W010,7,223.64,257.82,1307.66,UPI,Pending,2025-11-18
O009971,C0465,P0173,W006,6,112.19,48.86,624.28,Debit Card,Cancelled,2026-03-06
O009972,C0019,P0153,W001,10,97.2,13.23,958.77,UPI,Pending,2026-05-24
O009973,C0415,P0029,W015,2,380.84,87.6,674.08,UPI,Completed,2025-08-12
O009974,C0177,P0192,W012,4,392.33,35.03,1534.29,Debit Card,Pending,2026-03-16
O009975,C0268,P0108,W017,6,467.1,418.74,2383.86,Credit Card,Pending,2026-05-23
O009976,C0135,P0197,W012,6,603.05,345.96,3272.34,Net Banking,Completed,2026-06-20
O009977,C0247,P0087,W012,6,52.58,40.25,275.23,Credit Card,Completed,2026-01-22
O009978,C0440,P0164,W011,4,347.36,98.55,1290.89,Credit Card,Pending,2026-05-16
O009979,C0500,P0150,W015,4,79.1,42.15,274.25,Debit Card,Pending,2026-01-24
O009980,C0360,P0087,W013,5,52.58,5.66,257.24,Credit Card,Pending,2026-06-09
O009981,C0023,P0132,W001,2,661.28,106.63,1215.93,Net Banking,Pending,2026-08-02
O009982,C0230,P0058,W006,5,607.88,292.95,2746.45,UPI,Cancelled,2026-04-17
O009983,C0124,P0167,W014,5,121.8,10.68,598.32,Credit Card,Completed,2025-12-26
O009984,C0201,P0158,W020,4,498.73,14.73,1980.19,Cash,Cancelled,2026-03-09
O009985,C0239,P0152,W001,10,41.85,30.23,388.27,Credit Card,Cancelled,2026-07-09
O009986,C0467,P0013,W012,10,678.5,952.48,5832.52,Cash,Pending,2025-12-14
O009987,C0364,P0136,W016,6,596.21,551.69,3025.57,Credit Card,Cancelled,2026-07-04
O009988,C0400,P0130,W004,7,247.63,132.79,1600.62,Credit Card,Pending,2025-12-31
O009989,C0444,P0015,W012,7,435.76,227.1,2823.22,Credit Card,Completed,2025-09-29
O009990,C0126,P0164,W003,1,347.36,65.45,281.91,Debit Card,Pending,2026-05-21
O009991,C0313,P0041,W013,6,471.27,239.14,2588.48,Credit Card,Completed,2025-12-19
O009992,C0187,P0044,W009,9,509.99,158.75,4431.16,Net Banking,Completed,2026-03-28
O009993,C0025,P0183,W001,10,518.44,991.99,4192.41,Net Banking,Completed,2025-09-27
O009994,C0139,P0087,W020,9,52.58,33.89,439.33,Credit Card,Completed,2025-08-25
O009995,C0094,P0085,W006,2,734.45,260.97,1207.93,Net Banking,Completed,2026-06-07
O009996,C0096,P0062,W005,9,152.46,117.24,1254.9,UPI,Completed,2026-04-30
O009997,C0008,P0101,W015,2,536.98,157.55,916.41,Debit Card,Completed,2025-09-05
O009998,C0286,P0093,W001,8,102.56,111.39,709.09,Credit Card,Cancelled,2026-03-28
O009999,C0215,P0146,W015,7,595.2,404.35,3762.05,Credit Card,Completed,2026-06-23
O010000,C0227,P0173,W015,9,112.19,33.14,976.57,Net Banking,Cancelled,2025-08-30
