shipment_id,order_id,warehouse_id,carrier,shipment_status,dispatch_date,delivery_date
SH000001,O000001,W013,XpressBees,Delivered,2025-11-28,2025-12-04
SH000002,O000002,W005,Delhivery,Delivered,2025-08-23,2025-08-28
SH000003,O000003,W009,Delhivery,Delayed,2026-04-29,2026-05-05
SH000004,O000004,W014,India Post,Delayed,2025-10-01,2025-10-05
SH000005,O000005,W002,Blue Dart,Delivered,2026-06-03,2026-06-10
SH000006,O000006,W002,Ekart,In Transit,2026-02-02,2026-02-06
SH000007,O000007,W005,DTDC,Delayed,2026-06-07,2026-06-12
SH000008,O000008,W005,XpressBees,Delayed,2026-05-01,2026-05-04
SH000009,O000009,W017,India Post,Delivered,2025-09-02,2025-09-07
SH000010,O000010,W015,Ekart,Delivered,2026-05-28,2026-06-04
SH000011,O000011,W017,XpressBees,Delivered,2026-01-08,2026-01-12
SH000012,O000012,W004,DTDC,In Transit,2026-07-21,2026-07-24
SH000013,O000013,W003,Delhivery,Delayed,2025-11-20,2025-11-27
SH000014,O000014,W017,Delhivery,Delivered,2026-06-29,2026-07-03
SH000015,O000015,W012,XpressBees,Delivered,2026-06-18,2026-06-19
SH000016,O000016,W013,Blue Dart,Delivered,2026-01-27,2026-02-03
SH000017,O000017,W017,India Post,In Transit,2026-04-22,2026-04-29
SH000018,O000018,W001,XpressBees,Delayed,2026-04-04,2026-04-07
SH000019,O000019,W001,Delhivery,Delivered,2026-01-09,2026-01-10
SH000020,O000020,W015,India Post,Delivered,2025-11-06,2025-11-09
SH000021,O000021,W017,XpressBees,In Transit,2025-09-28,2025-09-29
SH000022,O000022,W006,India Post,Delayed,2026-04-29,2026-05-05
SH000023,O000023,W008,DTDC,Delayed,2026-07-28,2026-08-01
SH000024,O000024,W016,India Post,Delivered,2026-05-21,2026-05-24
SH000025,O000025,W015,Ekart,In Transit,2025-08-09,2025-08-13
SH000026,O000026,W018,India Post,Delayed,2025-11-05,2025-11-08
SH000027,O000027,W003,Delhivery,Delivered,2026-07-07,2026-07-08
SH000028,O000028,W007,DTDC,Delayed,2026-01-10,2026-01-16
SH000029,O000029,W005,Ekart,In Transit,2026-02-28,2026-03-06
SH000030,O000030,W009,Ekart,Delivered,2026-03-15,2026-03-17
SH000031,O000031,W006,XpressBees,In Transit,2026-02-20,2026-02-21
SH000032,O000032,W004,DTDC,Delivered,2026-04-03,2026-04-08
SH000033,O000033,W014,XpressBees,Delayed,2025-12-29,2025-12-30
SH000034,O000034,W009,Ekart,Delivered,2025-10-03,2025-10-08
SH000035,O000035,W014,Delhivery,Delayed,2026-05-13,2026-05-18
SH000036,O000036,W014,XpressBees,Delayed,2026-07-05,2026-07-11
SH000037,O000037,W010,Blue Dart,Delivered,2025-11-17,2025-11-23
SH000038,O000038,W013,Delhivery,In Transit,2025-10-26,2025-10-27
SH000039,O000039,W010,India Post,Delayed,2026-07-26,2026-08-02
SH000040,O000040,W013,XpressBees,In Transit,2025-09-27,2025-10-01
SH000041,O000041,W006,Delhivery,Delayed,2026-01-31,2026-02-05
SH000042,O000042,W009,Delhivery,In Transit,2025-10-05,2025-10-09
SH000043,O000043,W020,Blue Dart,Delayed,2026-06-23,2026-06-25
SH000044,O000044,W020,Delhivery,In Transit,2025-09-13,2025-09-18
SH000045,O000045,W020,DTDC,Delayed,2025-11-21,2025-11-23
SH000046,O000046,W002,XpressBees,In Transit,2026-04-24,2026-04-27
SH000047,O000047,W018,Ekart,Delivered,2026-04-04,2026-04-10
SH000048,O000048,W009,India Post,Delivered,2025-08-29,2025-08-30
SH000049,O000049,W002,XpressBees,In Transit,2026-05-14,2026-05-16
SH000050,O000050,W019,XpressBees,In Transit,2026-06-10,2026-06-12
SH000051,O000051,W009,Ekart,Delivered,2025-10-15,2025-10-22
SH000052,O000052,W003,Ekart,Delivered,2026-02-17,2026-02-23
SH000053,O000053,W014,Ekart,Delivered,2026-06-25,2026-07-02
SH000054,O000054,W011,Ekart,Delayed,2025-09-27,2025-09-29
SH000055,O000055,W020,XpressBees,Delayed,2026-02-27,2026-03-06
SH000056,O000056,W012,XpressBees,In Transit,2025-08-18,2025-08-23
SH000057,O000057,W013,XpressBees,In Transit,2026-07-18,2026-07-19
SH000058,O000058,W001,DTDC,Delivered,2025-11-16,2025-11-21
SH000059,O000059,W010,India Post,Delivered,2026-08-06,2026-08-07
SH000060,O000060,W009,Blue Dart,In Transit,2026-05-28,2026-06-03
SH000061,O000061,W008,DTDC,Delivered,2026-03-13,2026-03-18
SH000062,O000062,W004,DTDC,Delayed,2025-09-19,2025-09-22
SH000063,O000063,W007,Blue Dart,Delivered,2025-09-26,2025-10-02
SH000064,O000064,W004,India Post,Delivered,2026-04-07,2026-04-12
SH000065,O000065,W011,Ekart,Delivered,2025-11-03,2025-11-08
SH000066,O000066,W008,DTDC,Delivered,2026-06-20,2026-06-24
SH000067,O000067,W007,XpressBees,Delivered,2026-07-06,2026-07-09
SH000068,O000068,W007,Ekart,In Transit,2025-09-13,2025-09-16
SH000069,O000069,W003,XpressBees,In Transit,2025-08-29,2025-09-02
SH000070,O000070,W015,Blue Dart,Delayed,2025-08-24,2025-08-26
SH000071,O000071,W004,Delhivery,Delayed,2025-10-30,2025-10-31
SH000072,O000072,W014,XpressBees,Delayed,2026-06-04,2026-06-11
SH000073,O000073,W008,Blue Dart,In Transit,2026-03-24,2026-03-30
SH000074,O000074,W008,Blue Dart,In Transit,2025-11-15,2025-11-16
SH000075,O000075,W008,DTDC,In Transit,2026-06-16,2026-06-19
SH000076,O000076,W018,DTDC,In Transit,2026-04-19,2026-04-21
SH000077,O000077,W009,Delhivery,In Transit,2025-11-09,2025-11-14
SH000078,O000078,W011,XpressBees,Delayed,2026-03-16,2026-03-18
SH000079,O000079,W017,Ekart,Delivered,2026-01-20,2026-01-24
SH000080,O000080,W009,DTDC,Delayed,2026-03-27,2026-03-31
SH000081,O000081,W013,Ekart,In Transit,2025-10-05,2025-10-11
SH000082,O000082,W011,XpressBees,Delayed,2025-10-18,2025-10-24
SH000083,O000083,W013,XpressBees,Delivered,2026-07-14,2026-07-20
SH000084,O000084,W016,Blue Dart,Delivered,2026-01-03,2026-01-05
SH000085,O000085,W013,India Post,In Transit,2026-05-28,2026-06-04
SH000086,O000086,W007,India Post,In Transit,2025-12-27,2025-12-31
SH000087,O000087,W016,Blue Dart,Delayed,2026-07-17,2026-07-22
SH000088,O000088,W019,Ekart,Delivered,2026-04-05,2026-04-08
SH000089,O000089,W007,Delhivery,In Transit,2026-07-30,2026-08-01
SH000090,O000090,W013,Delhivery,Delayed,2026-03-18,2026-03-21
SH000091,O000091,W012,DTDC,In Transit,2025-12-17,2025-12-20
SH000092,O000092,W006,DTDC,Delayed,2025-12-31,2026-01-03
SH000093,O000093,W013,Blue Dart,Delivered,2026-05-31,2026-06-03
SH000094,O000094,W001,DTDC,Delivered,2025-12-10,2025-12-12
SH000095,O000095,W020,Ekart,In Transit,2025-09-16,2025-09-17
SH000096,O000096,W006,XpressBees,Delayed,2026-03-27,2026-03-31
SH000097,O000097,W020,Delhivery,Delayed,2026-04-22,2026-04-28
SH000098,O000098,W005,Blue Dart,Delivered,2025-09-23,2025-09-27
SH000099,O000099,W016,Ekart,Delivered,2025-08-05,2025-08-07
SH000100,O000100,W010,Ekart,In Transit,2025-12-11,2025-12-17
SH000101,O000101,W016,XpressBees,Delivered,2025-11-30,2025-12-06
SH000102,O000102,W015,Ekart,Delivered,2025-12-20,2025-12-24
SH000103,O000103,W010,India Post,In Transit,2025-08-31,2025-09-02
SH000104,O000104,W018,Blue Dart,In Transit,2026-04-10,2026-04-14
SH000105,O000105,W010,Blue Dart,Delivered,2025-08-27,2025-09-03
SH000106,O000106,W014,Delhivery,In Transit,2025-10-21,2025-10-24
SH000107,O000107,W006,Blue Dart,Delivered,2026-02-21,2026-02-24
SH000108,O000108,W020,DTDC,Delivered,2025-12-12,2025-12-15
SH000109,O000109,W017,Delhivery,Delivered,2026-02-19,2026-02-21
SH000110,O000110,W012,India Post,In Transit,2025-11-05,2025-11-12
SH000111,O000111,W003,DTDC,Delayed,2025-11-09,2025-11-15
SH000112,O000112,W015,India Post,Delivered,2025-09-26,2025-10-03
SH000113,O000113,W002,Delhivery,Delayed,2026-07-17,2026-07-20
SH000114,O000114,W016,DTDC,In Transit,2026-04-13,2026-04-16
SH000115,O000115,W013,DTDC,Delayed,2026-05-22,2026-05-23
SH000116,O000116,W019,Blue Dart,Delivered,2025-11-18,2025-11-25
SH000117,O000117,W010,DTDC,In Transit,2026-06-10,2026-06-17
SH000118,O000118,W001,Ekart,Delivered,2026-02-14,2026-02-17
SH000119,O000119,W020,Delhivery,Delayed,2025-11-27,2025-11-30
SH000120,O000120,W003,Blue Dart,Delivered,2026-07-19,2026-07-24
SH000121,O000121,W013,Delhivery,Delivered,2026-06-11,2026-06-15
SH000122,O000122,W003,India Post,In Transit,2026-03-16,2026-03-21
SH000123,O000123,W002,India Post,In Transit,2026-06-18,2026-06-21
SH000124,O000124,W010,XpressBees,Delivered,2025-11-30,2025-12-03
SH000125,O000125,W019,XpressBees,Delayed,2025-12-15,2025-12-17
SH000126,O000126,W017,DTDC,Delivered,2025-12-08,2025-12-13
SH000127,O000127,W019,DTDC,In Transit,2026-05-15,2026-05-22
SH000128,O000128,W017,Ekart,Delivered,2026-01-30,2026-02-03
SH000129,O000129,W005,Ekart,Delayed,2026-04-02,2026-04-07
SH000130,O000130,W003,DTDC,In Transit,2025-09-07,2025-09-12
SH000131,O000131,W006,Blue Dart,Delayed,2026-05-22,2026-05-25
SH000132,O000132,W014,Delhivery,Delivered,2026-07-31,2026-08-01
SH000133,O000133,W005,XpressBees,Delayed,2025-11-25,2025-11-30
SH000134,O000134,W013,DTDC,Delayed,2026-03-28,2026-04-01
SH000135,O000135,W019,India Post,Delivered,2026-03-20,2026-03-23
SH000136,O000136,W017,XpressBees,In Transit,2026-01-04,2026-01-05
SH000137,O000137,W011,Ekart,In Transit,2026-05-09,2026-05-12
SH000138,O000138,W011,DTDC,Delayed,2025-11-17,2025-11-21
SH000139,O000139,W004,Ekart,Delayed,2026-02-04,2026-02-06
SH000140,O000140,W003,Ekart,In Transit,2026-03-06,2026-03-11
SH000141,O000141,W011,Ekart,In Transit,2026-03-14,2026-03-16
SH000142,O000142,W010,Delhivery,Delivered,2025-10-14,2025-10-21
SH000143,O000143,W014,India Post,Delivered,2026-08-02,2026-08-05
SH000144,O000144,W007,DTDC,In Transit,2026-07-07,2026-07-11
SH000145,O000145,W006,India Post,Delayed,2025-09-10,2025-09-16
SH000146,O000146,W013,DTDC,Delivered,2026-03-21,2026-03-26
SH000147,O000147,W009,Delhivery,Delivered,2026-01-23,2026-01-28
SH000148,O000148,W009,XpressBees,In Transit,2026-07-20,2026-07-27
SH000149,O000149,W007,Delhivery,Delayed,2026-06-21,2026-06-27
SH000150,O000150,W011,Delhivery,In Transit,2026-07-23,2026-07-24
SH000151,O000151,W004,Blue Dart,In Transit,2026-01-05,2026-01-10
SH000152,O000152,W020,Ekart,Delivered,2026-03-04,2026-03-06
SH000153,O000153,W015,Ekart,In Transit,2025-11-18,2025-11-25
SH000154,O000154,W019,India Post,In Transit,2026-04-14,2026-04-18
SH000155,O000155,W001,India Post,Delivered,2025-11-07,2025-11-12
SH000156,O000156,W011,Delhivery,Delayed,2025-11-08,2025-11-12
SH000157,O000157,W017,Delhivery,In Transit,2026-06-21,2026-06-22
SH000158,O000158,W016,Ekart,Delivered,2026-05-29,2026-06-01
SH000159,O000159,W004,XpressBees,Delivered,2026-04-25,2026-05-01
SH000160,O000160,W020,DTDC,Delayed,2026-07-09,2026-07-13
SH000161,O000161,W006,DTDC,Delayed,2025-12-19,2025-12-20
SH000162,O000162,W013,XpressBees,Delayed,2026-02-20,2026-02-22
SH000163,O000163,W016,Ekart,In Transit,2026-01-09,2026-01-15
SH000164,O000164,W006,Blue Dart,Delivered,2026-01-15,2026-01-17
SH000165,O000165,W009,Ekart,Delayed,2026-05-27,2026-06-02
SH000166,O000166,W014,India Post,Delayed,2026-07-26,2026-08-01
SH000167,O000167,W014,India Post,Delivered,2026-08-03,2026-08-08
SH000168,O000168,W008,DTDC,Delayed,2026-06-10,2026-06-11
SH000169,O000169,W008,Blue Dart,Delayed,2025-11-06,2025-11-11
SH000170,O000170,W008,Delhivery,In Transit,2026-07-19,2026-07-23
SH000171,O000171,W019,India Post,Delivered,2026-03-18,2026-03-23
SH000172,O000172,W018,India Post,In Transit,2026-01-09,2026-01-15
SH000173,O000173,W018,XpressBees,Delivered,2026-02-20,2026-02-23
SH000174,O000174,W008,XpressBees,In Transit,2025-10-12,2025-10-14
SH000175,O000175,W005,Delhivery,Delivered,2025-08-14,2025-08-21
SH000176,O000176,W010,Delhivery,Delivered,2026-06-10,2026-06-17
SH000177,O000177,W002,Delhivery,Delivered,2026-03-02,2026-03-06
SH000178,O000178,W001,India Post,Delivered,2025-10-24,2025-10-28
SH000179,O000179,W006,Delhivery,Delivered,2025-08-19,2025-08-25
SH000180,O000180,W018,Ekart,Delayed,2025-12-04,2025-12-09
SH000181,O000181,W012,XpressBees,Delayed,2026-01-29,2026-01-30
SH000182,O000182,W018,Blue Dart,In Transit,2026-07-04,2026-07-06
SH000183,O000183,W001,Delhivery,Delayed,2026-01-12,2026-01-13
SH000184,O000184,W003,DTDC,In Transit,2026-05-10,2026-05-14
SH000185,O000185,W005,India Post,Delayed,2025-10-02,2025-10-08
SH000186,O000186,W004,Ekart,Delayed,2026-02-21,2026-02-27
SH000187,O000187,W005,DTDC,Delayed,2025-12-16,2025-12-20
SH000188,O000188,W018,Delhivery,Delayed,2026-05-06,2026-05-11
SH000189,O000189,W017,India Post,Delivered,2026-06-17,2026-06-18
SH000190,O000190,W008,XpressBees,In Transit,2026-05-24,2026-05-27
SH000191,O000191,W009,XpressBees,Delayed,2025-10-26,2025-10-30
SH000192,O000192,W020,XpressBees,In Transit,2026-03-22,2026-03-24
SH000193,O000193,W003,DTDC,Delivered,2025-12-11,2025-12-14
SH000194,O000194,W001,India Post,Delayed,2026-03-15,2026-03-22
SH000195,O000195,W009,India Post,Delayed,2026-05-23,2026-05-29
SH000196,O000196,W004,Ekart,Delivered,2025-10-23,2025-10-24
SH000197,O000197,W018,Blue Dart,Delivered,2025-08-24,2025-08-27
SH000198,O000198,W016,Delhivery,Delayed,2026-01-02,2026-01-09
SH000199,O000199,W015,Blue Dart,Delayed,2026-01-07,2026-01-12
SH000200,O000200,W006,Ekart,Delivered,2025-12-29,2026-01-04
SH000201,O000201,W011,Blue Dart,In Transit,2025-09-12,2025-09-18
SH000202,O000202,W015,Blue Dart,Delayed,2026-03-25,2026-03-30
SH000203,O000203,W016,India Post,Delivered,2026-07-20,2026-07-27
SH000204,O000204,W003,Blue Dart,Delivered,2026-07-09,2026-07-12
SH000205,O000205,W012,Ekart,In Transit,2025-11-05,2025-11-10
SH000206,O000206,W014,XpressBees,In Transit,2026-07-31,2026-08-04
SH000207,O000207,W005,DTDC,In Transit,2025-10-31,2025-11-07
SH000208,O000208,W008,Blue Dart,Delivered,2026-05-23,2026-05-25
SH000209,O000209,W009,XpressBees,Delivered,2025-10-31,2025-11-02
SH000210,O000210,W011,XpressBees,Delivered,2026-02-26,2026-03-03
SH000211,O000211,W005,India Post,Delayed,2026-01-23,2026-01-27
SH000212,O000212,W002,Ekart,In Transit,2026-07-01,2026-07-04
SH000213,O000213,W003,Delhivery,Delivered,2026-05-21,2026-05-24
SH000214,O000214,W011,India Post,Delayed,2025-10-10,2025-10-17
SH000215,O000215,W001,Delhivery,Delayed,2026-06-28,2026-07-04
SH000216,O000216,W003,India Post,In Transit,2026-07-25,2026-07-28
SH000217,O000217,W018,Blue Dart,In Transit,2026-06-11,2026-06-15
SH000218,O000218,W004,XpressBees,Delivered,2026-07-15,2026-07-20
SH000219,O000219,W002,Delhivery,In Transit,2026-04-05,2026-04-09
SH000220,O000220,W015,India Post,In Transit,2026-02-06,2026-02-10
SH000221,O000221,W016,Blue Dart,In Transit,2026-02-28,2026-03-03
SH000222,O000222,W008,DTDC,Delayed,2026-02-06,2026-02-10
SH000223,O000223,W011,India Post,Delayed,2026-06-15,2026-06-21
SH000224,O000224,W008,India Post,Delayed,2025-10-11,2025-10-12
SH000225,O000225,W007,DTDC,Delayed,2026-02-09,2026-02-11
SH000226,O000226,W018,Ekart,Delayed,2026-03-21,2026-03-25
SH000227,O000227,W016,India Post,Delayed,2026-01-19,2026-01-23
SH000228,O000228,W020,Blue Dart,Delivered,2026-05-19,2026-05-21
SH000229,O000229,W014,XpressBees,Delayed,2025-12-30,2025-12-31
SH000230,O000230,W016,DTDC,Delivered,2025-12-17,2025-12-24
SH000231,O000231,W016,Blue Dart,In Transit,2025-11-01,2025-11-08
SH000232,O000232,W006,DTDC,Delivered,2025-09-05,2025-09-11
SH000233,O000233,W003,Blue Dart,In Transit,2026-03-28,2026-04-01
SH000234,O000234,W011,Blue Dart,In Transit,2025-11-07,2025-11-12
SH000235,O000235,W004,Blue Dart,Delivered,2025-08-27,2025-08-29
SH000236,O000236,W004,Ekart,Delayed,2026-07-27,2026-07-28
SH000237,O000237,W010,Ekart,In Transit,2025-09-29,2025-10-06
SH000238,O000238,W003,Ekart,In Transit,2026-07-23,2026-07-30
SH000239,O000239,W011,Blue Dart,Delivered,2026-03-18,2026-03-19
SH000240,O000240,W009,India Post,In Transit,2026-02-23,2026-03-02
SH000241,O000241,W018,XpressBees,Delayed,2025-11-18,2025-11-20
SH000242,O000242,W019,XpressBees,In Transit,2026-03-26,2026-04-02
SH000243,O000243,W011,Delhivery,Delivered,2025-09-14,2025-09-16
SH000244,O000244,W016,Ekart,Delayed,2025-10-15,2025-10-19
SH000245,O000245,W015,India Post,Delivered,2026-06-12,2026-06-15
SH000246,O000246,W009,Blue Dart,In Transit,2026-05-20,2026-05-21
SH000247,O000247,W012,Ekart,Delayed,2026-06-02,2026-06-07
SH000248,O000248,W002,Delhivery,Delayed,2026-08-04,2026-08-11
SH000249,O000249,W012,Blue Dart,In Transit,2026-06-17,2026-06-20
SH000250,O000250,W014,Ekart,Delivered,2025-10-16,2025-10-20
SH000251,O000251,W019,DTDC,Delivered,2025-08-18,2025-08-22
SH000252,O000252,W009,XpressBees,In Transit,2025-10-30,2025-11-04
SH000253,O000253,W013,Blue Dart,Delayed,2025-10-31,2025-11-01
SH000254,O000254,W016,XpressBees,Delayed,2025-10-11,2025-10-16
SH000255,O000255,W016,DTDC,Delayed,2026-05-20,2026-05-21
SH000256,O000256,W015,Blue Dart,In Transit,2026-05-01,2026-05-03
SH000257,O000257,W003,DTDC,Delayed,2025-11-15,2025-11-20
SH000258,O000258,W017,Delhivery,In Transit,2026-06-07,2026-06-13
SH000259,O000259,W006,India Post,In Transit,2026-03-08,2026-03-13
SH000260,O000260,W013,Delhivery,Delayed,2026-04-21,2026-04-28
SH000261,O000261,W011,Blue Dart,Delivered,2026-04-28,2026-05-02
SH000262,O000262,W012,XpressBees,In Transit,2026-03-27,2026-03-31
SH000263,O000263,W014,India Post,Delivered,2025-12-24,2025-12-28
SH000264,O000264,W004,Delhivery,Delivered,2025-09-30,2025-10-07
SH000265,O000265,W017,DTDC,Delayed,2025-12-17,2025-12-18
SH000266,O000266,W002,Blue Dart,In Transit,2025-08-17,2025-08-19
SH000267,O000267,W012,Ekart,Delivered,2026-07-22,2026-07-29
SH000268,O000268,W014,Ekart,In Transit,2026-06-24,2026-07-01
SH000269,O000269,W012,Delhivery,Delivered,2026-01-21,2026-01-25
SH000270,O000270,W004,DTDC,Delivered,2026-06-18,2026-06-20
SH000271,O000271,W010,XpressBees,In Transit,2026-02-18,2026-02-25
SH000272,O000272,W016,India Post,Delayed,2025-12-11,2025-12-18
SH000273,O000273,W011,XpressBees,In Transit,2026-04-03,2026-04-10
SH000274,O000274,W006,Blue Dart,Delayed,2026-08-04,2026-08-10
SH000275,O000275,W002,DTDC,In Transit,2026-06-23,2026-06-30
SH000276,O000276,W010,XpressBees,In Transit,2026-03-21,2026-03-24
SH000277,O000277,W009,XpressBees,Delivered,2026-04-09,2026-04-11
SH000278,O000278,W007,India Post,In Transit,2025-09-07,2025-09-13
SH000279,O000279,W008,XpressBees,In Transit,2026-05-23,2026-05-25
SH000280,O000280,W017,Ekart,In Transit,2026-02-22,2026-02-27
SH000281,O000281,W005,XpressBees,In Transit,2026-01-02,2026-01-04
SH000282,O000282,W020,Blue Dart,In Transit,2025-09-11,2025-09-13
SH000283,O000283,W017,India Post,In Transit,2026-05-14,2026-05-17
SH000284,O000284,W019,India Post,Delayed,2026-04-24,2026-04-25
SH000285,O000285,W019,DTDC,Delayed,2026-02-24,2026-02-27
SH000286,O000286,W004,Delhivery,Delivered,2026-04-25,2026-04-29
SH000287,O000287,W017,XpressBees,In Transit,2026-04-14,2026-04-17
SH000288,O000288,W010,DTDC,In Transit,2025-10-27,2025-10-30
SH000289,O000289,W006,Blue Dart,Delayed,2025-08-21,2025-08-22
SH000290,O000290,W011,Ekart,Delivered,2026-01-12,2026-01-17
SH000291,O000291,W004,Blue Dart,Delivered,2026-01-19,2026-01-20
SH000292,O000292,W011,DTDC,Delivered,2025-09-13,2025-09-19
SH000293,O000293,W006,Ekart,Delayed,2025-08-30,2025-09-05
SH000294,O000294,W004,Ekart,In Transit,2026-03-20,2026-03-27
SH000295,O000295,W007,India Post,Delayed,2025-10-29,2025-11-05
SH000296,O000296,W016,Blue Dart,Delayed,2025-08-26,2025-09-02
SH000297,O000297,W005,Delhivery,In Transit,2025-10-10,2025-10-14
SH000298,O000298,W017,XpressBees,In Transit,2026-01-29,2026-02-04
SH000299,O000299,W010,XpressBees,Delivered,2025-10-31,2025-11-04
SH000300,O000300,W016,Ekart,Delayed,2025-11-01,2025-11-04
SH000301,O000301,W009,Blue Dart,In Transit,2025-09-27,2025-10-03
SH000302,O000302,W006,India Post,Delivered,2025-12-28,2026-01-01
SH000303,O000303,W012,XpressBees,Delivered,2025-12-05,2025-12-09
SH000304,O000304,W016,Ekart,In Transit,2025-08-16,2025-08-21
SH000305,O000305,W019,XpressBees,Delayed,2025-11-29,2025-12-05
SH000306,O000306,W001,Blue Dart,Delivered,2025-09-25,2025-09-28
SH000307,O000307,W009,XpressBees,Delivered,2026-04-06,2026-04-09
SH000308,O000308,W015,Blue Dart,Delivered,2026-01-10,2026-01-14
SH000309,O000309,W009,Blue Dart,Delayed,2026-08-06,2026-08-11
SH000310,O000310,W011,Ekart,Delivered,2025-12-18,2025-12-20
SH000311,O000311,W005,Ekart,In Transit,2026-04-19,2026-04-22
SH000312,O000312,W005,DTDC,Delayed,2025-09-12,2025-09-14
SH000313,O000313,W005,Ekart,In Transit,2025-10-28,2025-10-30
SH000314,O000314,W009,Delhivery,In Transit,2026-04-03,2026-04-06
SH000315,O000315,W004,Delhivery,Delivered,2025-08-23,2025-08-27
SH000316,O000316,W006,XpressBees,Delivered,2025-08-21,2025-08-22
SH000317,O000317,W012,DTDC,Delayed,2026-03-09,2026-03-16
SH000318,O000318,W011,Delhivery,In Transit,2025-10-27,2025-11-03
SH000319,O000319,W003,Delhivery,Delayed,2025-09-26,2025-09-27
SH000320,O000320,W013,Ekart,Delayed,2026-07-09,2026-07-12
SH000321,O000321,W020,Delhivery,In Transit,2026-05-25,2026-05-28
SH000322,O000322,W004,India Post,In Transit,2025-10-20,2025-10-27
SH000323,O000323,W018,Ekart,Delivered,2025-08-21,2025-08-25
SH000324,O000324,W012,DTDC,Delayed,2025-09-25,2025-09-27
SH000325,O000325,W015,Ekart,Delivered,2026-02-15,2026-02-17
SH000326,O000326,W017,Delhivery,Delivered,2026-06-21,2026-06-24
SH000327,O000327,W015,India Post,In Transit,2026-05-28,2026-05-31
SH000328,O000328,W013,Blue Dart,In Transit,2026-04-26,2026-05-01
SH000329,O000329,W006,Ekart,In Transit,2026-03-31,2026-04-05
SH000330,O000330,W011,Ekart,In Transit,2026-03-15,2026-03-17
SH000331,O000331,W016,Ekart,Delayed,2025-12-10,2025-12-16
SH000332,O000332,W020,Blue Dart,Delayed,2026-02-11,2026-02-17
SH000333,O000333,W003,Blue Dart,Delivered,2025-09-27,2025-10-01
SH000334,O000334,W016,Ekart,Delayed,2026-03-13,2026-03-15
SH000335,O000335,W012,India Post,Delayed,2025-08-31,2025-09-04
SH000336,O000336,W016,India Post,Delayed,2025-10-27,2025-10-28
SH000337,O000337,W014,XpressBees,In Transit,2026-05-19,2026-05-22
SH000338,O000338,W003,XpressBees,Delivered,2026-02-14,2026-02-20
SH000339,O000339,W019,DTDC,Delayed,2025-09-30,2025-10-04
SH000340,O000340,W013,Blue Dart,Delivered,2025-11-14,2025-11-17
SH000341,O000341,W007,India Post,In Transit,2026-07-21,2026-07-24
SH000342,O000342,W011,Delhivery,Delivered,2025-12-05,2025-12-10
SH000343,O000343,W011,XpressBees,Delayed,2026-07-30,2026-08-01
SH000344,O000344,W006,Blue Dart,In Transit,2026-02-25,2026-02-27
SH000345,O000345,W019,XpressBees,Delayed,2025-10-05,2025-10-12
SH000346,O000346,W011,Blue Dart,Delayed,2025-10-04,2025-10-10
SH000347,O000347,W008,Ekart,In Transit,2025-10-27,2025-10-30
SH000348,O000348,W020,India Post,Delivered,2025-11-09,2025-11-10
SH000349,O000349,W020,Ekart,In Transit,2026-06-20,2026-06-24
SH000350,O000350,W010,XpressBees,Delayed,2025-12-29,2026-01-05
SH000351,O000351,W014,Blue Dart,Delayed,2026-03-27,2026-04-03
SH000352,O000352,W012,XpressBees,Delivered,2026-03-16,2026-03-20
SH000353,O000353,W013,Delhivery,In Transit,2026-04-16,2026-04-19
SH000354,O000354,W011,Blue Dart,In Transit,2026-07-03,2026-07-10
SH000355,O000355,W005,India Post,Delayed,2026-02-14,2026-02-15
SH000356,O000356,W002,Delhivery,In Transit,2026-01-04,2026-01-05
SH000357,O000357,W010,India Post,Delayed,2026-07-01,2026-07-08
SH000358,O000358,W012,Blue Dart,In Transit,2025-10-03,2025-10-09
SH000359,O000359,W013,India Post,In Transit,2026-03-13,2026-03-19
SH000360,O000360,W004,Delhivery,In Transit,2026-06-02,2026-06-06
SH000361,O000361,W019,Ekart,Delivered,2025-11-23,2025-11-28
SH000362,O000362,W007,Ekart,In Transit,2025-12-31,2026-01-06
SH000363,O000363,W003,Blue Dart,Delayed,2025-10-24,2025-10-26
SH000364,O000364,W020,Blue Dart,In Transit,2025-10-17,2025-10-18
SH000365,O000365,W011,Ekart,Delayed,2026-01-10,2026-01-12
SH000366,O000366,W018,XpressBees,Delayed,2026-02-19,2026-02-20
SH000367,O000367,W009,Delhivery,Delayed,2025-08-21,2025-08-26
SH000368,O000368,W002,XpressBees,Delivered,2026-02-10,2026-02-13
SH000369,O000369,W015,Ekart,In Transit,2026-03-19,2026-03-24
SH000370,O000370,W011,DTDC,Delivered,2025-08-27,2025-08-31
SH000371,O000371,W005,Delhivery,Delayed,2026-01-28,2026-02-02
SH000372,O000372,W010,India Post,In Transit,2026-03-04,2026-03-07
SH000373,O000373,W002,XpressBees,Delayed,2025-11-01,2025-11-08
SH000374,O000374,W010,XpressBees,In Transit,2026-07-05,2026-07-06
SH000375,O000375,W009,DTDC,Delayed,2025-08-11,2025-08-18
SH000376,O000376,W008,India Post,Delivered,2026-01-05,2026-01-12
SH000377,O000377,W013,India Post,In Transit,2025-09-28,2025-10-05
SH000378,O000378,W014,XpressBees,In Transit,2025-12-25,2025-12-27
SH000379,O000379,W020,DTDC,In Transit,2026-04-25,2026-04-26
SH000380,O000380,W009,DTDC,Delivered,2025-09-07,2025-09-12
SH000381,O000381,W002,Blue Dart,In Transit,2026-01-04,2026-01-05
SH000382,O000382,W020,XpressBees,Delayed,2026-07-04,2026-07-06
SH000383,O000383,W015,XpressBees,Delivered,2025-12-05,2025-12-11
SH000384,O000384,W017,India Post,Delivered,2025-11-20,2025-11-26
SH000385,O000385,W005,Blue Dart,Delivered,2026-04-30,2026-05-06
SH000386,O000386,W020,XpressBees,Delivered,2026-02-12,2026-02-14
SH000387,O000387,W007,DTDC,In Transit,2026-04-26,2026-04-28
SH000388,O000388,W014,India Post,In Transit,2025-08-26,2025-08-30
SH000389,O000389,W012,India Post,Delivered,2025-12-30,2026-01-01
SH000390,O000390,W004,XpressBees,Delayed,2025-09-09,2025-09-14
SH000391,O000391,W009,Delhivery,Delivered,2025-11-03,2025-11-05
SH000392,O000392,W001,XpressBees,Delayed,2026-03-24,2026-03-29
SH000393,O000393,W017,XpressBees,Delayed,2025-10-25,2025-10-30
SH000394,O000394,W017,India Post,In Transit,2025-09-04,2025-09-05
SH000395,O000395,W003,India Post,Delivered,2025-12-25,2026-01-01
SH000396,O000396,W016,Delhivery,Delayed,2026-05-12,2026-05-13
SH000397,O000397,W004,XpressBees,In Transit,2025-08-11,2025-08-16
SH000398,O000398,W002,Blue Dart,Delayed,2025-11-27,2025-12-02
SH000399,O000399,W002,India Post,Delayed,2025-09-17,2025-09-24
SH000400,O000400,W006,XpressBees,Delayed,2026-06-07,2026-06-11
SH000401,O000401,W003,DTDC,In Transit,2026-04-08,2026-04-10
SH000402,O000402,W012,Blue Dart,Delivered,2026-05-30,2026-06-01
SH000403,O000403,W011,Blue Dart,In Transit,2025-12-31,2026-01-01
SH000404,O000404,W015,Blue Dart,In Transit,2026-01-17,2026-01-20
SH000405,O000405,W006,India Post,Delivered,2026-03-11,2026-03-12
SH000406,O000406,W011,India Post,Delivered,2026-05-28,2026-06-01
SH000407,O000407,W009,Delhivery,In Transit,2026-07-18,2026-07-22
SH000408,O000408,W017,India Post,Delayed,2026-04-07,2026-04-09
SH000409,O000409,W015,Delhivery,In Transit,2026-02-15,2026-02-21
SH000410,O000410,W003,Ekart,In Transit,2026-07-03,2026-07-05
SH000411,O000411,W006,India Post,Delivered,2025-09-30,2025-10-05
SH000412,O000412,W011,DTDC,Delivered,2026-08-01,2026-08-05
SH000413,O000413,W011,XpressBees,Delivered,2026-05-16,2026-05-23
SH000414,O000414,W002,India Post,In Transit,2026-04-16,2026-04-17
SH000415,O000415,W010,XpressBees,Delayed,2026-02-13,2026-02-16
SH000416,O000416,W006,Ekart,In Transit,2025-09-10,2025-09-16
SH000417,O000417,W002,Blue Dart,Delivered,2026-05-21,2026-05-22
SH000418,O000418,W003,XpressBees,Delivered,2026-05-30,2026-06-06
SH000419,O000419,W003,DTDC,Delayed,2026-01-27,2026-02-03
SH000420,O000420,W002,Ekart,Delayed,2025-09-21,2025-09-24
SH000421,O000421,W015,India Post,Delivered,2026-07-30,2026-08-04
SH000422,O000422,W007,XpressBees,Delivered,2026-03-06,2026-03-12
SH000423,O000423,W011,Blue Dart,Delayed,2026-06-12,2026-06-14
SH000424,O000424,W003,Ekart,Delivered,2026-06-02,2026-06-03
SH000425,O000425,W007,DTDC,Delivered,2025-10-12,2025-10-17
SH000426,O000426,W008,DTDC,Delivered,2026-07-30,2026-08-05
SH000427,O000427,W005,Ekart,Delayed,2026-01-04,2026-01-07
SH000428,O000428,W012,Blue Dart,Delivered,2026-05-02,2026-05-08
SH000429,O000429,W005,India Post,Delivered,2026-02-08,2026-02-11
SH000430,O000430,W011,XpressBees,Delayed,2025-09-08,2025-09-11
SH000431,O000431,W003,Ekart,Delivered,2025-10-03,2025-10-04
SH000432,O000432,W001,Blue Dart,Delivered,2026-07-16,2026-07-22
SH000433,O000433,W019,Blue Dart,Delayed,2026-06-22,2026-06-29
SH000434,O000434,W017,Ekart,Delayed,2026-05-08,2026-05-11
SH000435,O000435,W007,DTDC,In Transit,2026-06-22,2026-06-27
SH000436,O000436,W020,Ekart,Delayed,2025-11-23,2025-11-29
SH000437,O000437,W018,DTDC,Delivered,2026-06-27,2026-06-30
SH000438,O000438,W007,XpressBees,In Transit,2026-07-30,2026-08-01
SH000439,O000439,W020,XpressBees,Delayed,2026-06-22,2026-06-24
SH000440,O000440,W005,Delhivery,Delivered,2026-04-17,2026-04-23
SH000441,O000441,W009,Blue Dart,In Transit,2026-01-05,2026-01-09
SH000442,O000442,W004,India Post,Delayed,2026-07-03,2026-07-10
SH000443,O000443,W009,DTDC,In Transit,2026-01-05,2026-01-07
SH000444,O000444,W010,Ekart,Delivered,2026-05-20,2026-05-21
SH000445,O000445,W017,India Post,In Transit,2026-05-16,2026-05-20
SH000446,O000446,W020,Ekart,Delivered,2026-04-19,2026-04-21
SH000447,O000447,W013,Blue Dart,Delayed,2026-02-18,2026-02-24
SH000448,O000448,W010,India Post,In Transit,2026-06-05,2026-06-12
SH000449,O000449,W003,Ekart,In Transit,2025-10-07,2025-10-11
SH000450,O000450,W013,Delhivery,Delayed,2025-08-30,2025-09-04
SH000451,O000451,W016,Delhivery,Delayed,2025-11-11,2025-11-17
SH000452,O000452,W006,Delhivery,In Transit,2026-06-07,2026-06-14
SH000453,O000453,W008,India Post,In Transit,2025-10-31,2025-11-07
SH000454,O000454,W015,India Post,Delivered,2026-06-25,2026-06-30
SH000455,O000455,W007,XpressBees,In Transit,2026-04-15,2026-04-16
SH000456,O000456,W017,DTDC,Delayed,2026-06-10,2026-06-14
SH000457,O000457,W006,India Post,Delivered,2025-12-25,2025-12-26
SH000458,O000458,W008,India Post,Delivered,2026-04-22,2026-04-26
SH000459,O000459,W004,Ekart,In Transit,2025-11-19,2025-11-22
SH000460,O000460,W018,Blue Dart,Delayed,2026-05-24,2026-05-26
SH000461,O000461,W016,India Post,Delivered,2026-02-01,2026-02-07
SH000462,O000462,W013,India Post,In Transit,2026-06-05,2026-06-08
SH000463,O000463,W010,Delhivery,Delayed,2025-08-29,2025-09-04
SH000464,O000464,W020,Blue Dart,Delivered,2026-05-09,2026-05-13
SH000465,O000465,W014,Blue Dart,Delayed,2025-10-24,2025-10-28
SH000466,O000466,W020,Blue Dart,In Transit,2025-12-13,2025-12-17
SH000467,O000467,W004,Blue Dart,Delivered,2025-10-28,2025-11-03
SH000468,O000468,W012,Blue Dart,Delayed,2026-03-13,2026-03-18
SH000469,O000469,W009,India Post,Delivered,2025-10-04,2025-10-06
SH000470,O000470,W006,DTDC,In Transit,2025-09-24,2025-10-01
SH000471,O000471,W003,Ekart,Delivered,2026-01-30,2026-02-05
SH000472,O000472,W008,India Post,In Transit,2026-07-31,2026-08-02
SH000473,O000473,W020,DTDC,Delivered,2026-02-28,2026-03-04
SH000474,O000474,W001,Blue Dart,In Transit,2026-06-14,2026-06-21
SH000475,O000475,W011,Delhivery,Delivered,2025-11-08,2025-11-09
SH000476,O000476,W011,XpressBees,In Transit,2026-07-09,2026-07-15
SH000477,O000477,W018,DTDC,Delayed,2025-08-08,2025-08-11
SH000478,O000478,W016,Blue Dart,Delivered,2025-10-06,2025-10-11
SH000479,O000479,W017,Blue Dart,In Transit,2026-02-27,2026-03-01
SH000480,O000480,W016,XpressBees,Delayed,2025-12-25,2026-01-01
SH000481,O000481,W006,Blue Dart,Delayed,2025-10-22,2025-10-29
SH000482,O000482,W013,XpressBees,Delayed,2026-06-13,2026-06-18
SH000483,O000483,W003,Blue Dart,In Transit,2025-08-09,2025-08-13
SH000484,O000484,W004,DTDC,Delayed,2026-07-01,2026-07-02
SH000485,O000485,W019,Ekart,In Transit,2026-05-13,2026-05-19
SH000486,O000486,W008,Blue Dart,In Transit,2026-04-16,2026-04-20
SH000487,O000487,W009,India Post,In Transit,2025-11-17,2025-11-23
SH000488,O000488,W007,Ekart,Delivered,2025-11-28,2025-12-01
SH000489,O000489,W017,Ekart,Delivered,2025-12-04,2025-12-06
SH000490,O000490,W001,Ekart,In Transit,2025-12-03,2025-12-07
SH000491,O000491,W001,Ekart,Delivered,2025-12-14,2025-12-20
SH000492,O000492,W018,Ekart,Delayed,2025-10-23,2025-10-26
SH000493,O000493,W014,Delhivery,Delivered,2026-05-02,2026-05-04
SH000494,O000494,W013,Blue Dart,Delivered,2026-02-20,2026-02-23
SH000495,O000495,W002,Delhivery,Delivered,2026-03-16,2026-03-23
SH000496,O000496,W001,Delhivery,Delivered,2026-01-22,2026-01-29
SH000497,O000497,W014,Ekart,Delivered,2026-03-23,2026-03-27
SH000498,O000498,W015,Ekart,In Transit,2025-10-03,2025-10-06
SH000499,O000499,W014,India Post,In Transit,2026-06-09,2026-06-10
SH000500,O000500,W019,India Post,Delivered,2026-01-16,2026-01-18
SH000501,O000501,W009,DTDC,Delivered,2025-12-17,2025-12-21
SH000502,O000502,W010,Ekart,Delivered,2026-01-08,2026-01-09
SH000503,O000503,W008,Blue Dart,Delayed,2025-10-18,2025-10-22
SH000504,O000504,W014,India Post,Delayed,2026-02-11,2026-02-12
SH000505,O000505,W007,Delhivery,In Transit,2025-11-17,2025-11-20
SH000506,O000506,W001,Blue Dart,Delivered,2025-12-28,2026-01-02
SH000507,O000507,W017,Blue Dart,Delayed,2026-04-26,2026-05-03
SH000508,O000508,W013,XpressBees,In Transit,2026-04-02,2026-04-07
SH000509,O000509,W008,XpressBees,Delayed,2026-04-28,2026-05-01
SH000510,O000510,W001,XpressBees,Delivered,2025-10-13,2025-10-19
SH000511,O000511,W015,XpressBees,In Transit,2025-11-22,2025-11-29
SH000512,O000512,W004,Delhivery,In Transit,2026-02-15,2026-02-22
SH000513,O000513,W014,Ekart,Delayed,2026-02-06,2026-02-07
SH000514,O000514,W004,XpressBees,Delivered,2026-01-31,2026-02-02
SH000515,O000515,W012,Blue Dart,Delivered,2025-10-16,2025-10-21
SH000516,O000516,W017,XpressBees,Delayed,2025-12-22,2025-12-24
SH000517,O000517,W019,XpressBees,In Transit,2025-11-11,2025-11-12
SH000518,O000518,W020,Ekart,Delivered,2026-03-05,2026-03-11
SH000519,O000519,W015,Ekart,Delivered,2026-04-09,2026-04-14
SH000520,O000520,W004,Ekart,Delivered,2026-06-01,2026-06-03
SH000521,O000521,W001,Ekart,Delayed,2026-06-18,2026-06-25
SH000522,O000522,W010,Ekart,Delivered,2025-11-22,2025-11-23
SH000523,O000523,W002,DTDC,Delivered,2026-07-09,2026-07-11
SH000524,O000524,W001,Ekart,In Transit,2026-01-23,2026-01-27
SH000525,O000525,W005,XpressBees,Delivered,2026-06-02,2026-06-03
SH000526,O000526,W001,India Post,Delivered,2025-10-10,2025-10-14
SH000527,O000527,W013,DTDC,In Transit,2025-10-26,2025-10-27
SH000528,O000528,W007,Delhivery,In Transit,2025-10-16,2025-10-19
SH000529,O000529,W005,India Post,In Transit,2025-10-24,2025-10-26
SH000530,O000530,W011,Ekart,Delivered,2026-02-02,2026-02-08
SH000531,O000531,W006,India Post,In Transit,2025-12-27,2026-01-03
SH000532,O000532,W002,Ekart,Delivered,2025-10-07,2025-10-10
SH000533,O000533,W008,Blue Dart,In Transit,2025-12-10,2025-12-16
SH000534,O000534,W019,Delhivery,In Transit,2026-06-15,2026-06-20
SH000535,O000535,W011,India Post,In Transit,2025-08-10,2025-08-16
SH000536,O000536,W017,India Post,Delivered,2026-03-23,2026-03-29
SH000537,O000537,W002,Delhivery,Delivered,2026-05-15,2026-05-17
SH000538,O000538,W017,Ekart,Delayed,2026-02-05,2026-02-09
SH000539,O000539,W003,Blue Dart,Delivered,2025-08-27,2025-09-02
SH000540,O000540,W014,DTDC,Delayed,2026-03-20,2026-03-24
SH000541,O000541,W008,DTDC,Delayed,2025-08-09,2025-08-15
SH000542,O000542,W005,XpressBees,In Transit,2025-11-12,2025-11-19
SH000543,O000543,W018,India Post,Delivered,2026-03-03,2026-03-04
SH000544,O000544,W006,XpressBees,In Transit,2026-06-27,2026-06-29
SH000545,O000545,W011,Blue Dart,In Transit,2025-10-25,2025-10-28
SH000546,O000546,W006,DTDC,Delayed,2025-09-29,2025-10-06
SH000547,O000547,W016,India Post,Delivered,2026-07-11,2026-07-16
SH000548,O000548,W002,India Post,Delivered,2026-03-15,2026-03-17
SH000549,O000549,W011,Delhivery,In Transit,2026-01-25,2026-01-29
SH000550,O000550,W003,India Post,In Transit,2026-07-01,2026-07-03
SH000551,O000551,W013,Delhivery,In Transit,2025-10-03,2025-10-08
SH000552,O000552,W014,DTDC,Delivered,2026-05-19,2026-05-20
SH000553,O000553,W020,XpressBees,Delayed,2026-06-09,2026-06-12
SH000554,O000554,W012,Delhivery,In Transit,2026-07-12,2026-07-14
SH000555,O000555,W007,India Post,Delayed,2025-11-23,2025-11-25
SH000556,O000556,W003,XpressBees,In Transit,2025-10-19,2025-10-21
SH000557,O000557,W008,Blue Dart,Delivered,2026-05-25,2026-05-27
SH000558,O000558,W011,India Post,In Transit,2025-09-19,2025-09-20
SH000559,O000559,W001,Delhivery,Delivered,2026-07-20,2026-07-22
SH000560,O000560,W009,DTDC,In Transit,2025-12-19,2025-12-20
SH000561,O000561,W003,XpressBees,Delayed,2026-01-25,2026-01-28
SH000562,O000562,W018,DTDC,Delayed,2026-01-30,2026-02-02
SH000563,O000563,W018,XpressBees,Delayed,2026-02-11,2026-02-17
SH000564,O000564,W014,DTDC,In Transit,2025-10-14,2025-10-21
SH000565,O000565,W011,Ekart,Delivered,2026-01-18,2026-01-22
SH000566,O000566,W014,Ekart,In Transit,2025-11-21,2025-11-22
SH000567,O000567,W013,XpressBees,Delivered,2025-08-30,2025-08-31
SH000568,O000568,W005,DTDC,In Transit,2025-12-01,2025-12-02
SH000569,O000569,W015,DTDC,In Transit,2026-01-05,2026-01-11
SH000570,O000570,W018,XpressBees,In Transit,2026-03-16,2026-03-19
SH000571,O000571,W006,XpressBees,Delayed,2025-09-09,2025-09-11
SH000572,O000572,W007,Blue Dart,In Transit,2025-12-06,2025-12-12
SH000573,O000573,W005,XpressBees,In Transit,2025-09-24,2025-10-01
SH000574,O000574,W019,XpressBees,In Transit,2026-07-28,2026-07-29
SH000575,O000575,W020,Delhivery,In Transit,2026-05-03,2026-05-09
SH000576,O000576,W017,Ekart,Delayed,2025-12-18,2025-12-25
SH000577,O000577,W007,Ekart,Delayed,2026-07-11,2026-07-16
SH000578,O000578,W011,XpressBees,Delivered,2026-07-01,2026-07-04
SH000579,O000579,W011,DTDC,Delivered,2026-01-17,2026-01-18
SH000580,O000580,W020,DTDC,In Transit,2026-06-01,2026-06-04
SH000581,O000581,W017,DTDC,Delivered,2025-12-12,2025-12-19
SH000582,O000582,W005,Ekart,Delivered,2025-12-02,2025-12-06
SH000583,O000583,W007,DTDC,Delayed,2026-04-19,2026-04-21
SH000584,O000584,W012,Ekart,Delivered,2026-07-30,2026-08-05
SH000585,O000585,W018,India Post,In Transit,2025-12-13,2025-12-19
SH000586,O000586,W020,Delhivery,In Transit,2025-09-23,2025-09-26
SH000587,O000587,W013,Ekart,Delayed,2025-12-06,2025-12-11
SH000588,O000588,W008,DTDC,In Transit,2026-08-01,2026-08-02
SH000589,O000589,W007,Ekart,Delivered,2026-05-29,2026-06-01
SH000590,O000590,W006,Ekart,In Transit,2026-04-24,2026-04-29
SH000591,O000591,W008,India Post,Delayed,2026-06-09,2026-06-16
SH000592,O000592,W015,Ekart,In Transit,2025-10-15,2025-10-19
SH000593,O000593,W001,Delhivery,Delivered,2026-06-05,2026-06-06
SH000594,O000594,W015,Blue Dart,In Transit,2026-02-10,2026-02-13
SH000595,O000595,W016,Blue Dart,In Transit,2026-06-06,2026-06-11
SH000596,O000596,W013,Delhivery,Delayed,2026-05-27,2026-05-28
SH000597,O000597,W020,Delhivery,Delivered,2026-05-25,2026-06-01
SH000598,O000598,W006,Delhivery,In Transit,2026-06-04,2026-06-11
SH000599,O000599,W003,Blue Dart,Delivered,2026-04-21,2026-04-22
SH000600,O000600,W009,India Post,In Transit,2026-02-10,2026-02-14
SH000601,O000601,W008,India Post,In Transit,2026-01-10,2026-01-16
SH000602,O000602,W008,India Post,Delayed,2026-03-10,2026-03-16
SH000603,O000603,W014,Delhivery,In Transit,2025-10-30,2025-11-05
SH000604,O000604,W017,DTDC,Delivered,2025-10-25,2025-10-31
SH000605,O000605,W007,Blue Dart,Delayed,2026-06-28,2026-07-01
SH000606,O000606,W011,India Post,In Transit,2025-10-04,2025-10-06
SH000607,O000607,W017,DTDC,Delayed,2025-10-23,2025-10-24
SH000608,O000608,W010,XpressBees,In Transit,2026-04-11,2026-04-12
SH000609,O000609,W018,Delhivery,In Transit,2025-12-03,2025-12-05
SH000610,O000610,W014,Blue Dart,In Transit,2026-02-24,2026-03-02
SH000611,O000611,W011,XpressBees,In Transit,2025-10-29,2025-10-31
SH000612,O000612,W018,XpressBees,Delivered,2026-07-16,2026-07-23
SH000613,O000613,W005,Ekart,Delayed,2026-07-02,2026-07-06
SH000614,O000614,W008,XpressBees,Delayed,2025-09-18,2025-09-23
SH000615,O000615,W006,XpressBees,Delivered,2026-03-24,2026-03-26
SH000616,O000616,W002,India Post,In Transit,2025-09-25,2025-09-30
SH000617,O000617,W006,DTDC,Delivered,2026-01-07,2026-01-14
SH000618,O000618,W017,DTDC,In Transit,2025-10-20,2025-10-23
SH000619,O000619,W002,DTDC,Delayed,2026-05-19,2026-05-24
SH000620,O000620,W014,Delhivery,Delivered,2026-03-09,2026-03-13
SH000621,O000621,W009,XpressBees,Delivered,2025-12-16,2025-12-21
SH000622,O000622,W004,XpressBees,Delivered,2026-01-25,2026-01-30
SH000623,O000623,W016,XpressBees,Delivered,2026-07-31,2026-08-06
SH000624,O000624,W020,India Post,In Transit,2026-06-22,2026-06-25
SH000625,O000625,W015,Blue Dart,Delayed,2025-08-10,2025-08-11
SH000626,O000626,W017,DTDC,Delivered,2025-10-04,2025-10-09
SH000627,O000627,W012,Delhivery,Delivered,2026-07-22,2026-07-26
SH000628,O000628,W020,Blue Dart,In Transit,2025-12-01,2025-12-06
SH000629,O000629,W014,XpressBees,Delayed,2025-12-29,2026-01-04
SH000630,O000630,W002,Blue Dart,Delayed,2025-12-26,2025-12-27
SH000631,O000631,W020,XpressBees,Delivered,2026-02-20,2026-02-21
SH000632,O000632,W001,Blue Dart,Delayed,2025-08-16,2025-08-17
SH000633,O000633,W018,Delhivery,Delivered,2025-11-08,2025-11-15
SH000634,O000634,W020,Blue Dart,Delivered,2025-12-06,2025-12-07
SH000635,O000635,W016,DTDC,Delayed,2026-05-02,2026-05-05
SH000636,O000636,W011,XpressBees,Delivered,2026-04-30,2026-05-05
SH000637,O000637,W016,Delhivery,Delayed,2026-01-08,2026-01-14
SH000638,O000638,W013,XpressBees,In Transit,2026-07-22,2026-07-26
SH000639,O000639,W018,Delhivery,In Transit,2026-06-20,2026-06-27
SH000640,O000640,W002,Blue Dart,Delayed,2025-11-18,2025-11-22
SH000641,O000641,W020,Blue Dart,Delivered,2025-08-30,2025-08-31
SH000642,O000642,W002,Ekart,Delayed,2026-02-28,2026-03-07
SH000643,O000643,W001,India Post,In Transit,2026-07-01,2026-07-04
SH000644,O000644,W006,DTDC,Delivered,2026-03-02,2026-03-05
SH000645,O000645,W011,Ekart,Delayed,2025-12-07,2025-12-12
SH000646,O000646,W019,Ekart,Delivered,2025-09-14,2025-09-18
SH000647,O000647,W004,India Post,Delayed,2026-03-18,2026-03-25
SH000648,O000648,W016,Delhivery,Delivered,2026-07-25,2026-07-27
SH000649,O000649,W007,Blue Dart,Delivered,2026-06-24,2026-06-28
SH000650,O000650,W012,DTDC,Delivered,2025-08-29,2025-09-02
SH000651,O000651,W015,Delhivery,Delayed,2025-11-20,2025-11-24
SH000652,O000652,W019,Blue Dart,In Transit,2025-10-19,2025-10-25
SH000653,O000653,W001,Ekart,Delivered,2025-12-25,2025-12-30
SH000654,O000654,W001,XpressBees,Delayed,2026-07-22,2026-07-28
SH000655,O000655,W015,Blue Dart,In Transit,2025-10-09,2025-10-10
SH000656,O000656,W007,XpressBees,In Transit,2026-06-05,2026-06-08
SH000657,O000657,W005,Blue Dart,In Transit,2025-12-04,2025-12-11
SH000658,O000658,W007,XpressBees,Delivered,2025-08-18,2025-08-24
SH000659,O000659,W018,DTDC,In Transit,2025-12-08,2025-12-09
SH000660,O000660,W017,Delhivery,Delayed,2026-07-08,2026-07-13
SH000661,O000661,W009,Ekart,Delayed,2026-01-28,2026-01-29
SH000662,O000662,W020,Delhivery,Delayed,2026-01-06,2026-01-13
SH000663,O000663,W008,Ekart,In Transit,2025-10-04,2025-10-09
SH000664,O000664,W007,Blue Dart,Delivered,2026-02-07,2026-02-08
SH000665,O000665,W016,India Post,Delivered,2025-11-11,2025-11-15
SH000666,O000666,W010,XpressBees,Delayed,2025-10-08,2025-10-09
SH000667,O000667,W008,Blue Dart,In Transit,2026-05-15,2026-05-20
SH000668,O000668,W020,India Post,Delayed,2026-05-29,2026-05-30
SH000669,O000669,W014,India Post,Delayed,2026-05-07,2026-05-13
SH000670,O000670,W018,Delhivery,Delivered,2026-02-07,2026-02-13
SH000671,O000671,W006,XpressBees,Delayed,2025-09-09,2025-09-11
SH000672,O000672,W016,Delhivery,In Transit,2025-10-25,2025-10-31
SH000673,O000673,W003,DTDC,In Transit,2025-12-16,2025-12-21
SH000674,O000674,W012,DTDC,Delayed,2026-05-03,2026-05-05
SH000675,O000675,W019,Ekart,Delayed,2026-01-22,2026-01-29
SH000676,O000676,W014,India Post,Delivered,2026-05-14,2026-05-19
SH000677,O000677,W002,India Post,Delayed,2025-08-31,2025-09-04
SH000678,O000678,W010,DTDC,Delayed,2026-01-15,2026-01-16
SH000679,O000679,W017,Blue Dart,Delivered,2026-01-28,2026-02-01
SH000680,O000680,W019,Ekart,Delayed,2026-04-22,2026-04-28
SH000681,O000681,W003,Ekart,Delivered,2026-07-13,2026-07-14
SH000682,O000682,W016,Blue Dart,Delayed,2025-09-14,2025-09-15
SH000683,O000683,W007,DTDC,In Transit,2026-01-19,2026-01-26
SH000684,O000684,W007,XpressBees,Delivered,2026-04-09,2026-04-11
SH000685,O000685,W003,Blue Dart,Delayed,2025-08-06,2025-08-07
SH000686,O000686,W005,XpressBees,Delivered,2025-08-15,2025-08-17
SH000687,O000687,W002,India Post,In Transit,2025-10-03,2025-10-08
SH000688,O000688,W011,Blue Dart,Delayed,2025-12-07,2025-12-08
SH000689,O000689,W018,DTDC,In Transit,2025-09-18,2025-09-24
SH000690,O000690,W019,DTDC,Delayed,2026-06-16,2026-06-23
SH000691,O000691,W014,DTDC,Delayed,2025-11-04,2025-11-06
SH000692,O000692,W019,Delhivery,Delivered,2026-01-27,2026-01-29
SH000693,O000693,W015,DTDC,In Transit,2025-09-05,2025-09-10
SH000694,O000694,W003,DTDC,Delayed,2025-09-30,2025-10-02
SH000695,O000695,W014,DTDC,In Transit,2025-12-24,2025-12-30
SH000696,O000696,W002,Blue Dart,In Transit,2025-11-23,2025-11-25
SH000697,O000697,W011,India Post,In Transit,2026-06-24,2026-07-01
SH000698,O000698,W008,Delhivery,Delayed,2025-09-02,2025-09-08
SH000699,O000699,W020,India Post,Delivered,2025-09-12,2025-09-15
SH000700,O000700,W017,Delhivery,In Transit,2026-05-18,2026-05-23
SH000701,O000701,W005,Delhivery,Delayed,2025-12-04,2025-12-11
SH000702,O000702,W005,Blue Dart,Delivered,2026-04-03,2026-04-05
SH000703,O000703,W020,Delhivery,Delivered,2026-03-07,2026-03-09
SH000704,O000704,W019,DTDC,In Transit,2026-01-05,2026-01-12
SH000705,O000705,W018,India Post,In Transit,2026-06-11,2026-06-15
SH000706,O000706,W011,XpressBees,Delayed,2026-04-30,2026-05-01
SH000707,O000707,W006,India Post,In Transit,2025-09-28,2025-10-01
SH000708,O000708,W009,Delhivery,In Transit,2026-06-03,2026-06-05
SH000709,O000709,W008,XpressBees,Delayed,2026-02-14,2026-02-16
SH000710,O000710,W015,DTDC,Delivered,2026-01-04,2026-01-08
SH000711,O000711,W007,DTDC,In Transit,2025-10-21,2025-10-25
SH000712,O000712,W013,Blue Dart,Delayed,2026-05-13,2026-05-15
SH000713,O000713,W013,DTDC,Delivered,2026-06-07,2026-06-14
SH000714,O000714,W012,Delhivery,Delayed,2026-01-13,2026-01-15
SH000715,O000715,W008,Blue Dart,In Transit,2026-06-02,2026-06-04
SH000716,O000716,W019,XpressBees,In Transit,2026-06-11,2026-06-16
SH000717,O000717,W004,Blue Dart,Delivered,2025-10-10,2025-10-13
SH000718,O000718,W013,Blue Dart,Delivered,2025-10-14,2025-10-16
SH000719,O000719,W001,Ekart,Delayed,2025-11-06,2025-11-13
SH000720,O000720,W007,DTDC,Delayed,2025-10-24,2025-10-31
SH000721,O000721,W012,XpressBees,Delayed,2026-07-14,2026-07-15
SH000722,O000722,W020,India Post,Delayed,2026-06-08,2026-06-12
SH000723,O000723,W017,DTDC,In Transit,2025-11-25,2025-12-02
SH000724,O000724,W001,Ekart,Delivered,2026-01-12,2026-01-16
SH000725,O000725,W016,Blue Dart,Delayed,2025-09-09,2025-09-10
SH000726,O000726,W018,DTDC,In Transit,2025-10-15,2025-10-17
SH000727,O000727,W005,XpressBees,Delayed,2026-01-04,2026-01-08
SH000728,O000728,W006,DTDC,Delivered,2026-01-14,2026-01-15
SH000729,O000729,W020,Ekart,Delivered,2026-07-18,2026-07-25
SH000730,O000730,W014,DTDC,Delivered,2026-05-31,2026-06-01
SH000731,O000731,W014,India Post,In Transit,2025-11-22,2025-11-23
SH000732,O000732,W010,Delhivery,Delivered,2026-07-25,2026-07-29
SH000733,O000733,W010,DTDC,Delayed,2026-06-29,2026-07-04
SH000734,O000734,W005,Delhivery,Delivered,2025-11-11,2025-11-17
SH000735,O000735,W011,Blue Dart,In Transit,2026-07-12,2026-07-17
SH000736,O000736,W006,Delhivery,In Transit,2025-10-26,2025-10-30
SH000737,O000737,W018,Ekart,In Transit,2025-10-26,2025-10-30
SH000738,O000738,W004,Blue Dart,In Transit,2025-10-22,2025-10-24
SH000739,O000739,W017,XpressBees,Delayed,2026-04-23,2026-04-29
SH000740,O000740,W004,Blue Dart,Delayed,2026-07-24,2026-07-30
SH000741,O000741,W004,DTDC,Delayed,2026-03-07,2026-03-12
SH000742,O000742,W015,Delhivery,Delivered,2026-06-22,2026-06-23
SH000743,O000743,W018,Blue Dart,Delivered,2025-09-06,2025-09-10
SH000744,O000744,W013,Delhivery,Delivered,2026-07-21,2026-07-25
SH000745,O000745,W017,Ekart,Delayed,2025-10-01,2025-10-05
SH000746,O000746,W020,India Post,Delayed,2025-10-22,2025-10-25
SH000747,O000747,W018,India Post,Delayed,2025-08-23,2025-08-28
SH000748,O000748,W013,DTDC,In Transit,2025-08-24,2025-08-30
SH000749,O000749,W015,Blue Dart,Delivered,2025-12-17,2025-12-18
SH000750,O000750,W003,Blue Dart,Delivered,2025-09-08,2025-09-14
SH000751,O000751,W001,Blue Dart,In Transit,2026-03-27,2026-03-29
SH000752,O000752,W006,DTDC,Delayed,2026-05-14,2026-05-15
SH000753,O000753,W015,Delhivery,In Transit,2026-06-22,2026-06-28
SH000754,O000754,W016,India Post,In Transit,2026-06-19,2026-06-22
SH000755,O000755,W012,XpressBees,Delivered,2026-05-24,2026-05-30
SH000756,O000756,W006,Blue Dart,Delayed,2025-09-22,2025-09-28
SH000757,O000757,W004,Blue Dart,Delayed,2026-03-19,2026-03-26
SH000758,O000758,W007,Ekart,In Transit,2026-05-16,2026-05-20
SH000759,O000759,W010,Ekart,Delivered,2026-04-23,2026-04-25
SH000760,O000760,W012,Delhivery,Delivered,2025-08-17,2025-08-19
SH000761,O000761,W004,DTDC,Delayed,2026-07-29,2026-08-05
SH000762,O000762,W014,DTDC,Delayed,2025-11-15,2025-11-20
SH000763,O000763,W014,XpressBees,In Transit,2026-07-09,2026-07-11
SH000764,O000764,W020,Blue Dart,Delayed,2025-12-31,2026-01-01
SH000765,O000765,W002,Ekart,In Transit,2026-03-24,2026-03-30
SH000766,O000766,W008,Delhivery,In Transit,2026-04-01,2026-04-04
SH000767,O000767,W020,India Post,In Transit,2025-08-25,2025-08-28
SH000768,O000768,W010,India Post,In Transit,2025-10-08,2025-10-15
SH000769,O000769,W013,DTDC,In Transit,2025-09-02,2025-09-04
SH000770,O000770,W014,Ekart,In Transit,2026-04-18,2026-04-22
SH000771,O000771,W003,Ekart,In Transit,2025-10-31,2025-11-03
SH000772,O000772,W016,Ekart,Delivered,2026-06-29,2026-07-04
SH000773,O000773,W004,Delhivery,Delivered,2026-01-28,2026-02-01
SH000774,O000774,W004,India Post,Delayed,2026-02-05,2026-02-06
SH000775,O000775,W002,India Post,Delayed,2025-10-20,2025-10-21
SH000776,O000776,W003,India Post,Delayed,2026-06-14,2026-06-15
SH000777,O000777,W017,DTDC,Delayed,2026-03-21,2026-03-25
SH000778,O000778,W015,India Post,Delayed,2025-12-08,2025-12-12
SH000779,O000779,W020,XpressBees,Delivered,2025-11-10,2025-11-17
SH000780,O000780,W005,Ekart,In Transit,2025-10-29,2025-10-30
SH000781,O000781,W003,Delhivery,Delayed,2026-04-09,2026-04-12
SH000782,O000782,W011,Delhivery,Delivered,2025-09-18,2025-09-25
SH000783,O000783,W013,Blue Dart,Delivered,2025-08-31,2025-09-07
SH000784,O000784,W017,DTDC,In Transit,2026-04-11,2026-04-13
SH000785,O000785,W018,Blue Dart,In Transit,2025-11-17,2025-11-18
SH000786,O000786,W009,Ekart,Delivered,2025-09-27,2025-10-01
SH000787,O000787,W008,Ekart,In Transit,2025-08-27,2025-09-02
SH000788,O000788,W017,XpressBees,Delivered,2026-06-22,2026-06-23
SH000789,O000789,W010,Blue Dart,In Transit,2025-11-09,2025-11-10
SH000790,O000790,W016,DTDC,In Transit,2025-08-31,2025-09-07
SH000791,O000791,W018,DTDC,In Transit,2026-04-15,2026-04-16
SH000792,O000792,W014,DTDC,In Transit,2026-01-06,2026-01-09
SH000793,O000793,W015,Blue Dart,Delayed,2025-08-30,2025-09-04
SH000794,O000794,W008,DTDC,Delivered,2025-10-10,2025-10-11
SH000795,O000795,W015,DTDC,Delayed,2025-12-16,2025-12-23
SH000796,O000796,W018,India Post,Delivered,2026-02-18,2026-02-20
SH000797,O000797,W008,XpressBees,In Transit,2025-12-11,2025-12-16
SH000798,O000798,W011,India Post,In Transit,2026-05-30,2026-06-03
SH000799,O000799,W010,XpressBees,Delivered,2026-05-26,2026-05-30
SH000800,O000800,W009,DTDC,Delayed,2025-11-09,2025-11-10
SH000801,O000801,W010,DTDC,In Transit,2026-05-10,2026-05-12
SH000802,O000802,W016,DTDC,Delivered,2025-08-25,2025-09-01
SH000803,O000803,W016,Ekart,Delivered,2026-02-25,2026-03-01
SH000804,O000804,W001,Blue Dart,In Transit,2026-01-12,2026-01-13
SH000805,O000805,W015,Delhivery,Delivered,2025-11-09,2025-11-12
SH000806,O000806,W009,Blue Dart,Delayed,2026-05-25,2026-05-28
SH000807,O000807,W001,DTDC,Delayed,2026-04-11,2026-04-12
SH000808,O000808,W003,XpressBees,In Transit,2025-12-30,2026-01-06
SH000809,O000809,W010,India Post,Delayed,2025-12-10,2025-12-15
SH000810,O000810,W012,Blue Dart,Delayed,2025-12-22,2025-12-28
SH000811,O000811,W005,Ekart,Delayed,2026-02-21,2026-02-23
SH000812,O000812,W009,India Post,Delayed,2025-09-30,2025-10-06
SH000813,O000813,W003,DTDC,In Transit,2025-09-30,2025-10-05
SH000814,O000814,W019,Blue Dart,Delivered,2025-09-12,2025-09-19
SH000815,O000815,W013,DTDC,Delayed,2026-04-01,2026-04-07
SH000816,O000816,W012,Delhivery,In Transit,2026-06-20,2026-06-26
SH000817,O000817,W015,Delhivery,In Transit,2026-03-12,2026-03-15
SH000818,O000818,W004,Delhivery,Delayed,2025-11-22,2025-11-28
SH000819,O000819,W015,Blue Dart,Delayed,2026-03-20,2026-03-23
SH000820,O000820,W004,India Post,Delivered,2025-12-22,2025-12-24
SH000821,O000821,W018,XpressBees,Delayed,2026-01-30,2026-01-31
SH000822,O000822,W007,Delhivery,Delivered,2026-01-24,2026-01-31
SH000823,O000823,W009,Delhivery,Delayed,2025-09-09,2025-09-12
SH000824,O000824,W009,DTDC,Delayed,2025-09-12,2025-09-14
SH000825,O000825,W017,India Post,Delivered,2026-03-29,2026-03-30
SH000826,O000826,W003,Ekart,Delivered,2025-09-01,2025-09-03
SH000827,O000827,W003,Delhivery,In Transit,2026-07-20,2026-07-21
SH000828,O000828,W006,XpressBees,Delivered,2026-04-26,2026-05-01
SH000829,O000829,W020,Delhivery,Delivered,2025-12-26,2025-12-29
SH000830,O000830,W001,India Post,In Transit,2026-01-27,2026-01-31
SH000831,O000831,W012,Ekart,Delayed,2026-05-26,2026-06-01
SH000832,O000832,W008,Blue Dart,Delayed,2025-10-01,2025-10-05
SH000833,O000833,W016,Blue Dart,Delivered,2026-07-06,2026-07-09
SH000834,O000834,W013,Ekart,In Transit,2025-09-10,2025-09-14
SH000835,O000835,W013,Blue Dart,Delivered,2026-05-10,2026-05-12
SH000836,O000836,W007,Blue Dart,In Transit,2025-11-20,2025-11-22
SH000837,O000837,W014,XpressBees,In Transit,2026-05-24,2026-05-30
SH000838,O000838,W011,XpressBees,Delayed,2025-10-23,2025-10-27
SH000839,O000839,W005,XpressBees,In Transit,2026-04-06,2026-04-08
SH000840,O000840,W008,XpressBees,Delivered,2026-06-20,2026-06-27
SH000841,O000841,W001,XpressBees,Delivered,2025-12-09,2025-12-15
SH000842,O000842,W012,DTDC,Delayed,2026-02-23,2026-02-24
SH000843,O000843,W001,India Post,Delivered,2026-03-06,2026-03-09
SH000844,O000844,W008,DTDC,Delivered,2025-10-10,2025-10-13
SH000845,O000845,W012,Blue Dart,Delivered,2025-09-17,2025-09-23
SH000846,O000846,W009,Ekart,In Transit,2025-10-08,2025-10-11
SH000847,O000847,W002,India Post,Delivered,2025-11-19,2025-11-21
SH000848,O000848,W002,Delhivery,Delayed,2025-12-26,2026-01-01
SH000849,O000849,W004,Blue Dart,Delayed,2025-10-16,2025-10-23
SH000850,O000850,W018,Ekart,In Transit,2025-09-02,2025-09-05
SH000851,O000851,W017,India Post,In Transit,2026-01-18,2026-01-20
SH000852,O000852,W018,Delhivery,Delivered,2026-01-03,2026-01-08
SH000853,O000853,W001,India Post,Delayed,2025-10-16,2025-10-23
SH000854,O000854,W003,Delhivery,Delivered,2025-12-06,2025-12-13
SH000855,O000855,W019,Ekart,Delivered,2026-01-26,2026-01-27
SH000856,O000856,W003,XpressBees,Delivered,2026-07-08,2026-07-15
SH000857,O000857,W007,Blue Dart,Delayed,2025-09-18,2025-09-24
SH000858,O000858,W010,XpressBees,In Transit,2025-10-19,2025-10-25
SH000859,O000859,W013,XpressBees,In Transit,2026-07-10,2026-07-17
SH000860,O000860,W015,India Post,Delayed,2025-10-07,2025-10-08
SH000861,O000861,W002,XpressBees,Delayed,2025-10-04,2025-10-05
SH000862,O000862,W001,XpressBees,Delivered,2026-06-25,2026-06-27
SH000863,O000863,W008,DTDC,Delayed,2025-08-29,2025-09-01
SH000864,O000864,W020,Ekart,Delayed,2026-02-01,2026-02-06
SH000865,O000865,W018,India Post,Delivered,2026-02-23,2026-02-28
SH000866,O000866,W002,Blue Dart,Delayed,2025-10-07,2025-10-11
SH000867,O000867,W009,Delhivery,Delivered,2025-09-27,2025-10-02
SH000868,O000868,W011,Blue Dart,Delivered,2026-07-15,2026-07-22
SH000869,O000869,W011,Ekart,Delivered,2026-05-03,2026-05-08
SH000870,O000870,W008,Blue Dart,In Transit,2026-06-21,2026-06-27
SH000871,O000871,W004,DTDC,Delayed,2025-11-06,2025-11-10
SH000872,O000872,W016,India Post,In Transit,2026-07-09,2026-07-16
SH000873,O000873,W014,India Post,Delayed,2025-08-10,2025-08-13
SH000874,O000874,W003,Blue Dart,Delayed,2026-06-13,2026-06-14
SH000875,O000875,W012,Delhivery,In Transit,2026-03-28,2026-04-03
SH000876,O000876,W011,Ekart,In Transit,2026-02-12,2026-02-13
SH000877,O000877,W006,India Post,Delayed,2026-04-07,2026-04-09
SH000878,O000878,W015,Blue Dart,Delivered,2026-05-02,2026-05-07
SH000879,O000879,W018,Delhivery,Delivered,2026-03-26,2026-04-01
SH000880,O000880,W010,Ekart,In Transit,2026-07-09,2026-07-10
SH000881,O000881,W019,DTDC,Delivered,2026-04-16,2026-04-18
SH000882,O000882,W010,Ekart,In Transit,2026-02-18,2026-02-25
SH000883,O000883,W013,DTDC,Delayed,2025-08-27,2025-08-30
SH000884,O000884,W018,DTDC,In Transit,2025-11-12,2025-11-16
SH000885,O000885,W013,Blue Dart,Delivered,2026-07-04,2026-07-11
SH000886,O000886,W017,India Post,Delivered,2026-07-29,2026-07-30
SH000887,O000887,W019,Delhivery,Delayed,2026-06-13,2026-06-17
SH000888,O000888,W017,Blue Dart,Delivered,2026-07-07,2026-07-13
SH000889,O000889,W004,Delhivery,Delayed,2026-04-17,2026-04-24
SH000890,O000890,W019,Ekart,Delivered,2026-05-24,2026-05-28
SH000891,O000891,W010,Ekart,Delayed,2026-07-29,2026-08-05
SH000892,O000892,W020,XpressBees,In Transit,2026-03-06,2026-03-10
SH000893,O000893,W018,Delhivery,Delivered,2026-01-26,2026-01-27
SH000894,O000894,W017,Ekart,In Transit,2025-12-17,2025-12-22
SH000895,O000895,W006,India Post,Delayed,2025-08-27,2025-08-31
SH000896,O000896,W009,India Post,In Transit,2026-03-01,2026-03-02
SH000897,O000897,W011,Ekart,Delivered,2026-02-27,2026-03-06
SH000898,O000898,W005,XpressBees,Delivered,2025-11-07,2025-11-14
SH000899,O000899,W001,DTDC,Delayed,2026-02-02,2026-02-03
SH000900,O000900,W007,XpressBees,Delayed,2025-10-05,2025-10-07
SH000901,O000901,W014,Blue Dart,Delayed,2025-11-19,2025-11-22
SH000902,O000902,W011,XpressBees,Delayed,2026-07-17,2026-07-22
SH000903,O000903,W020,Ekart,Delayed,2026-03-14,2026-03-21
SH000904,O000904,W006,Blue Dart,Delayed,2026-02-19,2026-02-26
SH000905,O000905,W016,XpressBees,Delivered,2026-03-09,2026-03-11
SH000906,O000906,W016,India Post,Delayed,2026-04-23,2026-04-30
SH000907,O000907,W002,DTDC,In Transit,2025-09-10,2025-09-17
SH000908,O000908,W006,Blue Dart,Delivered,2026-03-05,2026-03-06
SH000909,O000909,W002,Delhivery,In Transit,2026-03-05,2026-03-10
SH000910,O000910,W004,Blue Dart,Delayed,2026-06-03,2026-06-08
SH000911,O000911,W016,XpressBees,Delayed,2026-01-02,2026-01-05
SH000912,O000912,W009,Blue Dart,Delayed,2026-07-20,2026-07-25
SH000913,O000913,W010,Delhivery,In Transit,2026-06-21,2026-06-24
SH000914,O000914,W004,India Post,In Transit,2026-06-26,2026-06-27
SH000915,O000915,W011,Delhivery,Delivered,2026-03-07,2026-03-13
SH000916,O000916,W018,Delhivery,Delivered,2026-07-29,2026-07-30
SH000917,O000917,W005,India Post,Delivered,2025-08-20,2025-08-23
SH000918,O000918,W020,India Post,In Transit,2025-10-09,2025-10-12
SH000919,O000919,W013,Delhivery,Delivered,2025-08-22,2025-08-26
SH000920,O000920,W009,DTDC,Delivered,2026-01-19,2026-01-23
SH000921,O000921,W016,India Post,Delivered,2025-11-28,2025-12-02
SH000922,O000922,W016,India Post,Delayed,2025-09-30,2025-10-02
SH000923,O000923,W009,Ekart,Delivered,2026-03-03,2026-03-05
SH000924,O000924,W003,Delhivery,Delayed,2026-07-16,2026-07-18
SH000925,O000925,W007,India Post,Delayed,2026-01-22,2026-01-26
SH000926,O000926,W011,India Post,In Transit,2026-02-26,2026-03-05
SH000927,O000927,W019,Ekart,Delayed,2026-05-25,2026-05-28
SH000928,O000928,W001,Ekart,In Transit,2026-03-11,2026-03-17
SH000929,O000929,W005,Blue Dart,Delivered,2026-02-04,2026-02-10
SH000930,O000930,W009,India Post,In Transit,2026-06-04,2026-06-09
SH000931,O000931,W008,Delhivery,Delayed,2026-08-06,2026-08-07
SH000932,O000932,W018,Delhivery,Delivered,2025-12-30,2026-01-01
SH000933,O000933,W010,DTDC,Delayed,2025-11-12,2025-11-19
SH000934,O000934,W020,Blue Dart,In Transit,2026-02-10,2026-02-16
SH000935,O000935,W007,XpressBees,Delayed,2026-05-06,2026-05-09
SH000936,O000936,W020,XpressBees,Delayed,2026-05-20,2026-05-25
SH000937,O000937,W002,India Post,In Transit,2026-02-27,2026-03-03
SH000938,O000938,W007,Ekart,Delivered,2026-05-28,2026-06-03
SH000939,O000939,W020,India Post,Delivered,2026-05-12,2026-05-15
SH000940,O000940,W015,XpressBees,Delayed,2026-03-11,2026-03-16
SH000941,O000941,W018,India Post,Delivered,2025-11-25,2025-12-02
SH000942,O000942,W002,Delhivery,In Transit,2026-03-02,2026-03-05
SH000943,O000943,W008,Blue Dart,Delayed,2025-12-25,2026-01-01
SH000944,O000944,W002,XpressBees,Delivered,2026-03-19,2026-03-22
SH000945,O000945,W005,XpressBees,Delayed,2026-01-18,2026-01-21
SH000946,O000946,W015,Ekart,Delayed,2025-10-24,2025-10-30
SH000947,O000947,W014,Blue Dart,Delivered,2025-08-15,2025-08-20
SH000948,O000948,W001,India Post,Delayed,2026-06-30,2026-07-06
SH000949,O000949,W020,Delhivery,Delivered,2026-04-09,2026-04-16
SH000950,O000950,W009,XpressBees,Delayed,2026-01-11,2026-01-17
SH000951,O000951,W006,XpressBees,In Transit,2025-12-29,2025-12-30
SH000952,O000952,W016,Ekart,In Transit,2026-05-12,2026-05-18
SH000953,O000953,W015,DTDC,Delayed,2025-09-22,2025-09-23
SH000954,O000954,W010,XpressBees,Delivered,2025-11-26,2025-12-02
SH000955,O000955,W009,XpressBees,Delayed,2025-11-02,2025-11-05
SH000956,O000956,W005,DTDC,In Transit,2026-01-28,2026-01-29
SH000957,O000957,W009,Delhivery,In Transit,2026-02-13,2026-02-18
SH000958,O000958,W017,Blue Dart,Delayed,2026-05-11,2026-05-16
SH000959,O000959,W013,DTDC,In Transit,2025-11-11,2025-11-12
SH000960,O000960,W012,XpressBees,Delayed,2026-01-16,2026-01-17
SH000961,O000961,W003,Blue Dart,Delayed,2025-09-21,2025-09-23
SH000962,O000962,W004,XpressBees,In Transit,2025-09-21,2025-09-22
SH000963,O000963,W013,Ekart,Delivered,2025-12-27,2026-01-02
SH000964,O000964,W009,Ekart,Delivered,2026-02-23,2026-03-01
SH000965,O000965,W015,XpressBees,Delayed,2025-11-26,2025-12-01
SH000966,O000966,W012,India Post,Delayed,2026-06-13,2026-06-16
SH000967,O000967,W007,Ekart,In Transit,2026-06-21,2026-06-23
SH000968,O000968,W002,XpressBees,In Transit,2025-08-23,2025-08-28
SH000969,O000969,W012,XpressBees,Delayed,2025-10-19,2025-10-22
SH000970,O000970,W016,Blue Dart,Delayed,2025-12-02,2025-12-09
SH000971,O000971,W019,India Post,Delayed,2026-07-18,2026-07-22
SH000972,O000972,W001,India Post,Delivered,2025-11-24,2025-11-27
SH000973,O000973,W008,India Post,Delayed,2025-11-25,2025-12-01
SH000974,O000974,W018,Blue Dart,Delayed,2026-02-28,2026-03-04
SH000975,O000975,W002,India Post,Delivered,2026-05-24,2026-05-28
SH000976,O000976,W005,XpressBees,Delayed,2026-03-12,2026-03-16
SH000977,O000977,W004,Blue Dart,In Transit,2026-05-20,2026-05-26
SH000978,O000978,W014,Ekart,In Transit,2026-05-19,2026-05-26
SH000979,O000979,W011,India Post,In Transit,2026-02-20,2026-02-26
SH000980,O000980,W016,Ekart,Delayed,2026-07-15,2026-07-22
SH000981,O000981,W005,India Post,Delivered,2026-06-20,2026-06-21
SH000982,O000982,W001,XpressBees,Delivered,2026-07-21,2026-07-25
SH000983,O000983,W011,DTDC,Delayed,2026-02-10,2026-02-14
SH000984,O000984,W018,India Post,In Transit,2026-07-02,2026-07-09
SH000985,O000985,W004,Ekart,In Transit,2025-11-25,2025-11-30
SH000986,O000986,W001,XpressBees,Delayed,2026-01-20,2026-01-27
SH000987,O000987,W004,XpressBees,Delivered,2026-06-16,2026-06-23
SH000988,O000988,W019,Delhivery,Delayed,2026-06-13,2026-06-20
SH000989,O000989,W012,Blue Dart,In Transit,2025-10-26,2025-10-28
SH000990,O000990,W003,Delhivery,Delayed,2025-12-08,2025-12-14
SH000991,O000991,W006,DTDC,Delivered,2026-03-05,2026-03-10
SH000992,O000992,W008,India Post,Delivered,2026-04-16,2026-04-17
SH000993,O000993,W003,Ekart,In Transit,2026-03-31,2026-04-07
SH000994,O000994,W018,Ekart,Delivered,2026-05-26,2026-05-30
SH000995,O000995,W001,DTDC,Delayed,2026-02-26,2026-03-02
SH000996,O000996,W006,DTDC,Delivered,2025-09-28,2025-10-02
SH000997,O000997,W012,XpressBees,Delayed,2026-07-31,2026-08-03
SH000998,O000998,W008,Blue Dart,Delivered,2026-04-05,2026-04-09
SH000999,O000999,W001,Delhivery,In Transit,2026-07-18,2026-07-23
SH001000,O001000,W014,Blue Dart,Delayed,2025-12-23,2025-12-26
SH001001,O001001,W005,Ekart,Delivered,2026-04-26,2026-05-03
SH001002,O001002,W007,XpressBees,Delivered,2026-01-19,2026-01-25
SH001003,O001003,W006,XpressBees,Delayed,2025-08-12,2025-08-16
SH001004,O001004,W011,Ekart,Delivered,2025-09-07,2025-09-08
SH001005,O001005,W017,Blue Dart,Delivered,2025-10-23,2025-10-30
SH001006,O001006,W009,India Post,Delayed,2026-02-16,2026-02-23
SH001007,O001007,W010,Delhivery,Delayed,2026-07-29,2026-08-05
SH001008,O001008,W015,Blue Dart,In Transit,2025-10-08,2025-10-13
SH001009,O001009,W014,XpressBees,Delayed,2025-09-20,2025-09-24
SH001010,O001010,W013,Delhivery,In Transit,2026-07-24,2026-07-28
SH001011,O001011,W015,Ekart,Delayed,2026-05-28,2026-06-02
SH001012,O001012,W002,Delhivery,In Transit,2025-08-13,2025-08-20
SH001013,O001013,W001,Blue Dart,Delivered,2026-01-08,2026-01-09
SH001014,O001014,W001,XpressBees,Delayed,2026-07-21,2026-07-22
SH001015,O001015,W012,Delhivery,Delivered,2026-05-19,2026-05-25
SH001016,O001016,W019,XpressBees,In Transit,2026-01-24,2026-01-28
SH001017,O001017,W005,DTDC,Delivered,2025-10-24,2025-10-30
SH001018,O001018,W016,India Post,Delivered,2025-11-16,2025-11-21
SH001019,O001019,W020,Blue Dart,Delivered,2026-08-05,2026-08-11
SH001020,O001020,W018,DTDC,Delayed,2025-08-21,2025-08-22
SH001021,O001021,W019,India Post,Delivered,2025-12-30,2026-01-02
SH001022,O001022,W002,Ekart,In Transit,2025-08-13,2025-08-19
SH001023,O001023,W017,Ekart,In Transit,2026-07-17,2026-07-18
SH001024,O001024,W019,Delhivery,Delayed,2026-06-08,2026-06-11
SH001025,O001025,W019,Delhivery,Delayed,2025-08-21,2025-08-24
SH001026,O001026,W007,XpressBees,In Transit,2026-05-04,2026-05-05
SH001027,O001027,W010,XpressBees,In Transit,2026-05-11,2026-05-17
SH001028,O001028,W007,XpressBees,In Transit,2026-06-19,2026-06-22
SH001029,O001029,W011,XpressBees,In Transit,2026-05-16,2026-05-18
SH001030,O001030,W018,India Post,Delivered,2026-03-24,2026-03-31
SH001031,O001031,W005,Blue Dart,Delayed,2025-12-15,2025-12-19
SH001032,O001032,W013,DTDC,In Transit,2025-08-11,2025-08-13
SH001033,O001033,W008,XpressBees,Delivered,2025-11-10,2025-11-13
SH001034,O001034,W015,Ekart,Delivered,2026-08-05,2026-08-07
SH001035,O001035,W020,Ekart,Delayed,2026-02-01,2026-02-07
SH001036,O001036,W002,DTDC,In Transit,2026-04-29,2026-05-06
SH001037,O001037,W014,DTDC,In Transit,2026-01-22,2026-01-23
SH001038,O001038,W020,Ekart,In Transit,2026-07-08,2026-07-09
SH001039,O001039,W009,Blue Dart,Delivered,2026-08-01,2026-08-02
SH001040,O001040,W014,Delhivery,Delivered,2025-11-07,2025-11-08
SH001041,O001041,W004,Blue Dart,Delivered,2026-07-29,2026-08-01
SH001042,O001042,W004,Delhivery,Delayed,2026-04-09,2026-04-11
SH001043,O001043,W018,XpressBees,In Transit,2025-12-23,2025-12-30
SH001044,O001044,W019,Ekart,In Transit,2025-12-26,2025-12-31
SH001045,O001045,W001,Ekart,In Transit,2026-07-04,2026-07-05
SH001046,O001046,W010,India Post,Delayed,2026-02-17,2026-02-22
SH001047,O001047,W014,India Post,Delayed,2025-10-12,2025-10-15
SH001048,O001048,W019,Blue Dart,Delayed,2026-05-21,2026-05-23
SH001049,O001049,W019,DTDC,In Transit,2026-08-05,2026-08-07
SH001050,O001050,W018,India Post,Delayed,2026-06-18,2026-06-23
SH001051,O001051,W009,Ekart,In Transit,2026-06-09,2026-06-16
SH001052,O001052,W020,XpressBees,In Transit,2025-10-19,2025-10-20
SH001053,O001053,W005,Delhivery,In Transit,2026-03-20,2026-03-21
SH001054,O001054,W020,XpressBees,Delivered,2025-08-05,2025-08-11
SH001055,O001055,W019,XpressBees,Delivered,2025-10-05,2025-10-08
SH001056,O001056,W008,DTDC,Delayed,2025-12-17,2025-12-23
SH001057,O001057,W012,Delhivery,In Transit,2026-04-10,2026-04-17
SH001058,O001058,W019,Delhivery,Delayed,2025-08-25,2025-08-29
SH001059,O001059,W002,Delhivery,Delivered,2025-12-13,2025-12-17
SH001060,O001060,W016,Blue Dart,In Transit,2025-10-16,2025-10-23
SH001061,O001061,W015,DTDC,Delayed,2025-12-06,2025-12-09
SH001062,O001062,W020,DTDC,Delayed,2026-03-21,2026-03-25
SH001063,O001063,W007,Delhivery,Delivered,2026-06-22,2026-06-26
SH001064,O001064,W017,Blue Dart,In Transit,2026-04-30,2026-05-06
SH001065,O001065,W015,Blue Dart,Delivered,2026-02-26,2026-02-27
SH001066,O001066,W013,DTDC,Delivered,2026-05-14,2026-05-19
SH001067,O001067,W012,Blue Dart,In Transit,2026-05-22,2026-05-23
SH001068,O001068,W005,India Post,Delayed,2026-01-17,2026-01-20
SH001069,O001069,W017,DTDC,Delayed,2026-06-16,2026-06-22
SH001070,O001070,W003,Delhivery,Delayed,2026-07-21,2026-07-27
SH001071,O001071,W008,DTDC,Delayed,2026-01-05,2026-01-07
SH001072,O001072,W002,Blue Dart,Delayed,2025-10-21,2025-10-27
SH001073,O001073,W016,India Post,Delivered,2026-01-12,2026-01-17
SH001074,O001074,W010,Blue Dart,Delivered,2026-03-15,2026-03-20
SH001075,O001075,W017,XpressBees,In Transit,2025-10-28,2025-11-04
SH001076,O001076,W007,XpressBees,Delayed,2026-04-05,2026-04-06
SH001077,O001077,W016,XpressBees,In Transit,2026-01-04,2026-01-09
SH001078,O001078,W011,India Post,Delivered,2025-08-23,2025-08-25
SH001079,O001079,W005,DTDC,Delivered,2026-03-07,2026-03-11
SH001080,O001080,W011,DTDC,Delayed,2026-01-29,2026-01-31
SH001081,O001081,W002,Delhivery,Delayed,2025-10-22,2025-10-29
SH001082,O001082,W003,DTDC,Delivered,2025-12-05,2025-12-06
SH001083,O001083,W010,XpressBees,In Transit,2026-03-20,2026-03-21
SH001084,O001084,W010,Blue Dart,Delivered,2026-01-24,2026-01-27
SH001085,O001085,W001,Ekart,In Transit,2026-06-01,2026-06-07
SH001086,O001086,W012,XpressBees,In Transit,2026-05-18,2026-05-22
SH001087,O001087,W001,India Post,Delayed,2025-10-19,2025-10-26
SH001088,O001088,W004,India Post,Delayed,2026-07-25,2026-07-28
SH001089,O001089,W009,XpressBees,Delivered,2026-03-24,2026-03-29
SH001090,O001090,W019,Blue Dart,Delivered,2025-10-06,2025-10-11
SH001091,O001091,W008,Delhivery,Delivered,2025-11-09,2025-11-15
SH001092,O001092,W008,Delhivery,Delivered,2025-10-22,2025-10-24
SH001093,O001093,W002,DTDC,In Transit,2026-06-01,2026-06-04
SH001094,O001094,W014,Delhivery,Delayed,2025-09-10,2025-09-15
SH001095,O001095,W005,Blue Dart,In Transit,2026-06-15,2026-06-16
SH001096,O001096,W013,Delhivery,Delayed,2026-02-15,2026-02-22
SH001097,O001097,W015,Delhivery,Delayed,2025-08-21,2025-08-24
SH001098,O001098,W019,Blue Dart,Delivered,2025-09-07,2025-09-11
SH001099,O001099,W017,Delhivery,Delayed,2026-05-18,2026-05-22
SH001100,O001100,W003,Delhivery,Delayed,2026-06-10,2026-06-17
SH001101,O001101,W006,Ekart,In Transit,2025-10-10,2025-10-13
SH001102,O001102,W002,India Post,Delivered,2026-04-21,2026-04-26
SH001103,O001103,W015,Ekart,Delivered,2026-05-08,2026-05-12
SH001104,O001104,W007,DTDC,Delayed,2026-01-11,2026-01-14
SH001105,O001105,W015,India Post,Delivered,2026-01-11,2026-01-16
SH001106,O001106,W008,Blue Dart,In Transit,2026-07-28,2026-08-01
SH001107,O001107,W019,India Post,Delivered,2026-04-04,2026-04-09
SH001108,O001108,W001,Delhivery,Delayed,2025-11-30,2025-12-06
SH001109,O001109,W011,Ekart,Delivered,2026-07-29,2026-08-05
SH001110,O001110,W009,XpressBees,In Transit,2026-05-23,2026-05-28
SH001111,O001111,W008,India Post,Delayed,2026-01-13,2026-01-19
SH001112,O001112,W016,India Post,Delivered,2025-09-06,2025-09-09
SH001113,O001113,W001,Blue Dart,Delivered,2026-04-19,2026-04-24
SH001114,O001114,W004,Blue Dart,Delayed,2026-01-03,2026-01-05
SH001115,O001115,W013,Delhivery,Delayed,2026-03-17,2026-03-20
SH001116,O001116,W009,Ekart,In Transit,2026-03-23,2026-03-30
SH001117,O001117,W004,Delhivery,Delivered,2026-03-14,2026-03-15
SH001118,O001118,W019,DTDC,Delivered,2026-04-09,2026-04-11
SH001119,O001119,W008,Blue Dart,In Transit,2025-11-12,2025-11-17
SH001120,O001120,W002,Delhivery,Delivered,2026-05-02,2026-05-03
SH001121,O001121,W011,Ekart,Delivered,2026-06-28,2026-07-05
SH001122,O001122,W016,Ekart,Delivered,2026-03-30,2026-04-01
SH001123,O001123,W001,Delhivery,Delayed,2026-02-17,2026-02-20
SH001124,O001124,W019,XpressBees,In Transit,2026-04-25,2026-04-28
SH001125,O001125,W008,Blue Dart,In Transit,2025-11-05,2025-11-09
SH001126,O001126,W002,Delhivery,Delivered,2025-12-20,2025-12-27
SH001127,O001127,W016,India Post,Delayed,2025-09-26,2025-10-02
SH001128,O001128,W007,Ekart,In Transit,2026-06-29,2026-07-01
SH001129,O001129,W018,XpressBees,In Transit,2026-04-15,2026-04-19
SH001130,O001130,W015,Delhivery,Delayed,2026-03-12,2026-03-16
SH001131,O001131,W019,Ekart,Delivered,2026-03-06,2026-03-07
SH001132,O001132,W020,Ekart,Delayed,2025-12-13,2025-12-15
SH001133,O001133,W012,DTDC,Delivered,2025-12-25,2025-12-28
SH001134,O001134,W012,XpressBees,In Transit,2025-08-08,2025-08-09
SH001135,O001135,W013,DTDC,Delivered,2025-11-12,2025-11-18
SH001136,O001136,W002,Ekart,Delivered,2025-11-25,2025-12-02
SH001137,O001137,W017,Ekart,Delivered,2026-05-26,2026-05-31
SH001138,O001138,W009,DTDC,Delayed,2026-06-21,2026-06-28
SH001139,O001139,W001,Delhivery,Delivered,2026-02-23,2026-03-02
SH001140,O001140,W014,Delhivery,In Transit,2026-02-10,2026-02-17
SH001141,O001141,W011,Ekart,Delivered,2025-12-27,2025-12-28
SH001142,O001142,W006,Delhivery,Delivered,2026-05-04,2026-05-11
SH001143,O001143,W011,DTDC,In Transit,2025-11-24,2025-11-30
SH001144,O001144,W005,India Post,Delayed,2025-09-30,2025-10-03
SH001145,O001145,W010,XpressBees,Delayed,2026-06-03,2026-06-04
SH001146,O001146,W001,Blue Dart,In Transit,2026-01-30,2026-02-01
SH001147,O001147,W015,India Post,Delayed,2026-06-30,2026-07-04
SH001148,O001148,W009,India Post,In Transit,2026-05-14,2026-05-19
SH001149,O001149,W001,XpressBees,In Transit,2025-12-31,2026-01-06
SH001150,O001150,W004,DTDC,In Transit,2026-03-23,2026-03-29
SH001151,O001151,W007,India Post,Delivered,2025-12-15,2025-12-19
SH001152,O001152,W004,Ekart,In Transit,2026-02-03,2026-02-10
SH001153,O001153,W019,India Post,In Transit,2026-01-07,2026-01-10
SH001154,O001154,W015,Blue Dart,In Transit,2025-10-25,2025-10-28
SH001155,O001155,W001,XpressBees,Delivered,2026-04-18,2026-04-21
SH001156,O001156,W015,DTDC,Delayed,2026-01-03,2026-01-08
SH001157,O001157,W015,DTDC,Delayed,2026-02-26,2026-02-28
SH001158,O001158,W017,Ekart,Delayed,2026-06-08,2026-06-15
SH001159,O001159,W003,DTDC,Delayed,2026-01-03,2026-01-04
SH001160,O001160,W018,Delhivery,In Transit,2026-02-11,2026-02-14
SH001161,O001161,W008,Ekart,Delivered,2026-01-07,2026-01-10
SH001162,O001162,W006,Delhivery,Delayed,2026-01-06,2026-01-10
SH001163,O001163,W010,India Post,Delayed,2025-12-26,2025-12-31
SH001164,O001164,W015,Ekart,Delivered,2025-09-02,2025-09-06
SH001165,O001165,W016,Delhivery,Delayed,2025-12-24,2025-12-31
SH001166,O001166,W020,Delhivery,Delivered,2025-09-01,2025-09-06
SH001167,O001167,W005,XpressBees,Delivered,2025-08-20,2025-08-21
SH001168,O001168,W013,Ekart,Delayed,2026-03-19,2026-03-26
SH001169,O001169,W011,India Post,In Transit,2026-07-23,2026-07-27
SH001170,O001170,W018,Delhivery,In Transit,2026-02-28,2026-03-07
SH001171,O001171,W007,Blue Dart,Delivered,2025-10-24,2025-10-29
SH001172,O001172,W017,India Post,In Transit,2026-02-28,2026-03-02
SH001173,O001173,W005,Ekart,Delivered,2026-07-16,2026-07-23
SH001174,O001174,W013,Ekart,Delayed,2026-03-21,2026-03-22
SH001175,O001175,W001,XpressBees,Delayed,2026-02-14,2026-02-17
SH001176,O001176,W003,India Post,Delivered,2026-01-03,2026-01-04
SH001177,O001177,W013,Delhivery,Delivered,2026-06-29,2026-07-02
SH001178,O001178,W013,India Post,Delivered,2025-08-20,2025-08-25
SH001179,O001179,W019,DTDC,Delayed,2025-12-13,2025-12-20
SH001180,O001180,W012,India Post,In Transit,2025-12-18,2025-12-24
SH001181,O001181,W014,DTDC,In Transit,2026-04-20,2026-04-26
SH001182,O001182,W011,Delhivery,In Transit,2025-09-18,2025-09-23
SH001183,O001183,W010,Delhivery,In Transit,2026-02-26,2026-02-27
SH001184,O001184,W005,India Post,Delayed,2026-02-12,2026-02-14
SH001185,O001185,W015,XpressBees,Delayed,2025-11-16,2025-11-22
SH001186,O001186,W014,Delhivery,In Transit,2026-04-09,2026-04-10
SH001187,O001187,W010,Delhivery,Delayed,2025-10-30,2025-11-04
SH001188,O001188,W004,DTDC,In Transit,2026-04-11,2026-04-16
SH001189,O001189,W019,DTDC,Delayed,2026-05-23,2026-05-29
SH001190,O001190,W002,XpressBees,Delayed,2025-09-17,2025-09-18
SH001191,O001191,W018,DTDC,Delayed,2025-09-27,2025-09-28
SH001192,O001192,W012,XpressBees,In Transit,2025-11-03,2025-11-09
SH001193,O001193,W005,XpressBees,In Transit,2026-03-03,2026-03-10
SH001194,O001194,W015,XpressBees,Delivered,2025-09-28,2025-09-30
SH001195,O001195,W002,Delhivery,In Transit,2026-06-11,2026-06-15
SH001196,O001196,W012,Blue Dart,Delayed,2026-04-02,2026-04-06
SH001197,O001197,W005,Ekart,Delivered,2025-08-08,2025-08-14
SH001198,O001198,W005,India Post,Delayed,2025-12-28,2026-01-02
SH001199,O001199,W010,XpressBees,In Transit,2026-04-18,2026-04-19
SH001200,O001200,W004,India Post,Delivered,2026-06-03,2026-06-10
SH001201,O001201,W013,Delhivery,In Transit,2026-07-13,2026-07-20
SH001202,O001202,W016,XpressBees,In Transit,2025-10-09,2025-10-12
SH001203,O001203,W003,Delhivery,Delivered,2025-08-26,2025-08-28
SH001204,O001204,W008,India Post,In Transit,2026-02-24,2026-02-25
SH001205,O001205,W001,Delhivery,In Transit,2025-11-28,2025-12-05
SH001206,O001206,W007,DTDC,Delayed,2026-04-30,2026-05-02
SH001207,O001207,W003,India Post,Delivered,2025-09-15,2025-09-16
SH001208,O001208,W019,DTDC,In Transit,2025-09-10,2025-09-15
SH001209,O001209,W019,Delhivery,Delayed,2025-09-05,2025-09-08
SH001210,O001210,W013,Blue Dart,In Transit,2025-10-18,2025-10-24
SH001211,O001211,W010,XpressBees,Delivered,2025-12-16,2025-12-20
SH001212,O001212,W009,XpressBees,Delivered,2026-03-28,2026-03-29
SH001213,O001213,W006,Delhivery,Delivered,2025-09-18,2025-09-23
SH001214,O001214,W018,Ekart,Delayed,2026-03-18,2026-03-21
SH001215,O001215,W006,Ekart,Delayed,2026-08-04,2026-08-06
SH001216,O001216,W015,DTDC,Delayed,2025-11-26,2025-12-02
SH001217,O001217,W009,Ekart,Delivered,2026-01-22,2026-01-26
SH001218,O001218,W008,Ekart,Delivered,2025-12-28,2026-01-02
SH001219,O001219,W020,Ekart,Delayed,2025-08-25,2025-08-29
SH001220,O001220,W019,India Post,Delivered,2026-05-11,2026-05-16
SH001221,O001221,W003,Delhivery,In Transit,2026-02-28,2026-03-03
SH001222,O001222,W008,Ekart,Delivered,2026-07-29,2026-08-03
SH001223,O001223,W014,India Post,In Transit,2026-03-27,2026-03-30
SH001224,O001224,W020,India Post,Delayed,2025-10-07,2025-10-10
SH001225,O001225,W008,India Post,Delayed,2026-06-14,2026-06-20
SH001226,O001226,W015,Blue Dart,In Transit,2025-08-26,2025-08-29
SH001227,O001227,W012,DTDC,Delivered,2025-11-22,2025-11-26
SH001228,O001228,W019,Blue Dart,Delivered,2025-12-29,2026-01-01
SH001229,O001229,W007,XpressBees,In Transit,2026-02-28,2026-03-04
SH001230,O001230,W005,DTDC,Delayed,2025-12-13,2025-12-17
SH001231,O001231,W011,Ekart,Delayed,2025-09-27,2025-10-02
SH001232,O001232,W002,Delhivery,In Transit,2026-04-06,2026-04-09
SH001233,O001233,W003,DTDC,In Transit,2026-08-05,2026-08-10
SH001234,O001234,W016,Delhivery,In Transit,2025-08-27,2025-09-03
SH001235,O001235,W005,XpressBees,Delivered,2026-05-05,2026-05-10
SH001236,O001236,W016,Ekart,Delivered,2026-06-28,2026-06-30
SH001237,O001237,W007,Ekart,In Transit,2025-09-27,2025-10-03
SH001238,O001238,W017,Delhivery,Delayed,2026-04-24,2026-04-28
SH001239,O001239,W005,DTDC,Delayed,2026-05-22,2026-05-28
SH001240,O001240,W010,Delhivery,In Transit,2026-01-11,2026-01-12
SH001241,O001241,W007,XpressBees,In Transit,2026-02-20,2026-02-21
SH001242,O001242,W003,Delhivery,In Transit,2025-12-07,2025-12-11
SH001243,O001243,W010,XpressBees,Delivered,2026-05-15,2026-05-21
SH001244,O001244,W017,India Post,In Transit,2026-01-28,2026-01-31
SH001245,O001245,W012,Delhivery,Delivered,2026-06-20,2026-06-24
SH001246,O001246,W009,Blue Dart,Delayed,2026-02-08,2026-02-14
SH001247,O001247,W006,DTDC,In Transit,2026-01-25,2026-01-26
SH001248,O001248,W003,India Post,Delivered,2026-06-01,2026-06-02
SH001249,O001249,W013,India Post,Delayed,2025-09-23,2025-09-24
SH001250,O001250,W003,DTDC,Delayed,2026-05-15,2026-05-19
SH001251,O001251,W006,Blue Dart,In Transit,2026-07-04,2026-07-09
SH001252,O001252,W020,Blue Dart,In Transit,2025-11-03,2025-11-09
SH001253,O001253,W005,India Post,Delivered,2026-04-21,2026-04-23
SH001254,O001254,W012,Ekart,Delayed,2026-03-05,2026-03-12
SH001255,O001255,W017,India Post,In Transit,2025-10-29,2025-11-05
SH001256,O001256,W001,Blue Dart,Delayed,2026-03-11,2026-03-16
SH001257,O001257,W004,Delhivery,Delivered,2026-04-28,2026-04-30
SH001258,O001258,W013,Ekart,In Transit,2025-12-02,2025-12-09
SH001259,O001259,W006,Ekart,Delivered,2026-01-13,2026-01-18
SH001260,O001260,W001,DTDC,Delivered,2026-01-03,2026-01-07
SH001261,O001261,W020,Delhivery,Delayed,2025-08-28,2025-08-30
SH001262,O001262,W015,Ekart,Delivered,2026-01-12,2026-01-13
SH001263,O001263,W015,Blue Dart,Delayed,2025-11-09,2025-11-14
SH001264,O001264,W006,India Post,In Transit,2026-02-07,2026-02-09
SH001265,O001265,W010,India Post,Delayed,2026-07-02,2026-07-05
SH001266,O001266,W018,DTDC,Delayed,2025-10-17,2025-10-21
SH001267,O001267,W001,Delhivery,Delayed,2026-01-17,2026-01-19
SH001268,O001268,W004,India Post,In Transit,2026-05-20,2026-05-27
SH001269,O001269,W018,Delhivery,In Transit,2025-12-20,2025-12-21
SH001270,O001270,W013,XpressBees,In Transit,2026-03-18,2026-03-23
SH001271,O001271,W003,Blue Dart,Delayed,2026-03-02,2026-03-04
SH001272,O001272,W009,Ekart,Delivered,2025-12-13,2025-12-19
SH001273,O001273,W009,Ekart,Delivered,2026-05-03,2026-05-06
SH001274,O001274,W007,Delhivery,Delayed,2025-10-28,2025-11-03
SH001275,O001275,W005,Blue Dart,Delivered,2025-09-26,2025-10-03
SH001276,O001276,W001,DTDC,Delivered,2025-10-22,2025-10-23
SH001277,O001277,W011,Blue Dart,Delayed,2026-02-18,2026-02-25
SH001278,O001278,W010,DTDC,Delayed,2026-05-06,2026-05-11
SH001279,O001279,W005,DTDC,Delayed,2026-03-18,2026-03-20
SH001280,O001280,W001,DTDC,Delayed,2026-07-03,2026-07-08
SH001281,O001281,W015,DTDC,Delivered,2026-06-28,2026-07-02
SH001282,O001282,W020,Ekart,Delayed,2026-08-03,2026-08-05
SH001283,O001283,W014,India Post,Delivered,2026-04-27,2026-04-30
SH001284,O001284,W001,Delhivery,Delivered,2026-05-30,2026-06-03
SH001285,O001285,W001,Delhivery,Delivered,2025-08-08,2025-08-12
SH001286,O001286,W016,DTDC,Delivered,2026-04-28,2026-04-29
SH001287,O001287,W016,Delhivery,Delivered,2026-03-10,2026-03-12
SH001288,O001288,W002,India Post,Delivered,2025-09-23,2025-09-29
SH001289,O001289,W017,DTDC,Delayed,2026-02-18,2026-02-24
SH001290,O001290,W007,Ekart,Delayed,2026-02-11,2026-02-16
SH001291,O001291,W020,DTDC,In Transit,2025-12-04,2025-12-09
SH001292,O001292,W002,Delhivery,Delayed,2026-03-30,2026-04-05
SH001293,O001293,W002,DTDC,Delayed,2026-01-25,2026-02-01
SH001294,O001294,W006,India Post,In Transit,2025-11-09,2025-11-16
SH001295,O001295,W010,Ekart,In Transit,2025-08-23,2025-08-30
SH001296,O001296,W001,Delhivery,In Transit,2026-05-22,2026-05-23
SH001297,O001297,W016,DTDC,In Transit,2026-02-20,2026-02-21
SH001298,O001298,W019,Delhivery,Delayed,2025-11-23,2025-11-30
SH001299,O001299,W013,DTDC,Delayed,2025-11-27,2025-11-28
SH001300,O001300,W004,Delhivery,Delivered,2026-05-28,2026-05-29
SH001301,O001301,W010,Blue Dart,In Transit,2026-02-28,2026-03-01
SH001302,O001302,W001,India Post,In Transit,2026-05-11,2026-05-13
SH001303,O001303,W007,Delhivery,Delivered,2025-09-06,2025-09-13
SH001304,O001304,W017,DTDC,Delayed,2026-03-04,2026-03-11
SH001305,O001305,W014,XpressBees,Delayed,2026-07-05,2026-07-07
SH001306,O001306,W010,Blue Dart,Delayed,2025-12-08,2025-12-13
SH001307,O001307,W006,XpressBees,Delivered,2025-11-05,2025-11-11
SH001308,O001308,W004,DTDC,Delivered,2026-01-06,2026-01-08
SH001309,O001309,W019,India Post,Delivered,2026-07-29,2026-08-05
SH001310,O001310,W008,Blue Dart,Delayed,2026-01-10,2026-01-13
SH001311,O001311,W003,Ekart,In Transit,2026-07-11,2026-07-13
SH001312,O001312,W006,XpressBees,Delayed,2026-07-31,2026-08-04
SH001313,O001313,W017,Blue Dart,Delayed,2025-09-10,2025-09-14
SH001314,O001314,W018,Ekart,Delivered,2026-03-20,2026-03-22
SH001315,O001315,W019,Blue Dart,Delayed,2026-04-30,2026-05-06
SH001316,O001316,W019,Ekart,In Transit,2026-06-16,2026-06-21
SH001317,O001317,W020,DTDC,Delayed,2026-04-19,2026-04-22
SH001318,O001318,W016,India Post,Delivered,2025-10-24,2025-10-31
SH001319,O001319,W012,Delhivery,Delivered,2026-07-30,2026-07-31
SH001320,O001320,W020,India Post,Delayed,2025-11-13,2025-11-15
SH001321,O001321,W011,Delhivery,In Transit,2026-02-02,2026-02-04
SH001322,O001322,W015,Ekart,In Transit,2025-08-17,2025-08-19
SH001323,O001323,W008,Delhivery,Delivered,2026-03-12,2026-03-15
SH001324,O001324,W016,Ekart,Delayed,2026-01-31,2026-02-03
SH001325,O001325,W002,Ekart,Delivered,2025-10-21,2025-10-23
SH001326,O001326,W005,DTDC,Delivered,2025-09-24,2025-09-25
SH001327,O001327,W007,XpressBees,Delayed,2025-09-30,2025-10-03
SH001328,O001328,W015,DTDC,Delivered,2026-02-20,2026-02-23
SH001329,O001329,W011,Delhivery,In Transit,2026-03-18,2026-03-21
SH001330,O001330,W012,DTDC,Delayed,2026-01-14,2026-01-18
SH001331,O001331,W010,Blue Dart,In Transit,2025-10-12,2025-10-19
SH001332,O001332,W017,XpressBees,In Transit,2026-06-27,2026-06-28
SH001333,O001333,W008,DTDC,Delayed,2026-01-07,2026-01-14
SH001334,O001334,W017,India Post,In Transit,2025-12-11,2025-12-14
SH001335,O001335,W015,XpressBees,In Transit,2025-11-04,2025-11-07
SH001336,O001336,W019,Delhivery,In Transit,2026-07-22,2026-07-27
SH001337,O001337,W012,Ekart,In Transit,2026-07-04,2026-07-10
SH001338,O001338,W003,India Post,In Transit,2026-02-27,2026-03-02
SH001339,O001339,W017,India Post,Delivered,2026-07-08,2026-07-10
SH001340,O001340,W019,Delhivery,In Transit,2026-07-06,2026-07-10
SH001341,O001341,W009,Delhivery,Delayed,2026-01-12,2026-01-15
SH001342,O001342,W012,DTDC,Delivered,2026-05-09,2026-05-10
SH001343,O001343,W001,Ekart,In Transit,2026-06-29,2026-07-04
SH001344,O001344,W002,Ekart,In Transit,2026-03-23,2026-03-26
SH001345,O001345,W018,Blue Dart,In Transit,2025-10-14,2025-10-20
SH001346,O001346,W012,DTDC,In Transit,2026-03-05,2026-03-11
SH001347,O001347,W003,India Post,Delivered,2026-07-05,2026-07-10
SH001348,O001348,W005,DTDC,In Transit,2026-05-08,2026-05-13
SH001349,O001349,W016,Delhivery,In Transit,2026-05-03,2026-05-04
SH001350,O001350,W020,Delhivery,Delayed,2026-07-07,2026-07-13
SH001351,O001351,W019,XpressBees,In Transit,2026-02-23,2026-02-27
SH001352,O001352,W008,Blue Dart,Delivered,2026-05-10,2026-05-17
SH001353,O001353,W005,Blue Dart,In Transit,2026-01-04,2026-01-11
SH001354,O001354,W009,DTDC,In Transit,2026-07-30,2026-08-05
SH001355,O001355,W001,XpressBees,Delivered,2025-09-05,2025-09-06
SH001356,O001356,W006,Blue Dart,In Transit,2025-12-03,2025-12-04
SH001357,O001357,W004,Ekart,Delivered,2026-02-23,2026-02-28
SH001358,O001358,W014,Blue Dart,Delivered,2026-02-23,2026-02-26
SH001359,O001359,W014,DTDC,Delayed,2026-07-27,2026-08-01
SH001360,O001360,W015,XpressBees,Delayed,2026-06-18,2026-06-21
SH001361,O001361,W002,Ekart,In Transit,2026-05-04,2026-05-06
SH001362,O001362,W001,XpressBees,Delayed,2026-01-30,2026-02-05
SH001363,O001363,W011,Blue Dart,In Transit,2026-04-29,2026-05-06
SH001364,O001364,W016,Ekart,Delivered,2026-04-03,2026-04-10
SH001365,O001365,W003,DTDC,Delivered,2025-12-29,2026-01-04
SH001366,O001366,W012,India Post,Delivered,2026-05-30,2026-06-04
SH001367,O001367,W017,DTDC,Delivered,2026-07-15,2026-07-22
SH001368,O001368,W011,DTDC,Delayed,2026-05-05,2026-05-06
SH001369,O001369,W012,Delhivery,Delayed,2025-11-13,2025-11-16
SH001370,O001370,W005,Blue Dart,In Transit,2026-04-04,2026-04-10
SH001371,O001371,W017,India Post,In Transit,2026-04-09,2026-04-14
SH001372,O001372,W018,India Post,Delayed,2026-07-16,2026-07-17
SH001373,O001373,W015,XpressBees,Delayed,2025-10-20,2025-10-27
SH001374,O001374,W007,XpressBees,In Transit,2026-06-27,2026-07-04
SH001375,O001375,W002,Blue Dart,Delivered,2025-12-29,2026-01-01
SH001376,O001376,W002,Delhivery,In Transit,2025-09-17,2025-09-22
SH001377,O001377,W019,Ekart,Delayed,2026-01-15,2026-01-20
SH001378,O001378,W005,India Post,In Transit,2026-05-14,2026-05-15
SH001379,O001379,W010,DTDC,Delayed,2025-12-26,2025-12-27
SH001380,O001380,W012,Blue Dart,Delayed,2026-03-17,2026-03-23
SH001381,O001381,W017,DTDC,Delayed,2025-11-18,2025-11-21
SH001382,O001382,W004,DTDC,Delivered,2025-12-22,2025-12-28
SH001383,O001383,W014,Blue Dart,Delivered,2025-12-07,2025-12-14
SH001384,O001384,W009,Delhivery,Delivered,2025-10-24,2025-10-28
SH001385,O001385,W001,XpressBees,Delivered,2025-09-27,2025-10-04
SH001386,O001386,W010,Delhivery,Delivered,2026-05-04,2026-05-10
SH001387,O001387,W016,Delhivery,In Transit,2025-09-14,2025-09-20
SH001388,O001388,W012,Delhivery,Delivered,2025-12-15,2025-12-20
SH001389,O001389,W012,DTDC,Delivered,2026-04-24,2026-04-29
SH001390,O001390,W015,Delhivery,In Transit,2026-02-14,2026-02-19
SH001391,O001391,W011,DTDC,Delayed,2026-07-24,2026-07-31
SH001392,O001392,W012,DTDC,Delayed,2026-02-23,2026-02-24
SH001393,O001393,W002,Ekart,Delivered,2025-11-26,2025-12-01
SH001394,O001394,W003,XpressBees,Delayed,2026-02-09,2026-02-10
SH001395,O001395,W003,India Post,In Transit,2026-05-02,2026-05-03
SH001396,O001396,W012,Blue Dart,Delivered,2026-07-29,2026-08-04
SH001397,O001397,W012,Delhivery,Delayed,2025-08-06,2025-08-12
SH001398,O001398,W017,India Post,Delayed,2026-05-14,2026-05-17
SH001399,O001399,W003,Blue Dart,In Transit,2025-12-01,2025-12-05
SH001400,O001400,W017,XpressBees,Delivered,2025-10-30,2025-11-02
SH001401,O001401,W001,India Post,Delayed,2025-10-01,2025-10-03
SH001402,O001402,W013,XpressBees,Delayed,2025-10-10,2025-10-16
SH001403,O001403,W001,Delhivery,In Transit,2026-04-23,2026-04-29
SH001404,O001404,W005,Blue Dart,Delayed,2026-06-10,2026-06-16
SH001405,O001405,W011,DTDC,Delivered,2026-01-26,2026-01-29
SH001406,O001406,W005,Delhivery,Delayed,2025-12-05,2025-12-08
SH001407,O001407,W005,Ekart,Delivered,2025-11-19,2025-11-22
SH001408,O001408,W001,Delhivery,In Transit,2026-06-21,2026-06-22
SH001409,O001409,W003,Ekart,In Transit,2026-04-12,2026-04-19
SH001410,O001410,W008,India Post,Delayed,2025-12-11,2025-12-15
SH001411,O001411,W016,Delhivery,Delivered,2025-12-23,2025-12-27
SH001412,O001412,W003,Blue Dart,In Transit,2026-03-23,2026-03-29
SH001413,O001413,W013,DTDC,Delivered,2025-09-06,2025-09-09
SH001414,O001414,W003,India Post,Delivered,2026-02-21,2026-02-24
SH001415,O001415,W015,Blue Dart,Delayed,2025-12-08,2025-12-11
SH001416,O001416,W006,Delhivery,Delivered,2025-09-06,2025-09-07
SH001417,O001417,W010,Blue Dart,In Transit,2025-09-23,2025-09-27
SH001418,O001418,W017,Ekart,Delayed,2026-04-20,2026-04-26
SH001419,O001419,W001,XpressBees,Delayed,2025-09-28,2025-09-29
SH001420,O001420,W011,XpressBees,Delivered,2026-04-11,2026-04-13
SH001421,O001421,W002,XpressBees,Delayed,2026-04-06,2026-04-12
SH001422,O001422,W011,XpressBees,In Transit,2026-01-13,2026-01-15
SH001423,O001423,W004,DTDC,In Transit,2025-11-09,2025-11-13
SH001424,O001424,W013,Ekart,In Transit,2026-05-09,2026-05-16
SH001425,O001425,W010,XpressBees,Delivered,2025-08-10,2025-08-13
SH001426,O001426,W018,Blue Dart,Delivered,2026-06-05,2026-06-06
SH001427,O001427,W019,XpressBees,Delivered,2025-10-04,2025-10-09
SH001428,O001428,W009,DTDC,In Transit,2025-12-29,2026-01-04
SH001429,O001429,W011,DTDC,In Transit,2026-07-08,2026-07-14
SH001430,O001430,W018,India Post,Delayed,2026-05-25,2026-05-31
SH001431,O001431,W013,India Post,Delayed,2026-07-14,2026-07-21
SH001432,O001432,W019,XpressBees,Delayed,2026-03-27,2026-04-01
SH001433,O001433,W015,DTDC,Delayed,2025-11-22,2025-11-28
SH001434,O001434,W015,Ekart,Delayed,2025-11-11,2025-11-18
SH001435,O001435,W003,Delhivery,Delivered,2025-09-04,2025-09-08
SH001436,O001436,W013,Delhivery,Delivered,2025-09-23,2025-09-25
SH001437,O001437,W016,Ekart,In Transit,2026-05-18,2026-05-19
SH001438,O001438,W010,Ekart,In Transit,2026-06-10,2026-06-13
SH001439,O001439,W004,Ekart,In Transit,2026-02-03,2026-02-09
SH001440,O001440,W018,XpressBees,Delayed,2025-09-25,2025-10-01
SH001441,O001441,W002,DTDC,Delayed,2026-05-23,2026-05-24
SH001442,O001442,W003,XpressBees,Delayed,2026-01-28,2026-02-02
SH001443,O001443,W009,India Post,In Transit,2026-04-29,2026-05-05
SH001444,O001444,W020,Ekart,Delivered,2026-02-13,2026-02-15
SH001445,O001445,W013,India Post,Delayed,2026-03-12,2026-03-13
SH001446,O001446,W007,Delhivery,Delayed,2025-08-20,2025-08-22
SH001447,O001447,W016,Ekart,In Transit,2025-10-13,2025-10-15
SH001448,O001448,W009,Ekart,Delayed,2026-02-14,2026-02-20
SH001449,O001449,W006,DTDC,Delayed,2025-10-14,2025-10-20
SH001450,O001450,W017,Ekart,Delivered,2025-11-11,2025-11-14
SH001451,O001451,W017,DTDC,Delivered,2025-11-26,2025-11-29
SH001452,O001452,W009,Blue Dart,Delivered,2025-09-25,2025-09-30
SH001453,O001453,W012,DTDC,In Transit,2025-12-28,2025-12-30
SH001454,O001454,W015,Ekart,Delivered,2025-12-14,2025-12-21
SH001455,O001455,W001,XpressBees,In Transit,2025-08-08,2025-08-12
SH001456,O001456,W004,DTDC,In Transit,2026-02-09,2026-02-15
SH001457,O001457,W012,DTDC,Delivered,2025-08-14,2025-08-15
SH001458,O001458,W008,India Post,In Transit,2026-06-06,2026-06-08
SH001459,O001459,W007,Delhivery,Delivered,2026-01-15,2026-01-19
SH001460,O001460,W019,XpressBees,Delayed,2026-06-21,2026-06-22
SH001461,O001461,W014,Ekart,Delivered,2025-10-19,2025-10-24
SH001462,O001462,W017,Ekart,Delivered,2026-02-23,2026-02-24
SH001463,O001463,W011,Blue Dart,Delivered,2026-03-04,2026-03-05
SH001464,O001464,W009,DTDC,Delivered,2026-01-24,2026-01-27
SH001465,O001465,W011,India Post,In Transit,2026-08-02,2026-08-07
SH001466,O001466,W002,DTDC,Delayed,2026-04-30,2026-05-07
SH001467,O001467,W013,Ekart,In Transit,2026-07-08,2026-07-11
SH001468,O001468,W014,Delhivery,Delivered,2026-02-08,2026-02-11
SH001469,O001469,W014,DTDC,Delivered,2025-10-09,2025-10-13
SH001470,O001470,W014,Delhivery,In Transit,2025-10-30,2025-11-02
SH001471,O001471,W015,Ekart,In Transit,2026-01-05,2026-01-08
SH001472,O001472,W019,Ekart,In Transit,2026-02-18,2026-02-23
SH001473,O001473,W012,Blue Dart,In Transit,2025-10-21,2025-10-27
SH001474,O001474,W014,Ekart,Delivered,2025-10-20,2025-10-22
SH001475,O001475,W014,Blue Dart,Delivered,2025-09-18,2025-09-20
SH001476,O001476,W012,India Post,Delayed,2025-10-02,2025-10-06
SH001477,O001477,W003,India Post,Delayed,2026-03-27,2026-03-28
SH001478,O001478,W013,DTDC,Delivered,2025-11-15,2025-11-16
SH001479,O001479,W019,Ekart,In Transit,2026-06-25,2026-06-27
SH001480,O001480,W015,Blue Dart,In Transit,2025-11-12,2025-11-16
SH001481,O001481,W001,DTDC,In Transit,2026-01-10,2026-01-12
SH001482,O001482,W013,Blue Dart,In Transit,2026-04-04,2026-04-11
SH001483,O001483,W009,XpressBees,Delivered,2025-12-09,2025-12-10
SH001484,O001484,W003,Ekart,Delivered,2025-09-20,2025-09-21
SH001485,O001485,W009,Ekart,Delayed,2025-12-10,2025-12-15
SH001486,O001486,W016,DTDC,Delayed,2026-03-23,2026-03-30
SH001487,O001487,W008,Blue Dart,Delivered,2026-05-16,2026-05-17
SH001488,O001488,W008,India Post,In Transit,2026-04-17,2026-04-24
SH001489,O001489,W010,Delhivery,In Transit,2025-10-18,2025-10-21
SH001490,O001490,W004,DTDC,Delayed,2026-04-24,2026-04-30
SH001491,O001491,W010,DTDC,Delayed,2025-12-20,2025-12-21
SH001492,O001492,W007,Blue Dart,Delivered,2025-11-29,2025-11-30
SH001493,O001493,W014,DTDC,Delayed,2026-02-20,2026-02-27
SH001494,O001494,W020,DTDC,In Transit,2026-06-22,2026-06-23
SH001495,O001495,W006,Delhivery,In Transit,2025-10-31,2025-11-07
SH001496,O001496,W009,India Post,Delayed,2026-07-24,2026-07-25
SH001497,O001497,W018,DTDC,Delivered,2026-04-28,2026-05-04
SH001498,O001498,W010,Blue Dart,In Transit,2026-01-21,2026-01-26
SH001499,O001499,W001,DTDC,Delivered,2026-01-30,2026-02-06
SH001500,O001500,W002,Blue Dart,Delivered,2026-01-29,2026-02-01
SH001501,O001501,W011,XpressBees,Delayed,2026-02-04,2026-02-10
SH001502,O001502,W002,DTDC,In Transit,2025-08-28,2025-08-29
SH001503,O001503,W017,Delhivery,In Transit,2026-04-29,2026-05-03
SH001504,O001504,W006,Delhivery,Delivered,2026-04-30,2026-05-03
SH001505,O001505,W003,India Post,In Transit,2026-04-24,2026-04-30
SH001506,O001506,W007,DTDC,Delivered,2026-06-02,2026-06-06
SH001507,O001507,W019,India Post,Delivered,2026-01-31,2026-02-01
SH001508,O001508,W018,XpressBees,Delayed,2026-06-27,2026-07-02
SH001509,O001509,W005,Ekart,In Transit,2026-03-07,2026-03-09
SH001510,O001510,W017,India Post,Delivered,2026-01-20,2026-01-26
SH001511,O001511,W017,Delhivery,In Transit,2026-03-19,2026-03-22
SH001512,O001512,W015,XpressBees,In Transit,2025-09-18,2025-09-25
SH001513,O001513,W018,Blue Dart,Delivered,2026-04-12,2026-04-15
SH001514,O001514,W020,Ekart,Delivered,2025-09-25,2025-09-26
SH001515,O001515,W016,India Post,Delivered,2026-07-02,2026-07-09
SH001516,O001516,W003,Blue Dart,Delivered,2025-08-12,2025-08-14
SH001517,O001517,W014,XpressBees,Delayed,2025-10-30,2025-11-03
SH001518,O001518,W001,Ekart,Delivered,2025-11-28,2025-12-01
SH001519,O001519,W012,Ekart,Delayed,2026-02-02,2026-02-05
SH001520,O001520,W010,DTDC,In Transit,2025-12-31,2026-01-04
SH001521,O001521,W013,DTDC,In Transit,2026-02-10,2026-02-12
SH001522,O001522,W012,India Post,In Transit,2025-09-04,2025-09-09
SH001523,O001523,W011,DTDC,Delivered,2026-06-19,2026-06-21
SH001524,O001524,W008,Delhivery,Delayed,2025-08-08,2025-08-09
SH001525,O001525,W003,XpressBees,In Transit,2026-03-01,2026-03-04
SH001526,O001526,W010,India Post,Delayed,2026-01-02,2026-01-03
SH001527,O001527,W014,DTDC,Delayed,2025-08-10,2025-08-16
SH001528,O001528,W012,DTDC,In Transit,2026-06-19,2026-06-25
SH001529,O001529,W020,Delhivery,In Transit,2026-08-04,2026-08-07
SH001530,O001530,W015,XpressBees,Delayed,2026-01-30,2026-02-03
SH001531,O001531,W015,XpressBees,In Transit,2025-12-04,2025-12-08
SH001532,O001532,W008,Delhivery,In Transit,2025-12-29,2026-01-05
SH001533,O001533,W003,Ekart,Delayed,2026-05-05,2026-05-09
SH001534,O001534,W016,India Post,Delivered,2025-08-29,2025-09-02
SH001535,O001535,W016,Delhivery,Delayed,2026-06-10,2026-06-15
SH001536,O001536,W011,Ekart,In Transit,2026-07-10,2026-07-13
SH001537,O001537,W005,India Post,Delivered,2026-05-20,2026-05-26
SH001538,O001538,W002,Blue Dart,Delivered,2025-08-23,2025-08-30
SH001539,O001539,W003,XpressBees,Delivered,2026-04-11,2026-04-18
SH001540,O001540,W015,Ekart,In Transit,2025-10-23,2025-10-24
SH001541,O001541,W014,Blue Dart,Delayed,2026-03-19,2026-03-20
SH001542,O001542,W006,Delhivery,Delayed,2025-10-13,2025-10-14
SH001543,O001543,W012,XpressBees,Delivered,2025-11-12,2025-11-19
SH001544,O001544,W009,DTDC,Delivered,2025-11-27,2025-11-30
SH001545,O001545,W019,DTDC,In Transit,2026-08-03,2026-08-09
SH001546,O001546,W014,Ekart,In Transit,2026-08-02,2026-08-06
SH001547,O001547,W012,Delhivery,Delayed,2026-03-25,2026-03-30
SH001548,O001548,W006,India Post,Delivered,2025-12-05,2025-12-11
SH001549,O001549,W016,Delhivery,In Transit,2026-01-31,2026-02-04
SH001550,O001550,W007,Blue Dart,In Transit,2026-05-24,2026-05-26
SH001551,O001551,W014,XpressBees,Delayed,2026-07-12,2026-07-17
SH001552,O001552,W016,Blue Dart,In Transit,2025-12-03,2025-12-10
SH001553,O001553,W012,Blue Dart,Delayed,2026-05-25,2026-05-30
SH001554,O001554,W010,Blue Dart,Delivered,2026-05-25,2026-05-30
SH001555,O001555,W012,Delhivery,Delivered,2026-03-15,2026-03-21
SH001556,O001556,W019,India Post,Delayed,2026-06-07,2026-06-08
SH001557,O001557,W020,Blue Dart,Delayed,2026-05-26,2026-05-29
SH001558,O001558,W010,Blue Dart,Delayed,2025-11-26,2025-12-02
SH001559,O001559,W010,Delhivery,Delayed,2026-05-20,2026-05-25
SH001560,O001560,W002,Ekart,Delayed,2026-04-20,2026-04-23
SH001561,O001561,W013,XpressBees,Delivered,2025-08-13,2025-08-14
SH001562,O001562,W019,DTDC,Delayed,2026-04-22,2026-04-27
SH001563,O001563,W002,DTDC,Delivered,2026-04-19,2026-04-20
SH001564,O001564,W011,Blue Dart,In Transit,2026-04-06,2026-04-09
SH001565,O001565,W007,XpressBees,Delivered,2025-09-16,2025-09-20
SH001566,O001566,W019,DTDC,In Transit,2026-03-12,2026-03-13
SH001567,O001567,W013,Delhivery,In Transit,2025-10-28,2025-10-29
SH001568,O001568,W018,DTDC,Delayed,2026-05-28,2026-05-30
SH001569,O001569,W018,Blue Dart,In Transit,2025-11-02,2025-11-05
SH001570,O001570,W006,Ekart,Delivered,2026-01-07,2026-01-13
SH001571,O001571,W007,India Post,Delivered,2026-04-29,2026-04-30
SH001572,O001572,W011,Ekart,Delayed,2025-09-19,2025-09-20
SH001573,O001573,W009,Delhivery,Delivered,2025-11-12,2025-11-14
SH001574,O001574,W007,Ekart,Delayed,2026-05-24,2026-05-26
SH001575,O001575,W002,Delhivery,In Transit,2025-11-13,2025-11-14
SH001576,O001576,W007,DTDC,Delayed,2025-08-18,2025-08-21
SH001577,O001577,W017,XpressBees,Delayed,2026-01-22,2026-01-27
SH001578,O001578,W008,Ekart,In Transit,2025-11-10,2025-11-17
SH001579,O001579,W017,India Post,Delayed,2025-08-06,2025-08-10
SH001580,O001580,W018,XpressBees,Delayed,2025-08-25,2025-08-27
SH001581,O001581,W013,India Post,Delayed,2025-11-30,2025-12-01
SH001582,O001582,W010,DTDC,In Transit,2026-03-18,2026-03-25
SH001583,O001583,W015,Ekart,Delayed,2026-04-14,2026-04-19
SH001584,O001584,W002,Ekart,In Transit,2026-07-31,2026-08-04
SH001585,O001585,W001,India Post,Delayed,2025-08-13,2025-08-16
SH001586,O001586,W004,Blue Dart,Delivered,2026-04-30,2026-05-04
SH001587,O001587,W016,Blue Dart,Delivered,2026-05-09,2026-05-12
SH001588,O001588,W005,Blue Dart,In Transit,2025-09-12,2025-09-15
SH001589,O001589,W001,India Post,Delivered,2026-03-21,2026-03-27
SH001590,O001590,W002,Blue Dart,In Transit,2025-11-06,2025-11-13
SH001591,O001591,W006,India Post,Delivered,2025-10-30,2025-10-31
SH001592,O001592,W020,Delhivery,Delivered,2025-11-20,2025-11-22
SH001593,O001593,W020,Delhivery,Delayed,2025-11-06,2025-11-13
SH001594,O001594,W018,Ekart,In Transit,2025-10-10,2025-10-17
SH001595,O001595,W018,India Post,Delayed,2026-04-07,2026-04-12
SH001596,O001596,W005,XpressBees,Delivered,2025-09-25,2025-09-28
SH001597,O001597,W009,Delhivery,Delivered,2026-06-24,2026-06-25
SH001598,O001598,W001,Delhivery,In Transit,2026-06-26,2026-06-28
SH001599,O001599,W017,Delhivery,In Transit,2026-05-07,2026-05-08
SH001600,O001600,W016,Ekart,Delayed,2026-07-04,2026-07-05
SH001601,O001601,W011,Blue Dart,Delivered,2026-04-28,2026-04-30
SH001602,O001602,W020,XpressBees,In Transit,2026-06-03,2026-06-06
SH001603,O001603,W010,DTDC,In Transit,2025-10-11,2025-10-16
SH001604,O001604,W020,Delhivery,In Transit,2026-01-24,2026-01-31
SH001605,O001605,W017,DTDC,Delivered,2026-07-10,2026-07-13
SH001606,O001606,W017,Ekart,In Transit,2025-11-18,2025-11-22
SH001607,O001607,W013,India Post,Delayed,2026-02-03,2026-02-09
SH001608,O001608,W009,Delhivery,In Transit,2025-10-22,2025-10-25
SH001609,O001609,W003,Ekart,In Transit,2026-08-06,2026-08-08
SH001610,O001610,W003,Blue Dart,Delivered,2026-03-30,2026-04-06
SH001611,O001611,W014,DTDC,Delivered,2026-04-29,2026-05-05
SH001612,O001612,W006,Blue Dart,Delivered,2026-02-27,2026-03-05
SH001613,O001613,W010,Delhivery,Delivered,2026-07-08,2026-07-10
SH001614,O001614,W013,DTDC,Delivered,2026-05-24,2026-05-28
SH001615,O001615,W002,XpressBees,Delayed,2026-05-03,2026-05-06
SH001616,O001616,W001,DTDC,Delivered,2026-04-10,2026-04-13
SH001617,O001617,W014,Blue Dart,In Transit,2026-07-15,2026-07-17
SH001618,O001618,W004,XpressBees,Delayed,2026-01-07,2026-01-10
SH001619,O001619,W015,DTDC,In Transit,2026-02-26,2026-03-04
SH001620,O001620,W002,Ekart,Delayed,2026-03-13,2026-03-14
SH001621,O001621,W002,Delhivery,Delayed,2026-03-01,2026-03-05
SH001622,O001622,W008,XpressBees,Delayed,2025-10-24,2025-10-29
SH001623,O001623,W002,XpressBees,Delayed,2026-01-24,2026-01-26
SH001624,O001624,W017,Delhivery,Delayed,2026-07-09,2026-07-12
SH001625,O001625,W012,Ekart,In Transit,2026-02-05,2026-02-12
SH001626,O001626,W017,DTDC,Delayed,2026-07-12,2026-07-14
SH001627,O001627,W013,Delhivery,In Transit,2025-12-10,2025-12-16
SH001628,O001628,W013,Ekart,Delivered,2025-10-15,2025-10-21
SH001629,O001629,W014,Delhivery,Delayed,2025-12-25,2025-12-31
SH001630,O001630,W002,Delhivery,Delivered,2025-09-06,2025-09-09
SH001631,O001631,W010,Blue Dart,In Transit,2025-11-25,2025-11-30
SH001632,O001632,W010,XpressBees,In Transit,2026-02-09,2026-02-12
SH001633,O001633,W007,India Post,In Transit,2026-04-17,2026-04-24
SH001634,O001634,W014,Ekart,In Transit,2025-09-22,2025-09-23
SH001635,O001635,W010,Ekart,In Transit,2026-05-23,2026-05-30
SH001636,O001636,W003,DTDC,In Transit,2026-05-14,2026-05-17
SH001637,O001637,W019,India Post,Delivered,2026-03-06,2026-03-09
SH001638,O001638,W011,Blue Dart,Delivered,2026-01-10,2026-01-15
SH001639,O001639,W002,DTDC,Delayed,2026-05-23,2026-05-27
SH001640,O001640,W015,India Post,Delayed,2026-03-09,2026-03-16
SH001641,O001641,W001,Ekart,In Transit,2026-03-27,2026-03-28
SH001642,O001642,W005,Ekart,Delayed,2025-08-16,2025-08-23
SH001643,O001643,W008,Delhivery,In Transit,2026-03-07,2026-03-10
SH001644,O001644,W004,Ekart,In Transit,2026-05-23,2026-05-24
SH001645,O001645,W013,Ekart,In Transit,2025-08-22,2025-08-23
SH001646,O001646,W019,Delhivery,Delivered,2026-07-27,2026-07-30
SH001647,O001647,W005,Blue Dart,In Transit,2025-12-21,2025-12-26
SH001648,O001648,W012,Delhivery,In Transit,2025-11-21,2025-11-24
SH001649,O001649,W003,DTDC,In Transit,2026-01-07,2026-01-08
SH001650,O001650,W008,DTDC,Delivered,2026-05-22,2026-05-28
SH001651,O001651,W010,DTDC,In Transit,2025-11-21,2025-11-26
SH001652,O001652,W019,India Post,In Transit,2025-10-13,2025-10-16
SH001653,O001653,W016,XpressBees,Delivered,2026-03-03,2026-03-06
SH001654,O001654,W005,XpressBees,In Transit,2026-02-07,2026-02-09
SH001655,O001655,W017,Delhivery,In Transit,2026-05-08,2026-05-13
SH001656,O001656,W010,XpressBees,Delayed,2026-08-05,2026-08-08
SH001657,O001657,W013,Delhivery,In Transit,2025-10-12,2025-10-16
SH001658,O001658,W018,DTDC,Delivered,2025-08-07,2025-08-11
SH001659,O001659,W012,DTDC,Delivered,2025-11-22,2025-11-25
SH001660,O001660,W018,Delhivery,Delivered,2026-01-28,2026-01-31
SH001661,O001661,W008,DTDC,In Transit,2026-05-08,2026-05-14
SH001662,O001662,W004,DTDC,In Transit,2026-04-03,2026-04-08
SH001663,O001663,W005,India Post,In Transit,2025-12-30,2026-01-01
SH001664,O001664,W004,DTDC,In Transit,2025-09-22,2025-09-24
SH001665,O001665,W006,XpressBees,Delivered,2025-08-28,2025-08-31
SH001666,O001666,W011,DTDC,Delivered,2026-08-05,2026-08-07
SH001667,O001667,W017,XpressBees,Delivered,2025-08-13,2025-08-19
SH001668,O001668,W003,India Post,Delayed,2025-11-01,2025-11-08
SH001669,O001669,W003,Ekart,Delivered,2026-01-26,2026-01-28
SH001670,O001670,W018,DTDC,Delivered,2025-10-31,2025-11-06
SH001671,O001671,W004,Delhivery,Delivered,2025-12-06,2025-12-13
SH001672,O001672,W016,Blue Dart,In Transit,2025-08-25,2025-08-31
SH001673,O001673,W020,XpressBees,In Transit,2025-10-08,2025-10-15
SH001674,O001674,W001,Blue Dart,Delayed,2026-04-27,2026-05-02
SH001675,O001675,W004,DTDC,In Transit,2025-12-14,2025-12-17
SH001676,O001676,W003,XpressBees,In Transit,2026-07-22,2026-07-24
SH001677,O001677,W011,XpressBees,Delivered,2026-06-07,2026-06-14
SH001678,O001678,W007,India Post,Delivered,2025-11-02,2025-11-06
SH001679,O001679,W004,Ekart,Delivered,2026-07-20,2026-07-23
SH001680,O001680,W010,India Post,Delivered,2025-11-02,2025-11-06
SH001681,O001681,W013,Delhivery,Delayed,2025-08-09,2025-08-12
SH001682,O001682,W017,DTDC,In Transit,2025-10-17,2025-10-21
SH001683,O001683,W012,Blue Dart,Delayed,2026-07-06,2026-07-10
SH001684,O001684,W016,Blue Dart,In Transit,2026-01-27,2026-02-01
SH001685,O001685,W004,India Post,Delivered,2026-01-03,2026-01-04
SH001686,O001686,W010,Blue Dart,Delivered,2026-01-03,2026-01-04
SH001687,O001687,W014,XpressBees,Delayed,2026-02-22,2026-02-27
SH001688,O001688,W018,Delhivery,Delayed,2026-01-22,2026-01-25
SH001689,O001689,W014,DTDC,Delivered,2026-03-23,2026-03-26
SH001690,O001690,W015,DTDC,Delayed,2026-07-17,2026-07-21
SH001691,O001691,W014,XpressBees,In Transit,2026-01-02,2026-01-03
SH001692,O001692,W019,Ekart,In Transit,2026-05-29,2026-06-01
SH001693,O001693,W004,XpressBees,In Transit,2025-08-09,2025-08-13
SH001694,O001694,W016,Blue Dart,In Transit,2026-07-20,2026-07-25
SH001695,O001695,W012,Ekart,Delayed,2025-09-15,2025-09-21
SH001696,O001696,W010,XpressBees,In Transit,2026-04-12,2026-04-17
SH001697,O001697,W016,India Post,In Transit,2025-12-10,2025-12-14
SH001698,O001698,W007,DTDC,In Transit,2026-03-27,2026-03-30
SH001699,O001699,W008,Delhivery,Delivered,2025-09-08,2025-09-10
SH001700,O001700,W002,India Post,Delayed,2026-01-17,2026-01-18
SH001701,O001701,W015,India Post,Delivered,2026-06-24,2026-06-25
SH001702,O001702,W009,XpressBees,Delivered,2025-08-05,2025-08-06
SH001703,O001703,W001,Delhivery,In Transit,2025-09-07,2025-09-14
SH001704,O001704,W009,DTDC,In Transit,2025-09-24,2025-09-25
SH001705,O001705,W001,Ekart,In Transit,2025-12-15,2025-12-17
SH001706,O001706,W012,Ekart,Delivered,2025-10-02,2025-10-03
SH001707,O001707,W013,XpressBees,Delayed,2026-05-08,2026-05-10
SH001708,O001708,W013,Ekart,Delivered,2026-05-17,2026-05-19
SH001709,O001709,W018,DTDC,Delayed,2026-04-08,2026-04-13
SH001710,O001710,W003,XpressBees,Delivered,2025-10-26,2025-10-28
SH001711,O001711,W006,XpressBees,Delayed,2026-05-22,2026-05-23
SH001712,O001712,W003,India Post,Delivered,2025-09-15,2025-09-18
SH001713,O001713,W017,Ekart,In Transit,2026-07-27,2026-07-30
SH001714,O001714,W012,India Post,In Transit,2026-02-16,2026-02-19
SH001715,O001715,W009,Ekart,In Transit,2025-09-04,2025-09-05
SH001716,O001716,W010,Blue Dart,Delivered,2026-06-07,2026-06-12
SH001717,O001717,W013,Delhivery,Delivered,2026-07-03,2026-07-05
SH001718,O001718,W017,Ekart,Delivered,2026-06-09,2026-06-11
SH001719,O001719,W007,Blue Dart,Delayed,2026-05-28,2026-05-29
SH001720,O001720,W002,DTDC,In Transit,2025-11-06,2025-11-07
SH001721,O001721,W018,XpressBees,In Transit,2026-02-13,2026-02-20
SH001722,O001722,W016,DTDC,In Transit,2025-08-07,2025-08-10
SH001723,O001723,W020,DTDC,In Transit,2025-11-12,2025-11-15
SH001724,O001724,W018,Ekart,Delivered,2026-08-03,2026-08-04
SH001725,O001725,W013,India Post,Delivered,2026-04-03,2026-04-05
SH001726,O001726,W016,India Post,Delayed,2025-10-04,2025-10-11
SH001727,O001727,W013,DTDC,In Transit,2026-04-30,2026-05-06
SH001728,O001728,W013,India Post,Delivered,2025-09-09,2025-09-15
SH001729,O001729,W001,Blue Dart,Delivered,2025-10-07,2025-10-09
SH001730,O001730,W020,Blue Dart,Delivered,2026-04-08,2026-04-12
SH001731,O001731,W012,Ekart,In Transit,2026-01-05,2026-01-10
SH001732,O001732,W006,XpressBees,Delayed,2025-09-29,2025-10-02
SH001733,O001733,W007,Delhivery,In Transit,2026-01-31,2026-02-01
SH001734,O001734,W006,Ekart,Delivered,2026-01-19,2026-01-22
SH001735,O001735,W016,Blue Dart,Delayed,2025-10-10,2025-10-13
SH001736,O001736,W002,India Post,Delivered,2026-02-20,2026-02-26
SH001737,O001737,W005,India Post,In Transit,2025-12-02,2025-12-08
SH001738,O001738,W001,India Post,In Transit,2025-12-17,2025-12-20
SH001739,O001739,W001,India Post,In Transit,2026-02-06,2026-02-12
SH001740,O001740,W015,XpressBees,Delivered,2026-04-29,2026-05-05
SH001741,O001741,W013,DTDC,Delayed,2026-03-16,2026-03-18
SH001742,O001742,W018,Blue Dart,Delivered,2026-05-14,2026-05-21
SH001743,O001743,W012,DTDC,Delayed,2026-01-02,2026-01-05
SH001744,O001744,W012,Blue Dart,Delayed,2026-07-30,2026-08-06
SH001745,O001745,W010,Delhivery,Delivered,2026-04-29,2026-05-03
SH001746,O001746,W011,Delhivery,Delayed,2026-01-25,2026-01-28
SH001747,O001747,W020,Ekart,In Transit,2026-05-18,2026-05-20
SH001748,O001748,W012,DTDC,In Transit,2025-11-08,2025-11-14
SH001749,O001749,W016,DTDC,In Transit,2026-05-04,2026-05-10
SH001750,O001750,W018,Delhivery,In Transit,2026-02-21,2026-02-24
SH001751,O001751,W018,Ekart,In Transit,2026-01-25,2026-01-30
SH001752,O001752,W015,DTDC,Delivered,2025-09-12,2025-09-19
SH001753,O001753,W003,DTDC,In Transit,2025-12-23,2025-12-29
SH001754,O001754,W003,XpressBees,Delayed,2025-12-21,2025-12-23
SH001755,O001755,W007,DTDC,Delayed,2026-07-15,2026-07-22
SH001756,O001756,W003,Delhivery,Delayed,2026-07-31,2026-08-06
SH001757,O001757,W015,Ekart,In Transit,2025-12-11,2025-12-17
SH001758,O001758,W016,Delhivery,Delayed,2026-03-21,2026-03-23
SH001759,O001759,W006,XpressBees,Delayed,2026-05-08,2026-05-10
SH001760,O001760,W012,XpressBees,Delivered,2026-01-30,2026-02-02
SH001761,O001761,W008,Delhivery,Delivered,2026-07-23,2026-07-24
SH001762,O001762,W017,DTDC,Delivered,2025-08-23,2025-08-28
SH001763,O001763,W011,Blue Dart,In Transit,2025-12-18,2025-12-22
SH001764,O001764,W015,XpressBees,Delayed,2026-03-07,2026-03-08
SH001765,O001765,W014,DTDC,Delivered,2025-12-06,2025-12-08
SH001766,O001766,W013,DTDC,Delivered,2025-08-29,2025-09-04
SH001767,O001767,W005,Ekart,Delayed,2025-12-20,2025-12-24
SH001768,O001768,W009,XpressBees,Delayed,2025-10-23,2025-10-30
SH001769,O001769,W005,Delhivery,In Transit,2026-03-30,2026-04-01
SH001770,O001770,W003,XpressBees,Delivered,2026-01-02,2026-01-06
SH001771,O001771,W006,India Post,In Transit,2025-09-29,2025-10-02
SH001772,O001772,W003,India Post,In Transit,2026-04-20,2026-04-22
SH001773,O001773,W018,Ekart,Delayed,2025-11-10,2025-11-13
SH001774,O001774,W015,DTDC,In Transit,2026-03-29,2026-04-05
SH001775,O001775,W013,India Post,Delivered,2025-10-09,2025-10-15
SH001776,O001776,W015,India Post,Delivered,2026-02-04,2026-02-10
SH001777,O001777,W007,Delhivery,Delivered,2026-07-18,2026-07-19
SH001778,O001778,W012,XpressBees,In Transit,2025-12-06,2025-12-07
SH001779,O001779,W006,Blue Dart,In Transit,2025-09-27,2025-09-29
SH001780,O001780,W016,Blue Dart,Delayed,2025-11-30,2025-12-07
SH001781,O001781,W008,Blue Dart,Delivered,2026-06-10,2026-06-14
SH001782,O001782,W004,DTDC,Delivered,2026-02-04,2026-02-08
SH001783,O001783,W004,India Post,Delivered,2025-10-08,2025-10-13
SH001784,O001784,W002,DTDC,In Transit,2025-11-01,2025-11-06
SH001785,O001785,W009,Delhivery,Delivered,2026-05-03,2026-05-07
SH001786,O001786,W006,Delhivery,Delayed,2026-03-19,2026-03-26
SH001787,O001787,W016,XpressBees,Delivered,2026-02-23,2026-02-28
SH001788,O001788,W002,India Post,Delivered,2025-08-22,2025-08-23
SH001789,O001789,W017,DTDC,Delayed,2025-10-10,2025-10-15
SH001790,O001790,W019,DTDC,In Transit,2026-02-03,2026-02-08
SH001791,O001791,W007,Blue Dart,Delayed,2025-09-30,2025-10-03
SH001792,O001792,W020,Delhivery,Delayed,2025-10-21,2025-10-28
SH001793,O001793,W013,DTDC,In Transit,2025-09-21,2025-09-26
SH001794,O001794,W009,DTDC,Delivered,2025-09-07,2025-09-09
SH001795,O001795,W004,DTDC,In Transit,2026-01-10,2026-01-15
SH001796,O001796,W015,Blue Dart,In Transit,2025-09-28,2025-10-01
SH001797,O001797,W009,Blue Dart,Delivered,2025-08-21,2025-08-24
SH001798,O001798,W007,Blue Dart,In Transit,2026-06-02,2026-06-08
SH001799,O001799,W001,India Post,Delivered,2026-04-20,2026-04-27
SH001800,O001800,W013,India Post,In Transit,2025-08-18,2025-08-23
SH001801,O001801,W019,Blue Dart,Delivered,2025-10-03,2025-10-05
SH001802,O001802,W020,Delhivery,Delayed,2026-03-30,2026-04-04
SH001803,O001803,W002,Delhivery,Delayed,2025-11-26,2025-12-03
SH001804,O001804,W013,Delhivery,Delivered,2026-03-31,2026-04-07
SH001805,O001805,W017,Delhivery,Delayed,2026-03-02,2026-03-09
SH001806,O001806,W002,India Post,In Transit,2025-11-18,2025-11-20
SH001807,O001807,W007,Ekart,In Transit,2025-10-24,2025-10-30
SH001808,O001808,W015,DTDC,In Transit,2025-10-16,2025-10-18
SH001809,O001809,W002,Ekart,Delayed,2025-08-10,2025-08-11
SH001810,O001810,W015,DTDC,Delivered,2026-05-19,2026-05-21
SH001811,O001811,W017,DTDC,In Transit,2025-10-02,2025-10-07
SH001812,O001812,W009,India Post,Delayed,2026-06-07,2026-06-08
SH001813,O001813,W016,Blue Dart,In Transit,2026-06-26,2026-06-27
SH001814,O001814,W011,Delhivery,Delivered,2026-05-09,2026-05-11
SH001815,O001815,W002,DTDC,Delivered,2026-05-06,2026-05-09
SH001816,O001816,W017,Blue Dart,In Transit,2026-02-09,2026-02-12
SH001817,O001817,W005,Ekart,In Transit,2026-05-29,2026-06-04
SH001818,O001818,W019,Blue Dart,Delayed,2025-10-14,2025-10-20
SH001819,O001819,W020,Delhivery,Delivered,2025-11-30,2025-12-07
SH001820,O001820,W003,Ekart,Delayed,2025-11-25,2025-11-27
SH001821,O001821,W016,Ekart,Delivered,2025-08-18,2025-08-22
SH001822,O001822,W002,Delhivery,In Transit,2026-06-14,2026-06-17
SH001823,O001823,W017,Ekart,Delivered,2025-09-25,2025-09-26
SH001824,O001824,W004,DTDC,In Transit,2025-09-10,2025-09-11
SH001825,O001825,W012,Delhivery,Delivered,2026-06-27,2026-07-02
SH001826,O001826,W008,XpressBees,In Transit,2026-03-14,2026-03-19
SH001827,O001827,W014,Ekart,In Transit,2026-06-22,2026-06-29
SH001828,O001828,W016,India Post,Delivered,2026-04-04,2026-04-05
SH001829,O001829,W003,XpressBees,In Transit,2025-11-07,2025-11-14
SH001830,O001830,W003,India Post,In Transit,2025-09-10,2025-09-12
SH001831,O001831,W014,Ekart,In Transit,2026-03-28,2026-04-04
SH001832,O001832,W012,Blue Dart,In Transit,2025-08-30,2025-09-04
SH001833,O001833,W016,DTDC,In Transit,2026-06-17,2026-06-21
SH001834,O001834,W019,Delhivery,In Transit,2025-10-22,2025-10-26
SH001835,O001835,W002,India Post,In Transit,2026-05-10,2026-05-11
SH001836,O001836,W003,DTDC,Delivered,2025-11-17,2025-11-22
SH001837,O001837,W008,DTDC,Delivered,2025-12-17,2025-12-22
SH001838,O001838,W017,India Post,In Transit,2025-08-30,2025-09-01
SH001839,O001839,W019,Blue Dart,In Transit,2026-05-28,2026-06-03
SH001840,O001840,W003,XpressBees,In Transit,2025-10-09,2025-10-16
SH001841,O001841,W018,Ekart,Delivered,2025-12-22,2025-12-29
SH001842,O001842,W016,Blue Dart,Delayed,2026-01-28,2026-01-31
SH001843,O001843,W004,India Post,Delayed,2025-12-10,2025-12-17
SH001844,O001844,W010,DTDC,Delivered,2025-10-06,2025-10-10
SH001845,O001845,W014,DTDC,In Transit,2026-07-18,2026-07-25
SH001846,O001846,W014,XpressBees,Delivered,2025-12-02,2025-12-05
SH001847,O001847,W009,DTDC,In Transit,2025-11-05,2025-11-11
SH001848,O001848,W016,XpressBees,In Transit,2026-05-02,2026-05-07
SH001849,O001849,W020,Delhivery,Delayed,2026-01-18,2026-01-20
SH001850,O001850,W014,XpressBees,In Transit,2025-11-16,2025-11-17
SH001851,O001851,W001,DTDC,Delivered,2026-04-11,2026-04-14
SH001852,O001852,W004,XpressBees,In Transit,2026-03-12,2026-03-15
SH001853,O001853,W013,XpressBees,In Transit,2025-09-27,2025-10-03
SH001854,O001854,W019,Blue Dart,In Transit,2026-02-26,2026-03-05
SH001855,O001855,W018,DTDC,In Transit,2025-12-15,2025-12-22
SH001856,O001856,W015,DTDC,Delivered,2025-08-15,2025-08-20
SH001857,O001857,W018,Blue Dart,Delayed,2025-09-11,2025-09-12
SH001858,O001858,W006,India Post,Delayed,2025-08-18,2025-08-20
SH001859,O001859,W011,Delhivery,Delayed,2025-10-29,2025-11-01
SH001860,O001860,W003,XpressBees,Delayed,2025-10-06,2025-10-10
SH001861,O001861,W014,DTDC,In Transit,2026-07-08,2026-07-12
SH001862,O001862,W014,India Post,Delayed,2025-09-26,2025-09-28
SH001863,O001863,W007,Blue Dart,In Transit,2026-06-06,2026-06-09
SH001864,O001864,W020,India Post,Delivered,2025-12-26,2025-12-29
SH001865,O001865,W018,XpressBees,In Transit,2025-10-15,2025-10-19
SH001866,O001866,W018,India Post,Delivered,2026-03-05,2026-03-09
SH001867,O001867,W015,Blue Dart,Delivered,2026-05-27,2026-05-30
SH001868,O001868,W017,Delhivery,In Transit,2026-07-16,2026-07-20
SH001869,O001869,W007,Ekart,In Transit,2026-06-06,2026-06-11
SH001870,O001870,W002,Blue Dart,Delayed,2026-03-26,2026-03-31
SH001871,O001871,W010,XpressBees,Delayed,2025-08-07,2025-08-08
SH001872,O001872,W004,DTDC,In Transit,2026-07-02,2026-07-08
SH001873,O001873,W012,India Post,Delayed,2026-03-31,2026-04-05
SH001874,O001874,W004,DTDC,Delayed,2025-11-15,2025-11-16
SH001875,O001875,W003,Delhivery,In Transit,2026-03-20,2026-03-22
SH001876,O001876,W013,India Post,Delivered,2025-11-07,2025-11-08
SH001877,O001877,W005,Delhivery,In Transit,2026-02-06,2026-02-08
SH001878,O001878,W005,India Post,Delivered,2026-07-03,2026-07-06
SH001879,O001879,W003,Blue Dart,Delayed,2025-08-24,2025-08-31
SH001880,O001880,W010,Delhivery,Delayed,2025-10-27,2025-10-28
SH001881,O001881,W020,Blue Dart,Delayed,2026-06-19,2026-06-22
SH001882,O001882,W003,Blue Dart,In Transit,2026-07-23,2026-07-24
SH001883,O001883,W001,DTDC,Delayed,2026-07-28,2026-07-29
SH001884,O001884,W019,Blue Dart,Delivered,2025-12-04,2025-12-07
SH001885,O001885,W019,Delhivery,Delivered,2026-01-19,2026-01-20
SH001886,O001886,W017,DTDC,In Transit,2026-05-22,2026-05-27
SH001887,O001887,W014,XpressBees,Delivered,2025-11-04,2025-11-06
SH001888,O001888,W018,India Post,In Transit,2026-01-11,2026-01-12
SH001889,O001889,W007,India Post,Delayed,2025-08-23,2025-08-25
SH001890,O001890,W001,DTDC,Delayed,2025-11-22,2025-11-27
SH001891,O001891,W010,XpressBees,In Transit,2025-08-15,2025-08-19
SH001892,O001892,W012,Ekart,Delayed,2025-08-14,2025-08-16
SH001893,O001893,W013,XpressBees,In Transit,2025-12-13,2025-12-15
SH001894,O001894,W008,XpressBees,In Transit,2026-06-20,2026-06-21
SH001895,O001895,W020,Ekart,In Transit,2026-02-02,2026-02-07
SH001896,O001896,W015,DTDC,Delayed,2025-08-07,2025-08-10
SH001897,O001897,W015,Ekart,Delayed,2026-01-28,2026-01-30
SH001898,O001898,W005,Ekart,Delivered,2025-11-29,2025-12-06
SH001899,O001899,W001,India Post,Delivered,2025-10-19,2025-10-21
SH001900,O001900,W015,Blue Dart,Delayed,2025-08-14,2025-08-17
SH001901,O001901,W020,Blue Dart,In Transit,2026-07-17,2026-07-24
SH001902,O001902,W004,XpressBees,Delivered,2025-11-07,2025-11-08
SH001903,O001903,W015,India Post,In Transit,2026-01-25,2026-01-29
SH001904,O001904,W013,India Post,Delayed,2026-02-20,2026-02-21
SH001905,O001905,W006,Blue Dart,Delivered,2026-01-25,2026-01-30
SH001906,O001906,W017,XpressBees,Delayed,2026-07-08,2026-07-13
SH001907,O001907,W012,XpressBees,Delayed,2026-05-04,2026-05-11
SH001908,O001908,W014,Ekart,Delivered,2025-11-16,2025-11-21
SH001909,O001909,W003,DTDC,Delayed,2026-01-26,2026-01-30
SH001910,O001910,W020,Delhivery,Delayed,2026-05-24,2026-05-31
SH001911,O001911,W018,India Post,Delayed,2026-02-24,2026-02-25
SH001912,O001912,W009,Ekart,In Transit,2026-07-26,2026-08-01
SH001913,O001913,W001,XpressBees,Delayed,2025-12-12,2025-12-16
SH001914,O001914,W004,Ekart,Delivered,2026-04-08,2026-04-12
SH001915,O001915,W003,India Post,Delayed,2025-09-06,2025-09-08
SH001916,O001916,W018,Delhivery,In Transit,2025-11-01,2025-11-02
SH001917,O001917,W017,Ekart,Delayed,2025-08-09,2025-08-10
SH001918,O001918,W016,XpressBees,In Transit,2026-02-03,2026-02-09
SH001919,O001919,W001,India Post,Delivered,2025-12-11,2025-12-12
SH001920,O001920,W008,Blue Dart,Delayed,2026-03-27,2026-03-31
SH001921,O001921,W012,Ekart,Delivered,2026-01-26,2026-02-01
SH001922,O001922,W020,XpressBees,In Transit,2026-04-12,2026-04-16
SH001923,O001923,W017,Blue Dart,Delayed,2026-05-04,2026-05-06
SH001924,O001924,W004,XpressBees,In Transit,2025-12-04,2025-12-08
SH001925,O001925,W011,DTDC,In Transit,2026-03-13,2026-03-16
SH001926,O001926,W009,Delhivery,In Transit,2026-03-26,2026-04-01
SH001927,O001927,W020,Delhivery,In Transit,2025-08-31,2025-09-01
SH001928,O001928,W018,Delhivery,Delivered,2026-01-21,2026-01-27
SH001929,O001929,W008,Blue Dart,Delivered,2026-07-03,2026-07-07
SH001930,O001930,W007,XpressBees,Delayed,2026-06-11,2026-06-12
SH001931,O001931,W020,India Post,Delivered,2026-01-30,2026-02-06
SH001932,O001932,W011,DTDC,In Transit,2025-10-13,2025-10-15
SH001933,O001933,W016,Ekart,In Transit,2026-04-19,2026-04-23
SH001934,O001934,W015,DTDC,Delivered,2026-01-26,2026-01-27
SH001935,O001935,W020,XpressBees,In Transit,2025-11-19,2025-11-22
SH001936,O001936,W013,India Post,Delivered,2025-08-18,2025-08-20
SH001937,O001937,W001,Delhivery,Delayed,2025-11-28,2025-12-04
SH001938,O001938,W020,Delhivery,Delivered,2026-03-24,2026-03-31
SH001939,O001939,W008,Ekart,Delivered,2025-12-26,2026-01-01
SH001940,O001940,W018,XpressBees,Delivered,2026-01-23,2026-01-27
SH001941,O001941,W006,India Post,In Transit,2025-09-05,2025-09-09
SH001942,O001942,W013,Blue Dart,In Transit,2026-05-25,2026-05-26
SH001943,O001943,W017,XpressBees,Delayed,2026-05-19,2026-05-20
SH001944,O001944,W008,Ekart,In Transit,2025-12-15,2025-12-18
SH001945,O001945,W018,India Post,Delivered,2026-01-30,2026-02-03
SH001946,O001946,W017,DTDC,In Transit,2025-10-23,2025-10-29
SH001947,O001947,W018,Blue Dart,In Transit,2026-04-14,2026-04-19
SH001948,O001948,W013,XpressBees,In Transit,2025-08-29,2025-09-02
SH001949,O001949,W006,XpressBees,In Transit,2026-06-18,2026-06-23
SH001950,O001950,W005,Delhivery,In Transit,2026-02-08,2026-02-14
SH001951,O001951,W002,Delhivery,In Transit,2026-01-24,2026-01-29
SH001952,O001952,W020,DTDC,In Transit,2026-01-27,2026-01-30
SH001953,O001953,W005,Ekart,In Transit,2025-08-16,2025-08-20
SH001954,O001954,W005,Blue Dart,In Transit,2025-09-26,2025-10-03
SH001955,O001955,W003,XpressBees,Delivered,2026-05-19,2026-05-24
SH001956,O001956,W006,XpressBees,In Transit,2025-09-25,2025-09-30
SH001957,O001957,W009,Blue Dart,Delivered,2026-01-08,2026-01-13
SH001958,O001958,W008,India Post,In Transit,2026-04-22,2026-04-28
SH001959,O001959,W016,India Post,Delivered,2025-08-11,2025-08-13
SH001960,O001960,W007,XpressBees,Delayed,2026-08-06,2026-08-07
SH001961,O001961,W010,India Post,Delivered,2026-05-06,2026-05-11
SH001962,O001962,W016,Blue Dart,In Transit,2025-11-23,2025-11-27
SH001963,O001963,W012,India Post,Delayed,2025-08-23,2025-08-27
SH001964,O001964,W010,Blue Dart,In Transit,2026-06-29,2026-07-05
SH001965,O001965,W014,DTDC,In Transit,2025-09-26,2025-09-28
SH001966,O001966,W010,DTDC,In Transit,2025-08-27,2025-08-30
SH001967,O001967,W011,DTDC,In Transit,2026-02-01,2026-02-03
SH001968,O001968,W003,India Post,In Transit,2026-03-23,2026-03-25
SH001969,O001969,W007,DTDC,Delivered,2025-10-28,2025-10-30
SH001970,O001970,W020,Ekart,Delivered,2026-02-04,2026-02-05
SH001971,O001971,W020,Blue Dart,In Transit,2026-03-23,2026-03-28
SH001972,O001972,W007,India Post,Delivered,2025-12-06,2025-12-13
SH001973,O001973,W011,XpressBees,Delayed,2025-09-23,2025-09-25
SH001974,O001974,W003,XpressBees,Delivered,2026-01-20,2026-01-23
SH001975,O001975,W004,DTDC,In Transit,2026-02-25,2026-03-04
SH001976,O001976,W019,Delhivery,Delayed,2026-06-06,2026-06-11
SH001977,O001977,W012,Ekart,Delayed,2025-11-02,2025-11-07
SH001978,O001978,W019,DTDC,Delivered,2026-02-03,2026-02-04
SH001979,O001979,W019,Ekart,In Transit,2026-04-28,2026-05-05
SH001980,O001980,W009,Blue Dart,Delivered,2026-03-19,2026-03-26
SH001981,O001981,W011,Blue Dart,In Transit,2026-01-14,2026-01-17
SH001982,O001982,W014,Ekart,Delayed,2025-12-28,2025-12-30
SH001983,O001983,W006,XpressBees,In Transit,2026-07-18,2026-07-20
SH001984,O001984,W002,XpressBees,In Transit,2025-12-15,2025-12-16
SH001985,O001985,W015,Blue Dart,Delayed,2025-10-24,2025-10-31
SH001986,O001986,W016,Delhivery,Delivered,2026-03-10,2026-03-17
SH001987,O001987,W005,Delhivery,In Transit,2025-12-09,2025-12-15
SH001988,O001988,W004,Delhivery,Delivered,2026-02-10,2026-02-15
SH001989,O001989,W003,Ekart,Delivered,2026-02-05,2026-02-07
SH001990,O001990,W013,Delhivery,In Transit,2025-10-22,2025-10-24
SH001991,O001991,W008,XpressBees,Delayed,2025-11-08,2025-11-12
SH001992,O001992,W016,DTDC,Delayed,2026-04-07,2026-04-08
SH001993,O001993,W015,Blue Dart,Delayed,2025-09-03,2025-09-04
SH001994,O001994,W016,Blue Dart,Delivered,2026-03-23,2026-03-25
SH001995,O001995,W004,Delhivery,Delivered,2026-03-08,2026-03-13
SH001996,O001996,W012,DTDC,Delivered,2025-08-07,2025-08-14
SH001997,O001997,W005,XpressBees,Delivered,2026-07-22,2026-07-23
SH001998,O001998,W005,Ekart,In Transit,2026-02-16,2026-02-20
SH001999,O001999,W012,XpressBees,Delayed,2025-08-24,2025-08-28
SH002000,O002000,W018,Blue Dart,Delivered,2026-04-09,2026-04-15
SH002001,O002001,W018,XpressBees,In Transit,2026-03-18,2026-03-21
SH002002,O002002,W007,Ekart,Delivered,2025-09-02,2025-09-09
SH002003,O002003,W005,DTDC,In Transit,2025-11-22,2025-11-25
SH002004,O002004,W004,India Post,Delivered,2025-09-29,2025-10-03
SH002005,O002005,W020,DTDC,In Transit,2025-08-29,2025-09-04
SH002006,O002006,W003,Blue Dart,In Transit,2026-06-15,2026-06-21
SH002007,O002007,W011,Ekart,Delayed,2026-07-20,2026-07-26
SH002008,O002008,W020,India Post,Delayed,2025-12-03,2025-12-10
SH002009,O002009,W007,DTDC,In Transit,2026-06-26,2026-07-02
SH002010,O002010,W019,DTDC,In Transit,2025-09-03,2025-09-06
SH002011,O002011,W007,India Post,Delivered,2026-05-18,2026-05-22
SH002012,O002012,W003,India Post,Delayed,2026-08-01,2026-08-08
SH002013,O002013,W018,Delhivery,Delayed,2026-07-28,2026-08-04
SH002014,O002014,W019,Delhivery,In Transit,2026-02-07,2026-02-13
SH002015,O002015,W007,Delhivery,Delivered,2025-10-24,2025-10-28
SH002016,O002016,W001,India Post,In Transit,2026-01-08,2026-01-14
SH002017,O002017,W006,XpressBees,Delayed,2026-06-07,2026-06-12
SH002018,O002018,W002,Blue Dart,In Transit,2025-10-05,2025-10-08
SH002019,O002019,W015,DTDC,Delayed,2025-11-04,2025-11-11
SH002020,O002020,W008,Delhivery,In Transit,2025-12-04,2025-12-11
SH002021,O002021,W009,Blue Dart,In Transit,2026-02-04,2026-02-08
SH002022,O002022,W019,Delhivery,In Transit,2025-11-14,2025-11-20
SH002023,O002023,W013,India Post,In Transit,2026-02-27,2026-03-06
SH002024,O002024,W012,DTDC,Delayed,2025-11-13,2025-11-19
SH002025,O002025,W011,DTDC,Delayed,2026-01-04,2026-01-06
SH002026,O002026,W001,Delhivery,Delayed,2026-07-15,2026-07-18
SH002027,O002027,W002,Blue Dart,Delayed,2025-11-15,2025-11-18
SH002028,O002028,W005,Delhivery,Delivered,2025-11-07,2025-11-12
SH002029,O002029,W015,Ekart,In Transit,2026-04-27,2026-04-30
SH002030,O002030,W012,Ekart,Delayed,2026-03-20,2026-03-24
SH002031,O002031,W003,Delhivery,In Transit,2025-11-08,2025-11-09
SH002032,O002032,W012,Ekart,Delayed,2025-11-15,2025-11-16
SH002033,O002033,W016,Ekart,Delivered,2026-02-01,2026-02-03
SH002034,O002034,W010,Delhivery,Delayed,2025-09-19,2025-09-22
SH002035,O002035,W013,Ekart,Delivered,2025-10-28,2025-10-29
SH002036,O002036,W014,Blue Dart,In Transit,2026-06-13,2026-06-17
SH002037,O002037,W011,DTDC,Delivered,2026-05-15,2026-05-22
SH002038,O002038,W004,Delhivery,Delivered,2025-10-20,2025-10-25
SH002039,O002039,W004,DTDC,Delayed,2025-08-26,2025-08-31
SH002040,O002040,W016,XpressBees,Delivered,2025-09-06,2025-09-10
SH002041,O002041,W009,Ekart,In Transit,2026-01-26,2026-02-02
SH002042,O002042,W007,Ekart,In Transit,2025-11-16,2025-11-18
SH002043,O002043,W003,Ekart,In Transit,2026-05-13,2026-05-17
SH002044,O002044,W019,XpressBees,Delayed,2026-07-15,2026-07-22
SH002045,O002045,W016,XpressBees,Delayed,2025-09-03,2025-09-05
SH002046,O002046,W007,Delhivery,Delayed,2026-07-21,2026-07-25
SH002047,O002047,W003,DTDC,Delayed,2026-07-24,2026-07-26
SH002048,O002048,W020,India Post,Delayed,2026-01-25,2026-01-27
SH002049,O002049,W015,XpressBees,Delayed,2026-05-18,2026-05-22
SH002050,O002050,W001,India Post,In Transit,2025-10-25,2025-11-01
SH002051,O002051,W020,XpressBees,In Transit,2026-04-28,2026-05-01
SH002052,O002052,W010,India Post,In Transit,2026-01-10,2026-01-12
SH002053,O002053,W015,Blue Dart,In Transit,2026-03-04,2026-03-05
SH002054,O002054,W009,Delhivery,Delivered,2026-07-30,2026-08-01
SH002055,O002055,W002,XpressBees,Delivered,2025-11-29,2025-12-01
SH002056,O002056,W016,Ekart,Delivered,2026-01-15,2026-01-22
SH002057,O002057,W003,Blue Dart,Delivered,2025-08-23,2025-08-25
SH002058,O002058,W017,DTDC,In Transit,2026-01-09,2026-01-15
SH002059,O002059,W003,XpressBees,Delivered,2025-08-12,2025-08-15
SH002060,O002060,W013,Ekart,In Transit,2026-04-17,2026-04-18
SH002061,O002061,W014,Delhivery,In Transit,2025-11-05,2025-11-06
SH002062,O002062,W003,India Post,Delayed,2026-03-19,2026-03-23
SH002063,O002063,W003,Ekart,Delivered,2025-08-10,2025-08-12
SH002064,O002064,W016,India Post,In Transit,2025-10-21,2025-10-24
SH002065,O002065,W003,India Post,Delivered,2025-12-25,2025-12-26
SH002066,O002066,W004,India Post,In Transit,2026-02-17,2026-02-18
SH002067,O002067,W013,India Post,In Transit,2026-02-02,2026-02-08
SH002068,O002068,W019,Ekart,In Transit,2026-07-29,2026-07-30
SH002069,O002069,W004,Delhivery,Delivered,2026-06-01,2026-06-03
SH002070,O002070,W016,Ekart,Delivered,2026-05-07,2026-05-08
SH002071,O002071,W003,Blue Dart,In Transit,2026-04-24,2026-04-25
SH002072,O002072,W008,XpressBees,In Transit,2025-08-23,2025-08-29
SH002073,O002073,W002,XpressBees,Delivered,2026-01-01,2026-01-06
SH002074,O002074,W009,Blue Dart,Delivered,2025-11-08,2025-11-11
SH002075,O002075,W006,Delhivery,Delivered,2026-06-28,2026-07-03
SH002076,O002076,W020,XpressBees,Delivered,2026-06-07,2026-06-09
SH002077,O002077,W002,XpressBees,In Transit,2026-07-06,2026-07-12
SH002078,O002078,W006,India Post,In Transit,2025-12-02,2025-12-08
SH002079,O002079,W001,India Post,Delayed,2026-04-24,2026-04-30
SH002080,O002080,W010,Blue Dart,Delivered,2026-03-12,2026-03-14
SH002081,O002081,W003,Ekart,Delivered,2026-06-11,2026-06-16
SH002082,O002082,W012,Delhivery,In Transit,2026-04-02,2026-04-04
SH002083,O002083,W012,Ekart,Delayed,2025-08-14,2025-08-15
SH002084,O002084,W019,Blue Dart,Delivered,2025-09-27,2025-10-02
SH002085,O002085,W018,Ekart,Delivered,2025-09-29,2025-10-05
SH002086,O002086,W012,XpressBees,Delayed,2026-06-19,2026-06-26
SH002087,O002087,W006,Ekart,Delivered,2025-08-13,2025-08-19
SH002088,O002088,W016,Ekart,In Transit,2025-10-11,2025-10-13
SH002089,O002089,W020,DTDC,Delayed,2026-04-24,2026-04-25
SH002090,O002090,W003,DTDC,Delivered,2025-11-01,2025-11-08
SH002091,O002091,W008,India Post,Delayed,2026-05-28,2026-06-04
SH002092,O002092,W007,Delhivery,Delivered,2026-07-06,2026-07-10
SH002093,O002093,W002,Delhivery,Delivered,2025-12-24,2025-12-27
SH002094,O002094,W017,Delhivery,Delivered,2025-08-22,2025-08-25
SH002095,O002095,W010,Blue Dart,Delivered,2026-02-07,2026-02-08
SH002096,O002096,W013,DTDC,In Transit,2026-06-10,2026-06-17
SH002097,O002097,W011,Delhivery,In Transit,2026-03-27,2026-03-28
SH002098,O002098,W010,Ekart,Delayed,2026-05-28,2026-06-01
SH002099,O002099,W008,Delhivery,In Transit,2025-11-29,2025-12-06
SH002100,O002100,W004,Blue Dart,Delayed,2026-01-06,2026-01-10
SH002101,O002101,W020,Ekart,In Transit,2026-02-25,2026-02-26
SH002102,O002102,W008,India Post,In Transit,2025-10-04,2025-10-05
SH002103,O002103,W001,Blue Dart,Delayed,2025-10-19,2025-10-26
SH002104,O002104,W011,India Post,Delivered,2025-09-07,2025-09-09
SH002105,O002105,W017,XpressBees,Delayed,2026-02-26,2026-03-05
SH002106,O002106,W002,India Post,Delayed,2026-06-22,2026-06-26
SH002107,O002107,W008,India Post,In Transit,2026-03-14,2026-03-17
SH002108,O002108,W004,Ekart,Delivered,2026-08-02,2026-08-09
SH002109,O002109,W010,India Post,Delayed,2025-09-02,2025-09-03
SH002110,O002110,W005,Delhivery,Delivered,2025-10-13,2025-10-20
SH002111,O002111,W017,Ekart,In Transit,2025-11-03,2025-11-08
SH002112,O002112,W020,Blue Dart,Delayed,2025-09-07,2025-09-14
SH002113,O002113,W016,Blue Dart,Delivered,2026-01-28,2026-01-30
SH002114,O002114,W008,Ekart,In Transit,2026-02-10,2026-02-13
SH002115,O002115,W003,XpressBees,In Transit,2026-03-13,2026-03-15
SH002116,O002116,W013,Ekart,Delivered,2026-01-03,2026-01-08
SH002117,O002117,W005,Ekart,In Transit,2025-11-20,2025-11-25
SH002118,O002118,W014,India Post,Delayed,2026-04-18,2026-04-19
SH002119,O002119,W017,Blue Dart,Delivered,2026-06-08,2026-06-12
SH002120,O002120,W013,DTDC,In Transit,2025-08-17,2025-08-21
SH002121,O002121,W016,Blue Dart,In Transit,2025-10-15,2025-10-18
SH002122,O002122,W009,DTDC,Delayed,2025-08-30,2025-09-02
SH002123,O002123,W019,Blue Dart,In Transit,2025-09-25,2025-09-30
SH002124,O002124,W002,XpressBees,In Transit,2026-01-27,2026-01-31
SH002125,O002125,W012,Delhivery,Delivered,2026-04-17,2026-04-18
SH002126,O002126,W009,Ekart,Delayed,2026-04-29,2026-05-01
SH002127,O002127,W015,Ekart,In Transit,2026-04-01,2026-04-03
SH002128,O002128,W020,India Post,Delayed,2025-12-09,2025-12-11
SH002129,O002129,W014,Delhivery,Delayed,2025-12-21,2025-12-24
SH002130,O002130,W001,India Post,In Transit,2026-02-18,2026-02-19
SH002131,O002131,W001,India Post,Delivered,2025-08-29,2025-09-05
SH002132,O002132,W011,India Post,Delayed,2026-01-26,2026-01-27
SH002133,O002133,W002,Ekart,Delayed,2025-12-10,2025-12-17
SH002134,O002134,W018,Delhivery,Delivered,2025-12-09,2025-12-14
SH002135,O002135,W002,DTDC,In Transit,2025-09-01,2025-09-04
SH002136,O002136,W019,Blue Dart,Delayed,2026-07-30,2026-08-04
SH002137,O002137,W006,Blue Dart,In Transit,2025-12-17,2025-12-18
SH002138,O002138,W011,DTDC,Delayed,2026-05-09,2026-05-11
SH002139,O002139,W002,India Post,In Transit,2025-12-19,2025-12-26
SH002140,O002140,W015,Ekart,In Transit,2025-09-27,2025-10-03
SH002141,O002141,W012,Delhivery,Delayed,2026-08-02,2026-08-07
SH002142,O002142,W013,Delhivery,In Transit,2025-08-11,2025-08-14
SH002143,O002143,W015,Delhivery,Delayed,2026-03-14,2026-03-17
SH002144,O002144,W003,Ekart,Delivered,2026-02-09,2026-02-11
SH002145,O002145,W002,DTDC,Delayed,2026-04-14,2026-04-19
SH002146,O002146,W014,DTDC,In Transit,2026-07-26,2026-07-28
SH002147,O002147,W019,Ekart,Delivered,2026-04-17,2026-04-18
SH002148,O002148,W003,Ekart,Delivered,2025-09-27,2025-10-04
SH002149,O002149,W003,Blue Dart,In Transit,2026-04-12,2026-04-18
SH002150,O002150,W005,XpressBees,Delayed,2026-06-15,2026-06-20
SH002151,O002151,W010,Ekart,Delivered,2026-07-17,2026-07-22
SH002152,O002152,W007,XpressBees,In Transit,2025-11-12,2025-11-13
SH002153,O002153,W012,XpressBees,Delayed,2025-11-27,2025-12-03
SH002154,O002154,W018,Delhivery,Delivered,2026-03-28,2026-04-03
SH002155,O002155,W006,XpressBees,In Transit,2026-05-02,2026-05-03
SH002156,O002156,W015,DTDC,In Transit,2026-02-15,2026-02-17
SH002157,O002157,W001,Delhivery,Delivered,2026-01-22,2026-01-29
SH002158,O002158,W010,India Post,In Transit,2026-07-31,2026-08-03
SH002159,O002159,W010,India Post,In Transit,2025-10-28,2025-11-02
SH002160,O002160,W016,Blue Dart,Delivered,2025-11-13,2025-11-16
SH002161,O002161,W002,XpressBees,In Transit,2025-09-08,2025-09-13
SH002162,O002162,W003,Blue Dart,In Transit,2026-05-27,2026-05-29
SH002163,O002163,W014,India Post,Delivered,2026-07-04,2026-07-10
SH002164,O002164,W009,XpressBees,In Transit,2026-06-25,2026-07-02
SH002165,O002165,W013,DTDC,Delivered,2025-10-02,2025-10-09
SH002166,O002166,W012,Delhivery,In Transit,2026-02-01,2026-02-05
SH002167,O002167,W006,XpressBees,Delayed,2025-11-08,2025-11-14
SH002168,O002168,W018,India Post,In Transit,2025-10-18,2025-10-24
SH002169,O002169,W010,India Post,In Transit,2025-08-10,2025-08-15
SH002170,O002170,W002,India Post,In Transit,2026-05-14,2026-05-21
SH002171,O002171,W016,DTDC,Delayed,2026-04-14,2026-04-17
SH002172,O002172,W013,Delhivery,Delivered,2026-07-21,2026-07-26
SH002173,O002173,W013,XpressBees,In Transit,2026-08-01,2026-08-03
SH002174,O002174,W004,DTDC,Delayed,2026-02-19,2026-02-24
SH002175,O002175,W019,DTDC,Delivered,2026-02-24,2026-03-02
SH002176,O002176,W005,Delhivery,Delivered,2025-10-04,2025-10-06
SH002177,O002177,W017,XpressBees,In Transit,2026-04-13,2026-04-14
SH002178,O002178,W015,India Post,Delivered,2025-09-12,2025-09-18
SH002179,O002179,W006,DTDC,In Transit,2025-09-23,2025-09-24
SH002180,O002180,W007,XpressBees,In Transit,2026-03-19,2026-03-22
SH002181,O002181,W006,India Post,Delayed,2026-01-21,2026-01-27
SH002182,O002182,W002,XpressBees,In Transit,2025-08-31,2025-09-01
SH002183,O002183,W006,India Post,In Transit,2025-09-25,2025-09-26
SH002184,O002184,W004,India Post,Delivered,2026-03-28,2026-03-29
SH002185,O002185,W012,DTDC,Delivered,2025-12-06,2025-12-09
SH002186,O002186,W012,Blue Dart,In Transit,2026-03-11,2026-03-14
SH002187,O002187,W017,XpressBees,Delivered,2026-04-16,2026-04-21
SH002188,O002188,W001,XpressBees,Delayed,2025-08-09,2025-08-15
SH002189,O002189,W012,DTDC,In Transit,2025-10-17,2025-10-24
SH002190,O002190,W009,Blue Dart,In Transit,2026-08-06,2026-08-11
SH002191,O002191,W008,XpressBees,Delivered,2026-07-26,2026-07-30
SH002192,O002192,W018,Delhivery,Delayed,2026-01-07,2026-01-12
SH002193,O002193,W015,DTDC,Delayed,2025-09-15,2025-09-17
SH002194,O002194,W010,XpressBees,In Transit,2026-04-02,2026-04-06
SH002195,O002195,W006,Delhivery,In Transit,2026-07-28,2026-07-30
SH002196,O002196,W018,Blue Dart,Delivered,2025-11-25,2025-11-27
SH002197,O002197,W003,Delhivery,In Transit,2025-12-26,2025-12-30
SH002198,O002198,W001,Delhivery,Delivered,2026-05-27,2026-06-02
SH002199,O002199,W015,Ekart,Delivered,2025-10-19,2025-10-24
SH002200,O002200,W001,Delhivery,In Transit,2025-09-18,2025-09-25
SH002201,O002201,W013,India Post,In Transit,2025-12-23,2025-12-30
SH002202,O002202,W001,DTDC,Delayed,2026-05-01,2026-05-08
SH002203,O002203,W013,DTDC,Delayed,2026-06-26,2026-06-29
SH002204,O002204,W015,DTDC,Delivered,2025-12-19,2025-12-23
SH002205,O002205,W010,Ekart,Delivered,2026-06-04,2026-06-05
SH002206,O002206,W011,India Post,Delivered,2026-07-30,2026-08-03
SH002207,O002207,W007,India Post,Delayed,2026-05-15,2026-05-22
SH002208,O002208,W020,India Post,In Transit,2026-02-19,2026-02-22
SH002209,O002209,W003,Delhivery,Delayed,2026-02-17,2026-02-19
SH002210,O002210,W010,DTDC,Delayed,2026-05-16,2026-05-19
SH002211,O002211,W019,Ekart,Delayed,2026-04-26,2026-04-28
SH002212,O002212,W007,DTDC,Delivered,2026-03-01,2026-03-03
SH002213,O002213,W005,XpressBees,In Transit,2025-09-05,2025-09-06
SH002214,O002214,W010,XpressBees,Delayed,2026-01-03,2026-01-05
SH002215,O002215,W008,XpressBees,Delivered,2025-11-11,2025-11-14
SH002216,O002216,W013,XpressBees,Delayed,2026-04-10,2026-04-15
SH002217,O002217,W017,Blue Dart,Delivered,2026-07-31,2026-08-02
SH002218,O002218,W019,XpressBees,Delivered,2026-06-25,2026-06-29
SH002219,O002219,W008,Blue Dart,Delayed,2026-06-11,2026-06-13
SH002220,O002220,W008,Delhivery,Delayed,2025-09-13,2025-09-14
SH002221,O002221,W013,XpressBees,In Transit,2026-05-22,2026-05-28
SH002222,O002222,W008,India Post,Delayed,2026-01-26,2026-01-28
SH002223,O002223,W013,India Post,Delayed,2026-06-28,2026-07-04
SH002224,O002224,W013,XpressBees,Delivered,2025-10-27,2025-11-03
SH002225,O002225,W004,DTDC,Delayed,2026-02-08,2026-02-12
SH002226,O002226,W009,Blue Dart,In Transit,2025-08-21,2025-08-25
SH002227,O002227,W017,Blue Dart,Delivered,2026-06-09,2026-06-16
SH002228,O002228,W017,DTDC,Delivered,2025-09-01,2025-09-03
SH002229,O002229,W018,DTDC,In Transit,2025-11-19,2025-11-26
SH002230,O002230,W001,Ekart,Delivered,2025-08-20,2025-08-26
SH002231,O002231,W006,DTDC,Delivered,2025-09-25,2025-10-01
SH002232,O002232,W011,Ekart,Delivered,2026-07-15,2026-07-19
SH002233,O002233,W013,DTDC,In Transit,2026-04-18,2026-04-24
SH002234,O002234,W015,DTDC,Delayed,2026-04-24,2026-04-25
SH002235,O002235,W006,India Post,Delayed,2026-07-29,2026-07-30
SH002236,O002236,W020,India Post,Delivered,2025-11-23,2025-11-26
SH002237,O002237,W007,India Post,Delivered,2026-05-05,2026-05-08
SH002238,O002238,W008,XpressBees,In Transit,2026-06-20,2026-06-26
SH002239,O002239,W010,Blue Dart,Delayed,2026-05-01,2026-05-06
SH002240,O002240,W020,Ekart,Delayed,2025-10-12,2025-10-19
SH002241,O002241,W012,DTDC,Delivered,2026-06-16,2026-06-19
SH002242,O002242,W013,Ekart,Delayed,2025-11-07,2025-11-08
SH002243,O002243,W008,DTDC,Delayed,2026-03-28,2026-03-31
SH002244,O002244,W018,India Post,Delayed,2026-01-26,2026-02-02
SH002245,O002245,W018,Blue Dart,In Transit,2026-07-24,2026-07-31
SH002246,O002246,W018,Delhivery,Delivered,2026-05-27,2026-05-31
SH002247,O002247,W006,XpressBees,Delayed,2026-05-17,2026-05-19
SH002248,O002248,W013,Delhivery,In Transit,2025-11-10,2025-11-11
SH002249,O002249,W002,India Post,Delivered,2025-10-14,2025-10-21
SH002250,O002250,W019,Ekart,Delayed,2026-03-28,2026-04-02
SH002251,O002251,W019,DTDC,In Transit,2025-10-06,2025-10-07
SH002252,O002252,W003,Blue Dart,Delayed,2026-06-10,2026-06-14
SH002253,O002253,W005,Ekart,Delivered,2025-08-13,2025-08-20
SH002254,O002254,W017,XpressBees,Delayed,2026-05-17,2026-05-24
SH002255,O002255,W005,DTDC,Delayed,2026-07-20,2026-07-22
SH002256,O002256,W013,XpressBees,Delivered,2025-10-13,2025-10-16
SH002257,O002257,W011,India Post,Delayed,2025-10-29,2025-11-04
SH002258,O002258,W003,India Post,In Transit,2026-02-16,2026-02-20
SH002259,O002259,W016,Delhivery,Delivered,2026-06-12,2026-06-17
SH002260,O002260,W008,Delhivery,Delayed,2025-09-04,2025-09-11
SH002261,O002261,W005,India Post,In Transit,2026-05-27,2026-06-01
SH002262,O002262,W007,DTDC,Delivered,2025-10-30,2025-11-04
SH002263,O002263,W017,Delhivery,Delivered,2026-03-23,2026-03-29
SH002264,O002264,W013,Ekart,Delayed,2026-05-30,2026-06-04
SH002265,O002265,W013,DTDC,Delayed,2026-03-23,2026-03-29
SH002266,O002266,W010,India Post,Delayed,2026-05-17,2026-05-21
SH002267,O002267,W002,XpressBees,In Transit,2026-06-02,2026-06-05
SH002268,O002268,W016,India Post,Delivered,2026-04-16,2026-04-20
SH002269,O002269,W013,India Post,In Transit,2025-11-03,2025-11-09
SH002270,O002270,W012,India Post,Delivered,2026-02-11,2026-02-15
SH002271,O002271,W014,India Post,Delivered,2026-03-16,2026-03-20
SH002272,O002272,W009,India Post,Delayed,2026-02-28,2026-03-05
SH002273,O002273,W010,Ekart,Delivered,2025-08-16,2025-08-19
SH002274,O002274,W001,Ekart,In Transit,2025-11-25,2025-11-29
SH002275,O002275,W020,Delhivery,In Transit,2025-08-21,2025-08-24
SH002276,O002276,W013,India Post,Delayed,2025-09-22,2025-09-27
SH002277,O002277,W001,Ekart,Delivered,2025-09-11,2025-09-13
SH002278,O002278,W005,Delhivery,In Transit,2025-09-01,2025-09-04
SH002279,O002279,W017,Delhivery,Delivered,2025-10-20,2025-10-27
SH002280,O002280,W004,Delhivery,Delayed,2026-03-27,2026-03-31
SH002281,O002281,W003,XpressBees,In Transit,2026-04-24,2026-04-29
SH002282,O002282,W015,DTDC,Delayed,2025-09-19,2025-09-20
SH002283,O002283,W017,DTDC,Delivered,2025-09-27,2025-09-29
SH002284,O002284,W019,XpressBees,In Transit,2026-01-17,2026-01-23
SH002285,O002285,W015,DTDC,Delivered,2025-12-11,2025-12-13
SH002286,O002286,W003,India Post,Delivered,2026-06-20,2026-06-26
SH002287,O002287,W006,Blue Dart,Delivered,2025-09-15,2025-09-17
SH002288,O002288,W006,India Post,Delivered,2025-09-19,2025-09-26
SH002289,O002289,W010,Ekart,Delayed,2025-08-29,2025-08-31
SH002290,O002290,W016,India Post,Delivered,2025-09-27,2025-09-29
SH002291,O002291,W011,Ekart,Delayed,2026-04-06,2026-04-07
SH002292,O002292,W019,DTDC,Delayed,2025-11-17,2025-11-18
SH002293,O002293,W018,India Post,Delayed,2025-11-12,2025-11-18
SH002294,O002294,W013,Delhivery,In Transit,2025-08-16,2025-08-18
SH002295,O002295,W018,XpressBees,Delayed,2026-02-18,2026-02-24
SH002296,O002296,W015,Delhivery,Delayed,2026-01-08,2026-01-14
SH002297,O002297,W008,Delhivery,Delayed,2025-10-27,2025-10-30
SH002298,O002298,W012,Ekart,In Transit,2025-10-03,2025-10-10
SH002299,O002299,W007,Delhivery,Delivered,2025-12-30,2026-01-01
SH002300,O002300,W017,India Post,Delayed,2025-09-24,2025-10-01
SH002301,O002301,W016,Ekart,Delivered,2025-11-17,2025-11-19
SH002302,O002302,W020,XpressBees,Delivered,2025-08-08,2025-08-12
SH002303,O002303,W013,Blue Dart,In Transit,2025-11-10,2025-11-14
SH002304,O002304,W006,DTDC,Delayed,2025-08-28,2025-08-30
SH002305,O002305,W014,DTDC,Delivered,2025-11-18,2025-11-20
SH002306,O002306,W008,India Post,Delayed,2025-09-19,2025-09-24
SH002307,O002307,W009,Ekart,Delivered,2025-12-15,2025-12-20
SH002308,O002308,W020,XpressBees,In Transit,2025-10-10,2025-10-12
SH002309,O002309,W015,Blue Dart,Delayed,2026-03-12,2026-03-14
SH002310,O002310,W010,Ekart,Delivered,2026-02-06,2026-02-07
SH002311,O002311,W006,India Post,Delivered,2025-10-04,2025-10-11
SH002312,O002312,W004,India Post,Delayed,2025-08-16,2025-08-18
SH002313,O002313,W014,Delhivery,In Transit,2026-05-05,2026-05-12
SH002314,O002314,W011,Ekart,Delivered,2026-04-26,2026-05-02
SH002315,O002315,W011,India Post,In Transit,2026-03-12,2026-03-16
SH002316,O002316,W009,India Post,Delivered,2025-11-10,2025-11-16
SH002317,O002317,W013,India Post,Delayed,2025-08-22,2025-08-26
SH002318,O002318,W007,India Post,Delivered,2026-03-12,2026-03-17
SH002319,O002319,W006,XpressBees,Delivered,2026-04-19,2026-04-22
SH002320,O002320,W013,India Post,Delayed,2026-04-26,2026-05-03
SH002321,O002321,W002,Delhivery,Delivered,2025-10-07,2025-10-14
SH002322,O002322,W005,Delhivery,Delivered,2026-03-19,2026-03-21
SH002323,O002323,W005,XpressBees,Delayed,2026-02-01,2026-02-05
SH002324,O002324,W009,Blue Dart,Delivered,2026-04-17,2026-04-18
SH002325,O002325,W007,Delhivery,In Transit,2026-05-05,2026-05-11
SH002326,O002326,W019,Ekart,Delivered,2026-02-14,2026-02-17
SH002327,O002327,W014,Blue Dart,Delayed,2026-03-08,2026-03-10
SH002328,O002328,W010,XpressBees,Delayed,2025-11-03,2025-11-04
SH002329,O002329,W005,India Post,Delivered,2026-07-31,2026-08-05
SH002330,O002330,W004,Delhivery,Delayed,2026-01-31,2026-02-06
SH002331,O002331,W011,Ekart,Delayed,2025-10-27,2025-10-29
SH002332,O002332,W013,Delhivery,Delivered,2025-12-30,2026-01-03
SH002333,O002333,W017,Blue Dart,Delivered,2026-03-31,2026-04-03
SH002334,O002334,W017,Blue Dart,Delayed,2026-01-07,2026-01-09
SH002335,O002335,W004,Blue Dart,In Transit,2026-06-11,2026-06-16
SH002336,O002336,W003,Blue Dart,In Transit,2026-07-14,2026-07-17
SH002337,O002337,W011,Delhivery,Delayed,2025-10-26,2025-10-30
SH002338,O002338,W003,DTDC,In Transit,2026-06-13,2026-06-15
SH002339,O002339,W001,Blue Dart,In Transit,2025-10-30,2025-11-04
SH002340,O002340,W015,Blue Dart,Delivered,2025-12-17,2025-12-21
SH002341,O002341,W006,XpressBees,Delivered,2026-03-17,2026-03-24
SH002342,O002342,W016,DTDC,In Transit,2025-11-30,2025-12-01
SH002343,O002343,W008,Delhivery,In Transit,2025-08-21,2025-08-25
SH002344,O002344,W016,Blue Dart,In Transit,2026-06-30,2026-07-07
SH002345,O002345,W005,India Post,Delayed,2025-09-14,2025-09-15
SH002346,O002346,W014,Blue Dart,Delivered,2026-01-21,2026-01-24
SH002347,O002347,W014,Delhivery,In Transit,2025-10-16,2025-10-19
SH002348,O002348,W015,DTDC,In Transit,2025-12-18,2025-12-19
SH002349,O002349,W003,Delhivery,Delivered,2026-02-08,2026-02-11
SH002350,O002350,W019,Delhivery,Delayed,2025-10-02,2025-10-04
SH002351,O002351,W014,Delhivery,Delivered,2025-10-02,2025-10-05
SH002352,O002352,W014,Blue Dart,Delayed,2026-07-12,2026-07-13
SH002353,O002353,W004,DTDC,In Transit,2025-09-19,2025-09-24
SH002354,O002354,W005,Blue Dart,Delayed,2026-07-14,2026-07-20
SH002355,O002355,W004,Ekart,Delayed,2026-03-27,2026-03-29
SH002356,O002356,W011,Blue Dart,Delivered,2026-04-10,2026-04-17
SH002357,O002357,W011,DTDC,In Transit,2025-11-30,2025-12-02
SH002358,O002358,W002,Blue Dart,In Transit,2026-07-20,2026-07-21
SH002359,O002359,W003,DTDC,Delayed,2026-07-12,2026-07-18
SH002360,O002360,W001,India Post,Delivered,2025-09-21,2025-09-28
SH002361,O002361,W007,Blue Dart,Delayed,2026-02-11,2026-02-17
SH002362,O002362,W002,Delhivery,Delayed,2025-12-25,2025-12-29
SH002363,O002363,W006,Delhivery,In Transit,2026-06-07,2026-06-14
SH002364,O002364,W001,XpressBees,In Transit,2026-06-27,2026-07-01
SH002365,O002365,W003,India Post,In Transit,2026-05-31,2026-06-02
SH002366,O002366,W005,DTDC,Delivered,2025-09-01,2025-09-04
SH002367,O002367,W002,Ekart,Delivered,2025-10-07,2025-10-11
SH002368,O002368,W015,DTDC,Delivered,2026-02-27,2026-03-06
SH002369,O002369,W011,XpressBees,Delayed,2026-07-04,2026-07-07
SH002370,O002370,W018,Delhivery,In Transit,2026-01-02,2026-01-04
SH002371,O002371,W012,DTDC,In Transit,2026-07-12,2026-07-13
SH002372,O002372,W015,India Post,Delivered,2026-03-12,2026-03-17
SH002373,O002373,W009,DTDC,In Transit,2026-06-05,2026-06-09
SH002374,O002374,W015,India Post,Delayed,2026-05-24,2026-05-28
SH002375,O002375,W003,Blue Dart,Delayed,2026-07-17,2026-07-19
SH002376,O002376,W010,Blue Dart,In Transit,2026-06-17,2026-06-19
SH002377,O002377,W020,India Post,Delayed,2026-06-12,2026-06-13
SH002378,O002378,W009,India Post,In Transit,2026-05-09,2026-05-11
SH002379,O002379,W012,Ekart,In Transit,2025-08-18,2025-08-22
SH002380,O002380,W014,Ekart,Delivered,2026-07-09,2026-07-10
SH002381,O002381,W003,XpressBees,In Transit,2025-09-25,2025-09-26
SH002382,O002382,W001,XpressBees,Delayed,2025-09-09,2025-09-13
SH002383,O002383,W020,Delhivery,In Transit,2026-04-11,2026-04-15
SH002384,O002384,W003,DTDC,Delivered,2026-04-30,2026-05-06
SH002385,O002385,W009,DTDC,In Transit,2026-05-20,2026-05-22
SH002386,O002386,W009,India Post,Delivered,2025-08-18,2025-08-22
SH002387,O002387,W010,Delhivery,Delivered,2025-08-20,2025-08-27
SH002388,O002388,W010,XpressBees,In Transit,2025-10-24,2025-10-25
SH002389,O002389,W006,India Post,In Transit,2026-01-26,2026-01-28
SH002390,O002390,W012,DTDC,Delivered,2026-03-14,2026-03-15
SH002391,O002391,W017,Ekart,Delivered,2025-09-25,2025-09-30
SH002392,O002392,W018,Ekart,In Transit,2025-10-18,2025-10-22
SH002393,O002393,W014,India Post,In Transit,2025-12-19,2025-12-20
SH002394,O002394,W004,India Post,In Transit,2026-01-14,2026-01-20
SH002395,O002395,W019,DTDC,In Transit,2025-10-08,2025-10-13
SH002396,O002396,W011,India Post,Delayed,2025-11-02,2025-11-08
SH002397,O002397,W018,DTDC,Delayed,2026-04-26,2026-05-01
SH002398,O002398,W017,Delhivery,Delayed,2025-08-17,2025-08-23
SH002399,O002399,W011,DTDC,Delayed,2026-01-21,2026-01-27
SH002400,O002400,W020,DTDC,In Transit,2025-10-02,2025-10-07
SH002401,O002401,W018,India Post,Delivered,2025-08-24,2025-08-29
SH002402,O002402,W007,Delhivery,Delivered,2026-05-25,2026-05-31
SH002403,O002403,W005,Ekart,Delivered,2025-09-21,2025-09-28
SH002404,O002404,W017,DTDC,In Transit,2026-02-25,2026-02-28
SH002405,O002405,W008,India Post,In Transit,2026-02-27,2026-03-01
SH002406,O002406,W008,India Post,In Transit,2025-11-01,2025-11-07
SH002407,O002407,W010,Ekart,Delayed,2026-07-28,2026-07-31
SH002408,O002408,W019,Ekart,Delivered,2026-07-01,2026-07-08
SH002409,O002409,W004,XpressBees,Delayed,2025-08-11,2025-08-18
SH002410,O002410,W013,India Post,Delayed,2025-09-09,2025-09-16
SH002411,O002411,W010,Delhivery,In Transit,2025-10-29,2025-10-31
SH002412,O002412,W015,Ekart,Delayed,2026-04-28,2026-04-30
SH002413,O002413,W018,Ekart,In Transit,2026-04-09,2026-04-11
SH002414,O002414,W013,Delhivery,Delayed,2025-12-01,2025-12-06
SH002415,O002415,W011,India Post,In Transit,2025-09-01,2025-09-07
SH002416,O002416,W011,XpressBees,In Transit,2025-09-20,2025-09-21
SH002417,O002417,W013,India Post,Delivered,2026-01-16,2026-01-18
SH002418,O002418,W010,Blue Dart,In Transit,2026-04-12,2026-04-15
SH002419,O002419,W018,XpressBees,In Transit,2025-11-30,2025-12-02
SH002420,O002420,W016,Delhivery,In Transit,2025-12-25,2025-12-31
SH002421,O002421,W011,India Post,Delayed,2025-12-11,2025-12-14
SH002422,O002422,W007,Ekart,Delayed,2026-01-23,2026-01-30
SH002423,O002423,W010,DTDC,In Transit,2025-09-13,2025-09-14
SH002424,O002424,W019,Blue Dart,Delivered,2025-09-29,2025-10-01
SH002425,O002425,W016,DTDC,Delayed,2025-10-01,2025-10-06
SH002426,O002426,W018,DTDC,Delivered,2025-09-13,2025-09-17
SH002427,O002427,W015,XpressBees,Delivered,2025-09-09,2025-09-10
SH002428,O002428,W014,India Post,Delivered,2026-04-25,2026-04-27
SH002429,O002429,W016,Ekart,Delivered,2025-11-22,2025-11-24
SH002430,O002430,W019,Ekart,Delayed,2025-09-05,2025-09-08
SH002431,O002431,W009,DTDC,Delivered,2025-09-15,2025-09-18
SH002432,O002432,W003,Delhivery,Delivered,2026-07-16,2026-07-17
SH002433,O002433,W016,XpressBees,In Transit,2025-11-01,2025-11-06
SH002434,O002434,W017,Delhivery,Delayed,2026-06-08,2026-06-11
SH002435,O002435,W012,DTDC,In Transit,2026-05-02,2026-05-09
SH002436,O002436,W002,DTDC,Delayed,2025-08-07,2025-08-09
SH002437,O002437,W001,DTDC,Delivered,2026-04-17,2026-04-22
SH002438,O002438,W013,Blue Dart,In Transit,2025-11-12,2025-11-19
SH002439,O002439,W009,DTDC,Delayed,2025-10-24,2025-10-25
SH002440,O002440,W019,Ekart,Delayed,2025-08-21,2025-08-23
SH002441,O002441,W002,DTDC,In Transit,2025-10-25,2025-10-27
SH002442,O002442,W003,India Post,In Transit,2025-10-22,2025-10-27
SH002443,O002443,W015,Delhivery,In Transit,2025-11-28,2025-12-03
SH002444,O002444,W001,XpressBees,In Transit,2026-07-13,2026-07-19
SH002445,O002445,W010,Ekart,In Transit,2025-08-07,2025-08-08
SH002446,O002446,W010,Delhivery,Delivered,2025-08-19,2025-08-22
SH002447,O002447,W006,Ekart,In Transit,2025-12-03,2025-12-10
SH002448,O002448,W011,XpressBees,Delivered,2026-05-21,2026-05-26
SH002449,O002449,W001,India Post,Delivered,2025-12-16,2025-12-18
SH002450,O002450,W010,XpressBees,In Transit,2026-07-19,2026-07-22
SH002451,O002451,W004,Delhivery,Delayed,2026-03-27,2026-03-28
SH002452,O002452,W004,Delhivery,In Transit,2026-03-18,2026-03-23
SH002453,O002453,W006,Ekart,Delayed,2026-03-07,2026-03-11
SH002454,O002454,W018,India Post,In Transit,2026-03-02,2026-03-08
SH002455,O002455,W013,Delhivery,Delayed,2025-08-19,2025-08-21
SH002456,O002456,W009,Blue Dart,Delivered,2025-09-03,2025-09-07
SH002457,O002457,W019,DTDC,Delayed,2026-01-07,2026-01-11
SH002458,O002458,W017,Blue Dart,In Transit,2025-09-23,2025-09-28
SH002459,O002459,W004,Blue Dart,Delivered,2025-09-11,2025-09-16
SH002460,O002460,W002,DTDC,In Transit,2026-03-03,2026-03-07
SH002461,O002461,W009,India Post,Delivered,2026-02-25,2026-03-04
SH002462,O002462,W009,Ekart,Delayed,2026-08-06,2026-08-11
SH002463,O002463,W020,Delhivery,Delayed,2026-06-10,2026-06-13
SH002464,O002464,W008,Blue Dart,Delayed,2026-05-22,2026-05-24
SH002465,O002465,W015,Delhivery,Delivered,2026-02-21,2026-02-28
SH002466,O002466,W004,Delhivery,Delayed,2026-03-13,2026-03-16
SH002467,O002467,W009,Ekart,Delivered,2026-07-09,2026-07-15
SH002468,O002468,W010,Delhivery,Delivered,2026-04-11,2026-04-13
SH002469,O002469,W009,XpressBees,Delayed,2025-12-16,2025-12-22
SH002470,O002470,W018,XpressBees,In Transit,2025-11-12,2025-11-14
SH002471,O002471,W019,DTDC,Delivered,2025-11-07,2025-11-14
SH002472,O002472,W017,Delhivery,Delivered,2026-02-06,2026-02-07
SH002473,O002473,W006,Delhivery,In Transit,2026-08-02,2026-08-07
SH002474,O002474,W005,Delhivery,In Transit,2026-02-19,2026-02-23
SH002475,O002475,W005,Blue Dart,Delivered,2025-08-09,2025-08-12
SH002476,O002476,W013,DTDC,Delayed,2026-04-26,2026-04-29
SH002477,O002477,W004,DTDC,Delayed,2025-09-20,2025-09-21
SH002478,O002478,W001,Ekart,Delivered,2026-03-22,2026-03-23
SH002479,O002479,W010,Blue Dart,In Transit,2026-01-25,2026-01-29
SH002480,O002480,W014,XpressBees,In Transit,2026-05-05,2026-05-10
SH002481,O002481,W010,Blue Dart,Delayed,2025-10-22,2025-10-24
SH002482,O002482,W001,DTDC,Delayed,2026-08-02,2026-08-06
SH002483,O002483,W013,India Post,Delivered,2026-02-13,2026-02-14
SH002484,O002484,W003,Delhivery,Delivered,2025-10-03,2025-10-07
SH002485,O002485,W010,Blue Dart,Delivered,2026-02-09,2026-02-15
SH002486,O002486,W018,Delhivery,Delayed,2026-07-03,2026-07-05
SH002487,O002487,W002,India Post,Delivered,2026-03-04,2026-03-05
SH002488,O002488,W013,DTDC,Delivered,2025-09-04,2025-09-06
SH002489,O002489,W001,DTDC,Delivered,2026-04-03,2026-04-08
SH002490,O002490,W001,Delhivery,In Transit,2025-10-16,2025-10-21
SH002491,O002491,W006,India Post,Delayed,2025-08-14,2025-08-21
SH002492,O002492,W004,DTDC,In Transit,2025-10-09,2025-10-11
SH002493,O002493,W016,XpressBees,In Transit,2026-01-27,2026-01-30
SH002494,O002494,W001,Blue Dart,Delivered,2026-03-17,2026-03-21
SH002495,O002495,W002,DTDC,In Transit,2026-03-14,2026-03-20
SH002496,O002496,W017,India Post,In Transit,2025-12-06,2025-12-12
SH002497,O002497,W010,India Post,Delivered,2026-01-31,2026-02-04
SH002498,O002498,W005,Ekart,Delivered,2026-03-07,2026-03-13
SH002499,O002499,W014,India Post,Delayed,2025-10-12,2025-10-14
SH002500,O002500,W003,Ekart,Delivered,2026-06-05,2026-06-07
SH002501,O002501,W001,DTDC,Delivered,2026-04-21,2026-04-24
SH002502,O002502,W006,Blue Dart,Delivered,2026-07-07,2026-07-14
SH002503,O002503,W006,Ekart,In Transit,2025-09-21,2025-09-22
SH002504,O002504,W018,DTDC,In Transit,2026-03-23,2026-03-28
SH002505,O002505,W004,DTDC,Delivered,2025-08-18,2025-08-22
SH002506,O002506,W011,Blue Dart,In Transit,2026-05-23,2026-05-29
SH002507,O002507,W009,DTDC,In Transit,2025-11-09,2025-11-16
SH002508,O002508,W010,India Post,Delayed,2025-08-18,2025-08-24
SH002509,O002509,W014,India Post,In Transit,2026-04-22,2026-04-23
SH002510,O002510,W015,Blue Dart,Delivered,2026-01-04,2026-01-06
SH002511,O002511,W011,DTDC,In Transit,2026-01-20,2026-01-21
SH002512,O002512,W006,India Post,In Transit,2026-06-16,2026-06-17
SH002513,O002513,W013,Blue Dart,Delivered,2025-08-15,2025-08-22
SH002514,O002514,W012,Delhivery,In Transit,2025-09-15,2025-09-19
SH002515,O002515,W003,XpressBees,Delayed,2026-06-11,2026-06-12
SH002516,O002516,W001,Blue Dart,Delayed,2026-02-12,2026-02-15
SH002517,O002517,W010,Delhivery,Delivered,2026-01-12,2026-01-15
SH002518,O002518,W017,DTDC,Delivered,2025-10-26,2025-10-29
SH002519,O002519,W003,Blue Dart,Delivered,2026-06-03,2026-06-10
SH002520,O002520,W015,DTDC,In Transit,2025-08-29,2025-09-04
SH002521,O002521,W008,DTDC,Delayed,2026-01-06,2026-01-13
SH002522,O002522,W006,Ekart,In Transit,2026-05-11,2026-05-14
SH002523,O002523,W013,Ekart,In Transit,2025-11-17,2025-11-18
SH002524,O002524,W002,XpressBees,Delayed,2025-12-12,2025-12-19
SH002525,O002525,W007,XpressBees,In Transit,2025-09-13,2025-09-20
SH002526,O002526,W015,Ekart,Delayed,2026-04-11,2026-04-17
SH002527,O002527,W002,DTDC,Delivered,2026-01-16,2026-01-20
SH002528,O002528,W015,Blue Dart,Delayed,2026-05-15,2026-05-18
SH002529,O002529,W016,Blue Dart,In Transit,2026-06-22,2026-06-29
SH002530,O002530,W017,India Post,In Transit,2026-04-29,2026-05-05
SH002531,O002531,W003,Ekart,Delayed,2026-07-20,2026-07-25
SH002532,O002532,W019,Delhivery,Delayed,2026-04-23,2026-04-28
SH002533,O002533,W013,Delhivery,Delayed,2025-08-16,2025-08-22
SH002534,O002534,W012,Blue Dart,Delivered,2026-05-06,2026-05-12
SH002535,O002535,W015,Ekart,Delivered,2025-09-07,2025-09-10
SH002536,O002536,W011,Delhivery,Delayed,2026-03-12,2026-03-13
SH002537,O002537,W009,XpressBees,In Transit,2025-12-12,2025-12-17
SH002538,O002538,W016,DTDC,Delayed,2026-05-03,2026-05-08
SH002539,O002539,W015,Delhivery,Delivered,2025-11-18,2025-11-20
SH002540,O002540,W012,Ekart,In Transit,2025-10-25,2025-10-27
SH002541,O002541,W012,Delhivery,Delayed,2025-11-15,2025-11-16
SH002542,O002542,W003,Blue Dart,Delayed,2026-04-05,2026-04-09
SH002543,O002543,W020,Ekart,In Transit,2025-10-09,2025-10-16
SH002544,O002544,W002,India Post,Delivered,2025-10-30,2025-11-02
SH002545,O002545,W013,Delhivery,Delayed,2026-07-11,2026-07-14
SH002546,O002546,W013,India Post,Delayed,2026-03-07,2026-03-12
SH002547,O002547,W002,Delhivery,Delayed,2026-05-07,2026-05-12
SH002548,O002548,W007,Delhivery,Delayed,2026-02-05,2026-02-10
SH002549,O002549,W006,Blue Dart,Delivered,2025-08-20,2025-08-25
SH002550,O002550,W005,Delhivery,Delivered,2025-11-03,2025-11-09
SH002551,O002551,W007,XpressBees,In Transit,2025-11-29,2025-12-01
SH002552,O002552,W009,Ekart,Delivered,2025-10-28,2025-11-01
SH002553,O002553,W013,Delhivery,Delayed,2026-03-20,2026-03-27
SH002554,O002554,W003,DTDC,In Transit,2025-09-02,2025-09-04
SH002555,O002555,W013,DTDC,In Transit,2025-10-17,2025-10-23
SH002556,O002556,W012,DTDC,In Transit,2025-12-20,2025-12-22
SH002557,O002557,W018,Blue Dart,Delayed,2025-12-15,2025-12-16
SH002558,O002558,W020,Blue Dart,In Transit,2025-08-23,2025-08-27
SH002559,O002559,W008,Ekart,Delayed,2025-09-22,2025-09-26
SH002560,O002560,W004,Delhivery,Delayed,2025-11-05,2025-11-11
SH002561,O002561,W002,Delhivery,Delivered,2026-01-29,2026-01-31
SH002562,O002562,W011,DTDC,Delayed,2026-01-28,2026-01-30
SH002563,O002563,W020,India Post,Delivered,2026-06-10,2026-06-15
SH002564,O002564,W006,Delhivery,In Transit,2025-12-21,2025-12-28
SH002565,O002565,W011,India Post,Delayed,2026-08-04,2026-08-09
SH002566,O002566,W017,Blue Dart,Delivered,2025-10-30,2025-11-03
SH002567,O002567,W005,India Post,Delayed,2026-01-11,2026-01-18
SH002568,O002568,W005,Delhivery,Delivered,2025-08-14,2025-08-15
SH002569,O002569,W016,Ekart,In Transit,2025-11-10,2025-11-11
SH002570,O002570,W011,Blue Dart,Delayed,2026-07-11,2026-07-17
SH002571,O002571,W007,Blue Dart,Delayed,2025-10-01,2025-10-02
SH002572,O002572,W015,Ekart,In Transit,2025-12-24,2025-12-26
SH002573,O002573,W020,DTDC,In Transit,2026-02-08,2026-02-10
SH002574,O002574,W014,DTDC,Delayed,2025-09-22,2025-09-26
SH002575,O002575,W008,Ekart,Delivered,2025-12-12,2025-12-19
SH002576,O002576,W016,Ekart,Delayed,2025-08-23,2025-08-24
SH002577,O002577,W020,DTDC,In Transit,2025-09-20,2025-09-22
SH002578,O002578,W003,DTDC,In Transit,2026-05-26,2026-05-27
SH002579,O002579,W017,Ekart,Delayed,2025-10-07,2025-10-08
SH002580,O002580,W020,Blue Dart,Delivered,2025-11-19,2025-11-24
SH002581,O002581,W018,XpressBees,In Transit,2025-09-25,2025-10-02
SH002582,O002582,W008,Delhivery,In Transit,2026-03-25,2026-03-27
SH002583,O002583,W003,Ekart,Delivered,2025-11-23,2025-11-24
SH002584,O002584,W015,DTDC,Delayed,2026-08-01,2026-08-03
SH002585,O002585,W005,Ekart,Delivered,2025-09-30,2025-10-07
SH002586,O002586,W013,India Post,In Transit,2026-03-11,2026-03-14
SH002587,O002587,W018,Blue Dart,Delayed,2025-10-07,2025-10-13
SH002588,O002588,W009,DTDC,Delayed,2025-10-26,2025-10-27
SH002589,O002589,W009,India Post,Delayed,2026-07-30,2026-08-02
SH002590,O002590,W012,India Post,In Transit,2025-11-30,2025-12-07
SH002591,O002591,W013,XpressBees,In Transit,2026-07-26,2026-07-27
SH002592,O002592,W012,Blue Dart,Delayed,2026-02-22,2026-02-23
SH002593,O002593,W010,India Post,Delivered,2025-12-17,2025-12-21
SH002594,O002594,W011,XpressBees,Delayed,2026-06-25,2026-06-27
SH002595,O002595,W003,Blue Dart,Delayed,2025-11-17,2025-11-24
SH002596,O002596,W017,Ekart,Delayed,2025-10-06,2025-10-11
SH002597,O002597,W014,DTDC,Delayed,2026-03-17,2026-03-20
SH002598,O002598,W002,Blue Dart,In Transit,2026-03-09,2026-03-14
SH002599,O002599,W003,Blue Dart,Delivered,2025-08-06,2025-08-08
SH002600,O002600,W002,Blue Dart,Delayed,2026-03-23,2026-03-29
SH002601,O002601,W003,Blue Dart,Delivered,2025-09-17,2025-09-22
SH002602,O002602,W006,Blue Dart,Delayed,2026-05-07,2026-05-10
SH002603,O002603,W002,India Post,Delayed,2026-02-08,2026-02-14
SH002604,O002604,W020,Ekart,Delivered,2026-04-27,2026-05-01
SH002605,O002605,W011,Delhivery,Delivered,2025-10-06,2025-10-12
SH002606,O002606,W016,XpressBees,Delivered,2026-03-10,2026-03-12
SH002607,O002607,W018,India Post,Delayed,2025-08-17,2025-08-23
SH002608,O002608,W002,Delhivery,In Transit,2026-07-15,2026-07-19
SH002609,O002609,W013,Delhivery,In Transit,2026-03-26,2026-03-28
SH002610,O002610,W007,DTDC,Delayed,2026-01-24,2026-01-25
SH002611,O002611,W006,Ekart,Delivered,2026-03-12,2026-03-14
SH002612,O002612,W001,India Post,Delayed,2026-07-02,2026-07-05
SH002613,O002613,W012,Blue Dart,Delivered,2026-06-26,2026-06-30
SH002614,O002614,W002,Delhivery,In Transit,2026-03-10,2026-03-15
SH002615,O002615,W015,Blue Dart,Delivered,2025-11-21,2025-11-27
SH002616,O002616,W018,India Post,Delivered,2026-02-17,2026-02-24
SH002617,O002617,W018,India Post,In Transit,2025-09-19,2025-09-23
SH002618,O002618,W005,Ekart,Delivered,2025-10-30,2025-11-02
SH002619,O002619,W014,India Post,In Transit,2026-05-15,2026-05-22
SH002620,O002620,W005,DTDC,In Transit,2026-01-10,2026-01-13
SH002621,O002621,W012,DTDC,Delivered,2025-09-16,2025-09-20
SH002622,O002622,W015,India Post,Delayed,2026-03-23,2026-03-28
SH002623,O002623,W002,Delhivery,Delivered,2026-04-08,2026-04-11
SH002624,O002624,W006,Ekart,In Transit,2026-05-20,2026-05-27
SH002625,O002625,W005,DTDC,Delivered,2025-11-16,2025-11-18
SH002626,O002626,W002,India Post,Delayed,2026-07-21,2026-07-28
SH002627,O002627,W003,Delhivery,Delivered,2026-05-02,2026-05-06
SH002628,O002628,W017,India Post,In Transit,2026-06-06,2026-06-11
SH002629,O002629,W013,Delhivery,Delivered,2025-11-25,2025-12-01
SH002630,O002630,W006,XpressBees,Delayed,2026-03-04,2026-03-09
SH002631,O002631,W012,India Post,Delayed,2025-08-18,2025-08-21
SH002632,O002632,W008,XpressBees,In Transit,2026-07-08,2026-07-13
SH002633,O002633,W006,India Post,Delayed,2026-01-12,2026-01-14
SH002634,O002634,W007,Ekart,Delayed,2026-04-14,2026-04-16
SH002635,O002635,W011,Blue Dart,Delayed,2026-01-24,2026-01-31
SH002636,O002636,W009,DTDC,Delayed,2025-11-11,2025-11-17
SH002637,O002637,W001,DTDC,In Transit,2026-02-27,2026-03-01
SH002638,O002638,W018,Blue Dart,Delayed,2026-04-13,2026-04-15
SH002639,O002639,W020,XpressBees,Delivered,2026-04-19,2026-04-20
SH002640,O002640,W020,India Post,In Transit,2025-09-09,2025-09-14
SH002641,O002641,W016,XpressBees,In Transit,2025-12-30,2026-01-01
SH002642,O002642,W019,XpressBees,Delivered,2026-01-29,2026-01-30
SH002643,O002643,W001,Delhivery,Delayed,2025-09-28,2025-10-01
SH002644,O002644,W006,Ekart,Delayed,2025-08-08,2025-08-11
SH002645,O002645,W003,DTDC,Delayed,2026-02-26,2026-02-27
SH002646,O002646,W010,Delhivery,Delivered,2026-01-06,2026-01-07
SH002647,O002647,W019,India Post,In Transit,2025-11-18,2025-11-22
SH002648,O002648,W017,XpressBees,In Transit,2025-12-16,2025-12-18
SH002649,O002649,W020,Ekart,Delayed,2025-12-04,2025-12-07
SH002650,O002650,W020,DTDC,Delayed,2026-05-13,2026-05-20
SH002651,O002651,W006,XpressBees,Delivered,2026-02-05,2026-02-09
SH002652,O002652,W004,Delhivery,Delayed,2025-08-27,2025-09-02
SH002653,O002653,W017,Ekart,Delayed,2026-05-16,2026-05-22
SH002654,O002654,W010,XpressBees,Delayed,2026-05-09,2026-05-15
SH002655,O002655,W016,India Post,Delayed,2025-09-06,2025-09-09
SH002656,O002656,W020,DTDC,Delivered,2026-02-13,2026-02-20
SH002657,O002657,W010,XpressBees,Delayed,2026-05-07,2026-05-10
SH002658,O002658,W009,Delhivery,Delivered,2025-09-05,2025-09-08
SH002659,O002659,W018,DTDC,Delayed,2026-03-30,2026-04-06
SH002660,O002660,W009,DTDC,Delayed,2025-12-24,2025-12-29
SH002661,O002661,W007,Delhivery,Delivered,2025-12-30,2026-01-01
SH002662,O002662,W006,XpressBees,Delayed,2025-11-11,2025-11-13
SH002663,O002663,W004,Ekart,Delayed,2025-09-27,2025-10-02
SH002664,O002664,W017,India Post,Delivered,2026-01-23,2026-01-25
SH002665,O002665,W013,Delhivery,In Transit,2025-10-12,2025-10-17
SH002666,O002666,W006,Delhivery,Delivered,2025-12-12,2025-12-17
SH002667,O002667,W005,XpressBees,Delayed,2026-01-15,2026-01-18
SH002668,O002668,W003,India Post,Delayed,2026-05-13,2026-05-15
SH002669,O002669,W019,Ekart,Delivered,2026-02-16,2026-02-18
SH002670,O002670,W012,India Post,Delayed,2026-03-14,2026-03-15
SH002671,O002671,W003,Blue Dart,Delivered,2026-03-20,2026-03-25
SH002672,O002672,W007,Ekart,Delivered,2025-11-24,2025-11-26
SH002673,O002673,W001,DTDC,Delayed,2025-12-29,2026-01-04
SH002674,O002674,W003,Delhivery,In Transit,2026-07-27,2026-07-29
SH002675,O002675,W008,Ekart,Delivered,2026-03-03,2026-03-04
SH002676,O002676,W015,Blue Dart,Delayed,2025-12-26,2026-01-01
SH002677,O002677,W008,DTDC,Delivered,2026-05-08,2026-05-14
SH002678,O002678,W008,DTDC,In Transit,2026-05-29,2026-05-31
SH002679,O002679,W002,Ekart,Delayed,2025-10-30,2025-11-02
SH002680,O002680,W015,Ekart,In Transit,2026-04-13,2026-04-19
SH002681,O002681,W007,DTDC,In Transit,2026-07-11,2026-07-12
SH002682,O002682,W018,XpressBees,In Transit,2026-03-30,2026-04-01
SH002683,O002683,W015,XpressBees,Delivered,2026-06-21,2026-06-28
SH002684,O002684,W020,DTDC,In Transit,2026-03-25,2026-04-01
SH002685,O002685,W002,India Post,In Transit,2026-06-29,2026-07-01
SH002686,O002686,W008,Delhivery,In Transit,2026-02-24,2026-02-25
SH002687,O002687,W007,Ekart,Delivered,2026-03-07,2026-03-08
SH002688,O002688,W011,DTDC,Delivered,2025-12-07,2025-12-11
SH002689,O002689,W007,DTDC,In Transit,2025-08-15,2025-08-19
SH002690,O002690,W018,XpressBees,Delivered,2026-01-22,2026-01-23
SH002691,O002691,W010,Blue Dart,Delivered,2026-01-07,2026-01-14
SH002692,O002692,W019,India Post,In Transit,2026-07-14,2026-07-18
SH002693,O002693,W007,India Post,Delivered,2026-01-16,2026-01-22
SH002694,O002694,W008,Ekart,In Transit,2026-04-15,2026-04-17
SH002695,O002695,W004,DTDC,In Transit,2025-08-26,2025-08-27
SH002696,O002696,W016,Delhivery,Delivered,2026-03-01,2026-03-03
SH002697,O002697,W002,XpressBees,In Transit,2026-05-31,2026-06-01
SH002698,O002698,W012,India Post,In Transit,2025-11-23,2025-11-27
SH002699,O002699,W010,Ekart,In Transit,2026-06-13,2026-06-16
SH002700,O002700,W015,Delhivery,Delayed,2026-07-04,2026-07-10
SH002701,O002701,W009,DTDC,Delayed,2026-05-09,2026-05-12
SH002702,O002702,W005,DTDC,Delayed,2026-08-04,2026-08-09
SH002703,O002703,W008,Blue Dart,In Transit,2026-02-27,2026-03-01
SH002704,O002704,W010,XpressBees,Delayed,2026-01-11,2026-01-16
SH002705,O002705,W016,Delhivery,In Transit,2026-01-07,2026-01-13
SH002706,O002706,W018,Delhivery,Delayed,2025-12-27,2026-01-02
SH002707,O002707,W010,India Post,Delayed,2026-03-05,2026-03-09
SH002708,O002708,W005,India Post,In Transit,2026-04-07,2026-04-12
SH002709,O002709,W008,XpressBees,Delivered,2026-04-11,2026-04-13
SH002710,O002710,W014,Ekart,Delivered,2026-02-02,2026-02-09
SH002711,O002711,W002,Blue Dart,Delayed,2026-02-08,2026-02-15
SH002712,O002712,W018,Blue Dart,In Transit,2025-09-10,2025-09-12
SH002713,O002713,W020,DTDC,Delayed,2025-09-02,2025-09-03
SH002714,O002714,W002,India Post,Delayed,2025-09-10,2025-09-15
SH002715,O002715,W008,Blue Dart,Delivered,2025-11-20,2025-11-21
SH002716,O002716,W013,DTDC,In Transit,2026-07-10,2026-07-16
SH002717,O002717,W011,DTDC,Delayed,2026-05-06,2026-05-07
SH002718,O002718,W010,Delhivery,Delivered,2026-03-25,2026-03-28
SH002719,O002719,W020,Ekart,Delivered,2025-12-16,2025-12-20
SH002720,O002720,W014,DTDC,In Transit,2026-02-06,2026-02-12
SH002721,O002721,W015,Blue Dart,Delayed,2025-09-13,2025-09-17
SH002722,O002722,W018,India Post,In Transit,2025-10-23,2025-10-28
SH002723,O002723,W015,Delhivery,In Transit,2026-02-18,2026-02-23
SH002724,O002724,W008,DTDC,In Transit,2025-10-09,2025-10-12
SH002725,O002725,W017,XpressBees,In Transit,2025-08-16,2025-08-19
SH002726,O002726,W020,Delhivery,In Transit,2026-06-10,2026-06-17
SH002727,O002727,W008,Blue Dart,In Transit,2025-11-28,2025-11-30
SH002728,O002728,W008,Ekart,In Transit,2026-03-13,2026-03-16
SH002729,O002729,W017,Blue Dart,Delayed,2026-07-31,2026-08-01
SH002730,O002730,W017,India Post,Delivered,2026-06-08,2026-06-09
SH002731,O002731,W017,Ekart,Delivered,2026-07-30,2026-08-06
SH002732,O002732,W019,Delhivery,Delivered,2026-04-05,2026-04-06
SH002733,O002733,W008,Blue Dart,In Transit,2026-04-05,2026-04-08
SH002734,O002734,W004,XpressBees,Delivered,2026-01-29,2026-01-31
SH002735,O002735,W006,India Post,Delivered,2026-04-14,2026-04-16
SH002736,O002736,W011,Blue Dart,Delayed,2026-01-10,2026-01-11
SH002737,O002737,W016,India Post,Delayed,2026-07-09,2026-07-13
SH002738,O002738,W011,DTDC,Delivered,2026-07-14,2026-07-18
SH002739,O002739,W016,XpressBees,In Transit,2026-07-22,2026-07-27
SH002740,O002740,W019,India Post,Delivered,2025-08-30,2025-09-06
SH002741,O002741,W014,Delhivery,Delivered,2025-08-31,2025-09-06
SH002742,O002742,W008,Delhivery,Delayed,2025-09-25,2025-09-29
SH002743,O002743,W013,India Post,In Transit,2025-08-18,2025-08-19
SH002744,O002744,W008,Ekart,In Transit,2025-11-17,2025-11-21
SH002745,O002745,W013,India Post,Delayed,2025-12-14,2025-12-19
SH002746,O002746,W020,Delhivery,Delivered,2026-03-29,2026-04-04
SH002747,O002747,W011,Ekart,In Transit,2026-02-02,2026-02-06
SH002748,O002748,W013,XpressBees,Delivered,2026-01-01,2026-01-08
SH002749,O002749,W011,Ekart,In Transit,2026-05-13,2026-05-16
SH002750,O002750,W018,Ekart,In Transit,2026-04-22,2026-04-28
SH002751,O002751,W003,XpressBees,In Transit,2025-10-31,2025-11-04
SH002752,O002752,W008,India Post,Delivered,2026-04-01,2026-04-08
SH002753,O002753,W010,India Post,Delivered,2026-07-18,2026-07-24
SH002754,O002754,W001,DTDC,Delayed,2026-03-19,2026-03-26
SH002755,O002755,W005,XpressBees,Delivered,2025-08-08,2025-08-10
SH002756,O002756,W008,Delhivery,Delivered,2026-02-08,2026-02-11
SH002757,O002757,W002,XpressBees,Delayed,2026-07-28,2026-07-31
SH002758,O002758,W008,India Post,Delayed,2026-04-29,2026-05-06
SH002759,O002759,W018,Blue Dart,Delivered,2025-09-07,2025-09-11
SH002760,O002760,W005,India Post,Delivered,2026-08-03,2026-08-06
SH002761,O002761,W016,XpressBees,In Transit,2026-03-14,2026-03-18
SH002762,O002762,W004,Blue Dart,Delivered,2026-08-02,2026-08-07
SH002763,O002763,W003,Blue Dart,Delivered,2026-07-27,2026-08-03
SH002764,O002764,W003,DTDC,Delivered,2026-01-08,2026-01-14
SH002765,O002765,W013,DTDC,In Transit,2025-09-27,2025-10-03
SH002766,O002766,W019,India Post,In Transit,2026-01-06,2026-01-13
SH002767,O002767,W004,Delhivery,In Transit,2026-06-29,2026-07-03
SH002768,O002768,W010,Blue Dart,Delivered,2026-03-07,2026-03-14
SH002769,O002769,W020,XpressBees,In Transit,2026-02-04,2026-02-08
SH002770,O002770,W017,DTDC,Delivered,2025-11-03,2025-11-06
SH002771,O002771,W007,DTDC,Delivered,2025-09-28,2025-10-03
SH002772,O002772,W017,Delhivery,Delayed,2026-05-24,2026-05-27
SH002773,O002773,W011,Ekart,Delayed,2026-01-24,2026-01-26
SH002774,O002774,W019,Delhivery,In Transit,2026-03-21,2026-03-24
SH002775,O002775,W004,XpressBees,Delayed,2026-02-05,2026-02-07
SH002776,O002776,W013,XpressBees,Delivered,2026-01-12,2026-01-16
SH002777,O002777,W012,India Post,Delayed,2026-08-06,2026-08-10
SH002778,O002778,W013,Ekart,In Transit,2025-11-08,2025-11-10
SH002779,O002779,W014,Blue Dart,Delayed,2025-11-04,2025-11-09
SH002780,O002780,W010,Blue Dart,Delayed,2026-05-09,2026-05-13
SH002781,O002781,W005,DTDC,Delayed,2026-01-19,2026-01-21
SH002782,O002782,W017,XpressBees,Delayed,2026-05-30,2026-06-03
SH002783,O002783,W020,DTDC,In Transit,2025-10-31,2025-11-03
SH002784,O002784,W015,Delhivery,Delayed,2026-03-11,2026-03-14
SH002785,O002785,W014,Delhivery,Delivered,2026-04-16,2026-04-21
SH002786,O002786,W005,Delhivery,Delayed,2026-05-05,2026-05-07
SH002787,O002787,W005,Ekart,Delayed,2026-03-07,2026-03-12
SH002788,O002788,W005,XpressBees,Delayed,2026-02-26,2026-03-05
SH002789,O002789,W017,XpressBees,In Transit,2025-12-31,2026-01-07
SH002790,O002790,W013,Ekart,Delayed,2025-09-24,2025-09-27
SH002791,O002791,W004,XpressBees,Delayed,2025-09-12,2025-09-15
SH002792,O002792,W020,Ekart,In Transit,2025-08-16,2025-08-23
SH002793,O002793,W015,Blue Dart,Delayed,2026-02-03,2026-02-04
SH002794,O002794,W002,XpressBees,Delayed,2025-12-25,2025-12-26
SH002795,O002795,W017,Ekart,Delivered,2025-08-20,2025-08-25
SH002796,O002796,W013,Ekart,Delivered,2025-11-11,2025-11-12
SH002797,O002797,W010,Delhivery,In Transit,2026-05-17,2026-05-19
SH002798,O002798,W012,DTDC,Delayed,2026-04-04,2026-04-09
SH002799,O002799,W003,Delhivery,Delivered,2025-11-29,2025-12-04
SH002800,O002800,W014,XpressBees,Delivered,2026-08-07,2026-08-10
SH002801,O002801,W002,Ekart,In Transit,2026-01-30,2026-02-05
SH002802,O002802,W020,DTDC,Delayed,2025-08-26,2025-09-01
SH002803,O002803,W014,Delhivery,In Transit,2026-03-27,2026-03-31
SH002804,O002804,W002,Blue Dart,In Transit,2026-05-28,2026-06-03
SH002805,O002805,W007,India Post,Delivered,2026-06-01,2026-06-03
SH002806,O002806,W008,DTDC,Delivered,2025-10-15,2025-10-22
SH002807,O002807,W006,Ekart,Delayed,2026-07-21,2026-07-25
SH002808,O002808,W008,XpressBees,Delayed,2026-04-02,2026-04-07
SH002809,O002809,W020,Ekart,In Transit,2026-02-02,2026-02-04
SH002810,O002810,W007,Blue Dart,Delayed,2026-02-18,2026-02-25
SH002811,O002811,W014,Delhivery,In Transit,2025-11-04,2025-11-06
SH002812,O002812,W015,Delhivery,Delayed,2026-06-05,2026-06-07
SH002813,O002813,W007,DTDC,In Transit,2025-10-12,2025-10-19
SH002814,O002814,W019,India Post,Delivered,2026-01-07,2026-01-11
SH002815,O002815,W008,DTDC,Delivered,2026-08-02,2026-08-06
SH002816,O002816,W017,XpressBees,Delivered,2025-08-18,2025-08-22
SH002817,O002817,W015,XpressBees,Delivered,2026-07-24,2026-07-29
SH002818,O002818,W002,XpressBees,In Transit,2026-04-27,2026-05-03
SH002819,O002819,W002,Delhivery,In Transit,2026-02-09,2026-02-16
SH002820,O002820,W005,Ekart,Delayed,2025-09-21,2025-09-25
SH002821,O002821,W001,Blue Dart,Delayed,2026-03-31,2026-04-02
SH002822,O002822,W016,XpressBees,In Transit,2026-02-27,2026-03-05
SH002823,O002823,W016,Ekart,Delivered,2025-11-02,2025-11-07
SH002824,O002824,W011,XpressBees,Delivered,2025-10-25,2025-10-31
SH002825,O002825,W015,India Post,In Transit,2026-07-02,2026-07-06
SH002826,O002826,W020,DTDC,Delivered,2026-02-25,2026-03-04
SH002827,O002827,W018,Blue Dart,Delivered,2025-08-12,2025-08-13
SH002828,O002828,W004,Blue Dart,Delivered,2026-04-03,2026-04-10
SH002829,O002829,W006,DTDC,In Transit,2026-06-05,2026-06-08
SH002830,O002830,W001,DTDC,In Transit,2025-09-07,2025-09-13
SH002831,O002831,W011,DTDC,Delivered,2026-01-18,2026-01-24
SH002832,O002832,W015,DTDC,Delivered,2025-10-09,2025-10-15
SH002833,O002833,W003,Blue Dart,Delayed,2026-01-08,2026-01-11
SH002834,O002834,W008,India Post,In Transit,2025-09-29,2025-10-04
SH002835,O002835,W012,India Post,Delayed,2026-03-08,2026-03-10
SH002836,O002836,W013,Ekart,Delivered,2025-11-16,2025-11-17
SH002837,O002837,W008,Blue Dart,Delayed,2025-10-15,2025-10-20
SH002838,O002838,W018,Delhivery,In Transit,2026-03-13,2026-03-18
SH002839,O002839,W005,DTDC,Delivered,2026-07-26,2026-08-02
SH002840,O002840,W007,DTDC,Delayed,2026-04-05,2026-04-08
SH002841,O002841,W020,Blue Dart,Delivered,2026-02-03,2026-02-07
SH002842,O002842,W011,India Post,In Transit,2025-11-05,2025-11-07
SH002843,O002843,W002,Blue Dart,Delivered,2025-10-02,2025-10-09
SH002844,O002844,W008,DTDC,Delivered,2026-04-28,2026-05-04
SH002845,O002845,W013,Blue Dart,Delayed,2025-10-16,2025-10-17
SH002846,O002846,W015,Ekart,Delayed,2026-03-15,2026-03-22
SH002847,O002847,W001,XpressBees,Delivered,2026-03-06,2026-03-07
SH002848,O002848,W006,Blue Dart,Delivered,2026-03-18,2026-03-20
SH002849,O002849,W005,Delhivery,Delivered,2025-10-22,2025-10-26
SH002850,O002850,W010,DTDC,In Transit,2026-03-07,2026-03-10
SH002851,O002851,W019,XpressBees,Delivered,2025-12-06,2025-12-12
SH002852,O002852,W020,Delhivery,Delayed,2026-02-12,2026-02-14
SH002853,O002853,W014,Delhivery,In Transit,2026-05-25,2026-06-01
SH002854,O002854,W015,Blue Dart,Delivered,2026-04-10,2026-04-15
SH002855,O002855,W010,DTDC,In Transit,2026-07-18,2026-07-23
SH002856,O002856,W005,Delhivery,Delivered,2026-05-29,2026-05-31
SH002857,O002857,W015,XpressBees,Delayed,2026-02-01,2026-02-04
SH002858,O002858,W011,XpressBees,Delayed,2026-05-14,2026-05-16
SH002859,O002859,W005,India Post,Delivered,2026-06-26,2026-06-29
SH002860,O002860,W005,Ekart,In Transit,2026-02-09,2026-02-16
SH002861,O002861,W002,XpressBees,In Transit,2026-06-28,2026-06-29
SH002862,O002862,W014,XpressBees,In Transit,2026-02-20,2026-02-23
SH002863,O002863,W016,Blue Dart,Delivered,2026-07-23,2026-07-25
SH002864,O002864,W008,DTDC,Delivered,2025-11-07,2025-11-10
SH002865,O002865,W008,XpressBees,In Transit,2025-09-30,2025-10-07
SH002866,O002866,W018,India Post,In Transit,2025-10-28,2025-10-31
SH002867,O002867,W007,Blue Dart,Delivered,2026-07-15,2026-07-20
SH002868,O002868,W007,DTDC,Delivered,2025-09-15,2025-09-16
SH002869,O002869,W009,Ekart,Delivered,2025-11-21,2025-11-27
SH002870,O002870,W004,Delhivery,Delivered,2025-08-10,2025-08-14
SH002871,O002871,W017,India Post,In Transit,2025-11-21,2025-11-28
SH002872,O002872,W008,XpressBees,In Transit,2025-09-25,2025-10-01
SH002873,O002873,W012,XpressBees,Delayed,2025-11-29,2025-12-04
SH002874,O002874,W011,DTDC,Delayed,2026-01-18,2026-01-22
SH002875,O002875,W003,DTDC,In Transit,2026-05-28,2026-06-01
SH002876,O002876,W009,India Post,Delivered,2026-01-03,2026-01-10
SH002877,O002877,W012,Ekart,In Transit,2026-01-05,2026-01-07
SH002878,O002878,W020,DTDC,Delivered,2025-08-27,2025-08-30
SH002879,O002879,W019,Blue Dart,In Transit,2026-03-17,2026-03-21
SH002880,O002880,W010,Blue Dart,In Transit,2025-10-20,2025-10-26
SH002881,O002881,W020,Blue Dart,In Transit,2025-11-21,2025-11-24
SH002882,O002882,W010,India Post,Delayed,2025-10-09,2025-10-11
SH002883,O002883,W007,India Post,Delivered,2026-07-01,2026-07-05
SH002884,O002884,W005,Delhivery,In Transit,2025-10-08,2025-10-10
SH002885,O002885,W012,India Post,Delayed,2026-03-25,2026-03-26
SH002886,O002886,W005,DTDC,Delivered,2025-12-11,2025-12-13
SH002887,O002887,W016,Blue Dart,In Transit,2025-10-18,2025-10-24
SH002888,O002888,W010,Blue Dart,Delayed,2026-07-18,2026-07-22
SH002889,O002889,W002,Delhivery,Delivered,2026-04-27,2026-05-01
SH002890,O002890,W003,Blue Dart,Delivered,2026-06-30,2026-07-06
SH002891,O002891,W010,India Post,Delivered,2025-10-08,2025-10-11
SH002892,O002892,W004,Blue Dart,In Transit,2026-01-15,2026-01-20
SH002893,O002893,W004,Ekart,Delayed,2026-03-31,2026-04-06
SH002894,O002894,W015,India Post,Delivered,2025-12-22,2025-12-28
SH002895,O002895,W007,India Post,In Transit,2026-07-19,2026-07-21
SH002896,O002896,W007,XpressBees,Delivered,2026-07-11,2026-07-12
SH002897,O002897,W014,Blue Dart,Delayed,2025-09-28,2025-10-02
SH002898,O002898,W008,XpressBees,Delayed,2026-05-08,2026-05-15
SH002899,O002899,W014,Blue Dart,In Transit,2026-07-06,2026-07-07
SH002900,O002900,W011,Delhivery,Delivered,2025-10-19,2025-10-24
SH002901,O002901,W009,India Post,In Transit,2026-05-24,2026-05-26
SH002902,O002902,W016,India Post,Delivered,2025-12-06,2025-12-09
SH002903,O002903,W016,Delhivery,In Transit,2026-01-28,2026-01-31
SH002904,O002904,W013,India Post,Delivered,2026-04-24,2026-05-01
SH002905,O002905,W002,DTDC,Delivered,2025-10-09,2025-10-16
SH002906,O002906,W003,India Post,Delayed,2026-06-23,2026-06-25
SH002907,O002907,W019,DTDC,Delayed,2025-10-20,2025-10-25
SH002908,O002908,W019,Delhivery,Delivered,2026-01-13,2026-01-15
SH002909,O002909,W014,XpressBees,Delivered,2025-12-20,2025-12-26
SH002910,O002910,W013,XpressBees,In Transit,2025-10-17,2025-10-22
SH002911,O002911,W002,Ekart,Delayed,2025-09-19,2025-09-22
SH002912,O002912,W010,XpressBees,Delivered,2025-10-01,2025-10-08
SH002913,O002913,W014,Delhivery,Delivered,2025-10-20,2025-10-21
SH002914,O002914,W004,Ekart,In Transit,2025-08-30,2025-09-06
SH002915,O002915,W006,Blue Dart,Delayed,2025-09-27,2025-09-29
SH002916,O002916,W019,Delhivery,In Transit,2026-01-03,2026-01-07
SH002917,O002917,W003,Blue Dart,Delivered,2026-08-03,2026-08-09
SH002918,O002918,W012,XpressBees,Delivered,2026-07-30,2026-08-03
SH002919,O002919,W017,India Post,Delayed,2025-11-08,2025-11-13
SH002920,O002920,W011,India Post,Delivered,2026-02-21,2026-02-24
SH002921,O002921,W003,India Post,In Transit,2026-03-13,2026-03-15
SH002922,O002922,W018,DTDC,Delayed,2025-12-13,2025-12-15
SH002923,O002923,W020,XpressBees,Delayed,2026-05-10,2026-05-15
SH002924,O002924,W020,India Post,Delivered,2026-04-20,2026-04-22
SH002925,O002925,W007,India Post,Delivered,2026-01-15,2026-01-16
SH002926,O002926,W015,DTDC,In Transit,2026-04-14,2026-04-19
SH002927,O002927,W014,Delhivery,Delivered,2025-09-19,2025-09-20
SH002928,O002928,W001,Blue Dart,Delivered,2025-11-24,2025-11-29
SH002929,O002929,W018,Blue Dart,Delayed,2025-10-27,2025-10-31
SH002930,O002930,W017,India Post,Delivered,2025-11-03,2025-11-06
SH002931,O002931,W015,Ekart,Delivered,2026-07-17,2026-07-24
SH002932,O002932,W009,Delhivery,In Transit,2025-08-08,2025-08-15
SH002933,O002933,W005,Ekart,Delivered,2026-04-03,2026-04-07
SH002934,O002934,W020,DTDC,Delayed,2026-07-26,2026-07-27
SH002935,O002935,W019,Ekart,Delayed,2026-02-23,2026-03-02
SH002936,O002936,W009,DTDC,In Transit,2026-06-25,2026-07-02
SH002937,O002937,W011,Ekart,In Transit,2026-03-06,2026-03-10
SH002938,O002938,W014,XpressBees,In Transit,2025-10-15,2025-10-16
SH002939,O002939,W019,DTDC,Delivered,2026-03-16,2026-03-18
SH002940,O002940,W002,Ekart,Delivered,2026-07-07,2026-07-11
SH002941,O002941,W013,India Post,Delivered,2026-04-23,2026-04-26
SH002942,O002942,W004,XpressBees,In Transit,2026-04-23,2026-04-26
SH002943,O002943,W009,Delhivery,Delivered,2025-11-28,2025-11-30
SH002944,O002944,W012,Blue Dart,Delayed,2026-03-26,2026-03-28
SH002945,O002945,W015,Ekart,Delayed,2025-08-11,2025-08-12
SH002946,O002946,W002,Delhivery,Delivered,2026-04-14,2026-04-16
SH002947,O002947,W017,Ekart,In Transit,2025-09-24,2025-09-30
SH002948,O002948,W020,Delhivery,Delivered,2026-06-19,2026-06-22
SH002949,O002949,W003,India Post,Delayed,2025-12-10,2025-12-14
SH002950,O002950,W018,Blue Dart,Delivered,2026-06-22,2026-06-25
SH002951,O002951,W010,XpressBees,In Transit,2025-10-25,2025-11-01
SH002952,O002952,W004,Ekart,In Transit,2025-10-05,2025-10-08
SH002953,O002953,W019,India Post,Delayed,2026-06-24,2026-06-25
SH002954,O002954,W014,Blue Dart,Delayed,2026-06-03,2026-06-07
SH002955,O002955,W011,Ekart,Delivered,2025-09-13,2025-09-15
SH002956,O002956,W005,Delhivery,Delivered,2026-04-30,2026-05-06
SH002957,O002957,W007,India Post,Delivered,2025-09-03,2025-09-10
SH002958,O002958,W005,Blue Dart,Delayed,2026-02-13,2026-02-15
SH002959,O002959,W005,Delhivery,In Transit,2026-02-21,2026-02-24
SH002960,O002960,W005,XpressBees,In Transit,2025-12-23,2025-12-24
SH002961,O002961,W002,Ekart,Delayed,2025-12-08,2025-12-10
SH002962,O002962,W017,India Post,In Transit,2025-11-21,2025-11-27
SH002963,O002963,W010,Ekart,Delivered,2026-03-03,2026-03-09
SH002964,O002964,W019,Delhivery,Delivered,2025-09-24,2025-09-26
SH002965,O002965,W002,DTDC,Delivered,2026-04-20,2026-04-25
SH002966,O002966,W014,Delhivery,Delayed,2026-06-25,2026-06-27
SH002967,O002967,W017,India Post,Delayed,2025-11-23,2025-11-27
SH002968,O002968,W017,India Post,Delayed,2025-10-22,2025-10-29
SH002969,O002969,W014,XpressBees,Delayed,2026-02-25,2026-03-01
SH002970,O002970,W010,DTDC,Delayed,2026-02-24,2026-02-28
SH002971,O002971,W017,Blue Dart,Delivered,2025-10-31,2025-11-04
SH002972,O002972,W003,India Post,In Transit,2026-07-31,2026-08-01
SH002973,O002973,W008,India Post,In Transit,2026-06-11,2026-06-17
SH002974,O002974,W020,Delhivery,Delayed,2026-01-15,2026-01-17
SH002975,O002975,W009,Blue Dart,Delayed,2026-06-08,2026-06-09
SH002976,O002976,W018,Ekart,Delivered,2026-04-29,2026-05-05
SH002977,O002977,W012,Ekart,Delivered,2026-07-30,2026-08-02
SH002978,O002978,W017,XpressBees,In Transit,2026-02-16,2026-02-20
SH002979,O002979,W013,Blue Dart,In Transit,2026-01-09,2026-01-13
SH002980,O002980,W016,Delhivery,Delivered,2025-10-24,2025-10-29
SH002981,O002981,W008,India Post,Delivered,2026-04-30,2026-05-05
SH002982,O002982,W015,India Post,Delayed,2026-03-25,2026-03-28
SH002983,O002983,W005,XpressBees,Delayed,2026-02-15,2026-02-22
SH002984,O002984,W004,Blue Dart,In Transit,2025-11-11,2025-11-16
SH002985,O002985,W005,DTDC,Delayed,2026-05-16,2026-05-20
SH002986,O002986,W012,Delhivery,Delivered,2026-03-18,2026-03-23
SH002987,O002987,W002,India Post,In Transit,2026-07-09,2026-07-13
SH002988,O002988,W006,Blue Dart,In Transit,2026-04-15,2026-04-18
SH002989,O002989,W020,Blue Dart,Delivered,2025-12-26,2026-01-02
SH002990,O002990,W005,XpressBees,In Transit,2026-03-02,2026-03-05
SH002991,O002991,W003,Delhivery,In Transit,2026-05-14,2026-05-21
SH002992,O002992,W010,Ekart,In Transit,2025-12-03,2025-12-04
SH002993,O002993,W004,Blue Dart,Delivered,2026-06-12,2026-06-14
SH002994,O002994,W003,XpressBees,Delayed,2026-06-09,2026-06-13
SH002995,O002995,W010,India Post,Delivered,2026-03-28,2026-03-29
SH002996,O002996,W002,DTDC,In Transit,2026-02-28,2026-03-02
SH002997,O002997,W006,Delhivery,In Transit,2026-06-26,2026-06-27
SH002998,O002998,W008,XpressBees,In Transit,2025-12-27,2026-01-02
SH002999,O002999,W018,Ekart,In Transit,2026-02-09,2026-02-14
SH003000,O003000,W013,India Post,Delayed,2026-07-14,2026-07-18
SH003001,O003001,W020,India Post,Delayed,2025-08-11,2025-08-13
SH003002,O003002,W012,Ekart,Delayed,2025-10-15,2025-10-21
SH003003,O003003,W002,Ekart,Delayed,2025-11-26,2025-11-29
SH003004,O003004,W017,XpressBees,Delayed,2025-10-24,2025-10-28
SH003005,O003005,W015,Blue Dart,Delayed,2026-07-15,2026-07-17
SH003006,O003006,W004,DTDC,Delayed,2026-06-13,2026-06-15
SH003007,O003007,W017,Blue Dart,Delivered,2026-02-04,2026-02-07
SH003008,O003008,W020,India Post,In Transit,2025-11-24,2025-11-28
SH003009,O003009,W011,India Post,Delivered,2025-12-21,2025-12-24
SH003010,O003010,W006,Blue Dart,Delayed,2025-10-08,2025-10-09
SH003011,O003011,W014,DTDC,In Transit,2026-04-21,2026-04-25
SH003012,O003012,W002,India Post,Delivered,2026-04-02,2026-04-06
SH003013,O003013,W011,Ekart,Delayed,2026-01-24,2026-01-26
SH003014,O003014,W008,Blue Dart,In Transit,2026-01-26,2026-01-30
SH003015,O003015,W014,India Post,Delayed,2025-12-12,2025-12-18
SH003016,O003016,W007,India Post,Delayed,2026-04-07,2026-04-10
SH003017,O003017,W012,India Post,Delivered,2025-12-31,2026-01-04
SH003018,O003018,W001,Blue Dart,Delivered,2026-04-06,2026-04-09
SH003019,O003019,W019,XpressBees,Delivered,2026-07-11,2026-07-17
SH003020,O003020,W018,Blue Dart,In Transit,2026-01-01,2026-01-08
SH003021,O003021,W009,Delhivery,In Transit,2025-10-07,2025-10-11
SH003022,O003022,W020,Delhivery,Delivered,2025-11-10,2025-11-13
SH003023,O003023,W018,XpressBees,Delayed,2025-12-02,2025-12-07
SH003024,O003024,W012,India Post,In Transit,2025-08-16,2025-08-17
SH003025,O003025,W010,XpressBees,Delayed,2025-12-12,2025-12-14
SH003026,O003026,W006,India Post,Delivered,2026-07-24,2026-07-28
SH003027,O003027,W011,DTDC,Delayed,2025-09-09,2025-09-11
SH003028,O003028,W020,India Post,Delivered,2025-10-26,2025-11-01
SH003029,O003029,W014,DTDC,Delayed,2026-02-17,2026-02-24
SH003030,O003030,W004,DTDC,Delivered,2025-12-07,2025-12-11
SH003031,O003031,W020,Delhivery,In Transit,2026-03-11,2026-03-12
SH003032,O003032,W005,India Post,In Transit,2025-08-25,2025-08-27
SH003033,O003033,W004,XpressBees,Delivered,2026-01-04,2026-01-05
SH003034,O003034,W003,XpressBees,In Transit,2026-07-04,2026-07-11
SH003035,O003035,W019,Blue Dart,Delayed,2025-11-03,2025-11-06
SH003036,O003036,W006,Delhivery,Delivered,2025-09-23,2025-09-28
SH003037,O003037,W006,India Post,In Transit,2026-04-16,2026-04-17
SH003038,O003038,W013,India Post,In Transit,2026-07-12,2026-07-14
SH003039,O003039,W008,DTDC,Delayed,2026-02-24,2026-02-28
SH003040,O003040,W014,XpressBees,Delivered,2026-03-12,2026-03-15
SH003041,O003041,W002,India Post,Delayed,2025-08-17,2025-08-24
SH003042,O003042,W017,DTDC,Delivered,2026-02-16,2026-02-21
SH003043,O003043,W017,Blue Dart,Delayed,2026-06-09,2026-06-12
SH003044,O003044,W014,Blue Dart,Delivered,2026-07-10,2026-07-11
SH003045,O003045,W001,XpressBees,In Transit,2026-01-07,2026-01-10
SH003046,O003046,W001,Ekart,Delivered,2025-10-24,2025-10-26
SH003047,O003047,W015,Delhivery,Delivered,2025-11-13,2025-11-15
SH003048,O003048,W001,India Post,In Transit,2026-05-15,2026-05-16
SH003049,O003049,W016,Blue Dart,In Transit,2026-03-24,2026-03-30
SH003050,O003050,W017,India Post,In Transit,2025-11-21,2025-11-27
SH003051,O003051,W008,Delhivery,Delivered,2026-08-02,2026-08-04
SH003052,O003052,W003,India Post,In Transit,2025-10-09,2025-10-13
SH003053,O003053,W008,Delhivery,Delayed,2025-11-10,2025-11-11
SH003054,O003054,W001,Ekart,In Transit,2026-05-11,2026-05-16
SH003055,O003055,W020,Blue Dart,Delayed,2026-05-01,2026-05-06
SH003056,O003056,W018,India Post,In Transit,2026-03-12,2026-03-14
SH003057,O003057,W009,India Post,Delayed,2025-09-20,2025-09-25
SH003058,O003058,W013,DTDC,In Transit,2026-04-08,2026-04-14
SH003059,O003059,W003,India Post,Delayed,2026-07-21,2026-07-23
SH003060,O003060,W003,Ekart,Delivered,2026-08-04,2026-08-08
SH003061,O003061,W010,DTDC,Delayed,2025-12-21,2025-12-25
SH003062,O003062,W006,DTDC,Delivered,2026-01-02,2026-01-08
SH003063,O003063,W018,Ekart,In Transit,2026-02-25,2026-02-28
SH003064,O003064,W004,XpressBees,In Transit,2025-11-18,2025-11-24
SH003065,O003065,W019,DTDC,Delivered,2025-11-25,2025-11-26
SH003066,O003066,W015,DTDC,Delayed,2025-09-24,2025-09-30
SH003067,O003067,W015,Delhivery,Delivered,2026-04-07,2026-04-13
SH003068,O003068,W012,Delhivery,Delivered,2025-11-02,2025-11-05
SH003069,O003069,W014,XpressBees,Delivered,2025-09-27,2025-10-02
SH003070,O003070,W001,Delhivery,Delivered,2025-12-22,2025-12-26
SH003071,O003071,W017,India Post,In Transit,2025-11-09,2025-11-13
SH003072,O003072,W013,XpressBees,Delayed,2025-09-05,2025-09-09
SH003073,O003073,W012,Delhivery,Delayed,2026-07-30,2026-08-03
SH003074,O003074,W020,DTDC,Delayed,2026-02-20,2026-02-26
SH003075,O003075,W013,XpressBees,Delayed,2026-02-25,2026-03-01
SH003076,O003076,W011,India Post,Delayed,2026-07-09,2026-07-16
SH003077,O003077,W006,India Post,Delayed,2026-03-23,2026-03-28
SH003078,O003078,W005,DTDC,Delayed,2026-07-01,2026-07-07
SH003079,O003079,W014,XpressBees,Delayed,2026-07-21,2026-07-24
SH003080,O003080,W012,Delhivery,Delayed,2026-02-11,2026-02-12
SH003081,O003081,W011,XpressBees,In Transit,2026-02-10,2026-02-14
SH003082,O003082,W009,Blue Dart,Delivered,2025-08-12,2025-08-13
SH003083,O003083,W007,India Post,Delivered,2025-11-19,2025-11-26
SH003084,O003084,W019,Blue Dart,Delivered,2025-11-13,2025-11-16
SH003085,O003085,W008,DTDC,Delivered,2026-04-27,2026-05-01
SH003086,O003086,W001,Delhivery,In Transit,2026-04-02,2026-04-05
SH003087,O003087,W020,XpressBees,In Transit,2026-01-26,2026-01-30
SH003088,O003088,W012,Delhivery,Delayed,2025-12-30,2026-01-02
SH003089,O003089,W014,Blue Dart,Delivered,2026-06-11,2026-06-13
SH003090,O003090,W004,Delhivery,Delivered,2025-11-03,2025-11-10
SH003091,O003091,W016,Blue Dart,In Transit,2026-02-20,2026-02-24
SH003092,O003092,W018,DTDC,In Transit,2026-06-23,2026-06-28
SH003093,O003093,W017,XpressBees,Delayed,2026-02-26,2026-03-04
SH003094,O003094,W016,Ekart,Delivered,2026-07-13,2026-07-18
SH003095,O003095,W012,Delhivery,Delayed,2026-04-29,2026-05-06
SH003096,O003096,W005,DTDC,Delivered,2025-11-08,2025-11-10
SH003097,O003097,W014,Delhivery,Delayed,2025-08-12,2025-08-19
SH003098,O003098,W019,India Post,Delayed,2026-05-26,2026-05-28
SH003099,O003099,W020,Ekart,In Transit,2026-06-18,2026-06-23
SH003100,O003100,W007,Ekart,Delayed,2025-12-10,2025-12-15
SH003101,O003101,W010,India Post,Delivered,2026-06-25,2026-06-27
SH003102,O003102,W009,XpressBees,In Transit,2025-11-22,2025-11-27
SH003103,O003103,W020,XpressBees,In Transit,2025-08-17,2025-08-22
SH003104,O003104,W003,Ekart,Delayed,2025-12-24,2025-12-27
SH003105,O003105,W018,Delhivery,In Transit,2026-02-20,2026-02-26
SH003106,O003106,W011,Blue Dart,Delayed,2026-03-09,2026-03-16
SH003107,O003107,W002,Ekart,Delayed,2026-01-08,2026-01-13
SH003108,O003108,W008,DTDC,Delivered,2026-05-11,2026-05-12
SH003109,O003109,W002,DTDC,Delayed,2025-09-10,2025-09-15
SH003110,O003110,W016,India Post,In Transit,2025-10-17,2025-10-18
SH003111,O003111,W014,XpressBees,Delayed,2026-05-20,2026-05-27
SH003112,O003112,W010,India Post,Delayed,2026-07-18,2026-07-22
SH003113,O003113,W017,DTDC,Delivered,2025-08-29,2025-09-01
SH003114,O003114,W014,DTDC,Delayed,2026-02-11,2026-02-16
SH003115,O003115,W012,Ekart,Delivered,2026-07-03,2026-07-10
SH003116,O003116,W013,Ekart,Delayed,2025-09-03,2025-09-07
SH003117,O003117,W018,Delhivery,In Transit,2026-03-13,2026-03-14
SH003118,O003118,W014,Blue Dart,In Transit,2025-12-20,2025-12-24
SH003119,O003119,W004,XpressBees,Delayed,2026-08-01,2026-08-08
SH003120,O003120,W015,XpressBees,In Transit,2025-10-21,2025-10-28
SH003121,O003121,W009,Blue Dart,Delivered,2025-10-24,2025-10-28
SH003122,O003122,W016,XpressBees,Delayed,2026-01-08,2026-01-15
SH003123,O003123,W014,Ekart,Delayed,2025-10-27,2025-11-03
SH003124,O003124,W011,Blue Dart,Delayed,2025-10-06,2025-10-13
SH003125,O003125,W016,India Post,In Transit,2026-06-01,2026-06-07
SH003126,O003126,W004,India Post,Delayed,2026-06-01,2026-06-08
SH003127,O003127,W012,Ekart,In Transit,2025-10-16,2025-10-22
SH003128,O003128,W011,Delhivery,Delivered,2026-07-21,2026-07-25
SH003129,O003129,W014,Blue Dart,Delivered,2026-01-06,2026-01-11
SH003130,O003130,W019,DTDC,In Transit,2026-05-07,2026-05-10
SH003131,O003131,W016,Delhivery,Delivered,2026-04-13,2026-04-15
SH003132,O003132,W009,Delhivery,Delivered,2026-04-18,2026-04-22
SH003133,O003133,W013,Delhivery,Delayed,2026-02-01,2026-02-07
SH003134,O003134,W007,Blue Dart,Delayed,2025-11-23,2025-11-24
SH003135,O003135,W018,Ekart,Delivered,2026-07-13,2026-07-17
SH003136,O003136,W016,Blue Dart,Delayed,2026-01-29,2026-01-31
SH003137,O003137,W017,India Post,In Transit,2026-01-27,2026-01-31
SH003138,O003138,W016,XpressBees,Delivered,2026-07-31,2026-08-07
SH003139,O003139,W011,DTDC,Delivered,2025-12-09,2025-12-13
SH003140,O003140,W018,India Post,Delayed,2026-06-08,2026-06-09
SH003141,O003141,W017,Ekart,Delivered,2026-06-23,2026-06-27
SH003142,O003142,W015,Blue Dart,Delayed,2026-04-04,2026-04-11
SH003143,O003143,W008,India Post,Delivered,2025-08-06,2025-08-12
SH003144,O003144,W013,DTDC,Delayed,2025-11-09,2025-11-16
SH003145,O003145,W011,Delhivery,In Transit,2025-08-17,2025-08-19
SH003146,O003146,W003,DTDC,Delivered,2025-11-16,2025-11-23
SH003147,O003147,W012,India Post,Delayed,2026-05-12,2026-05-16
SH003148,O003148,W010,India Post,In Transit,2026-02-05,2026-02-06
SH003149,O003149,W008,Blue Dart,In Transit,2026-02-14,2026-02-18
SH003150,O003150,W007,Ekart,Delivered,2026-03-31,2026-04-02
SH003151,O003151,W014,XpressBees,In Transit,2025-08-25,2025-08-29
SH003152,O003152,W016,Ekart,In Transit,2025-11-16,2025-11-23
SH003153,O003153,W020,Blue Dart,Delayed,2026-06-15,2026-06-21
SH003154,O003154,W004,DTDC,In Transit,2025-10-15,2025-10-18
SH003155,O003155,W015,XpressBees,Delayed,2025-12-05,2025-12-11
SH003156,O003156,W009,India Post,In Transit,2025-08-07,2025-08-11
SH003157,O003157,W013,Delhivery,In Transit,2025-11-09,2025-11-14
SH003158,O003158,W015,XpressBees,In Transit,2025-10-09,2025-10-16
SH003159,O003159,W020,India Post,In Transit,2026-05-27,2026-05-30
SH003160,O003160,W004,India Post,In Transit,2026-06-10,2026-06-15
SH003161,O003161,W001,Delhivery,Delayed,2026-08-04,2026-08-05
SH003162,O003162,W005,Ekart,In Transit,2025-12-24,2025-12-28
SH003163,O003163,W009,Blue Dart,In Transit,2025-09-07,2025-09-09
SH003164,O003164,W002,Delhivery,Delivered,2026-08-04,2026-08-05
SH003165,O003165,W010,XpressBees,In Transit,2026-07-31,2026-08-04
SH003166,O003166,W017,XpressBees,Delivered,2026-05-06,2026-05-10
SH003167,O003167,W001,Ekart,In Transit,2025-12-03,2025-12-06
SH003168,O003168,W019,DTDC,Delayed,2026-06-17,2026-06-24
SH003169,O003169,W008,Blue Dart,In Transit,2026-02-17,2026-02-18
SH003170,O003170,W003,XpressBees,In Transit,2025-12-23,2025-12-27
SH003171,O003171,W010,XpressBees,Delivered,2025-11-01,2025-11-04
SH003172,O003172,W011,DTDC,Delivered,2026-01-15,2026-01-17
SH003173,O003173,W011,Delhivery,In Transit,2026-07-14,2026-07-17
SH003174,O003174,W003,Ekart,Delayed,2025-10-11,2025-10-14
SH003175,O003175,W010,XpressBees,Delivered,2025-10-17,2025-10-21
SH003176,O003176,W008,XpressBees,In Transit,2025-10-03,2025-10-05
SH003177,O003177,W005,DTDC,Delayed,2026-02-26,2026-03-03
SH003178,O003178,W019,Delhivery,Delivered,2026-05-23,2026-05-30
SH003179,O003179,W009,India Post,In Transit,2025-10-15,2025-10-17
SH003180,O003180,W017,XpressBees,In Transit,2026-06-23,2026-06-27
SH003181,O003181,W002,DTDC,Delivered,2025-08-12,2025-08-15
SH003182,O003182,W003,Ekart,In Transit,2025-12-31,2026-01-07
SH003183,O003183,W004,XpressBees,Delivered,2026-06-16,2026-06-17
SH003184,O003184,W016,Blue Dart,Delayed,2025-11-28,2025-11-29
SH003185,O003185,W017,India Post,Delayed,2026-02-03,2026-02-07
SH003186,O003186,W019,Delhivery,Delayed,2026-07-21,2026-07-27
SH003187,O003187,W008,XpressBees,In Transit,2026-05-07,2026-05-10
SH003188,O003188,W005,Blue Dart,In Transit,2026-03-21,2026-03-28
SH003189,O003189,W019,India Post,In Transit,2025-11-26,2025-11-28
SH003190,O003190,W012,India Post,In Transit,2026-05-15,2026-05-21
SH003191,O003191,W004,Ekart,Delayed,2025-10-06,2025-10-08
SH003192,O003192,W016,Delhivery,Delayed,2025-12-14,2025-12-16
SH003193,O003193,W015,Delhivery,Delivered,2026-02-04,2026-02-05
SH003194,O003194,W002,Blue Dart,Delivered,2025-10-11,2025-10-18
SH003195,O003195,W012,Delhivery,Delivered,2026-08-02,2026-08-07
SH003196,O003196,W006,Ekart,In Transit,2025-11-24,2025-11-29
SH003197,O003197,W013,Ekart,Delayed,2026-01-18,2026-01-20
SH003198,O003198,W004,Ekart,In Transit,2025-08-20,2025-08-24
SH003199,O003199,W013,XpressBees,Delivered,2026-03-21,2026-03-28
SH003200,O003200,W011,Delhivery,Delayed,2025-11-17,2025-11-18
SH003201,O003201,W015,Delhivery,Delayed,2025-12-28,2026-01-04
SH003202,O003202,W018,DTDC,In Transit,2026-01-10,2026-01-17
SH003203,O003203,W018,India Post,In Transit,2025-10-31,2025-11-05
SH003204,O003204,W020,India Post,In Transit,2026-01-30,2026-02-04
SH003205,O003205,W001,XpressBees,In Transit,2026-04-12,2026-04-14
SH003206,O003206,W009,Ekart,Delayed,2026-01-28,2026-02-01
SH003207,O003207,W008,Blue Dart,In Transit,2025-10-27,2025-10-28
SH003208,O003208,W018,Ekart,In Transit,2026-07-22,2026-07-25
SH003209,O003209,W012,DTDC,Delivered,2026-08-01,2026-08-06
SH003210,O003210,W006,DTDC,Delivered,2026-01-11,2026-01-16
SH003211,O003211,W012,India Post,In Transit,2025-08-13,2025-08-17
SH003212,O003212,W004,Blue Dart,Delivered,2026-03-23,2026-03-28
SH003213,O003213,W017,Blue Dart,In Transit,2025-12-11,2025-12-15
SH003214,O003214,W015,Ekart,Delayed,2025-10-05,2025-10-12
SH003215,O003215,W020,Delhivery,Delayed,2026-02-28,2026-03-03
SH003216,O003216,W010,Delhivery,Delivered,2026-04-07,2026-04-10
SH003217,O003217,W012,XpressBees,In Transit,2026-03-31,2026-04-03
SH003218,O003218,W020,Delhivery,Delayed,2026-08-01,2026-08-04
SH003219,O003219,W020,India Post,Delayed,2025-11-03,2025-11-04
SH003220,O003220,W002,India Post,Delivered,2026-07-01,2026-07-02
SH003221,O003221,W002,India Post,Delayed,2025-11-24,2025-11-30
SH003222,O003222,W016,Blue Dart,Delayed,2026-02-17,2026-02-20
SH003223,O003223,W007,India Post,Delivered,2025-09-02,2025-09-06
SH003224,O003224,W009,Ekart,In Transit,2025-08-06,2025-08-11
SH003225,O003225,W004,Delhivery,Delivered,2025-11-19,2025-11-22
SH003226,O003226,W007,Delhivery,In Transit,2026-02-27,2026-02-28
SH003227,O003227,W007,XpressBees,Delayed,2025-08-31,2025-09-06
SH003228,O003228,W013,Blue Dart,Delayed,2026-04-16,2026-04-17
SH003229,O003229,W014,Delhivery,In Transit,2026-04-14,2026-04-19
SH003230,O003230,W009,Blue Dart,Delayed,2026-01-10,2026-01-16
SH003231,O003231,W015,XpressBees,In Transit,2026-01-11,2026-01-16
SH003232,O003232,W010,India Post,Delayed,2025-08-11,2025-08-17
SH003233,O003233,W002,XpressBees,Delivered,2025-12-07,2025-12-13
SH003234,O003234,W013,DTDC,Delayed,2025-09-03,2025-09-06
SH003235,O003235,W012,Delhivery,Delayed,2025-08-12,2025-08-19
SH003236,O003236,W006,Blue Dart,Delayed,2025-08-10,2025-08-17
SH003237,O003237,W007,India Post,Delivered,2026-06-17,2026-06-19
SH003238,O003238,W008,DTDC,Delivered,2025-10-29,2025-11-04
SH003239,O003239,W007,XpressBees,Delivered,2026-06-30,2026-07-02
SH003240,O003240,W008,Blue Dart,Delayed,2025-10-01,2025-10-08
SH003241,O003241,W016,Blue Dart,In Transit,2025-09-09,2025-09-10
SH003242,O003242,W008,XpressBees,Delivered,2026-06-21,2026-06-22
SH003243,O003243,W006,Delhivery,Delivered,2026-06-27,2026-06-30
SH003244,O003244,W010,Ekart,Delivered,2026-06-08,2026-06-12
SH003245,O003245,W003,Delhivery,Delivered,2026-04-23,2026-04-29
SH003246,O003246,W004,Blue Dart,In Transit,2026-04-20,2026-04-27
SH003247,O003247,W016,India Post,Delivered,2025-08-12,2025-08-15
SH003248,O003248,W013,DTDC,Delayed,2025-08-08,2025-08-13
SH003249,O003249,W012,India Post,Delivered,2025-08-28,2025-08-30
SH003250,O003250,W009,India Post,In Transit,2025-10-13,2025-10-16
SH003251,O003251,W008,Blue Dart,Delivered,2025-11-04,2025-11-09
SH003252,O003252,W009,Ekart,In Transit,2026-02-24,2026-03-02
SH003253,O003253,W009,DTDC,Delayed,2026-02-17,2026-02-22
SH003254,O003254,W004,India Post,Delivered,2025-11-21,2025-11-27
SH003255,O003255,W012,Delhivery,Delayed,2025-08-31,2025-09-02
SH003256,O003256,W018,Blue Dart,Delayed,2025-12-16,2025-12-19
SH003257,O003257,W011,XpressBees,In Transit,2026-03-22,2026-03-25
SH003258,O003258,W013,Delhivery,In Transit,2025-09-29,2025-10-03
SH003259,O003259,W019,DTDC,In Transit,2026-01-18,2026-01-23
SH003260,O003260,W004,Delhivery,In Transit,2025-11-12,2025-11-18
SH003261,O003261,W004,XpressBees,Delayed,2026-07-16,2026-07-22
SH003262,O003262,W018,Blue Dart,Delivered,2026-08-02,2026-08-05
SH003263,O003263,W001,Ekart,In Transit,2025-10-13,2025-10-20
SH003264,O003264,W005,Blue Dart,Delayed,2026-04-01,2026-04-07
SH003265,O003265,W001,DTDC,Delayed,2025-08-30,2025-08-31
SH003266,O003266,W001,India Post,In Transit,2026-08-05,2026-08-12
SH003267,O003267,W016,Ekart,Delivered,2026-02-21,2026-02-27
SH003268,O003268,W017,XpressBees,Delivered,2026-02-22,2026-02-26
SH003269,O003269,W016,India Post,Delivered,2025-10-07,2025-10-12
SH003270,O003270,W003,DTDC,Delayed,2026-04-29,2026-05-02
SH003271,O003271,W020,DTDC,Delayed,2026-08-07,2026-08-12
SH003272,O003272,W019,XpressBees,In Transit,2026-01-18,2026-01-20
SH003273,O003273,W020,XpressBees,Delivered,2026-07-18,2026-07-22
SH003274,O003274,W001,Ekart,In Transit,2025-09-30,2025-10-02
SH003275,O003275,W013,Ekart,Delayed,2025-08-25,2025-08-29
SH003276,O003276,W013,Blue Dart,In Transit,2026-01-21,2026-01-28
SH003277,O003277,W005,Blue Dart,In Transit,2025-11-24,2025-11-29
SH003278,O003278,W010,DTDC,Delivered,2026-07-23,2026-07-24
SH003279,O003279,W009,Ekart,Delivered,2025-08-22,2025-08-26
SH003280,O003280,W020,Ekart,Delivered,2026-01-24,2026-01-26
SH003281,O003281,W017,DTDC,Delivered,2025-09-12,2025-09-15
SH003282,O003282,W020,DTDC,In Transit,2026-08-05,2026-08-09
SH003283,O003283,W005,XpressBees,Delayed,2026-05-31,2026-06-01
SH003284,O003284,W014,Blue Dart,Delayed,2025-08-25,2025-08-29
SH003285,O003285,W009,XpressBees,Delivered,2026-03-25,2026-03-29
SH003286,O003286,W014,Ekart,Delayed,2025-09-05,2025-09-09
SH003287,O003287,W001,XpressBees,In Transit,2025-10-16,2025-10-22
SH003288,O003288,W015,DTDC,Delayed,2026-05-03,2026-05-10
SH003289,O003289,W013,XpressBees,Delayed,2026-04-22,2026-04-27
SH003290,O003290,W015,Blue Dart,In Transit,2026-01-14,2026-01-18
SH003291,O003291,W009,Delhivery,In Transit,2026-04-25,2026-04-28
SH003292,O003292,W006,Ekart,Delayed,2025-08-17,2025-08-18
SH003293,O003293,W010,Ekart,Delivered,2025-09-30,2025-10-01
SH003294,O003294,W015,XpressBees,In Transit,2026-05-24,2026-05-27
SH003295,O003295,W016,Ekart,Delivered,2026-03-24,2026-03-25
SH003296,O003296,W017,Blue Dart,Delivered,2025-11-17,2025-11-20
SH003297,O003297,W013,Ekart,In Transit,2026-05-01,2026-05-02
SH003298,O003298,W011,Ekart,In Transit,2026-04-06,2026-04-12
SH003299,O003299,W003,India Post,Delayed,2025-12-04,2025-12-11
SH003300,O003300,W005,Delhivery,In Transit,2025-09-18,2025-09-19
SH003301,O003301,W004,India Post,In Transit,2026-06-28,2026-06-30
SH003302,O003302,W019,Blue Dart,Delayed,2025-10-10,2025-10-14
SH003303,O003303,W001,Ekart,Delayed,2025-08-31,2025-09-05
SH003304,O003304,W014,Blue Dart,Delivered,2025-12-28,2026-01-03
SH003305,O003305,W020,XpressBees,In Transit,2025-11-09,2025-11-11
SH003306,O003306,W020,Blue Dart,Delivered,2026-03-10,2026-03-11
SH003307,O003307,W004,Delhivery,Delivered,2026-07-24,2026-07-28
SH003308,O003308,W020,Ekart,In Transit,2026-03-19,2026-03-21
SH003309,O003309,W005,India Post,Delivered,2026-04-19,2026-04-25
SH003310,O003310,W012,Delhivery,In Transit,2026-04-18,2026-04-20
SH003311,O003311,W002,Blue Dart,In Transit,2026-06-18,2026-06-22
SH003312,O003312,W004,DTDC,Delayed,2026-05-18,2026-05-23
SH003313,O003313,W009,Delhivery,Delayed,2026-07-26,2026-08-01
SH003314,O003314,W020,India Post,Delayed,2026-05-04,2026-05-10
SH003315,O003315,W014,DTDC,Delivered,2026-04-16,2026-04-21
SH003316,O003316,W020,XpressBees,Delayed,2025-11-04,2025-11-11
SH003317,O003317,W020,India Post,Delayed,2025-08-27,2025-08-28
SH003318,O003318,W007,Ekart,In Transit,2025-11-02,2025-11-03
SH003319,O003319,W016,DTDC,Delayed,2026-07-18,2026-07-19
SH003320,O003320,W005,DTDC,In Transit,2026-03-05,2026-03-08
SH003321,O003321,W004,India Post,Delivered,2025-12-10,2025-12-11
SH003322,O003322,W002,XpressBees,Delivered,2025-09-12,2025-09-14
SH003323,O003323,W005,Ekart,Delayed,2026-07-30,2026-08-01
SH003324,O003324,W003,Delhivery,Delayed,2025-12-08,2025-12-13
SH003325,O003325,W016,Delhivery,Delivered,2025-09-23,2025-09-24
SH003326,O003326,W002,DTDC,Delivered,2026-06-26,2026-07-03
SH003327,O003327,W012,Blue Dart,Delayed,2025-12-15,2025-12-19
SH003328,O003328,W004,India Post,Delayed,2025-11-30,2025-12-05
SH003329,O003329,W019,India Post,Delivered,2025-08-17,2025-08-18
SH003330,O003330,W007,DTDC,Delivered,2026-06-29,2026-06-30
SH003331,O003331,W003,XpressBees,Delivered,2025-11-25,2025-11-27
SH003332,O003332,W003,Delhivery,Delivered,2025-08-16,2025-08-18
SH003333,O003333,W002,DTDC,Delayed,2026-04-23,2026-04-24
SH003334,O003334,W017,Ekart,Delivered,2025-09-07,2025-09-13
SH003335,O003335,W017,India Post,Delivered,2026-06-07,2026-06-12
SH003336,O003336,W018,Delhivery,In Transit,2026-03-29,2026-04-02
SH003337,O003337,W018,DTDC,In Transit,2026-01-23,2026-01-25
SH003338,O003338,W004,DTDC,Delayed,2025-10-29,2025-11-02
SH003339,O003339,W010,Blue Dart,In Transit,2025-12-27,2025-12-30
SH003340,O003340,W015,DTDC,In Transit,2026-01-03,2026-01-06
SH003341,O003341,W005,Ekart,Delivered,2025-10-15,2025-10-21
SH003342,O003342,W018,Delhivery,Delivered,2026-07-12,2026-07-17
SH003343,O003343,W017,XpressBees,Delayed,2026-01-13,2026-01-14
SH003344,O003344,W018,India Post,In Transit,2025-11-08,2025-11-09
SH003345,O003345,W008,Blue Dart,Delayed,2025-09-04,2025-09-09
SH003346,O003346,W006,Ekart,In Transit,2026-03-02,2026-03-09
SH003347,O003347,W013,XpressBees,Delayed,2025-08-24,2025-08-26
SH003348,O003348,W007,India Post,Delayed,2026-01-30,2026-02-05
SH003349,O003349,W016,Ekart,Delayed,2025-09-21,2025-09-22
SH003350,O003350,W017,Delhivery,Delivered,2026-04-23,2026-04-24
SH003351,O003351,W020,Delhivery,Delayed,2025-09-20,2025-09-24
SH003352,O003352,W015,Ekart,In Transit,2026-07-16,2026-07-19
SH003353,O003353,W012,Delhivery,Delayed,2025-12-10,2025-12-14
SH003354,O003354,W003,India Post,In Transit,2026-07-17,2026-07-20
SH003355,O003355,W008,India Post,Delivered,2026-06-26,2026-06-28
SH003356,O003356,W013,India Post,Delayed,2025-08-22,2025-08-25
SH003357,O003357,W005,Blue Dart,In Transit,2026-05-17,2026-05-23
SH003358,O003358,W002,Ekart,Delivered,2025-12-13,2025-12-17
SH003359,O003359,W012,Delhivery,Delivered,2026-01-16,2026-01-21
SH003360,O003360,W010,DTDC,Delayed,2026-05-29,2026-06-04
SH003361,O003361,W001,XpressBees,In Transit,2025-10-05,2025-10-07
SH003362,O003362,W004,DTDC,In Transit,2025-08-22,2025-08-28
SH003363,O003363,W003,India Post,In Transit,2025-09-08,2025-09-09
SH003364,O003364,W005,DTDC,In Transit,2025-10-25,2025-10-28
SH003365,O003365,W005,Ekart,In Transit,2026-03-19,2026-03-22
SH003366,O003366,W018,XpressBees,Delivered,2025-08-08,2025-08-12
SH003367,O003367,W013,Delhivery,Delivered,2025-11-13,2025-11-19
SH003368,O003368,W002,DTDC,Delivered,2025-10-30,2025-11-02
SH003369,O003369,W009,Delhivery,In Transit,2026-01-14,2026-01-18
SH003370,O003370,W017,XpressBees,Delivered,2025-09-07,2025-09-10
SH003371,O003371,W006,Ekart,Delivered,2026-06-29,2026-06-30
SH003372,O003372,W018,Blue Dart,Delivered,2025-08-26,2025-08-29
SH003373,O003373,W001,DTDC,Delivered,2026-03-08,2026-03-09
SH003374,O003374,W004,DTDC,Delayed,2026-04-01,2026-04-08
SH003375,O003375,W011,DTDC,Delivered,2026-04-17,2026-04-18
SH003376,O003376,W020,XpressBees,Delivered,2026-05-22,2026-05-24
SH003377,O003377,W008,Ekart,In Transit,2025-10-25,2025-10-31
SH003378,O003378,W001,Blue Dart,In Transit,2026-05-07,2026-05-09
SH003379,O003379,W017,India Post,Delayed,2026-07-22,2026-07-25
SH003380,O003380,W020,XpressBees,In Transit,2026-06-07,2026-06-09
SH003381,O003381,W010,DTDC,Delivered,2026-01-20,2026-01-27
SH003382,O003382,W009,Ekart,In Transit,2025-12-04,2025-12-06
SH003383,O003383,W013,Ekart,Delivered,2026-02-21,2026-02-24
SH003384,O003384,W016,India Post,In Transit,2026-04-08,2026-04-12
SH003385,O003385,W011,Ekart,Delayed,2026-07-25,2026-07-28
SH003386,O003386,W014,DTDC,Delayed,2026-04-13,2026-04-16
SH003387,O003387,W001,India Post,In Transit,2026-06-09,2026-06-16
SH003388,O003388,W018,XpressBees,Delayed,2026-03-08,2026-03-13
SH003389,O003389,W006,India Post,Delayed,2026-02-17,2026-02-21
SH003390,O003390,W015,DTDC,In Transit,2026-07-01,2026-07-07
SH003391,O003391,W019,Ekart,Delivered,2025-12-01,2025-12-08
SH003392,O003392,W013,DTDC,Delayed,2026-03-16,2026-03-21
SH003393,O003393,W001,DTDC,Delivered,2025-11-06,2025-11-09
SH003394,O003394,W018,XpressBees,Delayed,2026-02-01,2026-02-08
SH003395,O003395,W018,XpressBees,Delivered,2025-10-09,2025-10-16
SH003396,O003396,W008,Blue Dart,Delayed,2026-03-08,2026-03-10
SH003397,O003397,W011,Delhivery,Delivered,2026-06-22,2026-06-24
SH003398,O003398,W017,XpressBees,Delivered,2026-01-05,2026-01-10
SH003399,O003399,W020,Delhivery,Delivered,2026-06-01,2026-06-02
SH003400,O003400,W012,Delhivery,In Transit,2025-10-13,2025-10-15
SH003401,O003401,W004,Delhivery,Delayed,2025-08-14,2025-08-20
SH003402,O003402,W020,Blue Dart,In Transit,2025-09-17,2025-09-20
SH003403,O003403,W008,Blue Dart,In Transit,2026-04-09,2026-04-14
SH003404,O003404,W004,Delhivery,In Transit,2026-07-17,2026-07-19
SH003405,O003405,W001,DTDC,In Transit,2026-01-03,2026-01-06
SH003406,O003406,W018,DTDC,Delayed,2025-09-09,2025-09-16
SH003407,O003407,W007,XpressBees,Delayed,2025-10-25,2025-10-26
SH003408,O003408,W006,Blue Dart,Delayed,2026-04-05,2026-04-11
SH003409,O003409,W020,DTDC,Delivered,2025-11-17,2025-11-23
SH003410,O003410,W014,Delhivery,In Transit,2026-01-24,2026-01-25
SH003411,O003411,W001,XpressBees,Delayed,2025-09-30,2025-10-07
SH003412,O003412,W012,Ekart,Delivered,2026-01-18,2026-01-25
SH003413,O003413,W010,DTDC,In Transit,2025-09-19,2025-09-23
SH003414,O003414,W020,XpressBees,Delayed,2026-02-14,2026-02-16
SH003415,O003415,W011,India Post,Delivered,2025-11-02,2025-11-09
SH003416,O003416,W017,XpressBees,Delivered,2025-08-08,2025-08-10
SH003417,O003417,W011,XpressBees,Delivered,2026-07-18,2026-07-23
SH003418,O003418,W014,Blue Dart,Delayed,2026-02-09,2026-02-16
SH003419,O003419,W009,DTDC,Delivered,2026-04-09,2026-04-11
SH003420,O003420,W007,Blue Dart,Delayed,2026-03-11,2026-03-12
SH003421,O003421,W001,Blue Dart,In Transit,2025-09-04,2025-09-05
SH003422,O003422,W013,Delhivery,Delayed,2025-10-18,2025-10-24
SH003423,O003423,W018,XpressBees,In Transit,2026-01-07,2026-01-13
SH003424,O003424,W007,Blue Dart,Delivered,2026-07-09,2026-07-16
SH003425,O003425,W013,Delhivery,Delivered,2026-05-16,2026-05-18
SH003426,O003426,W020,Delhivery,In Transit,2026-03-17,2026-03-23
SH003427,O003427,W004,XpressBees,Delayed,2025-11-29,2025-12-05
SH003428,O003428,W010,DTDC,Delivered,2026-04-11,2026-04-18
SH003429,O003429,W017,XpressBees,Delivered,2026-02-19,2026-02-21
SH003430,O003430,W020,Delhivery,In Transit,2025-11-04,2025-11-10
SH003431,O003431,W014,XpressBees,Delivered,2026-01-25,2026-01-28
SH003432,O003432,W011,DTDC,Delivered,2025-11-24,2025-11-25
SH003433,O003433,W005,Delhivery,Delayed,2025-10-19,2025-10-22
SH003434,O003434,W001,XpressBees,Delivered,2026-02-15,2026-02-21
SH003435,O003435,W010,Ekart,Delivered,2025-12-05,2025-12-08
SH003436,O003436,W003,Ekart,Delayed,2026-07-25,2026-07-31
SH003437,O003437,W002,XpressBees,Delayed,2025-11-29,2025-12-01
SH003438,O003438,W015,India Post,Delivered,2026-06-26,2026-07-02
SH003439,O003439,W017,Delhivery,Delivered,2026-05-01,2026-05-06
SH003440,O003440,W014,Ekart,In Transit,2026-05-26,2026-06-01
SH003441,O003441,W015,Delhivery,Delayed,2026-04-14,2026-04-18
SH003442,O003442,W004,India Post,Delayed,2026-07-17,2026-07-21
SH003443,O003443,W003,Ekart,In Transit,2026-07-19,2026-07-24
SH003444,O003444,W019,Delhivery,Delivered,2026-05-02,2026-05-04
SH003445,O003445,W020,Ekart,In Transit,2025-10-29,2025-10-31
SH003446,O003446,W018,Blue Dart,Delivered,2025-10-12,2025-10-16
SH003447,O003447,W004,Blue Dart,Delayed,2026-03-28,2026-03-30
SH003448,O003448,W019,Delhivery,Delivered,2025-10-28,2025-10-30
SH003449,O003449,W003,DTDC,Delivered,2026-05-29,2026-05-31
SH003450,O003450,W009,Ekart,In Transit,2025-12-24,2025-12-26
SH003451,O003451,W004,XpressBees,Delivered,2025-09-29,2025-10-04
SH003452,O003452,W005,Delhivery,Delivered,2025-11-13,2025-11-15
SH003453,O003453,W018,Blue Dart,In Transit,2026-04-11,2026-04-16
SH003454,O003454,W010,Ekart,Delayed,2026-03-02,2026-03-04
SH003455,O003455,W001,Blue Dart,In Transit,2025-11-08,2025-11-09
SH003456,O003456,W003,Delhivery,Delivered,2025-08-22,2025-08-25
SH003457,O003457,W011,Delhivery,In Transit,2025-11-18,2025-11-25
SH003458,O003458,W017,DTDC,Delivered,2026-07-24,2026-07-29
SH003459,O003459,W001,DTDC,Delivered,2026-03-11,2026-03-12
SH003460,O003460,W015,Delhivery,Delayed,2025-10-15,2025-10-20
SH003461,O003461,W019,Ekart,Delayed,2026-03-03,2026-03-07
SH003462,O003462,W005,DTDC,In Transit,2026-02-17,2026-02-20
SH003463,O003463,W016,XpressBees,Delivered,2026-03-10,2026-03-17
SH003464,O003464,W014,DTDC,Delayed,2026-01-20,2026-01-22
SH003465,O003465,W019,India Post,In Transit,2026-04-26,2026-04-27
SH003466,O003466,W002,Blue Dart,Delivered,2026-03-10,2026-03-11
SH003467,O003467,W014,XpressBees,In Transit,2026-05-20,2026-05-24
SH003468,O003468,W019,Delhivery,Delivered,2026-02-28,2026-03-04
SH003469,O003469,W001,India Post,Delayed,2026-07-23,2026-07-28
SH003470,O003470,W012,Ekart,Delivered,2025-12-03,2025-12-06
SH003471,O003471,W010,XpressBees,Delivered,2026-05-22,2026-05-23
SH003472,O003472,W014,India Post,Delivered,2026-02-03,2026-02-04
SH003473,O003473,W001,India Post,Delayed,2026-07-01,2026-07-02
SH003474,O003474,W016,DTDC,Delayed,2025-10-03,2025-10-06
SH003475,O003475,W009,India Post,In Transit,2025-09-19,2025-09-20
SH003476,O003476,W005,Blue Dart,Delivered,2026-04-27,2026-04-30
SH003477,O003477,W004,Ekart,Delayed,2025-12-25,2025-12-29
SH003478,O003478,W012,Blue Dart,Delivered,2025-12-05,2025-12-11
SH003479,O003479,W012,DTDC,Delivered,2026-06-23,2026-06-30
SH003480,O003480,W004,Ekart,Delayed,2026-04-26,2026-05-01
SH003481,O003481,W012,Blue Dart,Delayed,2025-12-12,2025-12-18
SH003482,O003482,W020,XpressBees,Delayed,2025-09-07,2025-09-09
SH003483,O003483,W009,India Post,Delayed,2026-02-18,2026-02-21
SH003484,O003484,W008,Ekart,Delivered,2026-05-02,2026-05-07
SH003485,O003485,W004,Blue Dart,Delayed,2025-11-29,2025-12-05
SH003486,O003486,W018,DTDC,In Transit,2026-06-11,2026-06-14
SH003487,O003487,W018,DTDC,Delayed,2026-04-17,2026-04-21
SH003488,O003488,W020,Blue Dart,In Transit,2026-01-09,2026-01-14
SH003489,O003489,W017,DTDC,Delivered,2026-04-28,2026-04-30
SH003490,O003490,W008,XpressBees,Delivered,2025-10-04,2025-10-05
SH003491,O003491,W007,Delhivery,In Transit,2026-01-23,2026-01-29
SH003492,O003492,W012,Ekart,In Transit,2025-11-16,2025-11-19
SH003493,O003493,W012,Delhivery,Delivered,2025-11-30,2025-12-04
SH003494,O003494,W018,Blue Dart,In Transit,2025-12-28,2026-01-03
SH003495,O003495,W005,XpressBees,Delivered,2026-02-07,2026-02-13
SH003496,O003496,W008,DTDC,Delayed,2026-03-10,2026-03-16
SH003497,O003497,W011,India Post,Delivered,2025-11-25,2025-11-28
SH003498,O003498,W009,DTDC,Delivered,2026-06-25,2026-06-27
SH003499,O003499,W007,Delhivery,In Transit,2026-03-20,2026-03-21
SH003500,O003500,W013,Delhivery,Delayed,2025-09-22,2025-09-28
SH003501,O003501,W016,XpressBees,Delayed,2025-12-11,2025-12-17
SH003502,O003502,W006,DTDC,Delivered,2025-12-04,2025-12-07
SH003503,O003503,W018,Delhivery,Delayed,2026-04-03,2026-04-04
SH003504,O003504,W009,Delhivery,Delayed,2026-07-27,2026-07-29
SH003505,O003505,W009,XpressBees,In Transit,2026-05-15,2026-05-17
SH003506,O003506,W004,Delhivery,Delayed,2026-05-15,2026-05-19
SH003507,O003507,W006,Blue Dart,Delivered,2025-12-24,2025-12-30
SH003508,O003508,W013,Ekart,In Transit,2025-09-11,2025-09-15
SH003509,O003509,W010,India Post,In Transit,2026-01-29,2026-02-02
SH003510,O003510,W017,DTDC,Delivered,2026-01-11,2026-01-16
SH003511,O003511,W019,DTDC,Delivered,2025-11-19,2025-11-25
SH003512,O003512,W006,Delhivery,Delayed,2025-10-18,2025-10-21
SH003513,O003513,W011,Ekart,Delivered,2025-11-13,2025-11-17
SH003514,O003514,W007,Delhivery,Delivered,2026-06-23,2026-06-24
SH003515,O003515,W011,Delhivery,Delivered,2026-04-23,2026-04-26
SH003516,O003516,W010,Delhivery,Delivered,2026-04-10,2026-04-14
SH003517,O003517,W012,Blue Dart,Delivered,2026-06-25,2026-06-29
SH003518,O003518,W010,Delhivery,In Transit,2026-08-02,2026-08-09
SH003519,O003519,W017,Ekart,Delayed,2026-06-17,2026-06-23
SH003520,O003520,W006,Ekart,Delayed,2026-01-25,2026-01-28
SH003521,O003521,W011,India Post,Delivered,2026-06-27,2026-06-28
SH003522,O003522,W005,Blue Dart,Delivered,2026-01-09,2026-01-14
SH003523,O003523,W020,India Post,Delivered,2026-01-17,2026-01-24
SH003524,O003524,W007,XpressBees,Delivered,2026-01-10,2026-01-15
SH003525,O003525,W003,Ekart,Delayed,2026-06-27,2026-07-02
SH003526,O003526,W008,Ekart,In Transit,2025-09-04,2025-09-09
SH003527,O003527,W015,Blue Dart,In Transit,2025-10-04,2025-10-10
SH003528,O003528,W005,XpressBees,Delayed,2026-06-10,2026-06-15
SH003529,O003529,W011,DTDC,Delivered,2026-07-31,2026-08-04
SH003530,O003530,W018,India Post,Delayed,2025-10-27,2025-10-30
SH003531,O003531,W009,India Post,In Transit,2025-12-20,2025-12-21
SH003532,O003532,W011,Delhivery,In Transit,2025-12-13,2025-12-16
SH003533,O003533,W018,India Post,Delayed,2026-01-15,2026-01-17
SH003534,O003534,W020,India Post,In Transit,2025-12-02,2025-12-08
SH003535,O003535,W006,India Post,In Transit,2025-12-14,2025-12-19
SH003536,O003536,W003,Blue Dart,Delayed,2026-01-11,2026-01-14
SH003537,O003537,W014,Blue Dart,Delivered,2025-08-17,2025-08-19
SH003538,O003538,W014,Delhivery,Delayed,2025-09-26,2025-10-03
SH003539,O003539,W002,Ekart,Delivered,2026-04-22,2026-04-25
SH003540,O003540,W019,XpressBees,In Transit,2025-09-28,2025-10-02
SH003541,O003541,W010,XpressBees,In Transit,2026-05-22,2026-05-25
SH003542,O003542,W013,Delhivery,Delayed,2026-02-19,2026-02-21
SH003543,O003543,W020,Blue Dart,Delayed,2026-08-07,2026-08-13
SH003544,O003544,W005,Blue Dart,Delivered,2025-12-12,2025-12-14
SH003545,O003545,W003,Delhivery,Delivered,2026-07-30,2026-08-04
SH003546,O003546,W014,Blue Dart,In Transit,2025-08-26,2025-09-01
SH003547,O003547,W014,Blue Dart,In Transit,2026-02-10,2026-02-14
SH003548,O003548,W010,Blue Dart,Delivered,2026-05-07,2026-05-13
SH003549,O003549,W013,India Post,In Transit,2025-11-24,2025-11-26
SH003550,O003550,W010,Ekart,Delayed,2025-12-24,2025-12-28
SH003551,O003551,W003,Ekart,In Transit,2026-05-23,2026-05-26
SH003552,O003552,W017,Delhivery,Delayed,2025-12-29,2026-01-04
SH003553,O003553,W016,Blue Dart,Delivered,2026-02-12,2026-02-13
SH003554,O003554,W016,Ekart,In Transit,2026-01-21,2026-01-25
SH003555,O003555,W019,Blue Dart,Delivered,2025-11-18,2025-11-23
SH003556,O003556,W004,Blue Dart,Delivered,2026-03-30,2026-04-03
SH003557,O003557,W004,India Post,Delivered,2025-10-15,2025-10-22
SH003558,O003558,W006,India Post,In Transit,2025-12-30,2025-12-31
SH003559,O003559,W019,DTDC,Delayed,2026-08-02,2026-08-06
SH003560,O003560,W015,DTDC,In Transit,2026-03-29,2026-04-04
SH003561,O003561,W005,XpressBees,Delayed,2025-10-15,2025-10-18
SH003562,O003562,W004,XpressBees,Delivered,2026-05-28,2026-06-03
SH003563,O003563,W007,Blue Dart,Delivered,2026-06-29,2026-07-01
SH003564,O003564,W018,Blue Dart,Delayed,2025-10-09,2025-10-14
SH003565,O003565,W016,Ekart,In Transit,2025-09-14,2025-09-18
SH003566,O003566,W017,XpressBees,In Transit,2026-04-28,2026-04-30
SH003567,O003567,W008,DTDC,Delayed,2025-10-18,2025-10-22
SH003568,O003568,W018,DTDC,Delayed,2026-01-13,2026-01-19
SH003569,O003569,W010,India Post,Delayed,2026-05-06,2026-05-07
SH003570,O003570,W010,India Post,Delayed,2025-11-10,2025-11-12
SH003571,O003571,W004,DTDC,Delayed,2026-02-24,2026-02-28
SH003572,O003572,W005,DTDC,In Transit,2026-02-03,2026-02-06
SH003573,O003573,W003,India Post,In Transit,2026-01-22,2026-01-23
SH003574,O003574,W008,XpressBees,Delivered,2026-02-02,2026-02-05
SH003575,O003575,W007,XpressBees,Delayed,2026-07-01,2026-07-02
SH003576,O003576,W018,India Post,In Transit,2025-12-13,2025-12-16
SH003577,O003577,W010,India Post,In Transit,2025-09-17,2025-09-23
SH003578,O003578,W012,Ekart,Delayed,2026-05-14,2026-05-21
SH003579,O003579,W019,DTDC,In Transit,2026-01-17,2026-01-23
SH003580,O003580,W017,Delhivery,Delayed,2026-06-29,2026-07-02
SH003581,O003581,W019,India Post,In Transit,2026-03-24,2026-03-28
SH003582,O003582,W003,Delhivery,In Transit,2026-01-08,2026-01-09
SH003583,O003583,W010,Blue Dart,Delayed,2025-11-21,2025-11-28
SH003584,O003584,W011,Blue Dart,Delayed,2025-11-29,2025-12-05
SH003585,O003585,W004,Delhivery,In Transit,2025-09-11,2025-09-18
SH003586,O003586,W009,Ekart,In Transit,2026-07-31,2026-08-03
SH003587,O003587,W016,Delhivery,Delivered,2026-02-27,2026-03-03
SH003588,O003588,W001,XpressBees,Delivered,2026-05-18,2026-05-19
SH003589,O003589,W012,Ekart,Delivered,2026-05-08,2026-05-09
SH003590,O003590,W013,India Post,In Transit,2026-05-22,2026-05-29
SH003591,O003591,W020,Ekart,Delayed,2026-02-27,2026-03-04
SH003592,O003592,W007,DTDC,In Transit,2025-08-31,2025-09-02
SH003593,O003593,W007,Delhivery,Delayed,2025-10-06,2025-10-09
SH003594,O003594,W003,XpressBees,Delivered,2026-05-21,2026-05-22
SH003595,O003595,W010,Ekart,Delayed,2026-06-02,2026-06-04
SH003596,O003596,W018,India Post,Delivered,2026-01-11,2026-01-15
SH003597,O003597,W006,DTDC,Delayed,2025-11-01,2025-11-05
SH003598,O003598,W009,Ekart,In Transit,2025-10-18,2025-10-23
SH003599,O003599,W009,Ekart,Delivered,2026-06-28,2026-07-04
SH003600,O003600,W013,XpressBees,Delivered,2026-02-07,2026-02-09
SH003601,O003601,W005,Blue Dart,Delayed,2026-04-23,2026-04-28
SH003602,O003602,W002,XpressBees,In Transit,2026-06-17,2026-06-22
SH003603,O003603,W005,XpressBees,In Transit,2025-12-08,2025-12-15
SH003604,O003604,W006,Delhivery,In Transit,2026-06-02,2026-06-04
SH003605,O003605,W016,Delhivery,Delayed,2025-09-14,2025-09-15
SH003606,O003606,W017,DTDC,Delivered,2026-03-15,2026-03-22
SH003607,O003607,W004,Delhivery,Delayed,2026-04-03,2026-04-06
SH003608,O003608,W015,Delhivery,In Transit,2026-03-23,2026-03-28
SH003609,O003609,W002,Ekart,Delivered,2026-01-10,2026-01-11
SH003610,O003610,W008,DTDC,In Transit,2025-08-22,2025-08-28
SH003611,O003611,W013,Ekart,Delivered,2026-06-29,2026-07-01
SH003612,O003612,W004,India Post,Delivered,2026-04-13,2026-04-17
SH003613,O003613,W013,India Post,In Transit,2025-10-07,2025-10-12
SH003614,O003614,W018,Ekart,Delayed,2026-04-26,2026-04-29
SH003615,O003615,W013,XpressBees,Delayed,2025-11-12,2025-11-13
SH003616,O003616,W011,Delhivery,In Transit,2026-05-24,2026-05-26
SH003617,O003617,W015,Blue Dart,Delayed,2025-09-16,2025-09-23
SH003618,O003618,W017,DTDC,Delivered,2025-09-17,2025-09-24
SH003619,O003619,W010,India Post,Delivered,2026-05-13,2026-05-15
SH003620,O003620,W002,DTDC,Delivered,2025-11-13,2025-11-15
SH003621,O003621,W007,Delhivery,In Transit,2026-04-28,2026-04-30
SH003622,O003622,W016,Ekart,In Transit,2026-03-12,2026-03-19
SH003623,O003623,W014,India Post,Delivered,2026-02-03,2026-02-05
SH003624,O003624,W006,India Post,In Transit,2026-04-02,2026-04-03
SH003625,O003625,W009,DTDC,Delivered,2026-06-29,2026-07-02
SH003626,O003626,W015,India Post,Delayed,2026-01-10,2026-01-17
SH003627,O003627,W013,DTDC,Delayed,2025-12-29,2026-01-05
SH003628,O003628,W013,XpressBees,Delayed,2026-02-20,2026-02-26
SH003629,O003629,W002,Ekart,Delayed,2026-05-09,2026-05-13
SH003630,O003630,W004,XpressBees,Delivered,2025-12-03,2025-12-08
SH003631,O003631,W017,Delhivery,Delivered,2026-01-22,2026-01-25
SH003632,O003632,W004,Ekart,In Transit,2026-03-09,2026-03-12
SH003633,O003633,W002,DTDC,Delivered,2026-01-10,2026-01-17
SH003634,O003634,W013,Ekart,In Transit,2026-05-09,2026-05-10
SH003635,O003635,W001,Blue Dart,Delivered,2026-07-25,2026-07-26
SH003636,O003636,W020,DTDC,Delivered,2026-07-07,2026-07-08
SH003637,O003637,W013,Blue Dart,In Transit,2026-05-06,2026-05-11
SH003638,O003638,W011,India Post,Delayed,2025-08-10,2025-08-15
SH003639,O003639,W014,Blue Dart,Delivered,2026-02-24,2026-03-03
SH003640,O003640,W013,Ekart,Delayed,2026-08-03,2026-08-05
SH003641,O003641,W005,India Post,Delivered,2025-08-23,2025-08-24
SH003642,O003642,W020,Blue Dart,Delayed,2026-06-08,2026-06-11
SH003643,O003643,W018,Blue Dart,In Transit,2026-04-17,2026-04-23
SH003644,O003644,W010,India Post,Delayed,2025-10-04,2025-10-10
SH003645,O003645,W011,DTDC,Delayed,2025-11-04,2025-11-11
SH003646,O003646,W004,Ekart,Delayed,2025-10-14,2025-10-19
SH003647,O003647,W004,Ekart,In Transit,2026-01-14,2026-01-18
SH003648,O003648,W004,Blue Dart,Delayed,2025-12-08,2025-12-09
SH003649,O003649,W008,Ekart,Delayed,2025-11-08,2025-11-15
SH003650,O003650,W018,Blue Dart,In Transit,2026-06-25,2026-06-28
SH003651,O003651,W009,Ekart,Delivered,2026-03-11,2026-03-16
SH003652,O003652,W005,XpressBees,Delivered,2026-07-06,2026-07-09
SH003653,O003653,W002,India Post,Delivered,2026-01-16,2026-01-17
SH003654,O003654,W013,Blue Dart,In Transit,2026-01-13,2026-01-19
SH003655,O003655,W013,Ekart,In Transit,2025-12-06,2025-12-10
SH003656,O003656,W014,DTDC,Delivered,2026-05-14,2026-05-20
SH003657,O003657,W007,India Post,In Transit,2026-04-11,2026-04-16
SH003658,O003658,W005,Delhivery,In Transit,2026-04-25,2026-04-29
SH003659,O003659,W012,India Post,Delayed,2026-02-03,2026-02-09
SH003660,O003660,W003,India Post,Delayed,2026-03-01,2026-03-03
SH003661,O003661,W002,Delhivery,Delayed,2026-01-10,2026-01-16
SH003662,O003662,W015,India Post,Delivered,2025-11-13,2025-11-14
SH003663,O003663,W004,Blue Dart,Delayed,2026-01-11,2026-01-12
SH003664,O003664,W008,India Post,In Transit,2025-08-29,2025-08-30
SH003665,O003665,W004,Delhivery,In Transit,2026-05-24,2026-05-27
SH003666,O003666,W019,DTDC,Delivered,2025-11-19,2025-11-26
SH003667,O003667,W014,DTDC,In Transit,2025-09-12,2025-09-13
SH003668,O003668,W010,DTDC,Delayed,2025-10-06,2025-10-10
SH003669,O003669,W004,India Post,Delivered,2026-02-28,2026-03-04
SH003670,O003670,W014,XpressBees,Delayed,2026-05-03,2026-05-10
SH003671,O003671,W003,XpressBees,Delivered,2025-09-28,2025-10-01
SH003672,O003672,W001,Blue Dart,Delayed,2026-07-04,2026-07-09
SH003673,O003673,W017,Ekart,In Transit,2025-10-12,2025-10-15
SH003674,O003674,W005,India Post,Delayed,2026-03-31,2026-04-06
SH003675,O003675,W019,Ekart,In Transit,2026-07-24,2026-07-28
SH003676,O003676,W002,Delhivery,Delayed,2026-05-17,2026-05-24
SH003677,O003677,W005,DTDC,Delayed,2026-02-22,2026-02-25
SH003678,O003678,W009,Ekart,Delivered,2025-08-12,2025-08-15
SH003679,O003679,W010,XpressBees,Delivered,2025-10-24,2025-10-26
SH003680,O003680,W020,DTDC,Delivered,2026-01-07,2026-01-11
SH003681,O003681,W005,Blue Dart,In Transit,2026-01-25,2026-01-29
SH003682,O003682,W020,DTDC,Delayed,2025-08-08,2025-08-12
SH003683,O003683,W016,Ekart,Delivered,2026-06-21,2026-06-24
SH003684,O003684,W006,Delhivery,In Transit,2026-03-05,2026-03-09
SH003685,O003685,W013,Ekart,Delivered,2025-10-08,2025-10-12
SH003686,O003686,W005,XpressBees,Delayed,2025-11-09,2025-11-13
SH003687,O003687,W018,XpressBees,Delayed,2026-03-14,2026-03-15
SH003688,O003688,W002,Delhivery,Delayed,2026-02-12,2026-02-13
SH003689,O003689,W010,India Post,Delayed,2026-03-10,2026-03-17
SH003690,O003690,W018,XpressBees,In Transit,2025-09-13,2025-09-20
SH003691,O003691,W010,DTDC,In Transit,2026-04-16,2026-04-20
SH003692,O003692,W018,DTDC,In Transit,2025-12-05,2025-12-10
SH003693,O003693,W012,Ekart,In Transit,2026-05-25,2026-05-27
SH003694,O003694,W018,India Post,Delayed,2025-11-05,2025-11-09
SH003695,O003695,W008,Ekart,In Transit,2026-05-07,2026-05-08
SH003696,O003696,W014,Delhivery,Delivered,2026-07-15,2026-07-16
SH003697,O003697,W014,Ekart,Delivered,2025-09-06,2025-09-08
SH003698,O003698,W014,India Post,Delivered,2026-02-01,2026-02-03
SH003699,O003699,W017,DTDC,Delivered,2026-04-11,2026-04-18
SH003700,O003700,W017,Ekart,Delivered,2026-01-31,2026-02-05
SH003701,O003701,W004,India Post,In Transit,2025-09-14,2025-09-17
SH003702,O003702,W017,DTDC,In Transit,2025-11-14,2025-11-19
SH003703,O003703,W008,Ekart,In Transit,2026-06-13,2026-06-15
SH003704,O003704,W003,XpressBees,Delivered,2026-05-17,2026-05-18
SH003705,O003705,W005,XpressBees,Delayed,2026-07-12,2026-07-13
SH003706,O003706,W019,India Post,Delivered,2026-06-17,2026-06-22
SH003707,O003707,W010,Ekart,In Transit,2025-10-04,2025-10-07
SH003708,O003708,W018,DTDC,Delivered,2026-03-11,2026-03-15
SH003709,O003709,W015,Blue Dart,Delayed,2026-06-14,2026-06-17
SH003710,O003710,W010,XpressBees,Delivered,2025-10-24,2025-10-30
SH003711,O003711,W015,Delhivery,Delayed,2025-09-02,2025-09-07
SH003712,O003712,W013,Delhivery,Delivered,2026-04-22,2026-04-23
SH003713,O003713,W012,DTDC,Delivered,2025-10-30,2025-11-01
SH003714,O003714,W020,DTDC,In Transit,2026-02-04,2026-02-07
SH003715,O003715,W002,XpressBees,Delayed,2025-11-04,2025-11-07
SH003716,O003716,W005,Ekart,Delivered,2026-04-02,2026-04-08
SH003717,O003717,W004,XpressBees,In Transit,2025-09-16,2025-09-18
SH003718,O003718,W007,India Post,Delayed,2026-03-27,2026-04-02
SH003719,O003719,W003,Ekart,In Transit,2026-04-21,2026-04-23
SH003720,O003720,W014,India Post,In Transit,2025-10-15,2025-10-22
SH003721,O003721,W006,Ekart,In Transit,2025-09-02,2025-09-07
SH003722,O003722,W013,XpressBees,Delayed,2026-02-23,2026-03-02
SH003723,O003723,W015,India Post,Delivered,2026-04-26,2026-04-28
SH003724,O003724,W019,Delhivery,Delayed,2026-06-03,2026-06-06
SH003725,O003725,W013,India Post,Delivered,2025-09-08,2025-09-15
SH003726,O003726,W020,XpressBees,In Transit,2026-04-17,2026-04-24
SH003727,O003727,W017,Delhivery,In Transit,2025-09-29,2025-10-02
SH003728,O003728,W018,XpressBees,Delayed,2026-05-08,2026-05-10
SH003729,O003729,W018,India Post,Delayed,2025-12-18,2025-12-22
SH003730,O003730,W003,Delhivery,In Transit,2026-03-24,2026-03-27
SH003731,O003731,W007,XpressBees,Delivered,2025-09-26,2025-09-27
SH003732,O003732,W003,XpressBees,Delayed,2026-03-14,2026-03-18
SH003733,O003733,W011,Delhivery,In Transit,2025-10-08,2025-10-10
SH003734,O003734,W002,XpressBees,In Transit,2025-09-27,2025-10-02
SH003735,O003735,W007,India Post,In Transit,2026-01-11,2026-01-16
SH003736,O003736,W006,Delhivery,In Transit,2026-03-27,2026-04-02
SH003737,O003737,W015,DTDC,Delivered,2025-08-29,2025-09-01
SH003738,O003738,W015,Blue Dart,Delivered,2025-08-27,2025-09-03
SH003739,O003739,W005,DTDC,Delivered,2026-03-16,2026-03-20
SH003740,O003740,W012,DTDC,Delivered,2026-06-01,2026-06-02
SH003741,O003741,W004,Blue Dart,In Transit,2025-11-13,2025-11-15
SH003742,O003742,W007,Ekart,In Transit,2025-12-03,2025-12-06
SH003743,O003743,W010,Delhivery,Delayed,2025-10-12,2025-10-15
SH003744,O003744,W008,Delhivery,In Transit,2026-06-19,2026-06-21
SH003745,O003745,W014,Blue Dart,Delivered,2026-07-03,2026-07-05
SH003746,O003746,W013,Ekart,Delayed,2025-10-09,2025-10-16
SH003747,O003747,W011,Ekart,Delivered,2026-03-05,2026-03-08
SH003748,O003748,W017,Ekart,In Transit,2026-07-19,2026-07-25
SH003749,O003749,W003,Blue Dart,In Transit,2026-01-22,2026-01-24
SH003750,O003750,W004,DTDC,Delivered,2026-06-22,2026-06-27
SH003751,O003751,W009,Blue Dart,Delivered,2026-01-03,2026-01-10
SH003752,O003752,W010,Ekart,In Transit,2025-11-27,2025-12-01
SH003753,O003753,W004,XpressBees,In Transit,2026-06-14,2026-06-15
SH003754,O003754,W019,India Post,In Transit,2026-07-18,2026-07-23
SH003755,O003755,W008,XpressBees,Delivered,2026-06-17,2026-06-23
SH003756,O003756,W009,XpressBees,Delayed,2026-04-13,2026-04-15
SH003757,O003757,W007,India Post,Delivered,2026-07-26,2026-07-30
SH003758,O003758,W008,Blue Dart,In Transit,2026-07-07,2026-07-11
SH003759,O003759,W011,DTDC,Delivered,2025-10-05,2025-10-10
SH003760,O003760,W006,Blue Dart,Delivered,2025-09-22,2025-09-27
SH003761,O003761,W013,DTDC,In Transit,2026-02-27,2026-03-03
SH003762,O003762,W009,India Post,Delivered,2025-08-14,2025-08-20
SH003763,O003763,W012,Ekart,Delayed,2026-05-17,2026-05-21
SH003764,O003764,W014,Blue Dart,Delivered,2026-07-11,2026-07-13
SH003765,O003765,W019,India Post,Delivered,2026-03-07,2026-03-08
SH003766,O003766,W016,Blue Dart,Delayed,2026-03-11,2026-03-18
SH003767,O003767,W010,Ekart,In Transit,2025-12-13,2025-12-20
SH003768,O003768,W002,Delhivery,In Transit,2025-12-06,2025-12-13
SH003769,O003769,W013,India Post,Delivered,2025-08-29,2025-08-31
SH003770,O003770,W002,Ekart,Delayed,2026-07-30,2026-08-02
SH003771,O003771,W017,Ekart,In Transit,2026-06-19,2026-06-26
SH003772,O003772,W009,XpressBees,Delivered,2026-07-02,2026-07-08
SH003773,O003773,W005,XpressBees,Delivered,2026-04-03,2026-04-05
SH003774,O003774,W002,DTDC,In Transit,2025-12-08,2025-12-15
SH003775,O003775,W020,XpressBees,Delayed,2026-06-10,2026-06-13
SH003776,O003776,W004,XpressBees,Delayed,2025-10-10,2025-10-11
SH003777,O003777,W017,DTDC,Delivered,2026-03-16,2026-03-22
SH003778,O003778,W012,Delhivery,Delivered,2025-11-14,2025-11-18
SH003779,O003779,W005,DTDC,Delayed,2026-05-31,2026-06-02
SH003780,O003780,W002,DTDC,Delayed,2026-04-20,2026-04-25
SH003781,O003781,W001,DTDC,In Transit,2025-09-09,2025-09-16
SH003782,O003782,W016,Ekart,In Transit,2025-10-08,2025-10-12
SH003783,O003783,W010,Blue Dart,In Transit,2026-06-21,2026-06-24
SH003784,O003784,W018,Ekart,Delayed,2026-02-16,2026-02-23
SH003785,O003785,W007,Delhivery,Delivered,2026-06-29,2026-07-05
SH003786,O003786,W002,XpressBees,In Transit,2026-06-19,2026-06-24
SH003787,O003787,W005,Blue Dart,Delayed,2026-06-26,2026-07-03
SH003788,O003788,W017,Ekart,Delayed,2026-05-23,2026-05-27
SH003789,O003789,W004,Blue Dart,Delayed,2025-09-26,2025-09-27
SH003790,O003790,W020,Delhivery,In Transit,2025-11-03,2025-11-07
SH003791,O003791,W003,XpressBees,Delayed,2025-09-17,2025-09-19
SH003792,O003792,W017,Delhivery,In Transit,2026-02-22,2026-02-25
SH003793,O003793,W004,Ekart,Delivered,2025-12-04,2025-12-08
SH003794,O003794,W013,DTDC,Delivered,2026-01-14,2026-01-17
SH003795,O003795,W014,Ekart,In Transit,2025-11-02,2025-11-03
SH003796,O003796,W020,XpressBees,Delivered,2025-08-25,2025-08-28
SH003797,O003797,W016,DTDC,In Transit,2026-02-07,2026-02-12
SH003798,O003798,W001,XpressBees,Delayed,2026-04-08,2026-04-11
SH003799,O003799,W011,Ekart,Delayed,2025-10-15,2025-10-20
SH003800,O003800,W007,Ekart,In Transit,2025-10-18,2025-10-25
SH003801,O003801,W006,Ekart,Delivered,2026-06-07,2026-06-13
SH003802,O003802,W008,India Post,Delivered,2025-08-30,2025-09-02
SH003803,O003803,W020,XpressBees,Delivered,2026-07-05,2026-07-11
SH003804,O003804,W004,XpressBees,In Transit,2026-06-16,2026-06-22
SH003805,O003805,W011,Ekart,Delivered,2026-01-25,2026-01-29
SH003806,O003806,W001,India Post,In Transit,2026-04-13,2026-04-18
SH003807,O003807,W016,India Post,Delivered,2026-04-29,2026-04-30
SH003808,O003808,W018,Delhivery,In Transit,2025-10-02,2025-10-09
SH003809,O003809,W020,Delhivery,Delivered,2025-08-30,2025-09-06
SH003810,O003810,W011,Ekart,Delayed,2026-04-22,2026-04-29
SH003811,O003811,W013,Delhivery,In Transit,2025-11-25,2025-12-02
SH003812,O003812,W014,DTDC,In Transit,2026-07-11,2026-07-18
SH003813,O003813,W006,Ekart,In Transit,2026-04-21,2026-04-24
SH003814,O003814,W016,XpressBees,Delayed,2026-05-08,2026-05-15
SH003815,O003815,W006,DTDC,In Transit,2026-05-08,2026-05-10
SH003816,O003816,W004,XpressBees,Delivered,2026-05-18,2026-05-20
SH003817,O003817,W013,India Post,Delivered,2026-07-06,2026-07-10
SH003818,O003818,W005,Ekart,Delivered,2026-03-20,2026-03-26
SH003819,O003819,W009,India Post,In Transit,2025-08-17,2025-08-24
SH003820,O003820,W008,Ekart,Delayed,2025-08-12,2025-08-19
SH003821,O003821,W017,Ekart,Delayed,2025-08-14,2025-08-21
SH003822,O003822,W009,Blue Dart,Delayed,2026-06-11,2026-06-14
SH003823,O003823,W017,XpressBees,Delayed,2026-04-27,2026-04-29
SH003824,O003824,W015,DTDC,Delivered,2026-03-21,2026-03-26
SH003825,O003825,W005,India Post,Delivered,2026-06-09,2026-06-10
SH003826,O003826,W010,India Post,Delivered,2026-04-27,2026-05-03
SH003827,O003827,W004,India Post,Delayed,2025-08-05,2025-08-08
SH003828,O003828,W015,Delhivery,Delivered,2026-06-06,2026-06-08
SH003829,O003829,W018,Blue Dart,Delayed,2026-03-09,2026-03-16
SH003830,O003830,W016,DTDC,Delivered,2026-04-22,2026-04-28
SH003831,O003831,W001,Blue Dart,Delayed,2026-04-01,2026-04-03
SH003832,O003832,W016,Delhivery,Delivered,2025-09-21,2025-09-28
SH003833,O003833,W004,XpressBees,Delivered,2025-12-21,2025-12-24
SH003834,O003834,W001,Ekart,In Transit,2025-10-07,2025-10-12
SH003835,O003835,W009,XpressBees,Delivered,2026-07-10,2026-07-16
SH003836,O003836,W009,India Post,In Transit,2026-02-09,2026-02-12
SH003837,O003837,W009,India Post,Delivered,2025-08-26,2025-08-27
SH003838,O003838,W008,Blue Dart,Delivered,2025-10-11,2025-10-14
SH003839,O003839,W009,DTDC,Delayed,2025-08-21,2025-08-22
SH003840,O003840,W005,XpressBees,Delivered,2025-11-18,2025-11-23
SH003841,O003841,W009,Ekart,Delivered,2025-08-28,2025-09-03
SH003842,O003842,W001,India Post,In Transit,2026-07-06,2026-07-11
SH003843,O003843,W002,India Post,Delivered,2025-12-06,2025-12-08
SH003844,O003844,W014,XpressBees,Delayed,2026-03-20,2026-03-23
SH003845,O003845,W011,Ekart,In Transit,2025-12-16,2025-12-19
SH003846,O003846,W006,Blue Dart,In Transit,2025-10-16,2025-10-21
SH003847,O003847,W006,Blue Dart,In Transit,2025-08-18,2025-08-22
SH003848,O003848,W016,Delhivery,Delivered,2025-10-08,2025-10-12
SH003849,O003849,W019,DTDC,In Transit,2026-07-14,2026-07-18
SH003850,O003850,W001,Delhivery,Delayed,2026-07-25,2026-08-01
SH003851,O003851,W018,Delhivery,Delivered,2026-05-15,2026-05-16
SH003852,O003852,W015,India Post,In Transit,2026-02-21,2026-02-26
SH003853,O003853,W014,DTDC,Delayed,2026-02-13,2026-02-20
SH003854,O003854,W001,XpressBees,Delivered,2026-04-22,2026-04-23
SH003855,O003855,W009,India Post,Delayed,2025-12-11,2025-12-14
SH003856,O003856,W014,India Post,Delivered,2025-10-02,2025-10-05
SH003857,O003857,W001,India Post,Delivered,2026-03-13,2026-03-19
SH003858,O003858,W003,India Post,Delivered,2026-03-23,2026-03-26
SH003859,O003859,W007,Ekart,Delayed,2026-04-24,2026-04-26
SH003860,O003860,W009,India Post,Delayed,2026-02-17,2026-02-23
SH003861,O003861,W007,Ekart,Delivered,2026-03-10,2026-03-17
SH003862,O003862,W003,XpressBees,Delivered,2025-11-20,2025-11-22
SH003863,O003863,W004,India Post,Delivered,2026-05-21,2026-05-25
SH003864,O003864,W014,India Post,In Transit,2026-05-06,2026-05-09
SH003865,O003865,W018,India Post,Delivered,2026-06-11,2026-06-16
SH003866,O003866,W017,Delhivery,In Transit,2026-07-04,2026-07-08
SH003867,O003867,W002,Blue Dart,In Transit,2026-01-16,2026-01-20
SH003868,O003868,W018,DTDC,Delivered,2025-11-10,2025-11-15
SH003869,O003869,W011,XpressBees,Delivered,2026-02-12,2026-02-15
SH003870,O003870,W004,Blue Dart,In Transit,2026-04-19,2026-04-20
SH003871,O003871,W020,DTDC,In Transit,2025-12-13,2025-12-18
SH003872,O003872,W003,Ekart,Delivered,2025-10-05,2025-10-10
SH003873,O003873,W005,DTDC,Delivered,2025-12-22,2025-12-24
SH003874,O003874,W007,India Post,Delivered,2025-12-10,2025-12-14
SH003875,O003875,W008,DTDC,Delayed,2025-09-08,2025-09-14
SH003876,O003876,W019,DTDC,Delayed,2026-06-25,2026-06-29
SH003877,O003877,W018,Delhivery,Delivered,2026-07-10,2026-07-12
SH003878,O003878,W015,XpressBees,Delayed,2026-05-28,2026-06-02
SH003879,O003879,W007,Delhivery,Delayed,2025-09-08,2025-09-15
SH003880,O003880,W009,Blue Dart,In Transit,2025-12-02,2025-12-07
SH003881,O003881,W020,XpressBees,Delivered,2026-06-21,2026-06-25
SH003882,O003882,W019,Delhivery,In Transit,2026-02-08,2026-02-10
SH003883,O003883,W007,India Post,In Transit,2025-08-08,2025-08-14
SH003884,O003884,W008,India Post,Delivered,2026-01-11,2026-01-15
SH003885,O003885,W016,XpressBees,In Transit,2025-11-02,2025-11-03
SH003886,O003886,W008,DTDC,Delayed,2026-01-07,2026-01-10
SH003887,O003887,W013,Ekart,Delivered,2026-07-13,2026-07-14
SH003888,O003888,W001,DTDC,Delayed,2025-09-26,2025-10-03
SH003889,O003889,W019,India Post,Delayed,2026-01-05,2026-01-06
SH003890,O003890,W004,Ekart,Delivered,2025-11-02,2025-11-04
SH003891,O003891,W001,XpressBees,Delivered,2026-06-22,2026-06-27
SH003892,O003892,W008,XpressBees,Delivered,2025-12-19,2025-12-25
SH003893,O003893,W013,Delhivery,Delivered,2025-08-06,2025-08-10
SH003894,O003894,W012,XpressBees,Delivered,2025-10-19,2025-10-23
SH003895,O003895,W001,XpressBees,In Transit,2026-01-25,2026-01-28
SH003896,O003896,W012,Blue Dart,In Transit,2026-03-31,2026-04-03
SH003897,O003897,W008,India Post,Delivered,2025-11-29,2025-12-01
SH003898,O003898,W001,DTDC,Delayed,2025-08-16,2025-08-22
SH003899,O003899,W013,XpressBees,In Transit,2026-05-20,2026-05-22
SH003900,O003900,W020,XpressBees,Delayed,2025-12-28,2025-12-30
SH003901,O003901,W010,Blue Dart,In Transit,2026-06-27,2026-06-30
SH003902,O003902,W019,Blue Dart,Delivered,2025-12-29,2026-01-01
SH003903,O003903,W003,Ekart,In Transit,2026-08-04,2026-08-08
SH003904,O003904,W012,Delhivery,Delayed,2026-02-23,2026-03-01
SH003905,O003905,W002,Blue Dart,Delayed,2026-04-11,2026-04-14
SH003906,O003906,W003,Delhivery,Delayed,2025-10-21,2025-10-28
SH003907,O003907,W002,DTDC,Delivered,2026-01-09,2026-01-15
SH003908,O003908,W014,DTDC,Delivered,2025-12-30,2025-12-31
SH003909,O003909,W002,XpressBees,In Transit,2025-11-17,2025-11-18
SH003910,O003910,W002,Ekart,Delayed,2025-09-27,2025-10-01
SH003911,O003911,W018,XpressBees,In Transit,2026-06-06,2026-06-13
SH003912,O003912,W017,Ekart,In Transit,2025-12-26,2025-12-29
SH003913,O003913,W006,Delhivery,Delivered,2025-09-19,2025-09-24
SH003914,O003914,W008,Blue Dart,Delivered,2025-08-28,2025-08-30
SH003915,O003915,W018,Blue Dart,Delayed,2025-12-09,2025-12-14
SH003916,O003916,W001,Ekart,In Transit,2025-08-21,2025-08-28
SH003917,O003917,W008,XpressBees,Delivered,2025-09-23,2025-09-25
SH003918,O003918,W004,Delhivery,Delivered,2026-05-23,2026-05-24
SH003919,O003919,W017,India Post,Delayed,2026-07-21,2026-07-24
SH003920,O003920,W009,India Post,In Transit,2026-01-14,2026-01-15
SH003921,O003921,W012,Blue Dart,Delivered,2025-10-04,2025-10-11
SH003922,O003922,W002,XpressBees,In Transit,2025-12-16,2025-12-23
SH003923,O003923,W008,Blue Dart,In Transit,2025-12-06,2025-12-09
SH003924,O003924,W001,Delhivery,In Transit,2026-01-08,2026-01-11
SH003925,O003925,W014,Ekart,Delivered,2026-04-24,2026-04-30
SH003926,O003926,W008,Delhivery,In Transit,2026-05-07,2026-05-12
SH003927,O003927,W007,DTDC,Delivered,2025-12-05,2025-12-10
SH003928,O003928,W007,DTDC,In Transit,2025-08-11,2025-08-17
SH003929,O003929,W014,Delhivery,Delayed,2026-03-07,2026-03-08
SH003930,O003930,W020,Blue Dart,In Transit,2026-02-02,2026-02-07
SH003931,O003931,W005,Ekart,Delivered,2025-11-14,2025-11-16
SH003932,O003932,W010,Delhivery,In Transit,2026-05-12,2026-05-19
SH003933,O003933,W014,Delhivery,Delivered,2025-11-08,2025-11-12
SH003934,O003934,W016,Delhivery,In Transit,2026-04-12,2026-04-19
SH003935,O003935,W019,India Post,In Transit,2026-06-06,2026-06-10
SH003936,O003936,W001,DTDC,Delivered,2025-09-02,2025-09-09
SH003937,O003937,W002,India Post,Delayed,2025-11-03,2025-11-06
SH003938,O003938,W016,India Post,Delivered,2026-02-25,2026-03-01
SH003939,O003939,W009,Delhivery,Delayed,2026-02-27,2026-03-04
SH003940,O003940,W004,Ekart,Delivered,2025-11-19,2025-11-21
SH003941,O003941,W016,Ekart,Delivered,2026-07-14,2026-07-15
SH003942,O003942,W018,DTDC,Delivered,2026-05-29,2026-06-03
SH003943,O003943,W006,XpressBees,Delayed,2025-12-19,2025-12-26
SH003944,O003944,W019,Ekart,Delivered,2026-01-25,2026-01-27
SH003945,O003945,W011,Ekart,Delayed,2026-05-24,2026-05-31
SH003946,O003946,W008,Ekart,Delayed,2025-09-16,2025-09-20
SH003947,O003947,W003,Blue Dart,Delivered,2026-05-30,2026-06-06
SH003948,O003948,W016,DTDC,Delivered,2026-01-23,2026-01-30
SH003949,O003949,W008,DTDC,Delayed,2026-05-30,2026-06-06
SH003950,O003950,W019,DTDC,Delayed,2026-03-18,2026-03-23
SH003951,O003951,W020,Blue Dart,Delayed,2026-07-08,2026-07-11
SH003952,O003952,W006,Ekart,Delayed,2026-05-18,2026-05-19
SH003953,O003953,W017,DTDC,Delivered,2026-03-06,2026-03-07
SH003954,O003954,W006,Blue Dart,In Transit,2026-05-28,2026-05-29
SH003955,O003955,W003,Delhivery,Delayed,2025-09-30,2025-10-05
SH003956,O003956,W002,XpressBees,Delayed,2026-08-04,2026-08-07
SH003957,O003957,W009,India Post,Delivered,2026-05-11,2026-05-13
SH003958,O003958,W016,XpressBees,Delivered,2025-09-14,2025-09-21
SH003959,O003959,W002,Ekart,Delivered,2025-11-29,2025-12-05
SH003960,O003960,W016,XpressBees,Delivered,2026-07-04,2026-07-10
SH003961,O003961,W018,DTDC,In Transit,2025-12-07,2025-12-10
SH003962,O003962,W005,Blue Dart,Delayed,2025-12-09,2025-12-16
SH003963,O003963,W009,Blue Dart,Delayed,2026-05-07,2026-05-09
SH003964,O003964,W003,XpressBees,Delivered,2026-02-23,2026-02-27
SH003965,O003965,W017,Delhivery,Delayed,2026-08-01,2026-08-06
SH003966,O003966,W005,DTDC,Delivered,2026-07-02,2026-07-09
SH003967,O003967,W010,Blue Dart,Delayed,2025-11-18,2025-11-25
SH003968,O003968,W018,Blue Dart,Delivered,2026-03-17,2026-03-18
SH003969,O003969,W004,Ekart,Delayed,2026-03-29,2026-04-05
SH003970,O003970,W004,Blue Dart,Delivered,2026-06-26,2026-07-03
SH003971,O003971,W005,DTDC,In Transit,2025-08-18,2025-08-19
SH003972,O003972,W005,India Post,Delayed,2025-09-19,2025-09-26
SH003973,O003973,W018,India Post,In Transit,2025-08-17,2025-08-20
SH003974,O003974,W019,Blue Dart,In Transit,2025-08-24,2025-08-29
SH003975,O003975,W006,DTDC,In Transit,2026-04-07,2026-04-09
SH003976,O003976,W019,XpressBees,Delivered,2026-05-08,2026-05-15
SH003977,O003977,W007,XpressBees,Delivered,2025-08-22,2025-08-25
SH003978,O003978,W005,XpressBees,In Transit,2026-05-19,2026-05-20
SH003979,O003979,W009,India Post,Delivered,2026-04-27,2026-04-30
SH003980,O003980,W014,Ekart,In Transit,2025-10-17,2025-10-19
SH003981,O003981,W007,Delhivery,Delivered,2026-01-11,2026-01-17
SH003982,O003982,W014,Ekart,Delivered,2025-10-21,2025-10-23
SH003983,O003983,W007,Blue Dart,Delayed,2026-03-27,2026-03-29
SH003984,O003984,W013,XpressBees,Delayed,2025-12-02,2025-12-07
SH003985,O003985,W001,Delhivery,In Transit,2025-09-24,2025-09-29
SH003986,O003986,W013,Delhivery,Delayed,2025-09-12,2025-09-18
SH003987,O003987,W007,Ekart,In Transit,2025-12-24,2025-12-28
SH003988,O003988,W018,Ekart,Delivered,2025-09-15,2025-09-20
SH003989,O003989,W016,DTDC,Delayed,2026-04-14,2026-04-21
SH003990,O003990,W010,Blue Dart,Delayed,2026-01-25,2026-02-01
SH003991,O003991,W003,XpressBees,In Transit,2025-10-13,2025-10-15
SH003992,O003992,W003,DTDC,Delayed,2026-06-22,2026-06-28
SH003993,O003993,W020,Delhivery,In Transit,2025-09-11,2025-09-16
SH003994,O003994,W007,XpressBees,Delivered,2025-11-02,2025-11-04
SH003995,O003995,W001,India Post,Delivered,2026-01-06,2026-01-07
SH003996,O003996,W015,Blue Dart,Delivered,2025-11-11,2025-11-17
SH003997,O003997,W004,DTDC,Delivered,2025-09-06,2025-09-10
SH003998,O003998,W005,India Post,Delivered,2025-10-01,2025-10-03
SH003999,O003999,W006,XpressBees,In Transit,2025-10-07,2025-10-11
SH004000,O004000,W017,XpressBees,Delivered,2025-08-15,2025-08-18
SH004001,O004001,W015,Delhivery,Delivered,2025-12-07,2025-12-08
SH004002,O004002,W011,DTDC,In Transit,2025-10-09,2025-10-15
SH004003,O004003,W018,India Post,In Transit,2026-08-01,2026-08-03
SH004004,O004004,W012,India Post,Delivered,2025-08-12,2025-08-13
SH004005,O004005,W005,XpressBees,Delivered,2026-03-14,2026-03-16
SH004006,O004006,W003,Delhivery,In Transit,2026-05-13,2026-05-17
SH004007,O004007,W016,India Post,Delayed,2026-06-21,2026-06-22
SH004008,O004008,W009,India Post,Delayed,2025-10-26,2025-10-31
SH004009,O004009,W016,Blue Dart,Delayed,2025-09-27,2025-09-28
SH004010,O004010,W002,XpressBees,Delivered,2026-01-31,2026-02-07
SH004011,O004011,W004,India Post,Delayed,2026-05-15,2026-05-21
SH004012,O004012,W020,Ekart,Delayed,2025-11-04,2025-11-09
SH004013,O004013,W012,Blue Dart,Delayed,2026-04-25,2026-04-28
SH004014,O004014,W010,XpressBees,In Transit,2026-03-16,2026-03-21
SH004015,O004015,W002,DTDC,Delayed,2026-03-16,2026-03-18
SH004016,O004016,W012,Delhivery,Delayed,2026-04-20,2026-04-21
SH004017,O004017,W005,India Post,Delayed,2026-04-29,2026-05-04
SH004018,O004018,W015,India Post,Delayed,2026-08-01,2026-08-04
SH004019,O004019,W007,Ekart,Delayed,2026-03-21,2026-03-27
SH004020,O004020,W014,DTDC,In Transit,2026-04-15,2026-04-16
SH004021,O004021,W007,DTDC,Delayed,2025-09-16,2025-09-18
SH004022,O004022,W010,Blue Dart,Delayed,2025-11-20,2025-11-23
SH004023,O004023,W008,Blue Dart,Delayed,2026-01-18,2026-01-21
SH004024,O004024,W010,DTDC,In Transit,2026-08-01,2026-08-03
SH004025,O004025,W003,XpressBees,Delayed,2026-05-08,2026-05-13
SH004026,O004026,W009,Blue Dart,In Transit,2025-09-08,2025-09-09
SH004027,O004027,W011,India Post,In Transit,2026-05-09,2026-05-12
SH004028,O004028,W010,Delhivery,Delayed,2025-09-13,2025-09-15
SH004029,O004029,W009,Delhivery,In Transit,2025-08-10,2025-08-11
SH004030,O004030,W017,XpressBees,Delivered,2026-05-05,2026-05-06
SH004031,O004031,W002,India Post,Delayed,2026-01-10,2026-01-17
SH004032,O004032,W020,Blue Dart,Delivered,2026-08-01,2026-08-08
SH004033,O004033,W004,Blue Dart,Delayed,2025-12-19,2025-12-25
SH004034,O004034,W018,Delhivery,In Transit,2026-02-25,2026-03-02
SH004035,O004035,W020,DTDC,Delayed,2026-08-05,2026-08-06
SH004036,O004036,W009,Blue Dart,Delivered,2026-02-19,2026-02-21
SH004037,O004037,W015,Delhivery,Delivered,2026-04-30,2026-05-04
SH004038,O004038,W019,DTDC,Delivered,2026-01-09,2026-01-15
SH004039,O004039,W001,Delhivery,In Transit,2026-04-08,2026-04-11
SH004040,O004040,W008,Delhivery,In Transit,2025-08-25,2025-09-01
SH004041,O004041,W007,Delhivery,Delivered,2025-11-21,2025-11-25
SH004042,O004042,W001,Ekart,Delivered,2025-09-29,2025-09-30
SH004043,O004043,W004,XpressBees,In Transit,2026-07-22,2026-07-24
SH004044,O004044,W006,Ekart,In Transit,2025-09-04,2025-09-09
SH004045,O004045,W018,XpressBees,Delivered,2026-01-12,2026-01-19
SH004046,O004046,W014,DTDC,Delivered,2025-09-11,2025-09-12
SH004047,O004047,W013,India Post,Delivered,2025-10-25,2025-10-30
SH004048,O004048,W011,India Post,Delivered,2025-08-28,2025-08-30
SH004049,O004049,W013,Ekart,Delayed,2025-10-13,2025-10-17
SH004050,O004050,W010,XpressBees,Delivered,2025-12-16,2025-12-20
SH004051,O004051,W013,India Post,In Transit,2026-02-14,2026-02-19
SH004052,O004052,W015,XpressBees,Delayed,2025-11-30,2025-12-07
SH004053,O004053,W007,XpressBees,In Transit,2025-12-29,2026-01-03
SH004054,O004054,W016,Ekart,In Transit,2026-05-20,2026-05-27
SH004055,O004055,W003,Ekart,Delivered,2025-12-18,2025-12-19
SH004056,O004056,W006,XpressBees,Delayed,2025-11-07,2025-11-12
SH004057,O004057,W016,Blue Dart,Delivered,2026-03-04,2026-03-07
SH004058,O004058,W018,Blue Dart,In Transit,2025-08-28,2025-08-29
SH004059,O004059,W003,DTDC,Delayed,2026-04-21,2026-04-24
SH004060,O004060,W007,XpressBees,In Transit,2026-05-27,2026-05-28
SH004061,O004061,W009,DTDC,Delivered,2025-10-23,2025-10-27
SH004062,O004062,W012,India Post,Delayed,2025-11-27,2025-12-04
SH004063,O004063,W008,Delhivery,Delayed,2026-04-21,2026-04-26
SH004064,O004064,W005,Ekart,In Transit,2026-05-22,2026-05-26
SH004065,O004065,W017,Blue Dart,Delayed,2026-04-25,2026-04-30
SH004066,O004066,W012,Ekart,Delivered,2026-05-23,2026-05-24
SH004067,O004067,W002,XpressBees,In Transit,2025-10-13,2025-10-18
SH004068,O004068,W020,India Post,Delivered,2025-12-16,2025-12-20
SH004069,O004069,W001,DTDC,Delivered,2026-05-13,2026-05-16
SH004070,O004070,W006,DTDC,Delivered,2026-05-15,2026-05-19
SH004071,O004071,W010,Delhivery,Delivered,2026-01-31,2026-02-06
SH004072,O004072,W018,Blue Dart,In Transit,2026-04-30,2026-05-03
SH004073,O004073,W016,DTDC,Delayed,2026-02-26,2026-03-03
SH004074,O004074,W009,Ekart,Delayed,2025-11-30,2025-12-03
SH004075,O004075,W010,Ekart,In Transit,2026-04-03,2026-04-07
SH004076,O004076,W004,Blue Dart,Delivered,2025-10-28,2025-10-31
SH004077,O004077,W016,Ekart,Delivered,2025-12-28,2026-01-01
SH004078,O004078,W001,XpressBees,Delivered,2025-09-14,2025-09-19
SH004079,O004079,W007,Delhivery,Delivered,2025-11-18,2025-11-20
SH004080,O004080,W013,XpressBees,In Transit,2026-01-15,2026-01-20
SH004081,O004081,W018,DTDC,In Transit,2026-06-19,2026-06-23
SH004082,O004082,W010,India Post,Delivered,2026-03-16,2026-03-22
SH004083,O004083,W005,DTDC,In Transit,2026-05-26,2026-05-27
SH004084,O004084,W010,Blue Dart,In Transit,2026-02-18,2026-02-21
SH004085,O004085,W020,Blue Dart,Delivered,2026-04-27,2026-05-04
SH004086,O004086,W007,Ekart,In Transit,2026-06-13,2026-06-16
SH004087,O004087,W011,Blue Dart,In Transit,2025-08-26,2025-08-28
SH004088,O004088,W017,DTDC,Delivered,2025-09-20,2025-09-24
SH004089,O004089,W008,Blue Dart,In Transit,2025-10-07,2025-10-13
SH004090,O004090,W012,India Post,Delayed,2025-10-26,2025-10-29
SH004091,O004091,W005,DTDC,Delivered,2026-05-19,2026-05-22
SH004092,O004092,W004,Delhivery,Delivered,2026-04-26,2026-04-29
SH004093,O004093,W014,India Post,Delivered,2026-06-14,2026-06-21
SH004094,O004094,W018,XpressBees,Delivered,2025-08-23,2025-08-29
SH004095,O004095,W008,XpressBees,Delayed,2025-10-21,2025-10-23
SH004096,O004096,W004,Ekart,Delayed,2025-09-06,2025-09-09
SH004097,O004097,W011,Blue Dart,Delivered,2026-07-07,2026-07-08
SH004098,O004098,W002,India Post,Delivered,2025-12-09,2025-12-16
SH004099,O004099,W004,Blue Dart,In Transit,2026-01-12,2026-01-17
SH004100,O004100,W009,Delhivery,Delivered,2026-03-02,2026-03-09
SH004101,O004101,W019,India Post,Delayed,2025-11-02,2025-11-03
SH004102,O004102,W013,DTDC,Delivered,2026-03-20,2026-03-26
SH004103,O004103,W012,Ekart,In Transit,2025-10-18,2025-10-20
SH004104,O004104,W004,DTDC,Delayed,2025-11-03,2025-11-07
SH004105,O004105,W013,XpressBees,Delivered,2026-03-08,2026-03-12
SH004106,O004106,W010,India Post,Delayed,2025-10-09,2025-10-14
SH004107,O004107,W012,Ekart,In Transit,2025-09-23,2025-09-27
SH004108,O004108,W001,XpressBees,In Transit,2025-11-02,2025-11-06
SH004109,O004109,W015,Blue Dart,Delayed,2025-10-12,2025-10-16
SH004110,O004110,W019,DTDC,Delayed,2026-06-11,2026-06-15
SH004111,O004111,W004,Ekart,Delivered,2026-01-01,2026-01-06
SH004112,O004112,W005,Delhivery,Delayed,2025-08-10,2025-08-15
SH004113,O004113,W007,Blue Dart,Delayed,2025-10-24,2025-10-31
SH004114,O004114,W009,Ekart,Delivered,2026-06-21,2026-06-27
SH004115,O004115,W001,XpressBees,Delayed,2026-07-10,2026-07-13
SH004116,O004116,W007,DTDC,Delivered,2025-11-02,2025-11-06
SH004117,O004117,W005,XpressBees,In Transit,2026-01-27,2026-01-31
SH004118,O004118,W016,Ekart,Delivered,2026-01-26,2026-01-27
SH004119,O004119,W002,Ekart,In Transit,2026-02-20,2026-02-22
SH004120,O004120,W006,Blue Dart,Delayed,2025-09-28,2025-10-04
SH004121,O004121,W015,Delhivery,Delivered,2026-02-08,2026-02-11
SH004122,O004122,W008,XpressBees,In Transit,2026-04-19,2026-04-21
SH004123,O004123,W007,India Post,Delayed,2026-06-20,2026-06-21
SH004124,O004124,W005,Ekart,Delayed,2025-09-07,2025-09-14
SH004125,O004125,W010,India Post,Delayed,2026-03-26,2026-04-01
SH004126,O004126,W016,India Post,Delayed,2025-11-11,2025-11-13
SH004127,O004127,W016,DTDC,Delayed,2026-07-05,2026-07-09
SH004128,O004128,W004,Blue Dart,Delayed,2026-02-08,2026-02-10
SH004129,O004129,W020,XpressBees,Delivered,2026-03-02,2026-03-06
SH004130,O004130,W017,XpressBees,Delivered,2025-08-08,2025-08-13
SH004131,O004131,W008,XpressBees,In Transit,2026-06-13,2026-06-17
SH004132,O004132,W017,Delhivery,Delivered,2026-02-12,2026-02-19
SH004133,O004133,W018,Blue Dart,Delayed,2026-02-22,2026-02-26
SH004134,O004134,W017,DTDC,Delayed,2026-03-08,2026-03-09
SH004135,O004135,W003,Blue Dart,Delivered,2026-03-19,2026-03-24
SH004136,O004136,W009,India Post,Delayed,2025-10-12,2025-10-16
SH004137,O004137,W011,XpressBees,Delayed,2026-01-18,2026-01-21
SH004138,O004138,W017,Ekart,In Transit,2026-06-12,2026-06-13
SH004139,O004139,W003,DTDC,Delayed,2026-05-15,2026-05-17
SH004140,O004140,W016,DTDC,Delivered,2026-07-14,2026-07-19
SH004141,O004141,W014,Delhivery,Delivered,2026-03-22,2026-03-28
SH004142,O004142,W006,India Post,In Transit,2026-01-25,2026-01-27
SH004143,O004143,W006,Ekart,Delivered,2026-07-22,2026-07-23
SH004144,O004144,W017,Delhivery,In Transit,2025-10-24,2025-10-27
SH004145,O004145,W014,India Post,In Transit,2026-03-17,2026-03-21
SH004146,O004146,W008,India Post,In Transit,2026-07-25,2026-07-29
SH004147,O004147,W020,DTDC,In Transit,2026-07-13,2026-07-16
SH004148,O004148,W015,XpressBees,Delivered,2025-10-26,2025-10-27
SH004149,O004149,W001,XpressBees,Delayed,2026-02-06,2026-02-07
SH004150,O004150,W019,Ekart,In Transit,2025-09-07,2025-09-14
SH004151,O004151,W007,India Post,Delayed,2026-07-25,2026-07-29
SH004152,O004152,W018,DTDC,In Transit,2025-09-04,2025-09-09
SH004153,O004153,W002,Delhivery,Delivered,2025-08-15,2025-08-21
SH004154,O004154,W020,Ekart,Delayed,2026-06-19,2026-06-24
SH004155,O004155,W018,XpressBees,In Transit,2025-11-27,2025-12-01
SH004156,O004156,W015,Delhivery,In Transit,2026-05-03,2026-05-10
SH004157,O004157,W001,India Post,Delivered,2025-10-24,2025-10-30
SH004158,O004158,W001,Blue Dart,Delayed,2025-09-14,2025-09-16
SH004159,O004159,W008,Blue Dart,In Transit,2026-07-12,2026-07-17
SH004160,O004160,W011,Delhivery,Delivered,2026-04-22,2026-04-29
SH004161,O004161,W013,India Post,Delayed,2025-12-21,2025-12-27
SH004162,O004162,W002,Blue Dart,Delivered,2026-01-27,2026-02-03
SH004163,O004163,W018,Delhivery,In Transit,2025-08-10,2025-08-16
SH004164,O004164,W016,XpressBees,Delayed,2025-09-25,2025-10-02
SH004165,O004165,W015,DTDC,Delivered,2025-08-10,2025-08-16
SH004166,O004166,W005,Blue Dart,In Transit,2025-12-10,2025-12-14
SH004167,O004167,W005,Ekart,Delivered,2026-03-24,2026-03-31
SH004168,O004168,W017,Blue Dart,Delivered,2026-01-13,2026-01-18
SH004169,O004169,W019,India Post,In Transit,2026-03-29,2026-04-05
SH004170,O004170,W003,XpressBees,Delayed,2026-06-29,2026-07-04
SH004171,O004171,W009,India Post,In Transit,2026-06-18,2026-06-24
SH004172,O004172,W011,India Post,Delivered,2025-12-25,2025-12-28
SH004173,O004173,W005,Blue Dart,Delayed,2026-06-30,2026-07-03
SH004174,O004174,W018,India Post,Delayed,2026-04-08,2026-04-13
SH004175,O004175,W020,XpressBees,Delayed,2026-04-15,2026-04-21
SH004176,O004176,W012,Blue Dart,Delayed,2025-10-17,2025-10-21
SH004177,O004177,W006,Blue Dart,In Transit,2025-11-25,2025-11-28
SH004178,O004178,W013,DTDC,Delayed,2026-03-28,2026-03-29
SH004179,O004179,W017,XpressBees,In Transit,2026-03-22,2026-03-26
SH004180,O004180,W010,Ekart,Delivered,2026-05-15,2026-05-20
SH004181,O004181,W019,Ekart,Delivered,2025-08-24,2025-08-30
SH004182,O004182,W002,Ekart,In Transit,2025-08-13,2025-08-20
SH004183,O004183,W014,Delhivery,In Transit,2026-07-09,2026-07-10
SH004184,O004184,W016,Blue Dart,Delivered,2026-03-13,2026-03-15
SH004185,O004185,W004,Ekart,In Transit,2026-07-05,2026-07-07
SH004186,O004186,W005,Delhivery,In Transit,2025-09-10,2025-09-17
SH004187,O004187,W019,XpressBees,In Transit,2026-05-19,2026-05-20
SH004188,O004188,W004,India Post,Delivered,2026-06-26,2026-07-01
SH004189,O004189,W017,Ekart,Delivered,2026-03-16,2026-03-20
SH004190,O004190,W006,Ekart,Delivered,2026-07-23,2026-07-30
SH004191,O004191,W008,DTDC,Delayed,2026-05-13,2026-05-19
SH004192,O004192,W011,Delhivery,In Transit,2026-07-05,2026-07-09
SH004193,O004193,W006,DTDC,In Transit,2026-04-03,2026-04-06
SH004194,O004194,W003,India Post,Delayed,2026-01-21,2026-01-25
SH004195,O004195,W002,Blue Dart,In Transit,2025-08-08,2025-08-11
SH004196,O004196,W002,Delhivery,In Transit,2025-10-17,2025-10-18
SH004197,O004197,W003,Delhivery,Delayed,2026-07-08,2026-07-14
SH004198,O004198,W006,Blue Dart,In Transit,2025-09-22,2025-09-29
SH004199,O004199,W014,DTDC,Delayed,2026-03-17,2026-03-19
SH004200,O004200,W014,Blue Dart,In Transit,2026-05-20,2026-05-22
SH004201,O004201,W010,Ekart,Delivered,2025-10-26,2025-10-31
SH004202,O004202,W003,Ekart,Delivered,2026-01-14,2026-01-18
SH004203,O004203,W017,India Post,Delayed,2026-07-12,2026-07-18
SH004204,O004204,W016,Delhivery,In Transit,2026-01-26,2026-01-29
SH004205,O004205,W014,Delhivery,In Transit,2026-07-28,2026-08-01
SH004206,O004206,W002,DTDC,In Transit,2026-07-18,2026-07-24
SH004207,O004207,W007,Delhivery,In Transit,2025-11-20,2025-11-24
SH004208,O004208,W014,Blue Dart,Delivered,2026-01-01,2026-01-03
SH004209,O004209,W012,DTDC,Delivered,2026-01-26,2026-02-01
SH004210,O004210,W015,DTDC,Delayed,2025-08-22,2025-08-24
SH004211,O004211,W006,Delhivery,In Transit,2026-06-23,2026-06-30
SH004212,O004212,W005,India Post,Delivered,2025-08-18,2025-08-24
SH004213,O004213,W015,XpressBees,Delayed,2025-09-09,2025-09-10
SH004214,O004214,W020,India Post,In Transit,2026-03-20,2026-03-21
SH004215,O004215,W005,XpressBees,In Transit,2026-05-30,2026-06-01
SH004216,O004216,W019,Blue Dart,Delayed,2026-07-30,2026-08-06
SH004217,O004217,W015,XpressBees,In Transit,2025-09-30,2025-10-07
SH004218,O004218,W005,Ekart,Delayed,2026-05-08,2026-05-09
SH004219,O004219,W011,XpressBees,In Transit,2026-04-01,2026-04-08
SH004220,O004220,W008,Blue Dart,In Transit,2026-05-15,2026-05-18
SH004221,O004221,W010,DTDC,Delivered,2026-04-21,2026-04-23
SH004222,O004222,W002,XpressBees,In Transit,2026-01-24,2026-01-25
SH004223,O004223,W001,Delhivery,In Transit,2026-02-18,2026-02-20
SH004224,O004224,W002,DTDC,In Transit,2025-11-03,2025-11-07
SH004225,O004225,W008,XpressBees,In Transit,2026-05-18,2026-05-25
SH004226,O004226,W003,Ekart,In Transit,2026-06-10,2026-06-13
SH004227,O004227,W020,India Post,Delayed,2025-08-17,2025-08-19
SH004228,O004228,W003,India Post,Delivered,2026-01-07,2026-01-09
SH004229,O004229,W012,Ekart,Delayed,2025-11-07,2025-11-09
SH004230,O004230,W013,Blue Dart,Delivered,2025-09-21,2025-09-27
SH004231,O004231,W018,Delhivery,In Transit,2025-08-30,2025-09-01
SH004232,O004232,W015,Blue Dart,Delivered,2025-12-20,2025-12-25
SH004233,O004233,W005,XpressBees,In Transit,2026-03-13,2026-03-19
SH004234,O004234,W014,DTDC,Delivered,2025-09-06,2025-09-11
SH004235,O004235,W016,India Post,Delivered,2026-02-21,2026-02-27
SH004236,O004236,W017,Blue Dart,Delivered,2025-09-30,2025-10-03
SH004237,O004237,W005,Delhivery,Delayed,2026-07-20,2026-07-23
SH004238,O004238,W013,Blue Dart,Delivered,2025-09-20,2025-09-25
SH004239,O004239,W012,Delhivery,Delivered,2025-11-17,2025-11-19
SH004240,O004240,W014,Blue Dart,Delayed,2025-10-04,2025-10-10
SH004241,O004241,W017,India Post,Delayed,2026-03-19,2026-03-23
SH004242,O004242,W014,Ekart,Delivered,2026-01-26,2026-01-27
SH004243,O004243,W008,Delhivery,In Transit,2026-04-13,2026-04-17
SH004244,O004244,W018,Delhivery,Delivered,2026-06-12,2026-06-17
SH004245,O004245,W012,Ekart,Delivered,2025-10-21,2025-10-24
SH004246,O004246,W002,Ekart,Delivered,2026-07-15,2026-07-16
SH004247,O004247,W002,Blue Dart,Delivered,2026-01-30,2026-02-02
SH004248,O004248,W020,DTDC,In Transit,2026-01-01,2026-01-02
SH004249,O004249,W017,Blue Dart,In Transit,2026-07-07,2026-07-08
SH004250,O004250,W017,Delhivery,In Transit,2025-12-10,2025-12-13
SH004251,O004251,W016,India Post,In Transit,2025-11-28,2025-12-02
SH004252,O004252,W007,Ekart,Delayed,2026-03-18,2026-03-22
SH004253,O004253,W012,Blue Dart,In Transit,2026-07-31,2026-08-04
SH004254,O004254,W017,Delhivery,Delayed,2026-02-27,2026-02-28
SH004255,O004255,W010,DTDC,In Transit,2025-11-21,2025-11-24
SH004256,O004256,W005,XpressBees,Delayed,2025-09-02,2025-09-09
SH004257,O004257,W003,XpressBees,Delivered,2026-03-06,2026-03-10
SH004258,O004258,W015,Delhivery,In Transit,2025-08-30,2025-09-02
SH004259,O004259,W016,India Post,Delayed,2026-03-04,2026-03-08
SH004260,O004260,W008,India Post,Delayed,2026-07-26,2026-07-29
SH004261,O004261,W012,Delhivery,Delivered,2026-05-15,2026-05-16
SH004262,O004262,W014,Blue Dart,Delivered,2026-07-20,2026-07-22
SH004263,O004263,W001,Blue Dart,Delivered,2025-10-04,2025-10-11
SH004264,O004264,W009,Delhivery,Delayed,2026-04-20,2026-04-23
SH004265,O004265,W004,Delhivery,In Transit,2026-04-30,2026-05-01
SH004266,O004266,W008,Ekart,In Transit,2025-12-03,2025-12-07
SH004267,O004267,W019,XpressBees,Delivered,2025-08-10,2025-08-16
SH004268,O004268,W018,Delhivery,In Transit,2025-10-10,2025-10-17
SH004269,O004269,W007,Delhivery,Delivered,2025-12-30,2026-01-04
SH004270,O004270,W014,Delhivery,Delayed,2026-03-29,2026-03-31
SH004271,O004271,W020,XpressBees,Delayed,2026-06-04,2026-06-07
SH004272,O004272,W003,Delhivery,In Transit,2026-03-11,2026-03-15
SH004273,O004273,W006,India Post,Delivered,2026-04-21,2026-04-24
SH004274,O004274,W006,XpressBees,Delayed,2026-06-18,2026-06-19
SH004275,O004275,W010,XpressBees,Delayed,2026-04-03,2026-04-04
SH004276,O004276,W018,Delhivery,Delayed,2026-01-23,2026-01-26
SH004277,O004277,W007,India Post,Delivered,2025-08-19,2025-08-21
SH004278,O004278,W005,Blue Dart,In Transit,2026-04-18,2026-04-21
SH004279,O004279,W003,XpressBees,In Transit,2026-03-12,2026-03-14
SH004280,O004280,W007,India Post,Delivered,2026-05-03,2026-05-09
SH004281,O004281,W016,XpressBees,Delayed,2025-09-28,2025-09-30
SH004282,O004282,W009,India Post,Delayed,2026-07-29,2026-08-01
SH004283,O004283,W018,Blue Dart,Delayed,2026-03-11,2026-03-12
SH004284,O004284,W003,India Post,In Transit,2026-03-23,2026-03-25
SH004285,O004285,W008,DTDC,In Transit,2026-03-02,2026-03-07
SH004286,O004286,W018,Ekart,In Transit,2026-03-18,2026-03-21
SH004287,O004287,W003,DTDC,Delivered,2026-06-26,2026-06-27
SH004288,O004288,W010,India Post,Delivered,2026-06-08,2026-06-09
SH004289,O004289,W016,Delhivery,Delivered,2026-05-31,2026-06-01
SH004290,O004290,W001,Blue Dart,Delivered,2026-06-16,2026-06-21
SH004291,O004291,W003,Ekart,Delayed,2025-08-26,2025-08-29
SH004292,O004292,W014,India Post,Delivered,2026-02-27,2026-03-04
SH004293,O004293,W010,XpressBees,Delivered,2025-08-06,2025-08-08
SH004294,O004294,W015,Ekart,In Transit,2026-01-24,2026-01-31
SH004295,O004295,W013,Ekart,In Transit,2026-06-01,2026-06-08
SH004296,O004296,W011,Ekart,Delayed,2026-08-05,2026-08-06
SH004297,O004297,W012,DTDC,Delivered,2026-08-02,2026-08-07
SH004298,O004298,W006,Ekart,Delayed,2026-05-24,2026-05-28
SH004299,O004299,W008,India Post,In Transit,2025-11-04,2025-11-10
SH004300,O004300,W004,XpressBees,Delayed,2025-08-27,2025-08-28
SH004301,O004301,W008,XpressBees,Delivered,2026-03-19,2026-03-25
SH004302,O004302,W017,India Post,In Transit,2025-09-15,2025-09-19
SH004303,O004303,W005,India Post,Delivered,2025-09-24,2025-10-01
SH004304,O004304,W007,Blue Dart,Delivered,2026-03-16,2026-03-17
SH004305,O004305,W019,Blue Dart,In Transit,2026-04-24,2026-04-25
SH004306,O004306,W010,XpressBees,In Transit,2025-10-19,2025-10-26
SH004307,O004307,W016,Blue Dart,Delayed,2026-05-26,2026-06-01
SH004308,O004308,W007,XpressBees,Delivered,2026-02-22,2026-02-25
SH004309,O004309,W005,DTDC,Delayed,2025-09-22,2025-09-24
SH004310,O004310,W005,Delhivery,Delayed,2025-08-14,2025-08-18
SH004311,O004311,W007,XpressBees,Delivered,2026-05-07,2026-05-13
SH004312,O004312,W017,Delhivery,Delivered,2025-11-11,2025-11-18
SH004313,O004313,W010,XpressBees,Delivered,2025-12-11,2025-12-17
SH004314,O004314,W015,XpressBees,In Transit,2025-08-20,2025-08-23
SH004315,O004315,W003,Delhivery,Delivered,2026-06-18,2026-06-21
SH004316,O004316,W011,Delhivery,Delivered,2026-07-11,2026-07-16
SH004317,O004317,W012,XpressBees,Delivered,2025-11-10,2025-11-12
SH004318,O004318,W004,Blue Dart,Delivered,2026-06-21,2026-06-25
SH004319,O004319,W007,Ekart,Delivered,2025-10-27,2025-10-29
SH004320,O004320,W012,Delhivery,In Transit,2026-04-05,2026-04-08
SH004321,O004321,W016,India Post,In Transit,2026-08-01,2026-08-02
SH004322,O004322,W017,DTDC,In Transit,2025-11-28,2025-12-02
SH004323,O004323,W004,Delhivery,Delayed,2026-04-01,2026-04-03
SH004324,O004324,W010,Delhivery,Delivered,2026-05-29,2026-06-05
SH004325,O004325,W017,XpressBees,Delivered,2026-06-07,2026-06-11
SH004326,O004326,W019,Ekart,Delayed,2025-10-10,2025-10-15
SH004327,O004327,W018,XpressBees,Delivered,2026-05-07,2026-05-09
SH004328,O004328,W002,XpressBees,Delayed,2026-02-26,2026-03-05
SH004329,O004329,W017,Delhivery,Delivered,2026-08-02,2026-08-06
SH004330,O004330,W012,India Post,Delivered,2025-12-05,2025-12-10
SH004331,O004331,W018,Ekart,Delayed,2026-03-14,2026-03-16
SH004332,O004332,W017,Ekart,In Transit,2025-10-19,2025-10-21
SH004333,O004333,W018,Blue Dart,Delivered,2025-08-16,2025-08-21
SH004334,O004334,W013,Delhivery,Delivered,2026-06-07,2026-06-14
SH004335,O004335,W001,DTDC,Delayed,2025-12-15,2025-12-22
SH004336,O004336,W015,Blue Dart,Delivered,2026-04-21,2026-04-26
SH004337,O004337,W011,XpressBees,In Transit,2025-08-08,2025-08-11
SH004338,O004338,W010,Ekart,Delayed,2025-09-07,2025-09-11
SH004339,O004339,W003,Delhivery,Delivered,2026-01-08,2026-01-13
SH004340,O004340,W014,Ekart,In Transit,2025-12-11,2025-12-16
SH004341,O004341,W001,Delhivery,In Transit,2026-01-03,2026-01-09
SH004342,O004342,W019,DTDC,Delivered,2026-02-26,2026-02-28
SH004343,O004343,W018,Blue Dart,Delayed,2026-06-04,2026-06-11
SH004344,O004344,W006,XpressBees,Delayed,2026-08-02,2026-08-05
SH004345,O004345,W018,Blue Dart,In Transit,2026-06-14,2026-06-16
SH004346,O004346,W007,India Post,Delayed,2026-06-11,2026-06-12
SH004347,O004347,W016,Blue Dart,In Transit,2026-04-21,2026-04-22
SH004348,O004348,W017,Ekart,Delivered,2026-04-04,2026-04-07
SH004349,O004349,W001,Ekart,Delayed,2026-03-24,2026-03-25
SH004350,O004350,W010,DTDC,Delayed,2025-11-30,2025-12-02
SH004351,O004351,W011,Ekart,Delivered,2026-02-14,2026-02-15
SH004352,O004352,W014,Blue Dart,In Transit,2026-02-26,2026-03-03
SH004353,O004353,W019,Ekart,In Transit,2025-12-07,2025-12-09
SH004354,O004354,W008,India Post,Delayed,2026-05-16,2026-05-20
SH004355,O004355,W017,India Post,Delivered,2026-02-04,2026-02-05
SH004356,O004356,W019,Blue Dart,Delayed,2025-11-27,2025-12-04
SH004357,O004357,W013,XpressBees,In Transit,2025-10-01,2025-10-08
SH004358,O004358,W019,Ekart,Delivered,2026-04-29,2026-05-06
SH004359,O004359,W017,Blue Dart,Delivered,2026-04-23,2026-04-29
SH004360,O004360,W020,XpressBees,Delivered,2026-03-22,2026-03-23
SH004361,O004361,W019,XpressBees,Delivered,2025-12-25,2025-12-26
SH004362,O004362,W020,DTDC,Delayed,2026-03-27,2026-04-02
SH004363,O004363,W001,India Post,In Transit,2025-12-13,2025-12-16
SH004364,O004364,W006,India Post,Delivered,2025-09-18,2025-09-24
SH004365,O004365,W005,India Post,In Transit,2026-01-18,2026-01-24
SH004366,O004366,W004,Delhivery,Delayed,2026-02-23,2026-02-26
SH004367,O004367,W014,DTDC,Delayed,2026-07-09,2026-07-15
SH004368,O004368,W019,Ekart,In Transit,2025-09-26,2025-09-30
SH004369,O004369,W013,Ekart,Delivered,2026-01-20,2026-01-22
SH004370,O004370,W010,DTDC,Delivered,2025-12-20,2025-12-24
SH004371,O004371,W016,India Post,In Transit,2026-05-20,2026-05-26
SH004372,O004372,W018,XpressBees,Delayed,2025-12-26,2026-01-01
SH004373,O004373,W008,Ekart,In Transit,2026-06-20,2026-06-26
SH004374,O004374,W002,India Post,Delivered,2026-08-02,2026-08-03
SH004375,O004375,W019,Blue Dart,Delivered,2025-12-21,2025-12-25
SH004376,O004376,W015,Delhivery,Delivered,2026-02-02,2026-02-05
SH004377,O004377,W018,Blue Dart,Delivered,2026-06-20,2026-06-22
SH004378,O004378,W010,Delhivery,Delivered,2026-03-31,2026-04-01
SH004379,O004379,W015,India Post,In Transit,2026-07-20,2026-07-25
SH004380,O004380,W013,Delhivery,Delivered,2025-09-04,2025-09-06
SH004381,O004381,W008,DTDC,In Transit,2026-07-13,2026-07-20
SH004382,O004382,W004,Blue Dart,Delivered,2026-05-01,2026-05-02
SH004383,O004383,W001,Delhivery,Delayed,2026-04-04,2026-04-10
SH004384,O004384,W015,India Post,Delayed,2025-12-15,2025-12-22
SH004385,O004385,W014,XpressBees,In Transit,2025-11-22,2025-11-27
SH004386,O004386,W019,DTDC,Delayed,2026-01-01,2026-01-05
SH004387,O004387,W009,DTDC,Delivered,2026-04-28,2026-05-02
SH004388,O004388,W013,Blue Dart,Delivered,2026-07-29,2026-07-31
SH004389,O004389,W019,Blue Dart,Delivered,2025-11-24,2025-12-01
SH004390,O004390,W010,DTDC,In Transit,2026-07-22,2026-07-26
SH004391,O004391,W004,Delhivery,In Transit,2026-07-02,2026-07-09
SH004392,O004392,W005,Blue Dart,In Transit,2026-02-01,2026-02-07
SH004393,O004393,W004,Ekart,In Transit,2025-10-28,2025-11-03
SH004394,O004394,W004,Blue Dart,In Transit,2025-11-19,2025-11-24
SH004395,O004395,W001,Blue Dart,In Transit,2025-10-25,2025-10-31
SH004396,O004396,W012,India Post,Delayed,2026-01-03,2026-01-07
SH004397,O004397,W006,XpressBees,In Transit,2025-10-18,2025-10-25
SH004398,O004398,W020,Delhivery,In Transit,2025-08-24,2025-08-29
SH004399,O004399,W011,Delhivery,In Transit,2026-03-18,2026-03-22
SH004400,O004400,W018,XpressBees,In Transit,2026-03-18,2026-03-23
SH004401,O004401,W015,Blue Dart,Delivered,2026-03-07,2026-03-13
SH004402,O004402,W015,DTDC,Delayed,2026-07-30,2026-08-06
SH004403,O004403,W016,Delhivery,Delivered,2025-11-04,2025-11-07
SH004404,O004404,W010,Delhivery,In Transit,2026-06-28,2026-06-30
SH004405,O004405,W019,XpressBees,In Transit,2025-09-06,2025-09-07
SH004406,O004406,W018,India Post,In Transit,2025-09-02,2025-09-04
SH004407,O004407,W020,Ekart,Delayed,2025-09-16,2025-09-23
SH004408,O004408,W002,XpressBees,Delayed,2026-06-07,2026-06-12
SH004409,O004409,W009,Delhivery,Delayed,2026-07-11,2026-07-15
SH004410,O004410,W003,XpressBees,Delayed,2026-05-29,2026-06-04
SH004411,O004411,W010,Blue Dart,Delivered,2025-08-29,2025-08-31
SH004412,O004412,W005,Blue Dart,Delayed,2025-10-17,2025-10-23
SH004413,O004413,W002,India Post,In Transit,2026-01-26,2026-02-01
SH004414,O004414,W020,DTDC,Delivered,2026-07-21,2026-07-27
SH004415,O004415,W015,XpressBees,In Transit,2026-02-02,2026-02-07
SH004416,O004416,W017,Ekart,Delivered,2026-02-17,2026-02-24
SH004417,O004417,W016,Delhivery,In Transit,2026-03-24,2026-03-30
SH004418,O004418,W001,Delhivery,Delivered,2025-10-04,2025-10-11
SH004419,O004419,W020,Delhivery,In Transit,2025-10-05,2025-10-12
SH004420,O004420,W011,Delhivery,Delivered,2025-11-25,2025-11-28
SH004421,O004421,W019,XpressBees,Delivered,2026-03-08,2026-03-09
SH004422,O004422,W003,Blue Dart,Delayed,2025-08-30,2025-09-04
SH004423,O004423,W017,DTDC,In Transit,2025-09-06,2025-09-08
SH004424,O004424,W003,DTDC,In Transit,2026-01-25,2026-01-29
SH004425,O004425,W005,Blue Dart,Delayed,2026-05-01,2026-05-02
SH004426,O004426,W016,DTDC,Delayed,2026-02-27,2026-02-28
SH004427,O004427,W018,India Post,Delayed,2026-01-07,2026-01-10
SH004428,O004428,W017,XpressBees,Delivered,2026-07-03,2026-07-04
SH004429,O004429,W002,Blue Dart,In Transit,2025-12-14,2025-12-16
SH004430,O004430,W002,Ekart,Delayed,2026-04-18,2026-04-21
SH004431,O004431,W009,Delhivery,Delayed,2026-06-22,2026-06-27
SH004432,O004432,W006,XpressBees,In Transit,2026-06-04,2026-06-10
SH004433,O004433,W016,DTDC,In Transit,2025-11-08,2025-11-10
SH004434,O004434,W020,Delhivery,In Transit,2026-02-04,2026-02-09
SH004435,O004435,W004,XpressBees,Delayed,2025-11-27,2025-12-01
SH004436,O004436,W007,XpressBees,Delayed,2026-07-05,2026-07-09
SH004437,O004437,W015,Delhivery,In Transit,2026-02-24,2026-02-27
SH004438,O004438,W017,Ekart,Delivered,2026-07-24,2026-07-26
SH004439,O004439,W004,Blue Dart,In Transit,2026-02-09,2026-02-11
SH004440,O004440,W013,XpressBees,Delivered,2026-06-23,2026-06-26
SH004441,O004441,W019,Blue Dart,Delivered,2025-11-06,2025-11-12
SH004442,O004442,W016,XpressBees,In Transit,2025-10-27,2025-10-30
SH004443,O004443,W011,DTDC,Delayed,2026-02-26,2026-02-27
SH004444,O004444,W006,Ekart,Delayed,2026-06-26,2026-07-02
SH004445,O004445,W006,Ekart,Delayed,2026-01-08,2026-01-13
SH004446,O004446,W019,XpressBees,Delayed,2025-09-14,2025-09-17
SH004447,O004447,W010,India Post,Delayed,2025-12-28,2026-01-03
SH004448,O004448,W006,Ekart,Delayed,2025-08-21,2025-08-25
SH004449,O004449,W012,Delhivery,Delayed,2026-04-24,2026-04-28
SH004450,O004450,W005,DTDC,In Transit,2025-12-15,2025-12-16
SH004451,O004451,W013,Delhivery,In Transit,2026-02-17,2026-02-18
SH004452,O004452,W009,Blue Dart,Delayed,2026-07-19,2026-07-21
SH004453,O004453,W009,DTDC,Delayed,2025-10-02,2025-10-05
SH004454,O004454,W005,DTDC,Delayed,2026-05-24,2026-05-30
SH004455,O004455,W019,XpressBees,Delayed,2026-08-04,2026-08-05
SH004456,O004456,W012,DTDC,Delivered,2025-11-26,2025-12-03
SH004457,O004457,W006,Ekart,In Transit,2026-06-12,2026-06-14
SH004458,O004458,W011,Delhivery,In Transit,2025-08-25,2025-08-29
SH004459,O004459,W002,DTDC,Delivered,2026-04-15,2026-04-22
SH004460,O004460,W002,Delhivery,Delivered,2026-01-20,2026-01-21
SH004461,O004461,W019,Delhivery,In Transit,2026-05-15,2026-05-21
SH004462,O004462,W018,India Post,Delayed,2026-01-23,2026-01-28
SH004463,O004463,W006,Delhivery,In Transit,2026-05-08,2026-05-09
SH004464,O004464,W019,DTDC,Delayed,2026-07-11,2026-07-15
SH004465,O004465,W004,Delhivery,In Transit,2026-03-26,2026-03-29
SH004466,O004466,W003,Ekart,Delivered,2026-04-13,2026-04-14
SH004467,O004467,W005,Ekart,In Transit,2025-10-28,2025-10-30
SH004468,O004468,W013,Delhivery,Delivered,2025-12-07,2025-12-13
SH004469,O004469,W004,DTDC,Delivered,2026-05-17,2026-05-23
SH004470,O004470,W014,DTDC,Delayed,2025-09-07,2025-09-11
SH004471,O004471,W015,XpressBees,Delivered,2025-10-10,2025-10-12
SH004472,O004472,W017,Blue Dart,Delivered,2026-07-28,2026-07-30
SH004473,O004473,W020,DTDC,Delivered,2026-04-08,2026-04-09
SH004474,O004474,W013,DTDC,Delivered,2025-09-06,2025-09-08
SH004475,O004475,W005,XpressBees,Delivered,2026-05-06,2026-05-10
SH004476,O004476,W002,Delhivery,In Transit,2026-06-26,2026-07-01
SH004477,O004477,W019,XpressBees,Delayed,2025-10-09,2025-10-12
SH004478,O004478,W012,Delhivery,Delivered,2025-11-30,2025-12-05
SH004479,O004479,W010,Ekart,Delivered,2026-04-15,2026-04-21
SH004480,O004480,W008,India Post,Delivered,2025-11-20,2025-11-27
SH004481,O004481,W008,India Post,In Transit,2026-06-20,2026-06-25
SH004482,O004482,W001,India Post,In Transit,2026-03-06,2026-03-11
SH004483,O004483,W013,India Post,Delivered,2026-05-24,2026-05-31
SH004484,O004484,W017,XpressBees,In Transit,2026-06-19,2026-06-20
SH004485,O004485,W002,Blue Dart,In Transit,2025-10-10,2025-10-17
SH004486,O004486,W003,Ekart,Delivered,2026-01-26,2026-01-30
SH004487,O004487,W005,India Post,In Transit,2025-08-10,2025-08-15
SH004488,O004488,W014,Blue Dart,Delayed,2026-05-15,2026-05-19
SH004489,O004489,W016,Delhivery,Delayed,2026-01-12,2026-01-17
SH004490,O004490,W013,Delhivery,In Transit,2026-06-18,2026-06-20
SH004491,O004491,W016,DTDC,Delivered,2026-07-26,2026-07-31
SH004492,O004492,W020,DTDC,In Transit,2026-05-07,2026-05-11
SH004493,O004493,W019,India Post,Delayed,2026-06-20,2026-06-21
SH004494,O004494,W015,India Post,Delivered,2026-05-21,2026-05-22
SH004495,O004495,W015,DTDC,Delayed,2026-06-09,2026-06-10
SH004496,O004496,W016,DTDC,Delayed,2026-03-15,2026-03-18
SH004497,O004497,W018,Delhivery,Delivered,2026-05-25,2026-05-31
SH004498,O004498,W018,DTDC,Delayed,2026-07-22,2026-07-25
SH004499,O004499,W016,DTDC,In Transit,2026-07-19,2026-07-23
SH004500,O004500,W014,India Post,In Transit,2025-09-27,2025-10-03
SH004501,O004501,W020,Ekart,Delayed,2026-01-16,2026-01-20
SH004502,O004502,W008,Blue Dart,In Transit,2026-03-21,2026-03-26
SH004503,O004503,W013,DTDC,In Transit,2026-05-28,2026-05-30
SH004504,O004504,W014,XpressBees,Delivered,2025-10-18,2025-10-24
SH004505,O004505,W019,India Post,In Transit,2025-09-18,2025-09-20
SH004506,O004506,W014,DTDC,Delivered,2026-02-28,2026-03-03
SH004507,O004507,W008,Blue Dart,Delivered,2026-03-04,2026-03-08
SH004508,O004508,W019,DTDC,In Transit,2026-03-05,2026-03-06
SH004509,O004509,W013,India Post,In Transit,2025-09-12,2025-09-14
SH004510,O004510,W016,Delhivery,In Transit,2025-12-11,2025-12-17
SH004511,O004511,W009,Delhivery,In Transit,2026-07-07,2026-07-10
SH004512,O004512,W009,Blue Dart,Delivered,2026-01-01,2026-01-03
SH004513,O004513,W009,DTDC,Delayed,2026-07-30,2026-08-02
SH004514,O004514,W014,Blue Dart,Delayed,2026-02-07,2026-02-08
SH004515,O004515,W019,Blue Dart,In Transit,2026-04-14,2026-04-20
SH004516,O004516,W011,XpressBees,Delayed,2026-05-28,2026-05-30
SH004517,O004517,W015,India Post,In Transit,2025-08-24,2025-08-26
SH004518,O004518,W009,Ekart,In Transit,2026-03-23,2026-03-25
SH004519,O004519,W017,XpressBees,Delivered,2025-09-29,2025-09-30
SH004520,O004520,W018,XpressBees,In Transit,2025-11-16,2025-11-19
SH004521,O004521,W005,Delhivery,In Transit,2026-01-17,2026-01-24
SH004522,O004522,W012,Delhivery,In Transit,2025-08-22,2025-08-29
SH004523,O004523,W006,DTDC,In Transit,2026-02-09,2026-02-11
SH004524,O004524,W019,Ekart,In Transit,2025-09-04,2025-09-05
SH004525,O004525,W002,Ekart,In Transit,2026-06-16,2026-06-17
SH004526,O004526,W001,Delhivery,In Transit,2025-12-11,2025-12-17
SH004527,O004527,W008,DTDC,Delivered,2026-05-27,2026-05-30
SH004528,O004528,W012,India Post,Delayed,2026-07-08,2026-07-10
SH004529,O004529,W002,Blue Dart,Delayed,2026-05-18,2026-05-24
SH004530,O004530,W005,XpressBees,Delivered,2026-05-22,2026-05-27
SH004531,O004531,W014,XpressBees,In Transit,2026-06-21,2026-06-24
SH004532,O004532,W020,India Post,Delivered,2025-08-17,2025-08-24
SH004533,O004533,W001,XpressBees,In Transit,2026-04-18,2026-04-24
SH004534,O004534,W018,Blue Dart,Delivered,2026-01-23,2026-01-28
SH004535,O004535,W020,XpressBees,In Transit,2026-07-15,2026-07-18
SH004536,O004536,W016,India Post,Delayed,2026-07-26,2026-08-02
SH004537,O004537,W012,Ekart,Delayed,2025-12-27,2025-12-28
SH004538,O004538,W002,XpressBees,In Transit,2026-07-02,2026-07-08
SH004539,O004539,W016,India Post,Delivered,2026-08-01,2026-08-06
SH004540,O004540,W020,Blue Dart,Delivered,2025-10-06,2025-10-10
SH004541,O004541,W002,Ekart,Delivered,2026-02-16,2026-02-17
SH004542,O004542,W005,Blue Dart,Delivered,2026-03-20,2026-03-25
SH004543,O004543,W014,Ekart,Delivered,2026-05-07,2026-05-09
SH004544,O004544,W015,Blue Dart,Delayed,2025-11-21,2025-11-28
SH004545,O004545,W012,DTDC,Delivered,2025-09-28,2025-09-29
SH004546,O004546,W001,Delhivery,Delivered,2025-11-12,2025-11-14
SH004547,O004547,W016,Delhivery,In Transit,2025-12-18,2025-12-22
SH004548,O004548,W014,India Post,In Transit,2025-11-26,2025-11-27
SH004549,O004549,W011,Blue Dart,Delayed,2026-02-18,2026-02-25
SH004550,O004550,W004,Delhivery,In Transit,2025-09-09,2025-09-10
SH004551,O004551,W009,DTDC,In Transit,2026-01-24,2026-01-25
SH004552,O004552,W011,Delhivery,Delivered,2026-03-08,2026-03-10
SH004553,O004553,W003,DTDC,In Transit,2025-12-17,2025-12-22
SH004554,O004554,W015,DTDC,In Transit,2025-08-14,2025-08-18
SH004555,O004555,W010,XpressBees,Delayed,2026-04-25,2026-04-27
SH004556,O004556,W014,Blue Dart,In Transit,2025-08-07,2025-08-09
SH004557,O004557,W004,XpressBees,In Transit,2026-05-13,2026-05-19
SH004558,O004558,W010,DTDC,Delayed,2025-09-20,2025-09-23
SH004559,O004559,W003,Delhivery,Delayed,2026-04-28,2026-05-03
SH004560,O004560,W014,Ekart,In Transit,2026-06-03,2026-06-08
SH004561,O004561,W019,Delhivery,In Transit,2026-07-28,2026-08-04
SH004562,O004562,W012,XpressBees,Delivered,2025-08-07,2025-08-11
SH004563,O004563,W008,India Post,Delivered,2026-02-28,2026-03-07
SH004564,O004564,W003,India Post,Delayed,2026-02-22,2026-02-23
SH004565,O004565,W003,Delhivery,Delivered,2025-08-07,2025-08-13
SH004566,O004566,W001,Delhivery,Delayed,2026-02-16,2026-02-23
SH004567,O004567,W006,Delhivery,Delivered,2026-05-02,2026-05-04
SH004568,O004568,W012,Delhivery,In Transit,2025-10-13,2025-10-14
SH004569,O004569,W019,India Post,In Transit,2025-10-22,2025-10-29
SH004570,O004570,W020,XpressBees,Delivered,2025-11-02,2025-11-09
SH004571,O004571,W004,Delhivery,In Transit,2025-08-20,2025-08-21
SH004572,O004572,W009,Ekart,Delayed,2026-02-23,2026-03-01
SH004573,O004573,W013,Delhivery,Delayed,2025-10-07,2025-10-08
SH004574,O004574,W007,Ekart,In Transit,2025-10-28,2025-11-04
SH004575,O004575,W010,Blue Dart,Delivered,2026-04-27,2026-05-01
SH004576,O004576,W008,Ekart,Delayed,2026-06-22,2026-06-23
SH004577,O004577,W020,Ekart,Delivered,2026-07-16,2026-07-22
SH004578,O004578,W006,Ekart,In Transit,2026-07-30,2026-08-04
SH004579,O004579,W014,DTDC,Delayed,2026-07-23,2026-07-25
SH004580,O004580,W018,Ekart,Delivered,2025-10-10,2025-10-15
SH004581,O004581,W016,Delhivery,Delayed,2026-01-10,2026-01-15
SH004582,O004582,W012,Blue Dart,Delayed,2026-06-28,2026-06-29
SH004583,O004583,W011,Blue Dart,Delayed,2025-08-19,2025-08-22
SH004584,O004584,W010,DTDC,In Transit,2026-07-09,2026-07-12
SH004585,O004585,W006,XpressBees,In Transit,2026-07-26,2026-07-27
SH004586,O004586,W003,Blue Dart,In Transit,2026-08-03,2026-08-06
SH004587,O004587,W015,DTDC,Delayed,2025-11-04,2025-11-11
SH004588,O004588,W004,Ekart,Delivered,2026-01-03,2026-01-08
SH004589,O004589,W009,DTDC,In Transit,2025-09-01,2025-09-05
SH004590,O004590,W010,XpressBees,Delayed,2026-04-24,2026-04-27
SH004591,O004591,W005,Ekart,Delayed,2026-08-01,2026-08-03
SH004592,O004592,W011,Ekart,Delayed,2026-02-17,2026-02-22
SH004593,O004593,W009,XpressBees,In Transit,2025-08-18,2025-08-19
SH004594,O004594,W012,XpressBees,Delivered,2025-09-12,2025-09-17
SH004595,O004595,W009,DTDC,In Transit,2026-06-27,2026-07-02
SH004596,O004596,W005,Delhivery,Delayed,2025-09-04,2025-09-07
SH004597,O004597,W001,Blue Dart,Delivered,2025-11-29,2025-11-30
SH004598,O004598,W009,Blue Dart,In Transit,2026-05-28,2026-06-01
SH004599,O004599,W006,India Post,Delivered,2026-03-31,2026-04-04
SH004600,O004600,W001,India Post,In Transit,2026-07-01,2026-07-02
SH004601,O004601,W011,Ekart,In Transit,2025-08-09,2025-08-14
SH004602,O004602,W003,Blue Dart,Delayed,2026-07-22,2026-07-23
SH004603,O004603,W010,DTDC,Delayed,2026-02-19,2026-02-24
SH004604,O004604,W004,XpressBees,Delivered,2026-05-22,2026-05-26
SH004605,O004605,W013,Ekart,Delayed,2026-05-07,2026-05-09
SH004606,O004606,W005,Ekart,In Transit,2025-08-30,2025-09-01
SH004607,O004607,W010,XpressBees,Delayed,2026-05-08,2026-05-15
SH004608,O004608,W014,Delhivery,Delayed,2025-11-14,2025-11-15
SH004609,O004609,W009,DTDC,Delivered,2026-04-04,2026-04-11
SH004610,O004610,W013,XpressBees,Delayed,2026-05-16,2026-05-18
SH004611,O004611,W006,XpressBees,Delayed,2026-03-31,2026-04-06
SH004612,O004612,W017,Delhivery,Delayed,2025-08-24,2025-08-31
SH004613,O004613,W014,Blue Dart,In Transit,2026-04-14,2026-04-18
SH004614,O004614,W015,Blue Dart,Delayed,2026-04-23,2026-04-25
SH004615,O004615,W020,Blue Dart,Delayed,2026-07-07,2026-07-14
SH004616,O004616,W011,Delhivery,In Transit,2026-07-13,2026-07-18
SH004617,O004617,W018,Ekart,Delayed,2025-12-22,2025-12-28
SH004618,O004618,W001,Blue Dart,In Transit,2026-02-01,2026-02-06
SH004619,O004619,W001,Delhivery,In Transit,2026-07-10,2026-07-17
SH004620,O004620,W007,India Post,Delivered,2025-11-12,2025-11-16
SH004621,O004621,W001,XpressBees,Delayed,2025-08-23,2025-08-26
SH004622,O004622,W010,Delhivery,In Transit,2026-05-02,2026-05-03
SH004623,O004623,W018,Delhivery,Delivered,2025-08-23,2025-08-25
SH004624,O004624,W003,Delhivery,Delayed,2026-03-06,2026-03-12
SH004625,O004625,W010,DTDC,Delayed,2025-09-11,2025-09-17
SH004626,O004626,W013,Blue Dart,In Transit,2026-03-31,2026-04-06
SH004627,O004627,W001,India Post,In Transit,2026-06-14,2026-06-20
SH004628,O004628,W016,Ekart,Delayed,2026-04-16,2026-04-23
SH004629,O004629,W002,DTDC,In Transit,2025-12-23,2025-12-25
SH004630,O004630,W011,Ekart,Delivered,2025-12-01,2025-12-03
SH004631,O004631,W001,XpressBees,Delayed,2025-10-10,2025-10-16
SH004632,O004632,W007,India Post,Delayed,2025-09-16,2025-09-18
SH004633,O004633,W006,Ekart,In Transit,2026-05-09,2026-05-11
SH004634,O004634,W014,Delhivery,In Transit,2026-04-19,2026-04-25
SH004635,O004635,W020,DTDC,Delivered,2026-03-28,2026-04-01
SH004636,O004636,W007,Blue Dart,Delivered,2026-01-21,2026-01-27
SH004637,O004637,W015,Blue Dart,In Transit,2026-04-11,2026-04-15
SH004638,O004638,W001,DTDC,Delivered,2026-06-01,2026-06-07
SH004639,O004639,W017,DTDC,Delivered,2026-07-09,2026-07-16
SH004640,O004640,W015,DTDC,Delivered,2026-07-20,2026-07-24
SH004641,O004641,W014,Blue Dart,Delivered,2026-06-27,2026-07-02
SH004642,O004642,W001,Blue Dart,Delayed,2026-06-27,2026-07-01
SH004643,O004643,W006,DTDC,Delivered,2026-02-06,2026-02-10
SH004644,O004644,W015,Ekart,Delayed,2026-03-28,2026-04-02
SH004645,O004645,W003,India Post,Delayed,2026-01-10,2026-01-17
SH004646,O004646,W008,Delhivery,Delivered,2026-05-03,2026-05-08
SH004647,O004647,W004,Delhivery,Delayed,2025-08-10,2025-08-12
SH004648,O004648,W014,XpressBees,Delayed,2026-02-01,2026-02-08
SH004649,O004649,W008,DTDC,Delivered,2026-07-01,2026-07-02
SH004650,O004650,W002,India Post,Delayed,2026-02-26,2026-02-28
SH004651,O004651,W003,Blue Dart,Delayed,2025-11-12,2025-11-18
SH004652,O004652,W012,India Post,Delayed,2026-06-28,2026-06-30
SH004653,O004653,W020,XpressBees,Delivered,2025-10-26,2025-10-27
SH004654,O004654,W004,Delhivery,Delayed,2026-07-18,2026-07-21
SH004655,O004655,W007,DTDC,In Transit,2026-06-10,2026-06-15
SH004656,O004656,W020,Blue Dart,Delayed,2025-11-25,2025-11-28
SH004657,O004657,W017,Blue Dart,Delayed,2026-08-04,2026-08-07
SH004658,O004658,W005,India Post,Delayed,2026-08-05,2026-08-10
SH004659,O004659,W010,XpressBees,Delayed,2026-06-25,2026-06-30
SH004660,O004660,W004,Blue Dart,Delivered,2026-01-18,2026-01-21
SH004661,O004661,W006,Delhivery,In Transit,2025-12-05,2025-12-06
SH004662,O004662,W008,DTDC,Delivered,2025-12-24,2025-12-29
SH004663,O004663,W007,XpressBees,Delayed,2026-01-01,2026-01-02
SH004664,O004664,W014,Ekart,Delivered,2025-11-04,2025-11-10
SH004665,O004665,W006,XpressBees,Delayed,2026-07-31,2026-08-04
SH004666,O004666,W015,Ekart,In Transit,2025-12-08,2025-12-13
SH004667,O004667,W009,DTDC,In Transit,2025-10-23,2025-10-25
SH004668,O004668,W014,XpressBees,In Transit,2026-02-25,2026-02-27
SH004669,O004669,W001,Delhivery,Delayed,2025-12-26,2025-12-31
SH004670,O004670,W020,Blue Dart,Delivered,2026-02-13,2026-02-18
SH004671,O004671,W010,Blue Dart,In Transit,2025-11-07,2025-11-13
SH004672,O004672,W019,India Post,Delayed,2026-01-24,2026-01-25
SH004673,O004673,W012,Delhivery,In Transit,2025-10-20,2025-10-23
SH004674,O004674,W018,Delhivery,Delivered,2025-12-18,2025-12-21
SH004675,O004675,W002,Blue Dart,Delivered,2025-10-03,2025-10-05
SH004676,O004676,W016,DTDC,Delayed,2025-09-23,2025-09-27
SH004677,O004677,W001,India Post,Delivered,2026-02-01,2026-02-05
SH004678,O004678,W017,Blue Dart,In Transit,2026-05-12,2026-05-14
SH004679,O004679,W015,Delhivery,Delivered,2025-12-02,2025-12-05
SH004680,O004680,W007,India Post,Delayed,2025-12-26,2025-12-30
SH004681,O004681,W017,Blue Dart,Delivered,2026-06-20,2026-06-26
SH004682,O004682,W011,Blue Dart,Delayed,2026-03-15,2026-03-22
SH004683,O004683,W011,India Post,Delayed,2026-07-18,2026-07-25
SH004684,O004684,W007,DTDC,Delivered,2025-11-23,2025-11-26
SH004685,O004685,W005,Delhivery,Delivered,2025-10-12,2025-10-15
SH004686,O004686,W007,India Post,In Transit,2026-04-28,2026-05-05
SH004687,O004687,W010,Delhivery,Delivered,2025-12-11,2025-12-16
SH004688,O004688,W005,Ekart,Delivered,2026-02-19,2026-02-21
SH004689,O004689,W019,DTDC,Delayed,2026-02-12,2026-02-18
SH004690,O004690,W015,Ekart,In Transit,2025-09-25,2025-10-02
SH004691,O004691,W013,DTDC,Delayed,2026-06-10,2026-06-15
SH004692,O004692,W010,Blue Dart,Delayed,2026-01-15,2026-01-17
SH004693,O004693,W013,Ekart,In Transit,2026-03-08,2026-03-10
SH004694,O004694,W009,XpressBees,In Transit,2026-04-04,2026-04-10
SH004695,O004695,W015,XpressBees,Delivered,2025-10-11,2025-10-13
SH004696,O004696,W006,DTDC,Delivered,2026-07-02,2026-07-09
SH004697,O004697,W018,Delhivery,Delayed,2026-02-09,2026-02-11
SH004698,O004698,W005,DTDC,In Transit,2026-02-09,2026-02-14
SH004699,O004699,W020,Delhivery,Delayed,2026-05-26,2026-05-30
SH004700,O004700,W007,XpressBees,Delivered,2026-07-01,2026-07-06
SH004701,O004701,W019,India Post,Delayed,2026-07-15,2026-07-19
SH004702,O004702,W017,DTDC,Delayed,2026-03-03,2026-03-08
SH004703,O004703,W015,Ekart,Delivered,2026-04-25,2026-05-01
SH004704,O004704,W012,XpressBees,Delayed,2026-04-10,2026-04-16
SH004705,O004705,W009,DTDC,Delayed,2026-02-09,2026-02-16
SH004706,O004706,W016,DTDC,Delayed,2026-05-07,2026-05-14
SH004707,O004707,W007,Delhivery,In Transit,2026-07-04,2026-07-10
SH004708,O004708,W014,Delhivery,Delayed,2026-03-05,2026-03-08
SH004709,O004709,W009,Ekart,In Transit,2025-08-14,2025-08-18
SH004710,O004710,W002,Ekart,Delayed,2025-10-25,2025-10-29
SH004711,O004711,W009,Blue Dart,Delayed,2026-05-14,2026-05-20
SH004712,O004712,W012,Blue Dart,In Transit,2026-07-12,2026-07-17
SH004713,O004713,W001,Ekart,Delayed,2026-06-24,2026-06-25
SH004714,O004714,W012,Delhivery,Delivered,2025-08-11,2025-08-18
SH004715,O004715,W015,Blue Dart,Delayed,2025-09-05,2025-09-10
SH004716,O004716,W014,XpressBees,Delayed,2026-07-10,2026-07-15
SH004717,O004717,W013,India Post,Delayed,2025-08-26,2025-09-02
SH004718,O004718,W010,India Post,Delayed,2025-10-27,2025-11-03
SH004719,O004719,W016,DTDC,Delayed,2025-09-03,2025-09-08
SH004720,O004720,W001,India Post,Delivered,2026-07-13,2026-07-15
SH004721,O004721,W007,Blue Dart,Delivered,2026-06-23,2026-06-29
SH004722,O004722,W017,Blue Dart,Delivered,2026-03-15,2026-03-20
SH004723,O004723,W018,Blue Dart,Delayed,2025-10-18,2025-10-23
SH004724,O004724,W005,XpressBees,In Transit,2026-03-18,2026-03-24
SH004725,O004725,W011,XpressBees,Delayed,2025-10-31,2025-11-05
SH004726,O004726,W014,India Post,Delayed,2026-07-02,2026-07-04
SH004727,O004727,W015,DTDC,In Transit,2025-12-12,2025-12-14
SH004728,O004728,W003,Blue Dart,Delayed,2026-04-10,2026-04-16
SH004729,O004729,W001,India Post,In Transit,2025-08-11,2025-08-15
SH004730,O004730,W012,Delhivery,Delivered,2026-01-25,2026-01-28
SH004731,O004731,W009,Ekart,In Transit,2025-10-19,2025-10-25
SH004732,O004732,W016,Ekart,In Transit,2026-05-12,2026-05-13
SH004733,O004733,W009,Ekart,In Transit,2026-04-27,2026-05-03
SH004734,O004734,W009,Blue Dart,Delivered,2025-09-27,2025-09-30
SH004735,O004735,W019,Blue Dart,Delayed,2025-12-15,2025-12-17
SH004736,O004736,W017,XpressBees,Delayed,2026-07-21,2026-07-24
SH004737,O004737,W012,Ekart,Delivered,2026-05-27,2026-05-28
SH004738,O004738,W009,Blue Dart,In Transit,2025-08-31,2025-09-02
SH004739,O004739,W005,Ekart,Delivered,2026-07-23,2026-07-24
SH004740,O004740,W015,XpressBees,In Transit,2026-07-02,2026-07-05
SH004741,O004741,W009,Ekart,Delivered,2026-06-03,2026-06-08
SH004742,O004742,W002,Delhivery,In Transit,2026-03-07,2026-03-14
SH004743,O004743,W001,India Post,Delivered,2026-01-25,2026-01-29
SH004744,O004744,W018,DTDC,Delayed,2026-05-13,2026-05-20
SH004745,O004745,W009,India Post,Delivered,2025-09-25,2025-09-26
SH004746,O004746,W006,Ekart,Delivered,2025-10-25,2025-10-27
SH004747,O004747,W011,Blue Dart,Delivered,2026-04-06,2026-04-08
SH004748,O004748,W013,XpressBees,Delivered,2025-12-12,2025-12-15
SH004749,O004749,W005,Delhivery,In Transit,2026-07-29,2026-08-04
SH004750,O004750,W013,XpressBees,Delivered,2026-03-05,2026-03-10
SH004751,O004751,W002,Ekart,In Transit,2025-08-11,2025-08-18
SH004752,O004752,W007,Delhivery,Delivered,2026-06-25,2026-06-30
SH004753,O004753,W018,DTDC,In Transit,2026-03-16,2026-03-23
SH004754,O004754,W008,Ekart,Delayed,2026-02-22,2026-02-28
SH004755,O004755,W012,XpressBees,Delivered,2026-05-12,2026-05-14
SH004756,O004756,W016,DTDC,In Transit,2026-07-22,2026-07-25
SH004757,O004757,W011,Delhivery,In Transit,2026-04-28,2026-04-29
SH004758,O004758,W015,DTDC,Delivered,2025-08-30,2025-09-01
SH004759,O004759,W009,Ekart,Delivered,2026-06-23,2026-06-25
SH004760,O004760,W002,Blue Dart,Delivered,2025-11-29,2025-12-02
SH004761,O004761,W006,Blue Dart,Delayed,2025-10-05,2025-10-07
SH004762,O004762,W001,Blue Dart,Delivered,2026-04-12,2026-04-17
SH004763,O004763,W009,India Post,Delivered,2025-11-30,2025-12-01
SH004764,O004764,W016,Blue Dart,Delivered,2026-04-13,2026-04-15
SH004765,O004765,W015,DTDC,Delivered,2026-01-15,2026-01-21
SH004766,O004766,W005,India Post,Delivered,2026-04-13,2026-04-17
SH004767,O004767,W015,Blue Dart,Delayed,2026-04-13,2026-04-19
SH004768,O004768,W009,India Post,In Transit,2025-12-12,2025-12-13
SH004769,O004769,W013,DTDC,In Transit,2025-08-20,2025-08-24
SH004770,O004770,W011,DTDC,Delayed,2025-12-25,2025-12-28
SH004771,O004771,W010,Blue Dart,Delivered,2025-10-18,2025-10-20
SH004772,O004772,W001,India Post,In Transit,2025-12-16,2025-12-20
SH004773,O004773,W012,XpressBees,Delayed,2026-06-23,2026-06-30
SH004774,O004774,W018,India Post,In Transit,2025-09-10,2025-09-13
SH004775,O004775,W015,Blue Dart,Delayed,2025-11-26,2025-11-29
SH004776,O004776,W018,DTDC,In Transit,2025-09-05,2025-09-06
SH004777,O004777,W016,DTDC,Delivered,2025-10-17,2025-10-23
SH004778,O004778,W014,XpressBees,Delayed,2026-03-14,2026-03-20
SH004779,O004779,W009,Blue Dart,Delivered,2026-03-27,2026-04-03
SH004780,O004780,W006,Ekart,Delayed,2025-11-18,2025-11-20
SH004781,O004781,W017,DTDC,In Transit,2026-02-11,2026-02-15
SH004782,O004782,W007,Ekart,Delivered,2026-01-20,2026-01-26
SH004783,O004783,W012,Delhivery,Delayed,2025-09-03,2025-09-08
SH004784,O004784,W008,Ekart,Delayed,2025-08-11,2025-08-15
SH004785,O004785,W009,Blue Dart,Delayed,2025-12-25,2025-12-26
SH004786,O004786,W014,Blue Dart,Delayed,2026-01-18,2026-01-19
SH004787,O004787,W017,Blue Dart,Delivered,2025-08-12,2025-08-17
SH004788,O004788,W004,XpressBees,In Transit,2026-07-08,2026-07-10
SH004789,O004789,W012,Ekart,Delivered,2026-02-07,2026-02-08
SH004790,O004790,W004,Ekart,Delayed,2025-10-25,2025-10-30
SH004791,O004791,W006,Ekart,Delayed,2025-08-08,2025-08-14
SH004792,O004792,W002,XpressBees,In Transit,2025-12-18,2025-12-24
SH004793,O004793,W008,DTDC,Delivered,2026-07-07,2026-07-14
SH004794,O004794,W008,XpressBees,In Transit,2025-11-26,2025-11-28
SH004795,O004795,W010,DTDC,In Transit,2025-10-11,2025-10-16
SH004796,O004796,W003,India Post,In Transit,2025-11-07,2025-11-13
SH004797,O004797,W009,Delhivery,Delayed,2026-07-03,2026-07-06
SH004798,O004798,W019,India Post,Delivered,2026-03-31,2026-04-04
SH004799,O004799,W014,DTDC,Delayed,2026-03-14,2026-03-19
SH004800,O004800,W011,DTDC,Delayed,2026-07-31,2026-08-02
SH004801,O004801,W005,Delhivery,In Transit,2026-05-10,2026-05-12
SH004802,O004802,W001,XpressBees,In Transit,2025-09-12,2025-09-17
SH004803,O004803,W005,Delhivery,Delayed,2025-10-06,2025-10-12
SH004804,O004804,W013,DTDC,In Transit,2025-10-26,2025-10-28
SH004805,O004805,W010,India Post,Delivered,2025-11-16,2025-11-23
SH004806,O004806,W005,Ekart,In Transit,2025-10-01,2025-10-02
SH004807,O004807,W016,India Post,Delayed,2026-04-13,2026-04-16
SH004808,O004808,W006,DTDC,Delivered,2026-03-30,2026-04-05
SH004809,O004809,W010,XpressBees,In Transit,2026-04-08,2026-04-15
SH004810,O004810,W020,DTDC,Delayed,2025-10-22,2025-10-24
SH004811,O004811,W018,XpressBees,In Transit,2026-06-25,2026-06-28
SH004812,O004812,W001,DTDC,Delivered,2025-09-07,2025-09-14
SH004813,O004813,W013,Ekart,Delivered,2026-01-23,2026-01-27
SH004814,O004814,W019,XpressBees,Delayed,2026-06-16,2026-06-17
SH004815,O004815,W010,Delhivery,Delayed,2026-07-06,2026-07-08
SH004816,O004816,W004,Blue Dart,Delivered,2025-10-30,2025-11-05
SH004817,O004817,W019,Delhivery,Delayed,2026-02-02,2026-02-08
SH004818,O004818,W012,DTDC,Delivered,2026-02-05,2026-02-11
SH004819,O004819,W008,Delhivery,Delivered,2026-07-13,2026-07-15
SH004820,O004820,W004,Delhivery,In Transit,2026-05-18,2026-05-20
SH004821,O004821,W020,XpressBees,Delayed,2026-05-25,2026-05-27
SH004822,O004822,W001,Delhivery,Delayed,2025-09-22,2025-09-26
SH004823,O004823,W014,Blue Dart,In Transit,2025-11-19,2025-11-26
SH004824,O004824,W003,XpressBees,In Transit,2025-10-21,2025-10-27
SH004825,O004825,W003,Blue Dart,In Transit,2026-03-19,2026-03-26
SH004826,O004826,W020,Ekart,In Transit,2026-07-31,2026-08-03
SH004827,O004827,W002,XpressBees,In Transit,2025-10-22,2025-10-28
SH004828,O004828,W020,XpressBees,In Transit,2025-09-05,2025-09-11
SH004829,O004829,W011,India Post,Delivered,2026-04-03,2026-04-10
SH004830,O004830,W019,DTDC,In Transit,2026-07-10,2026-07-11
SH004831,O004831,W019,DTDC,Delivered,2025-11-25,2025-11-29
SH004832,O004832,W018,Ekart,In Transit,2026-01-15,2026-01-16
SH004833,O004833,W016,Blue Dart,Delivered,2026-04-29,2026-05-01
SH004834,O004834,W004,Delhivery,In Transit,2026-06-07,2026-06-09
SH004835,O004835,W014,Delhivery,In Transit,2025-08-06,2025-08-08
SH004836,O004836,W017,India Post,In Transit,2025-11-21,2025-11-25
SH004837,O004837,W014,Blue Dart,Delayed,2026-03-28,2026-03-29
SH004838,O004838,W003,Delhivery,Delayed,2026-05-06,2026-05-11
SH004839,O004839,W008,India Post,In Transit,2025-10-09,2025-10-12
SH004840,O004840,W012,XpressBees,Delivered,2025-09-25,2025-09-26
SH004841,O004841,W010,India Post,In Transit,2025-12-29,2025-12-30
SH004842,O004842,W005,Ekart,Delivered,2025-08-22,2025-08-25
SH004843,O004843,W003,DTDC,Delayed,2025-11-12,2025-11-13
SH004844,O004844,W013,Ekart,Delayed,2026-01-24,2026-01-28
SH004845,O004845,W017,Delhivery,Delivered,2025-12-23,2025-12-26
SH004846,O004846,W003,DTDC,Delayed,2026-02-02,2026-02-05
SH004847,O004847,W016,DTDC,In Transit,2026-04-30,2026-05-07
SH004848,O004848,W002,Delhivery,In Transit,2026-03-15,2026-03-20
SH004849,O004849,W001,Delhivery,Delayed,2025-08-22,2025-08-28
SH004850,O004850,W004,XpressBees,In Transit,2025-08-21,2025-08-22
SH004851,O004851,W011,Delhivery,In Transit,2026-04-20,2026-04-25
SH004852,O004852,W013,XpressBees,In Transit,2025-11-27,2025-12-04
SH004853,O004853,W011,India Post,Delayed,2026-04-13,2026-04-18
SH004854,O004854,W018,Blue Dart,Delayed,2026-07-02,2026-07-06
SH004855,O004855,W016,Ekart,Delivered,2026-02-18,2026-02-23
SH004856,O004856,W004,DTDC,Delayed,2025-09-19,2025-09-21
SH004857,O004857,W004,DTDC,In Transit,2026-04-18,2026-04-22
SH004858,O004858,W003,XpressBees,Delayed,2025-11-12,2025-11-14
SH004859,O004859,W005,Delhivery,Delivered,2025-12-31,2026-01-05
SH004860,O004860,W005,India Post,Delayed,2026-01-09,2026-01-16
SH004861,O004861,W002,Delhivery,Delayed,2026-04-22,2026-04-23
SH004862,O004862,W009,Blue Dart,In Transit,2025-12-10,2025-12-15
SH004863,O004863,W019,Blue Dart,Delayed,2026-05-14,2026-05-19
SH004864,O004864,W017,Delhivery,In Transit,2026-08-06,2026-08-11
SH004865,O004865,W009,DTDC,In Transit,2026-01-05,2026-01-11
SH004866,O004866,W001,DTDC,Delayed,2025-12-09,2025-12-13
SH004867,O004867,W008,DTDC,In Transit,2025-10-21,2025-10-24
SH004868,O004868,W011,Delhivery,Delivered,2026-05-04,2026-05-08
SH004869,O004869,W018,Blue Dart,Delayed,2025-12-16,2025-12-19
SH004870,O004870,W017,Ekart,Delivered,2025-10-15,2025-10-22
SH004871,O004871,W016,Ekart,Delivered,2026-01-16,2026-01-20
SH004872,O004872,W019,Delhivery,Delayed,2026-07-16,2026-07-18
SH004873,O004873,W010,Ekart,Delivered,2026-04-25,2026-04-30
SH004874,O004874,W003,Ekart,Delayed,2026-07-24,2026-07-25
SH004875,O004875,W020,DTDC,Delivered,2025-11-08,2025-11-14
SH004876,O004876,W006,India Post,Delivered,2025-10-03,2025-10-09
SH004877,O004877,W019,DTDC,Delivered,2025-11-11,2025-11-14
SH004878,O004878,W015,Delhivery,In Transit,2026-02-28,2026-03-03
SH004879,O004879,W013,Ekart,Delivered,2026-02-21,2026-02-26
SH004880,O004880,W007,XpressBees,Delayed,2026-06-15,2026-06-19
SH004881,O004881,W009,Delhivery,Delivered,2026-07-09,2026-07-11
SH004882,O004882,W008,Blue Dart,Delayed,2026-02-07,2026-02-12
SH004883,O004883,W019,DTDC,Delayed,2025-09-29,2025-10-06
SH004884,O004884,W008,Delhivery,Delayed,2026-02-02,2026-02-06
SH004885,O004885,W008,XpressBees,Delivered,2026-07-27,2026-07-29
SH004886,O004886,W018,Blue Dart,Delayed,2026-04-05,2026-04-12
SH004887,O004887,W007,Delhivery,Delivered,2026-04-02,2026-04-09
SH004888,O004888,W017,Blue Dart,In Transit,2026-07-09,2026-07-15
SH004889,O004889,W006,Blue Dart,In Transit,2026-02-02,2026-02-06
SH004890,O004890,W009,DTDC,Delivered,2025-10-16,2025-10-17
SH004891,O004891,W003,DTDC,In Transit,2025-08-08,2025-08-09
SH004892,O004892,W020,India Post,Delayed,2025-11-24,2025-11-25
SH004893,O004893,W009,Ekart,Delivered,2026-05-08,2026-05-14
SH004894,O004894,W004,XpressBees,Delivered,2026-07-08,2026-07-10
SH004895,O004895,W006,Ekart,Delayed,2026-01-14,2026-01-20
SH004896,O004896,W011,Ekart,In Transit,2025-08-05,2025-08-07
SH004897,O004897,W012,India Post,Delivered,2025-08-22,2025-08-24
SH004898,O004898,W007,Delhivery,In Transit,2026-06-04,2026-06-05
SH004899,O004899,W015,Blue Dart,Delayed,2026-03-07,2026-03-12
SH004900,O004900,W003,Ekart,In Transit,2026-02-26,2026-03-05
SH004901,O004901,W008,India Post,In Transit,2026-05-01,2026-05-07
SH004902,O004902,W019,XpressBees,In Transit,2025-12-25,2026-01-01
SH004903,O004903,W004,Delhivery,In Transit,2025-08-07,2025-08-11
SH004904,O004904,W013,XpressBees,Delivered,2025-12-31,2026-01-06
SH004905,O004905,W017,DTDC,In Transit,2025-12-27,2026-01-03
SH004906,O004906,W004,Blue Dart,Delayed,2026-03-19,2026-03-26
SH004907,O004907,W015,Delhivery,In Transit,2025-10-12,2025-10-15
SH004908,O004908,W016,Ekart,In Transit,2026-01-02,2026-01-07
SH004909,O004909,W006,DTDC,In Transit,2025-09-05,2025-09-07
SH004910,O004910,W011,Delhivery,Delayed,2025-10-31,2025-11-01
SH004911,O004911,W008,Blue Dart,Delivered,2026-07-27,2026-07-30
SH004912,O004912,W018,Blue Dart,In Transit,2025-09-22,2025-09-25
SH004913,O004913,W016,Ekart,In Transit,2026-05-10,2026-05-15
SH004914,O004914,W007,Blue Dart,Delivered,2026-02-01,2026-02-05
SH004915,O004915,W004,India Post,In Transit,2026-01-08,2026-01-13
SH004916,O004916,W001,Ekart,Delivered,2025-08-17,2025-08-19
SH004917,O004917,W002,DTDC,Delivered,2025-11-28,2025-12-05
SH004918,O004918,W016,India Post,Delayed,2026-04-24,2026-05-01
SH004919,O004919,W016,DTDC,In Transit,2026-01-09,2026-01-13
SH004920,O004920,W006,India Post,Delayed,2026-05-20,2026-05-25
SH004921,O004921,W009,XpressBees,In Transit,2026-03-22,2026-03-23
SH004922,O004922,W013,Delhivery,In Transit,2025-11-17,2025-11-19
SH004923,O004923,W006,XpressBees,In Transit,2025-09-12,2025-09-17
SH004924,O004924,W008,India Post,Delivered,2026-01-15,2026-01-19
SH004925,O004925,W013,XpressBees,In Transit,2026-04-24,2026-04-25
SH004926,O004926,W008,DTDC,In Transit,2025-10-27,2025-10-31
SH004927,O004927,W010,XpressBees,Delayed,2026-07-06,2026-07-07
SH004928,O004928,W019,Delhivery,In Transit,2026-06-12,2026-06-14
SH004929,O004929,W017,Ekart,Delivered,2025-10-24,2025-10-29
SH004930,O004930,W004,Delhivery,In Transit,2025-11-08,2025-11-12
SH004931,O004931,W008,DTDC,Delayed,2025-10-14,2025-10-21
SH004932,O004932,W016,Ekart,Delayed,2026-04-07,2026-04-14
SH004933,O004933,W001,DTDC,Delayed,2026-06-24,2026-06-25
SH004934,O004934,W002,DTDC,In Transit,2025-11-13,2025-11-19
SH004935,O004935,W019,India Post,Delivered,2026-04-24,2026-04-30
SH004936,O004936,W012,Ekart,Delivered,2025-09-21,2025-09-23
SH004937,O004937,W007,DTDC,Delayed,2026-02-21,2026-02-22
SH004938,O004938,W011,DTDC,In Transit,2026-04-08,2026-04-12
SH004939,O004939,W014,Ekart,Delayed,2025-09-06,2025-09-13
SH004940,O004940,W011,Ekart,In Transit,2025-11-01,2025-11-04
SH004941,O004941,W012,India Post,Delayed,2026-03-23,2026-03-24
SH004942,O004942,W014,Delhivery,Delayed,2026-05-14,2026-05-16
SH004943,O004943,W002,India Post,Delayed,2025-10-03,2025-10-06
SH004944,O004944,W012,Blue Dart,Delayed,2026-07-25,2026-07-28
SH004945,O004945,W001,XpressBees,Delivered,2025-09-18,2025-09-23
SH004946,O004946,W020,Ekart,In Transit,2025-12-24,2025-12-25
SH004947,O004947,W003,Ekart,Delivered,2025-10-23,2025-10-27
SH004948,O004948,W017,DTDC,In Transit,2025-09-15,2025-09-17
SH004949,O004949,W003,DTDC,Delayed,2026-04-22,2026-04-26
SH004950,O004950,W018,DTDC,Delivered,2026-05-22,2026-05-27
SH004951,O004951,W008,DTDC,Delivered,2026-07-14,2026-07-20
SH004952,O004952,W016,Blue Dart,Delivered,2026-01-06,2026-01-12
SH004953,O004953,W004,Delhivery,Delivered,2025-11-13,2025-11-19
SH004954,O004954,W017,Ekart,In Transit,2025-11-12,2025-11-18
SH004955,O004955,W020,Blue Dart,Delivered,2026-05-28,2026-05-31
SH004956,O004956,W019,Ekart,In Transit,2026-06-02,2026-06-08
SH004957,O004957,W016,DTDC,In Transit,2025-08-12,2025-08-18
SH004958,O004958,W002,Delhivery,In Transit,2026-01-21,2026-01-27
SH004959,O004959,W004,Ekart,Delivered,2026-06-16,2026-06-19
SH004960,O004960,W015,Delhivery,Delivered,2026-05-30,2026-06-02
SH004961,O004961,W009,DTDC,Delayed,2026-07-19,2026-07-21
SH004962,O004962,W013,Ekart,Delayed,2026-08-04,2026-08-10
SH004963,O004963,W019,Ekart,Delivered,2026-03-25,2026-03-28
SH004964,O004964,W014,XpressBees,Delayed,2025-10-16,2025-10-22
SH004965,O004965,W009,Blue Dart,In Transit,2025-08-25,2025-08-27
SH004966,O004966,W010,Ekart,Delivered,2026-01-09,2026-01-10
SH004967,O004967,W004,India Post,Delivered,2026-06-30,2026-07-06
SH004968,O004968,W006,Delhivery,In Transit,2026-05-18,2026-05-23
SH004969,O004969,W001,Blue Dart,Delivered,2026-02-03,2026-02-08
SH004970,O004970,W012,Blue Dart,Delivered,2026-05-26,2026-06-02
SH004971,O004971,W003,India Post,Delivered,2025-08-21,2025-08-26
SH004972,O004972,W019,DTDC,In Transit,2026-02-25,2026-02-26
SH004973,O004973,W013,India Post,Delivered,2026-07-09,2026-07-12
SH004974,O004974,W002,India Post,Delivered,2025-12-11,2025-12-13
SH004975,O004975,W004,Ekart,Delayed,2026-02-06,2026-02-10
SH004976,O004976,W010,XpressBees,Delivered,2026-06-30,2026-07-02
SH004977,O004977,W001,XpressBees,Delivered,2026-07-12,2026-07-17
SH004978,O004978,W016,DTDC,Delivered,2026-05-15,2026-05-22
SH004979,O004979,W006,DTDC,In Transit,2025-12-13,2025-12-18
SH004980,O004980,W008,Blue Dart,In Transit,2026-06-17,2026-06-24
SH004981,O004981,W005,Ekart,Delivered,2026-01-12,2026-01-14
SH004982,O004982,W017,XpressBees,Delivered,2026-06-11,2026-06-12
SH004983,O004983,W003,Blue Dart,Delivered,2025-11-22,2025-11-27
SH004984,O004984,W012,Delhivery,In Transit,2026-01-06,2026-01-08
SH004985,O004985,W013,XpressBees,Delayed,2025-08-12,2025-08-16
SH004986,O004986,W016,Delhivery,Delayed,2026-05-03,2026-05-04
SH004987,O004987,W014,Blue Dart,Delivered,2026-05-19,2026-05-26
SH004988,O004988,W019,Blue Dart,Delivered,2025-11-20,2025-11-25
SH004989,O004989,W019,Delhivery,Delivered,2026-02-05,2026-02-10
SH004990,O004990,W012,Ekart,Delayed,2026-02-26,2026-03-02
SH004991,O004991,W009,XpressBees,Delivered,2025-11-17,2025-11-19
SH004992,O004992,W020,XpressBees,In Transit,2025-11-20,2025-11-27
SH004993,O004993,W015,Delhivery,In Transit,2025-11-06,2025-11-07
SH004994,O004994,W014,India Post,Delivered,2026-02-27,2026-03-06
SH004995,O004995,W007,XpressBees,Delayed,2026-07-04,2026-07-11
SH004996,O004996,W015,Blue Dart,Delayed,2026-06-06,2026-06-11
SH004997,O004997,W011,Delhivery,In Transit,2026-06-02,2026-06-05
SH004998,O004998,W015,XpressBees,In Transit,2025-12-31,2026-01-03
SH004999,O004999,W016,Blue Dart,Delivered,2026-01-01,2026-01-07
SH005000,O005000,W003,Ekart,Delayed,2025-12-11,2025-12-18
SH005001,O005001,W018,India Post,Delayed,2026-07-18,2026-07-23
SH005002,O005002,W011,India Post,In Transit,2026-04-28,2026-05-02
SH005003,O005003,W010,DTDC,Delivered,2026-02-10,2026-02-17
SH005004,O005004,W003,Blue Dart,In Transit,2025-09-19,2025-09-26
SH005005,O005005,W005,Ekart,In Transit,2026-04-22,2026-04-24
SH005006,O005006,W007,DTDC,Delivered,2026-01-18,2026-01-23
SH005007,O005007,W002,Delhivery,Delivered,2026-01-11,2026-01-16
SH005008,O005008,W006,Ekart,Delayed,2025-08-17,2025-08-19
SH005009,O005009,W006,India Post,Delayed,2025-12-20,2025-12-22
SH005010,O005010,W011,Blue Dart,Delivered,2025-10-02,2025-10-05
SH005011,O005011,W006,XpressBees,In Transit,2026-08-06,2026-08-11
SH005012,O005012,W015,Delhivery,Delayed,2025-10-15,2025-10-19
SH005013,O005013,W011,India Post,Delayed,2026-01-25,2026-01-27
SH005014,O005014,W009,DTDC,Delayed,2026-03-15,2026-03-19
SH005015,O005015,W014,Ekart,Delayed,2025-09-30,2025-10-05
SH005016,O005016,W009,Ekart,Delayed,2026-08-06,2026-08-11
SH005017,O005017,W005,Blue Dart,Delivered,2026-08-02,2026-08-09
SH005018,O005018,W013,XpressBees,Delayed,2026-05-01,2026-05-03
SH005019,O005019,W020,DTDC,Delivered,2026-02-01,2026-02-04
SH005020,O005020,W020,XpressBees,In Transit,2026-02-24,2026-03-03
SH005021,O005021,W018,India Post,Delayed,2026-04-29,2026-04-30
SH005022,O005022,W002,XpressBees,Delayed,2026-01-05,2026-01-07
SH005023,O005023,W016,Delhivery,Delayed,2026-02-04,2026-02-07
SH005024,O005024,W012,Ekart,In Transit,2025-12-22,2025-12-25
SH005025,O005025,W008,Blue Dart,Delayed,2026-01-13,2026-01-14
SH005026,O005026,W018,Delhivery,Delivered,2026-04-26,2026-04-27
SH005027,O005027,W016,XpressBees,Delivered,2025-09-04,2025-09-06
SH005028,O005028,W016,Delhivery,In Transit,2026-05-17,2026-05-18
SH005029,O005029,W012,Ekart,Delayed,2025-09-05,2025-09-09
SH005030,O005030,W007,DTDC,Delayed,2026-04-29,2026-05-04
SH005031,O005031,W011,DTDC,In Transit,2026-06-11,2026-06-12
SH005032,O005032,W003,Delhivery,Delivered,2025-10-16,2025-10-23
SH005033,O005033,W001,Blue Dart,Delivered,2026-05-26,2026-05-28
SH005034,O005034,W009,Delhivery,Delayed,2026-06-24,2026-06-26
SH005035,O005035,W014,Blue Dart,Delayed,2026-05-31,2026-06-05
SH005036,O005036,W013,XpressBees,Delayed,2026-07-22,2026-07-25
SH005037,O005037,W015,Blue Dart,Delayed,2026-04-06,2026-04-13
SH005038,O005038,W007,Ekart,Delayed,2026-07-19,2026-07-21
SH005039,O005039,W018,Blue Dart,Delivered,2026-02-01,2026-02-05
SH005040,O005040,W005,India Post,In Transit,2025-12-20,2025-12-25
SH005041,O005041,W015,DTDC,Delayed,2026-05-04,2026-05-11
SH005042,O005042,W011,XpressBees,Delayed,2026-04-04,2026-04-06
SH005043,O005043,W018,Blue Dart,Delivered,2026-05-02,2026-05-03
SH005044,O005044,W004,DTDC,Delivered,2026-05-10,2026-05-12
SH005045,O005045,W017,XpressBees,Delayed,2026-05-24,2026-05-26
SH005046,O005046,W015,Blue Dart,Delayed,2025-12-20,2025-12-25
SH005047,O005047,W016,Blue Dart,In Transit,2026-08-05,2026-08-08
SH005048,O005048,W019,Delhivery,Delivered,2026-07-20,2026-07-22
SH005049,O005049,W015,Blue Dart,Delayed,2026-07-17,2026-07-20
SH005050,O005050,W011,DTDC,In Transit,2026-07-04,2026-07-10
SH005051,O005051,W012,XpressBees,Delayed,2026-04-07,2026-04-14
SH005052,O005052,W012,XpressBees,In Transit,2026-07-20,2026-07-27
SH005053,O005053,W001,Blue Dart,Delivered,2026-03-23,2026-03-27
SH005054,O005054,W004,Delhivery,In Transit,2025-09-29,2025-10-06
SH005055,O005055,W016,Ekart,Delivered,2025-10-31,2025-11-01
SH005056,O005056,W006,XpressBees,Delivered,2026-07-19,2026-07-21
SH005057,O005057,W015,Blue Dart,Delivered,2025-10-02,2025-10-06
SH005058,O005058,W014,Ekart,Delayed,2026-05-09,2026-05-10
SH005059,O005059,W007,XpressBees,Delivered,2025-09-23,2025-09-28
SH005060,O005060,W003,Delhivery,In Transit,2025-09-06,2025-09-09
SH005061,O005061,W001,Ekart,In Transit,2025-10-27,2025-10-30
SH005062,O005062,W017,Blue Dart,In Transit,2026-06-25,2026-07-01
SH005063,O005063,W009,India Post,In Transit,2026-01-30,2026-01-31
SH005064,O005064,W014,Delhivery,In Transit,2025-12-29,2025-12-30
SH005065,O005065,W009,DTDC,In Transit,2025-10-20,2025-10-23
SH005066,O005066,W012,Ekart,Delivered,2025-12-25,2025-12-31
SH005067,O005067,W004,India Post,Delivered,2026-02-08,2026-02-10
SH005068,O005068,W010,DTDC,Delayed,2026-01-10,2026-01-15
SH005069,O005069,W015,Delhivery,Delayed,2025-10-07,2025-10-10
SH005070,O005070,W003,DTDC,Delivered,2026-03-27,2026-03-29
SH005071,O005071,W016,India Post,In Transit,2026-06-14,2026-06-17
SH005072,O005072,W012,Delhivery,In Transit,2025-11-06,2025-11-08
SH005073,O005073,W007,India Post,Delayed,2026-02-09,2026-02-12
SH005074,O005074,W001,DTDC,Delayed,2026-06-26,2026-06-29
SH005075,O005075,W008,DTDC,Delivered,2026-03-20,2026-03-24
SH005076,O005076,W001,DTDC,Delayed,2025-10-18,2025-10-25
SH005077,O005077,W003,Delhivery,Delayed,2025-10-26,2025-10-28
SH005078,O005078,W014,Blue Dart,Delayed,2026-08-03,2026-08-04
SH005079,O005079,W012,Delhivery,Delayed,2025-11-08,2025-11-12
SH005080,O005080,W019,DTDC,Delayed,2025-11-02,2025-11-05
SH005081,O005081,W015,XpressBees,Delivered,2026-01-26,2026-01-30
SH005082,O005082,W005,XpressBees,Delayed,2025-10-04,2025-10-05
SH005083,O005083,W020,DTDC,Delayed,2026-01-18,2026-01-20
SH005084,O005084,W003,Delhivery,Delayed,2026-03-27,2026-03-29
SH005085,O005085,W007,Ekart,Delayed,2025-11-13,2025-11-19
SH005086,O005086,W003,India Post,Delivered,2026-05-21,2026-05-25
SH005087,O005087,W016,Blue Dart,Delayed,2026-05-20,2026-05-24
SH005088,O005088,W009,India Post,Delayed,2026-02-08,2026-02-09
SH005089,O005089,W016,DTDC,In Transit,2026-03-09,2026-03-12
SH005090,O005090,W004,Delhivery,In Transit,2025-12-06,2025-12-11
SH005091,O005091,W015,Delhivery,In Transit,2025-09-25,2025-10-02
SH005092,O005092,W001,Ekart,Delayed,2026-01-09,2026-01-15
SH005093,O005093,W005,XpressBees,Delayed,2026-05-28,2026-05-30
SH005094,O005094,W007,XpressBees,In Transit,2026-05-20,2026-05-23
SH005095,O005095,W019,Blue Dart,In Transit,2026-05-09,2026-05-16
SH005096,O005096,W004,DTDC,Delayed,2025-10-27,2025-10-28
SH005097,O005097,W007,DTDC,In Transit,2026-06-13,2026-06-19
SH005098,O005098,W014,India Post,Delivered,2025-12-13,2025-12-15
SH005099,O005099,W003,Blue Dart,In Transit,2026-07-17,2026-07-18
SH005100,O005100,W004,Blue Dart,Delayed,2026-04-16,2026-04-20
SH005101,O005101,W018,DTDC,Delivered,2026-06-12,2026-06-14
SH005102,O005102,W017,Delhivery,Delayed,2025-10-30,2025-11-03
SH005103,O005103,W006,Delhivery,Delivered,2025-12-05,2025-12-06
SH005104,O005104,W018,DTDC,Delayed,2025-11-01,2025-11-07
SH005105,O005105,W004,Delhivery,In Transit,2026-05-18,2026-05-20
SH005106,O005106,W015,DTDC,Delayed,2025-11-14,2025-11-16
SH005107,O005107,W011,India Post,Delayed,2025-12-27,2025-12-30
SH005108,O005108,W002,XpressBees,In Transit,2026-05-18,2026-05-21
SH005109,O005109,W019,XpressBees,In Transit,2026-04-26,2026-04-27
SH005110,O005110,W013,India Post,Delayed,2026-07-05,2026-07-12
SH005111,O005111,W011,India Post,In Transit,2026-07-23,2026-07-24
SH005112,O005112,W015,Delhivery,In Transit,2026-06-09,2026-06-11
SH005113,O005113,W011,Blue Dart,Delayed,2025-11-12,2025-11-17
SH005114,O005114,W001,Delhivery,Delayed,2025-10-23,2025-10-24
SH005115,O005115,W008,Delhivery,In Transit,2026-01-08,2026-01-14
SH005116,O005116,W019,Ekart,Delivered,2025-09-15,2025-09-17
SH005117,O005117,W007,XpressBees,Delivered,2026-05-29,2026-06-05
SH005118,O005118,W016,DTDC,In Transit,2026-07-06,2026-07-12
SH005119,O005119,W020,India Post,In Transit,2025-09-04,2025-09-05
SH005120,O005120,W017,Delhivery,In Transit,2026-07-26,2026-07-29
SH005121,O005121,W018,Blue Dart,In Transit,2026-05-06,2026-05-12
SH005122,O005122,W016,DTDC,Delivered,2025-11-30,2025-12-03
SH005123,O005123,W006,Delhivery,In Transit,2026-04-27,2026-05-02
SH005124,O005124,W004,Delhivery,Delivered,2026-03-11,2026-03-17
SH005125,O005125,W005,DTDC,Delivered,2025-08-24,2025-08-28
SH005126,O005126,W012,Blue Dart,Delivered,2025-08-20,2025-08-23
SH005127,O005127,W006,DTDC,Delayed,2026-07-17,2026-07-18
SH005128,O005128,W011,XpressBees,Delivered,2025-12-30,2026-01-02
SH005129,O005129,W014,Delhivery,In Transit,2026-07-22,2026-07-28
SH005130,O005130,W013,Delhivery,Delayed,2026-05-24,2026-05-26
SH005131,O005131,W016,India Post,In Transit,2025-10-07,2025-10-10
SH005132,O005132,W007,Delhivery,Delayed,2026-04-16,2026-04-21
SH005133,O005133,W019,DTDC,Delayed,2026-01-18,2026-01-24
SH005134,O005134,W005,India Post,In Transit,2025-11-08,2025-11-15
SH005135,O005135,W013,Ekart,Delivered,2025-12-30,2026-01-01
SH005136,O005136,W018,Delhivery,Delivered,2026-04-28,2026-05-02
SH005137,O005137,W008,India Post,Delayed,2026-01-12,2026-01-16
SH005138,O005138,W018,Delhivery,Delayed,2026-01-06,2026-01-08
SH005139,O005139,W016,DTDC,Delivered,2026-03-26,2026-03-28
SH005140,O005140,W008,DTDC,Delivered,2026-05-03,2026-05-08
SH005141,O005141,W006,Delhivery,In Transit,2025-11-16,2025-11-17
SH005142,O005142,W002,DTDC,Delivered,2026-02-02,2026-02-04
SH005143,O005143,W020,India Post,Delayed,2026-01-22,2026-01-27
SH005144,O005144,W011,DTDC,Delivered,2025-09-12,2025-09-13
SH005145,O005145,W001,XpressBees,In Transit,2026-01-05,2026-01-11
SH005146,O005146,W012,XpressBees,In Transit,2025-10-06,2025-10-07
SH005147,O005147,W002,Blue Dart,Delayed,2026-07-09,2026-07-15
SH005148,O005148,W003,Delhivery,Delivered,2026-03-29,2026-04-04
SH005149,O005149,W012,XpressBees,In Transit,2026-06-15,2026-06-20
SH005150,O005150,W009,DTDC,Delivered,2026-06-17,2026-06-22
SH005151,O005151,W006,Blue Dart,Delayed,2026-04-13,2026-04-15
SH005152,O005152,W003,Delhivery,Delivered,2026-05-16,2026-05-17
SH005153,O005153,W004,Blue Dart,In Transit,2026-04-09,2026-04-11
SH005154,O005154,W015,Blue Dart,Delayed,2025-08-28,2025-09-01
SH005155,O005155,W008,Delhivery,Delayed,2026-03-02,2026-03-09
SH005156,O005156,W018,DTDC,Delivered,2026-03-05,2026-03-08
SH005157,O005157,W008,XpressBees,Delivered,2026-02-28,2026-03-03
SH005158,O005158,W005,Ekart,Delivered,2025-12-18,2025-12-21
SH005159,O005159,W005,India Post,Delayed,2026-03-25,2026-03-30
SH005160,O005160,W009,DTDC,Delayed,2025-09-22,2025-09-25
SH005161,O005161,W019,Delhivery,In Transit,2026-02-27,2026-03-04
SH005162,O005162,W002,India Post,In Transit,2025-12-23,2025-12-27
SH005163,O005163,W019,India Post,Delayed,2026-05-20,2026-05-27
SH005164,O005164,W005,Ekart,Delivered,2026-04-11,2026-04-17
SH005165,O005165,W017,DTDC,Delivered,2025-12-24,2025-12-25
SH005166,O005166,W020,DTDC,Delivered,2026-02-27,2026-03-05
SH005167,O005167,W015,Ekart,Delivered,2026-04-28,2026-05-04
SH005168,O005168,W013,India Post,Delivered,2026-04-16,2026-04-19
SH005169,O005169,W003,DTDC,In Transit,2026-02-27,2026-03-02
SH005170,O005170,W002,XpressBees,Delayed,2025-12-17,2025-12-22
SH005171,O005171,W003,Blue Dart,Delayed,2025-09-19,2025-09-22
SH005172,O005172,W018,XpressBees,In Transit,2026-05-13,2026-05-14
SH005173,O005173,W004,Ekart,Delayed,2026-02-26,2026-03-04
SH005174,O005174,W010,Ekart,Delivered,2026-03-18,2026-03-21
SH005175,O005175,W017,Blue Dart,In Transit,2026-06-08,2026-06-14
SH005176,O005176,W016,India Post,Delivered,2025-11-15,2025-11-17
SH005177,O005177,W013,DTDC,Delayed,2025-10-31,2025-11-03
SH005178,O005178,W019,Delhivery,Delayed,2025-08-13,2025-08-20
SH005179,O005179,W005,DTDC,Delayed,2026-02-25,2026-02-27
SH005180,O005180,W008,Delhivery,In Transit,2025-11-19,2025-11-25
SH005181,O005181,W020,XpressBees,Delivered,2026-01-24,2026-01-26
SH005182,O005182,W007,Blue Dart,Delayed,2026-06-11,2026-06-18
SH005183,O005183,W012,Ekart,Delayed,2025-08-28,2025-08-31
SH005184,O005184,W009,XpressBees,Delivered,2025-08-08,2025-08-13
SH005185,O005185,W006,India Post,Delivered,2026-07-27,2026-07-28
SH005186,O005186,W015,Delhivery,Delayed,2026-04-27,2026-04-30
SH005187,O005187,W016,India Post,Delayed,2026-04-14,2026-04-15
SH005188,O005188,W010,Delhivery,In Transit,2026-05-08,2026-05-14
SH005189,O005189,W020,Delhivery,In Transit,2026-04-18,2026-04-24
SH005190,O005190,W020,XpressBees,Delayed,2026-05-12,2026-05-19
SH005191,O005191,W018,Ekart,Delivered,2026-08-03,2026-08-06
SH005192,O005192,W018,India Post,In Transit,2025-10-30,2025-11-04
SH005193,O005193,W006,India Post,Delayed,2026-07-09,2026-07-11
SH005194,O005194,W010,Ekart,Delivered,2025-09-21,2025-09-24
SH005195,O005195,W008,DTDC,Delayed,2025-12-12,2025-12-16
SH005196,O005196,W013,Delhivery,In Transit,2025-09-26,2025-10-03
SH005197,O005197,W018,DTDC,Delivered,2026-07-11,2026-07-14
SH005198,O005198,W003,Delhivery,Delivered,2025-09-21,2025-09-22
SH005199,O005199,W004,Delhivery,In Transit,2026-01-28,2026-02-03
SH005200,O005200,W012,DTDC,In Transit,2026-03-10,2026-03-12
SH005201,O005201,W003,DTDC,Delayed,2025-09-26,2025-10-01
SH005202,O005202,W009,XpressBees,Delivered,2026-03-15,2026-03-21
SH005203,O005203,W011,India Post,Delivered,2026-04-20,2026-04-23
SH005204,O005204,W012,Ekart,Delayed,2026-03-31,2026-04-07
SH005205,O005205,W014,XpressBees,In Transit,2025-09-16,2025-09-21
SH005206,O005206,W019,Blue Dart,Delivered,2026-05-22,2026-05-24
SH005207,O005207,W015,Blue Dart,In Transit,2026-06-17,2026-06-18
SH005208,O005208,W004,DTDC,Delivered,2025-09-27,2025-09-28
SH005209,O005209,W015,Blue Dart,In Transit,2026-05-08,2026-05-09
SH005210,O005210,W008,India Post,In Transit,2025-10-10,2025-10-11
SH005211,O005211,W002,India Post,Delayed,2026-05-29,2026-06-05
SH005212,O005212,W020,India Post,Delayed,2025-10-24,2025-10-30
SH005213,O005213,W017,Ekart,Delivered,2026-01-09,2026-01-10
SH005214,O005214,W010,XpressBees,Delivered,2026-03-20,2026-03-25
SH005215,O005215,W017,Ekart,Delayed,2026-01-30,2026-02-05
SH005216,O005216,W015,XpressBees,Delayed,2026-02-23,2026-02-24
SH005217,O005217,W009,XpressBees,In Transit,2026-05-23,2026-05-26
SH005218,O005218,W009,India Post,Delivered,2026-05-16,2026-05-21
SH005219,O005219,W017,DTDC,Delayed,2025-12-05,2025-12-10
SH005220,O005220,W001,Delhivery,Delivered,2025-08-13,2025-08-19
SH005221,O005221,W019,Delhivery,Delayed,2026-07-01,2026-07-02
SH005222,O005222,W017,XpressBees,Delivered,2026-02-05,2026-02-08
SH005223,O005223,W011,Blue Dart,Delayed,2026-06-01,2026-06-04
SH005224,O005224,W008,Ekart,In Transit,2026-07-17,2026-07-18
SH005225,O005225,W002,XpressBees,In Transit,2025-08-18,2025-08-21
SH005226,O005226,W018,XpressBees,Delivered,2025-09-09,2025-09-15
SH005227,O005227,W003,Blue Dart,Delayed,2026-04-20,2026-04-25
SH005228,O005228,W009,Delhivery,Delivered,2026-06-07,2026-06-10
SH005229,O005229,W004,XpressBees,Delivered,2025-10-20,2025-10-27
SH005230,O005230,W002,Delhivery,Delayed,2025-09-21,2025-09-23
SH005231,O005231,W015,DTDC,In Transit,2025-08-06,2025-08-13
SH005232,O005232,W013,India Post,In Transit,2025-08-12,2025-08-16
SH005233,O005233,W010,Blue Dart,Delayed,2025-12-31,2026-01-02
SH005234,O005234,W013,XpressBees,In Transit,2026-05-11,2026-05-17
SH005235,O005235,W009,Delhivery,In Transit,2025-09-03,2025-09-06
SH005236,O005236,W001,Blue Dart,In Transit,2026-03-31,2026-04-01
SH005237,O005237,W006,India Post,Delivered,2026-02-05,2026-02-07
SH005238,O005238,W019,Blue Dart,In Transit,2025-11-02,2025-11-07
SH005239,O005239,W015,XpressBees,In Transit,2025-10-03,2025-10-04
SH005240,O005240,W011,India Post,In Transit,2025-12-20,2025-12-25
SH005241,O005241,W020,DTDC,Delivered,2026-06-18,2026-06-23
SH005242,O005242,W015,DTDC,In Transit,2026-02-26,2026-03-02
SH005243,O005243,W002,Blue Dart,In Transit,2025-09-03,2025-09-07
SH005244,O005244,W005,DTDC,Delayed,2025-08-20,2025-08-24
SH005245,O005245,W006,Ekart,In Transit,2025-10-30,2025-11-04
SH005246,O005246,W017,Blue Dart,Delayed,2026-07-02,2026-07-05
SH005247,O005247,W004,Blue Dart,Delivered,2025-11-05,2025-11-09
SH005248,O005248,W004,Blue Dart,Delivered,2026-01-02,2026-01-06
SH005249,O005249,W012,XpressBees,Delayed,2025-09-01,2025-09-07
SH005250,O005250,W002,DTDC,Delivered,2026-06-20,2026-06-24
SH005251,O005251,W001,XpressBees,In Transit,2026-01-29,2026-02-05
SH005252,O005252,W016,Delhivery,In Transit,2025-12-14,2025-12-18
SH005253,O005253,W011,XpressBees,In Transit,2026-06-02,2026-06-05
SH005254,O005254,W010,DTDC,In Transit,2026-03-11,2026-03-15
SH005255,O005255,W002,Ekart,Delivered,2026-06-25,2026-07-01
SH005256,O005256,W019,India Post,Delivered,2026-07-12,2026-07-15
SH005257,O005257,W008,DTDC,Delivered,2025-09-10,2025-09-11
SH005258,O005258,W008,Delhivery,In Transit,2025-10-03,2025-10-04
SH005259,O005259,W012,DTDC,Delayed,2026-01-26,2026-02-02
SH005260,O005260,W007,Blue Dart,In Transit,2025-11-26,2025-12-01
SH005261,O005261,W019,XpressBees,Delivered,2025-09-19,2025-09-22
SH005262,O005262,W003,India Post,In Transit,2025-10-24,2025-10-31
SH005263,O005263,W008,Delhivery,In Transit,2026-04-01,2026-04-06
SH005264,O005264,W011,Blue Dart,In Transit,2026-01-22,2026-01-25
SH005265,O005265,W018,Blue Dart,In Transit,2026-05-06,2026-05-11
SH005266,O005266,W009,XpressBees,Delayed,2026-05-30,2026-06-02
SH005267,O005267,W009,India Post,Delivered,2025-08-25,2025-08-29
SH005268,O005268,W020,DTDC,Delayed,2026-07-31,2026-08-05
SH005269,O005269,W019,Delhivery,Delivered,2026-02-20,2026-02-22
SH005270,O005270,W001,Ekart,Delayed,2026-03-20,2026-03-25
SH005271,O005271,W017,Ekart,In Transit,2025-08-25,2025-08-30
SH005272,O005272,W020,DTDC,In Transit,2026-03-12,2026-03-18
SH005273,O005273,W002,Delhivery,In Transit,2025-12-24,2025-12-27
SH005274,O005274,W007,Delhivery,Delivered,2026-08-01,2026-08-06
SH005275,O005275,W020,Ekart,Delayed,2025-11-13,2025-11-19
SH005276,O005276,W017,XpressBees,Delivered,2025-09-24,2025-09-26
SH005277,O005277,W016,DTDC,Delivered,2025-08-25,2025-08-26
SH005278,O005278,W018,Blue Dart,In Transit,2026-01-28,2026-02-02
SH005279,O005279,W006,India Post,Delivered,2025-08-29,2025-08-31
SH005280,O005280,W009,Delhivery,Delivered,2025-12-27,2026-01-01
SH005281,O005281,W010,Delhivery,Delivered,2025-11-25,2025-11-28
SH005282,O005282,W003,Blue Dart,Delayed,2025-09-24,2025-09-25
SH005283,O005283,W002,Delhivery,Delayed,2026-05-13,2026-05-14
SH005284,O005284,W015,DTDC,Delayed,2026-04-13,2026-04-18
SH005285,O005285,W012,Blue Dart,Delivered,2026-07-23,2026-07-30
SH005286,O005286,W014,XpressBees,Delayed,2025-11-16,2025-11-18
SH005287,O005287,W014,Blue Dart,Delayed,2025-12-18,2025-12-25
SH005288,O005288,W012,XpressBees,Delayed,2026-04-13,2026-04-14
SH005289,O005289,W002,India Post,Delayed,2026-02-01,2026-02-04
SH005290,O005290,W006,DTDC,Delayed,2026-04-10,2026-04-17
SH005291,O005291,W013,XpressBees,Delayed,2026-05-09,2026-05-10
SH005292,O005292,W002,India Post,Delayed,2025-08-25,2025-08-30
SH005293,O005293,W005,Ekart,Delayed,2026-05-17,2026-05-20
SH005294,O005294,W006,Blue Dart,Delayed,2026-01-25,2026-01-30
SH005295,O005295,W004,XpressBees,Delayed,2025-08-20,2025-08-26
SH005296,O005296,W018,XpressBees,In Transit,2025-12-27,2025-12-31
SH005297,O005297,W020,DTDC,Delivered,2025-12-25,2025-12-26
SH005298,O005298,W005,Delhivery,In Transit,2026-03-03,2026-03-10
SH005299,O005299,W003,Ekart,In Transit,2025-10-01,2025-10-03
SH005300,O005300,W002,Ekart,Delivered,2025-10-15,2025-10-16
SH005301,O005301,W015,Blue Dart,In Transit,2025-10-19,2025-10-21
SH005302,O005302,W004,DTDC,Delayed,2026-02-21,2026-02-23
SH005303,O005303,W006,Blue Dart,Delivered,2025-10-18,2025-10-24
SH005304,O005304,W020,XpressBees,Delivered,2026-03-18,2026-03-22
SH005305,O005305,W020,India Post,Delayed,2026-06-16,2026-06-20
SH005306,O005306,W019,Blue Dart,In Transit,2026-01-16,2026-01-21
SH005307,O005307,W001,XpressBees,In Transit,2025-08-15,2025-08-16
SH005308,O005308,W004,XpressBees,Delivered,2026-03-05,2026-03-06
SH005309,O005309,W013,Delhivery,In Transit,2025-08-15,2025-08-21
SH005310,O005310,W006,Blue Dart,Delivered,2026-07-25,2026-07-31
SH005311,O005311,W018,Blue Dart,In Transit,2026-06-18,2026-06-23
SH005312,O005312,W017,XpressBees,Delayed,2026-07-25,2026-07-30
SH005313,O005313,W015,Ekart,In Transit,2026-02-28,2026-03-01
SH005314,O005314,W012,XpressBees,Delivered,2025-12-06,2025-12-10
SH005315,O005315,W003,DTDC,Delayed,2025-08-17,2025-08-22
SH005316,O005316,W001,XpressBees,Delayed,2026-06-05,2026-06-08
SH005317,O005317,W005,Blue Dart,In Transit,2026-02-06,2026-02-13
SH005318,O005318,W005,Delhivery,Delayed,2026-01-06,2026-01-10
SH005319,O005319,W016,India Post,In Transit,2026-02-01,2026-02-06
SH005320,O005320,W008,Ekart,Delivered,2025-08-09,2025-08-15
SH005321,O005321,W009,Blue Dart,Delivered,2026-04-06,2026-04-12
SH005322,O005322,W018,XpressBees,In Transit,2025-11-09,2025-11-16
SH005323,O005323,W013,Delhivery,Delivered,2025-10-05,2025-10-10
SH005324,O005324,W016,India Post,In Transit,2026-04-04,2026-04-10
SH005325,O005325,W020,India Post,Delivered,2026-03-30,2026-04-04
SH005326,O005326,W003,DTDC,In Transit,2026-04-01,2026-04-03
SH005327,O005327,W016,Ekart,Delayed,2026-01-12,2026-01-17
SH005328,O005328,W012,XpressBees,Delivered,2026-01-05,2026-01-12
SH005329,O005329,W011,India Post,In Transit,2026-04-27,2026-04-28
SH005330,O005330,W003,Blue Dart,In Transit,2025-08-22,2025-08-29
SH005331,O005331,W006,Ekart,Delivered,2026-04-22,2026-04-24
SH005332,O005332,W016,DTDC,Delivered,2025-10-18,2025-10-23
SH005333,O005333,W013,DTDC,In Transit,2025-09-17,2025-09-23
SH005334,O005334,W015,Delhivery,Delayed,2025-08-18,2025-08-21
SH005335,O005335,W013,India Post,Delayed,2026-03-27,2026-03-31
SH005336,O005336,W004,India Post,Delivered,2025-09-29,2025-10-01
SH005337,O005337,W001,India Post,In Transit,2025-11-15,2025-11-16
SH005338,O005338,W008,DTDC,In Transit,2025-11-13,2025-11-14
SH005339,O005339,W002,Delhivery,Delivered,2025-11-29,2025-12-04
SH005340,O005340,W019,India Post,Delayed,2025-10-15,2025-10-22
SH005341,O005341,W008,Delhivery,Delayed,2026-01-18,2026-01-20
SH005342,O005342,W004,Blue Dart,Delivered,2026-07-28,2026-08-01
SH005343,O005343,W019,XpressBees,Delivered,2026-03-14,2026-03-17
SH005344,O005344,W014,Blue Dart,Delivered,2026-08-01,2026-08-05
SH005345,O005345,W008,XpressBees,In Transit,2025-08-30,2025-09-06
SH005346,O005346,W003,India Post,Delivered,2026-02-13,2026-02-19
SH005347,O005347,W001,Delhivery,Delayed,2025-09-19,2025-09-26
SH005348,O005348,W014,XpressBees,Delivered,2025-12-01,2025-12-06
SH005349,O005349,W006,DTDC,Delayed,2026-03-03,2026-03-09
SH005350,O005350,W001,Blue Dart,Delivered,2026-06-05,2026-06-07
SH005351,O005351,W018,Delhivery,Delivered,2026-07-29,2026-08-03
SH005352,O005352,W001,India Post,In Transit,2026-04-12,2026-04-16
SH005353,O005353,W020,India Post,In Transit,2025-10-31,2025-11-03
SH005354,O005354,W005,Delhivery,In Transit,2026-07-28,2026-08-01
SH005355,O005355,W019,DTDC,Delivered,2026-06-19,2026-06-25
SH005356,O005356,W017,XpressBees,Delayed,2025-09-24,2025-09-27
SH005357,O005357,W014,Blue Dart,Delivered,2026-02-14,2026-02-15
SH005358,O005358,W018,Ekart,In Transit,2026-05-15,2026-05-18
SH005359,O005359,W002,Delhivery,Delivered,2026-08-05,2026-08-10
SH005360,O005360,W004,Ekart,In Transit,2026-05-01,2026-05-03
SH005361,O005361,W018,India Post,Delivered,2025-10-28,2025-11-01
SH005362,O005362,W011,Blue Dart,Delivered,2025-11-04,2025-11-05
SH005363,O005363,W017,Ekart,Delayed,2025-08-31,2025-09-05
SH005364,O005364,W005,XpressBees,In Transit,2025-11-12,2025-11-18
SH005365,O005365,W011,Delhivery,Delayed,2026-02-03,2026-02-10
SH005366,O005366,W004,DTDC,In Transit,2026-03-31,2026-04-06
SH005367,O005367,W001,Delhivery,Delivered,2025-11-22,2025-11-26
SH005368,O005368,W018,Delhivery,Delivered,2025-12-14,2025-12-17
SH005369,O005369,W008,Blue Dart,In Transit,2025-09-10,2025-09-16
SH005370,O005370,W020,XpressBees,Delivered,2026-03-20,2026-03-25
SH005371,O005371,W016,India Post,Delivered,2025-09-02,2025-09-05
SH005372,O005372,W009,DTDC,Delivered,2025-09-27,2025-10-02
SH005373,O005373,W018,DTDC,In Transit,2025-09-21,2025-09-24
SH005374,O005374,W011,Delhivery,In Transit,2025-10-07,2025-10-09
SH005375,O005375,W016,DTDC,Delayed,2025-09-20,2025-09-24
SH005376,O005376,W010,India Post,In Transit,2026-01-04,2026-01-08
SH005377,O005377,W010,Blue Dart,In Transit,2025-08-16,2025-08-22
SH005378,O005378,W004,XpressBees,Delivered,2026-02-25,2026-03-04
SH005379,O005379,W008,DTDC,Delivered,2026-03-09,2026-03-12
SH005380,O005380,W006,Delhivery,Delivered,2026-04-06,2026-04-08
SH005381,O005381,W001,XpressBees,Delayed,2025-10-08,2025-10-09
SH005382,O005382,W016,India Post,Delayed,2025-08-26,2025-08-31
SH005383,O005383,W009,Ekart,Delivered,2025-12-31,2026-01-05
SH005384,O005384,W003,India Post,Delivered,2026-06-13,2026-06-15
SH005385,O005385,W004,India Post,Delivered,2026-03-11,2026-03-16
SH005386,O005386,W013,India Post,In Transit,2026-02-06,2026-02-08
SH005387,O005387,W004,DTDC,Delayed,2025-12-09,2025-12-10
SH005388,O005388,W009,XpressBees,In Transit,2025-08-23,2025-08-26
SH005389,O005389,W012,Ekart,Delayed,2025-10-12,2025-10-14
SH005390,O005390,W014,DTDC,In Transit,2026-07-04,2026-07-05
SH005391,O005391,W003,Ekart,Delayed,2025-12-09,2025-12-11
SH005392,O005392,W002,XpressBees,In Transit,2025-10-27,2025-10-28
SH005393,O005393,W013,India Post,In Transit,2026-03-31,2026-04-06
SH005394,O005394,W019,Ekart,Delayed,2026-07-25,2026-07-31
SH005395,O005395,W019,Ekart,In Transit,2025-11-21,2025-11-28
SH005396,O005396,W006,Blue Dart,Delivered,2025-11-19,2025-11-23
SH005397,O005397,W003,Blue Dart,Delayed,2026-06-23,2026-06-29
SH005398,O005398,W015,Ekart,Delayed,2025-10-31,2025-11-02
SH005399,O005399,W019,DTDC,Delayed,2025-10-21,2025-10-28
SH005400,O005400,W007,India Post,In Transit,2026-07-12,2026-07-13
SH005401,O005401,W005,Ekart,Delivered,2026-07-29,2026-08-02
SH005402,O005402,W015,Blue Dart,Delayed,2025-08-29,2025-08-30
SH005403,O005403,W013,Delhivery,Delivered,2026-06-10,2026-06-11
SH005404,O005404,W017,Ekart,Delivered,2025-09-04,2025-09-09
SH005405,O005405,W013,DTDC,Delivered,2026-05-23,2026-05-26
SH005406,O005406,W007,Blue Dart,Delivered,2026-02-20,2026-02-26
SH005407,O005407,W016,Delhivery,Delivered,2026-03-16,2026-03-19
SH005408,O005408,W007,Ekart,In Transit,2026-05-09,2026-05-11
SH005409,O005409,W008,DTDC,In Transit,2025-10-08,2025-10-10
SH005410,O005410,W010,India Post,Delayed,2026-07-04,2026-07-07
SH005411,O005411,W016,XpressBees,In Transit,2026-07-05,2026-07-06
SH005412,O005412,W003,Ekart,Delayed,2026-06-03,2026-06-04
SH005413,O005413,W012,Ekart,In Transit,2026-05-21,2026-05-23
SH005414,O005414,W015,Ekart,Delivered,2026-02-06,2026-02-12
SH005415,O005415,W003,Delhivery,Delivered,2026-03-04,2026-03-11
SH005416,O005416,W017,Ekart,Delayed,2026-05-30,2026-06-01
SH005417,O005417,W001,DTDC,In Transit,2026-07-18,2026-07-21
SH005418,O005418,W009,Blue Dart,Delayed,2026-07-18,2026-07-25
SH005419,O005419,W014,Delhivery,Delivered,2025-11-02,2025-11-08
SH005420,O005420,W006,Blue Dart,Delayed,2025-09-11,2025-09-14
SH005421,O005421,W019,DTDC,In Transit,2026-06-03,2026-06-06
SH005422,O005422,W010,Ekart,In Transit,2026-02-04,2026-02-08
SH005423,O005423,W006,India Post,Delivered,2026-02-17,2026-02-22
SH005424,O005424,W011,DTDC,Delivered,2026-07-18,2026-07-20
SH005425,O005425,W019,DTDC,In Transit,2026-05-27,2026-06-02
SH005426,O005426,W005,Delhivery,Delayed,2026-01-02,2026-01-08
SH005427,O005427,W008,DTDC,Delivered,2026-04-20,2026-04-21
SH005428,O005428,W011,DTDC,Delayed,2026-01-13,2026-01-14
SH005429,O005429,W012,Blue Dart,In Transit,2026-07-25,2026-07-30
SH005430,O005430,W020,XpressBees,Delivered,2025-08-24,2025-08-31
SH005431,O005431,W004,Blue Dart,Delivered,2026-01-10,2026-01-13
SH005432,O005432,W007,XpressBees,Delayed,2026-05-24,2026-05-26
SH005433,O005433,W019,Delhivery,Delivered,2025-11-25,2025-12-02
SH005434,O005434,W018,Ekart,Delivered,2026-05-15,2026-05-20
SH005435,O005435,W014,India Post,Delivered,2025-11-21,2025-11-25
SH005436,O005436,W020,India Post,Delivered,2026-05-13,2026-05-18
SH005437,O005437,W010,Ekart,Delivered,2025-11-14,2025-11-21
SH005438,O005438,W004,Blue Dart,Delivered,2026-07-31,2026-08-04
SH005439,O005439,W013,DTDC,Delivered,2026-06-08,2026-06-09
SH005440,O005440,W014,XpressBees,Delayed,2025-11-27,2025-12-01
SH005441,O005441,W017,Delhivery,Delivered,2025-10-22,2025-10-28
SH005442,O005442,W007,XpressBees,In Transit,2026-01-16,2026-01-20
SH005443,O005443,W007,Delhivery,Delivered,2025-10-09,2025-10-12
SH005444,O005444,W017,DTDC,Delivered,2025-09-29,2025-10-03
SH005445,O005445,W014,Blue Dart,In Transit,2025-09-24,2025-09-26
SH005446,O005446,W001,Ekart,In Transit,2026-05-09,2026-05-14
SH005447,O005447,W006,India Post,In Transit,2026-03-22,2026-03-25
SH005448,O005448,W010,DTDC,Delivered,2025-09-26,2025-09-28
SH005449,O005449,W013,India Post,Delayed,2025-09-03,2025-09-10
SH005450,O005450,W012,Delhivery,Delivered,2026-06-15,2026-06-19
SH005451,O005451,W007,Delhivery,Delivered,2026-06-27,2026-07-03
SH005452,O005452,W013,Ekart,In Transit,2026-02-03,2026-02-06
SH005453,O005453,W012,Blue Dart,Delayed,2026-07-09,2026-07-16
SH005454,O005454,W019,India Post,Delayed,2025-10-03,2025-10-04
SH005455,O005455,W020,Delhivery,In Transit,2026-01-07,2026-01-12
SH005456,O005456,W013,Delhivery,In Transit,2025-12-24,2025-12-27
SH005457,O005457,W001,India Post,Delivered,2025-12-22,2025-12-23
SH005458,O005458,W012,Blue Dart,Delivered,2026-04-28,2026-04-29
SH005459,O005459,W007,Ekart,In Transit,2026-01-01,2026-01-04
SH005460,O005460,W019,Delhivery,Delivered,2026-01-06,2026-01-11
SH005461,O005461,W020,Delhivery,Delivered,2025-10-12,2025-10-19
SH005462,O005462,W015,Delhivery,Delayed,2025-12-13,2025-12-17
SH005463,O005463,W017,Blue Dart,Delayed,2025-08-31,2025-09-07
SH005464,O005464,W018,India Post,Delivered,2026-04-18,2026-04-19
SH005465,O005465,W020,Ekart,Delivered,2026-01-31,2026-02-01
SH005466,O005466,W002,Delhivery,In Transit,2026-05-12,2026-05-19
SH005467,O005467,W013,Blue Dart,Delayed,2026-02-07,2026-02-14
SH005468,O005468,W005,XpressBees,In Transit,2026-02-26,2026-02-27
SH005469,O005469,W013,Ekart,Delivered,2025-10-25,2025-10-31
SH005470,O005470,W013,Ekart,Delivered,2025-09-07,2025-09-08
SH005471,O005471,W017,XpressBees,Delivered,2026-05-06,2026-05-13
SH005472,O005472,W004,India Post,Delivered,2026-02-04,2026-02-07
SH005473,O005473,W016,DTDC,In Transit,2025-10-14,2025-10-21
SH005474,O005474,W016,DTDC,In Transit,2026-02-09,2026-02-13
SH005475,O005475,W004,Delhivery,In Transit,2026-05-15,2026-05-17
SH005476,O005476,W006,Ekart,Delayed,2026-05-26,2026-05-29
SH005477,O005477,W007,Blue Dart,In Transit,2026-06-21,2026-06-23
SH005478,O005478,W012,Ekart,Delayed,2026-01-03,2026-01-08
SH005479,O005479,W012,XpressBees,Delivered,2026-05-10,2026-05-13
SH005480,O005480,W006,Ekart,Delayed,2026-07-22,2026-07-28
SH005481,O005481,W017,Ekart,Delivered,2026-01-17,2026-01-23
SH005482,O005482,W003,India Post,In Transit,2025-09-14,2025-09-17
SH005483,O005483,W005,India Post,Delayed,2026-05-19,2026-05-21
SH005484,O005484,W005,Ekart,Delayed,2026-01-18,2026-01-25
SH005485,O005485,W010,Delhivery,Delayed,2026-04-21,2026-04-22
SH005486,O005486,W016,DTDC,Delivered,2026-03-15,2026-03-22
SH005487,O005487,W018,XpressBees,In Transit,2026-04-02,2026-04-03
SH005488,O005488,W002,India Post,Delivered,2025-10-25,2025-10-26
SH005489,O005489,W001,Delhivery,Delivered,2026-05-10,2026-05-13
SH005490,O005490,W008,DTDC,Delivered,2026-01-13,2026-01-20
SH005491,O005491,W016,Ekart,Delayed,2026-06-26,2026-06-27
SH005492,O005492,W005,Delhivery,In Transit,2026-03-04,2026-03-09
SH005493,O005493,W007,DTDC,Delayed,2025-08-19,2025-08-24
SH005494,O005494,W009,Blue Dart,In Transit,2026-07-20,2026-07-21
SH005495,O005495,W013,XpressBees,In Transit,2026-06-14,2026-06-17
SH005496,O005496,W010,India Post,In Transit,2025-12-01,2025-12-06
SH005497,O005497,W002,XpressBees,In Transit,2026-03-24,2026-03-30
SH005498,O005498,W003,Blue Dart,In Transit,2025-09-14,2025-09-17
SH005499,O005499,W015,XpressBees,In Transit,2026-02-13,2026-02-16
SH005500,O005500,W001,DTDC,Delayed,2026-03-20,2026-03-22
SH005501,O005501,W004,India Post,In Transit,2026-01-16,2026-01-21
SH005502,O005502,W012,Delhivery,In Transit,2025-09-07,2025-09-10
SH005503,O005503,W017,DTDC,In Transit,2026-06-25,2026-07-02
SH005504,O005504,W014,Ekart,In Transit,2026-06-29,2026-07-04
SH005505,O005505,W006,XpressBees,Delayed,2026-01-28,2026-01-30
SH005506,O005506,W012,Delhivery,Delayed,2026-05-28,2026-05-31
SH005507,O005507,W020,Ekart,In Transit,2026-03-10,2026-03-11
SH005508,O005508,W002,India Post,Delivered,2026-05-19,2026-05-23
SH005509,O005509,W002,XpressBees,Delayed,2025-11-20,2025-11-23
SH005510,O005510,W019,DTDC,Delayed,2026-03-08,2026-03-11
SH005511,O005511,W002,India Post,In Transit,2026-07-12,2026-07-18
SH005512,O005512,W011,XpressBees,Delivered,2025-10-05,2025-10-08
SH005513,O005513,W017,India Post,Delayed,2025-08-24,2025-08-31
SH005514,O005514,W014,XpressBees,Delivered,2025-11-20,2025-11-23
SH005515,O005515,W011,Delhivery,In Transit,2026-06-26,2026-07-03
SH005516,O005516,W005,India Post,Delivered,2025-09-23,2025-09-26
SH005517,O005517,W002,Delhivery,In Transit,2026-02-28,2026-03-02
SH005518,O005518,W017,Ekart,Delivered,2025-11-27,2025-11-28
SH005519,O005519,W009,Blue Dart,In Transit,2026-01-29,2026-01-30
SH005520,O005520,W003,Ekart,In Transit,2026-04-02,2026-04-03
SH005521,O005521,W007,India Post,Delivered,2026-01-15,2026-01-21
SH005522,O005522,W002,Blue Dart,Delivered,2026-04-16,2026-04-20
SH005523,O005523,W020,XpressBees,In Transit,2025-11-04,2025-11-10
SH005524,O005524,W009,DTDC,In Transit,2025-10-05,2025-10-10
SH005525,O005525,W010,Delhivery,Delayed,2026-06-12,2026-06-19
SH005526,O005526,W003,Blue Dart,In Transit,2026-02-15,2026-02-21
SH005527,O005527,W011,Ekart,Delayed,2025-11-28,2025-11-29
SH005528,O005528,W015,India Post,Delivered,2025-09-13,2025-09-19
SH005529,O005529,W009,India Post,Delayed,2025-12-30,2026-01-03
SH005530,O005530,W001,Delhivery,In Transit,2026-07-07,2026-07-09
SH005531,O005531,W005,DTDC,Delayed,2026-04-30,2026-05-04
SH005532,O005532,W016,Ekart,In Transit,2025-08-13,2025-08-14
SH005533,O005533,W014,Delhivery,In Transit,2025-11-04,2025-11-07
SH005534,O005534,W018,XpressBees,In Transit,2026-03-24,2026-03-29
SH005535,O005535,W007,Blue Dart,Delayed,2025-08-11,2025-08-13
SH005536,O005536,W018,Ekart,Delayed,2025-11-25,2025-11-26
SH005537,O005537,W007,Blue Dart,Delayed,2025-08-16,2025-08-19
SH005538,O005538,W015,Ekart,In Transit,2026-02-02,2026-02-07
SH005539,O005539,W020,Blue Dart,In Transit,2026-06-16,2026-06-18
SH005540,O005540,W006,DTDC,Delayed,2026-08-05,2026-08-09
SH005541,O005541,W007,Delhivery,In Transit,2026-07-12,2026-07-16
SH005542,O005542,W014,Ekart,Delivered,2026-04-09,2026-04-12
SH005543,O005543,W013,DTDC,In Transit,2025-12-03,2025-12-04
SH005544,O005544,W001,DTDC,Delayed,2026-05-30,2026-06-01
SH005545,O005545,W012,DTDC,In Transit,2026-06-11,2026-06-15
SH005546,O005546,W008,Delhivery,Delivered,2026-07-26,2026-07-29
SH005547,O005547,W006,Delhivery,Delayed,2026-03-17,2026-03-19
SH005548,O005548,W018,Delhivery,Delivered,2026-05-25,2026-05-31
SH005549,O005549,W007,XpressBees,Delayed,2026-06-07,2026-06-14
SH005550,O005550,W020,DTDC,Delivered,2025-08-20,2025-08-23
SH005551,O005551,W011,XpressBees,In Transit,2025-08-27,2025-09-01
SH005552,O005552,W005,Ekart,Delivered,2026-01-20,2026-01-25
SH005553,O005553,W004,Blue Dart,In Transit,2026-01-13,2026-01-18
SH005554,O005554,W016,Delhivery,In Transit,2026-04-14,2026-04-16
SH005555,O005555,W002,Blue Dart,In Transit,2026-02-18,2026-02-20
SH005556,O005556,W014,Delhivery,In Transit,2026-03-19,2026-03-21
SH005557,O005557,W020,Delhivery,Delivered,2026-06-26,2026-06-27
SH005558,O005558,W007,Blue Dart,Delivered,2026-03-09,2026-03-15
SH005559,O005559,W009,XpressBees,Delivered,2026-05-20,2026-05-27
SH005560,O005560,W015,Blue Dart,Delivered,2025-11-14,2025-11-17
SH005561,O005561,W014,DTDC,In Transit,2026-06-29,2026-06-30
SH005562,O005562,W003,Ekart,In Transit,2025-08-21,2025-08-23
SH005563,O005563,W014,Blue Dart,In Transit,2026-02-12,2026-02-17
SH005564,O005564,W002,XpressBees,In Transit,2026-01-21,2026-01-27
SH005565,O005565,W007,DTDC,Delivered,2026-05-16,2026-05-22
SH005566,O005566,W005,XpressBees,Delayed,2026-06-10,2026-06-11
SH005567,O005567,W007,Blue Dart,Delivered,2025-11-29,2025-11-30
SH005568,O005568,W018,Blue Dart,In Transit,2026-04-15,2026-04-20
SH005569,O005569,W007,XpressBees,Delayed,2026-06-16,2026-06-23
SH005570,O005570,W001,Ekart,Delayed,2026-02-01,2026-02-03
SH005571,O005571,W011,Blue Dart,Delayed,2026-01-21,2026-01-25
SH005572,O005572,W012,India Post,Delayed,2026-07-03,2026-07-07
SH005573,O005573,W008,India Post,Delayed,2026-02-15,2026-02-20
SH005574,O005574,W003,Blue Dart,Delivered,2026-04-27,2026-05-04
SH005575,O005575,W012,Ekart,In Transit,2026-01-01,2026-01-03
SH005576,O005576,W019,DTDC,Delivered,2026-07-28,2026-08-03
SH005577,O005577,W006,Blue Dart,Delivered,2026-02-25,2026-03-01
SH005578,O005578,W015,India Post,Delivered,2026-01-25,2026-01-29
SH005579,O005579,W015,Ekart,In Transit,2026-07-28,2026-08-04
SH005580,O005580,W009,Delhivery,In Transit,2025-10-22,2025-10-29
SH005581,O005581,W014,India Post,Delayed,2025-10-05,2025-10-11
SH005582,O005582,W018,XpressBees,Delayed,2025-09-12,2025-09-17
SH005583,O005583,W009,XpressBees,Delivered,2026-07-01,2026-07-02
SH005584,O005584,W003,DTDC,Delivered,2026-07-18,2026-07-19
SH005585,O005585,W005,DTDC,Delivered,2026-01-15,2026-01-17
SH005586,O005586,W015,India Post,In Transit,2025-08-28,2025-09-03
SH005587,O005587,W010,XpressBees,Delivered,2026-01-16,2026-01-18
SH005588,O005588,W009,India Post,Delivered,2026-04-24,2026-04-28
SH005589,O005589,W003,Ekart,In Transit,2026-01-13,2026-01-14
SH005590,O005590,W001,XpressBees,Delayed,2026-01-21,2026-01-25
SH005591,O005591,W019,Ekart,In Transit,2025-10-24,2025-10-25
SH005592,O005592,W013,India Post,In Transit,2026-07-02,2026-07-05
SH005593,O005593,W017,Blue Dart,Delivered,2026-05-21,2026-05-22
SH005594,O005594,W004,Delhivery,In Transit,2026-05-22,2026-05-29
SH005595,O005595,W007,Ekart,In Transit,2026-01-14,2026-01-19
SH005596,O005596,W003,Blue Dart,Delayed,2026-06-03,2026-06-10
SH005597,O005597,W019,Blue Dart,Delivered,2026-04-29,2026-05-04
SH005598,O005598,W016,Ekart,Delayed,2025-12-26,2025-12-28
SH005599,O005599,W014,XpressBees,Delivered,2025-12-25,2025-12-30
SH005600,O005600,W020,Delhivery,Delivered,2026-03-01,2026-03-07
SH005601,O005601,W017,Ekart,In Transit,2025-12-10,2025-12-14
SH005602,O005602,W018,Blue Dart,In Transit,2025-09-22,2025-09-28
SH005603,O005603,W019,Ekart,Delayed,2026-06-13,2026-06-18
SH005604,O005604,W015,DTDC,Delivered,2026-04-06,2026-04-08
SH005605,O005605,W019,Blue Dart,In Transit,2026-03-04,2026-03-06
SH005606,O005606,W018,DTDC,Delivered,2026-04-22,2026-04-27
SH005607,O005607,W008,India Post,In Transit,2026-06-07,2026-06-12
SH005608,O005608,W010,Blue Dart,In Transit,2025-12-11,2025-12-17
SH005609,O005609,W011,Ekart,In Transit,2026-05-23,2026-05-26
SH005610,O005610,W004,Blue Dart,Delayed,2025-08-17,2025-08-20
SH005611,O005611,W008,DTDC,Delivered,2025-08-28,2025-09-04
SH005612,O005612,W016,Ekart,In Transit,2026-02-21,2026-02-22
SH005613,O005613,W003,Delhivery,Delayed,2026-04-26,2026-05-01
SH005614,O005614,W020,DTDC,Delayed,2026-07-15,2026-07-22
SH005615,O005615,W002,DTDC,Delayed,2026-05-17,2026-05-20
SH005616,O005616,W006,Delhivery,Delayed,2026-05-03,2026-05-10
SH005617,O005617,W013,India Post,Delayed,2025-10-03,2025-10-09
SH005618,O005618,W003,India Post,Delivered,2025-12-15,2025-12-17
SH005619,O005619,W018,XpressBees,Delayed,2025-09-21,2025-09-27
SH005620,O005620,W003,Delhivery,Delivered,2026-03-16,2026-03-19
SH005621,O005621,W017,Blue Dart,Delayed,2025-08-25,2025-09-01
SH005622,O005622,W010,India Post,In Transit,2025-12-09,2025-12-16
SH005623,O005623,W020,Delhivery,Delivered,2026-03-06,2026-03-12
SH005624,O005624,W014,XpressBees,Delivered,2025-09-05,2025-09-10
SH005625,O005625,W017,Blue Dart,In Transit,2026-06-04,2026-06-06
SH005626,O005626,W006,DTDC,Delayed,2025-11-25,2025-11-29
SH005627,O005627,W017,Blue Dart,In Transit,2026-05-25,2026-05-30
SH005628,O005628,W011,DTDC,Delayed,2026-04-30,2026-05-01
SH005629,O005629,W003,XpressBees,In Transit,2025-08-25,2025-08-26
SH005630,O005630,W019,DTDC,Delayed,2025-08-31,2025-09-05
SH005631,O005631,W005,Delhivery,In Transit,2025-09-09,2025-09-10
SH005632,O005632,W010,Blue Dart,In Transit,2026-01-06,2026-01-13
SH005633,O005633,W008,Delhivery,Delayed,2026-06-13,2026-06-19
SH005634,O005634,W015,Delhivery,Delayed,2025-10-21,2025-10-24
SH005635,O005635,W001,India Post,In Transit,2026-03-07,2026-03-09
SH005636,O005636,W010,Blue Dart,In Transit,2026-06-25,2026-07-01
SH005637,O005637,W002,India Post,Delayed,2025-08-10,2025-08-17
SH005638,O005638,W016,Ekart,In Transit,2026-03-09,2026-03-16
SH005639,O005639,W001,Blue Dart,In Transit,2026-05-27,2026-05-28
SH005640,O005640,W012,XpressBees,In Transit,2025-09-15,2025-09-16
SH005641,O005641,W001,XpressBees,Delayed,2025-12-07,2025-12-08
SH005642,O005642,W011,Blue Dart,In Transit,2025-11-13,2025-11-17
SH005643,O005643,W005,Delhivery,Delivered,2026-07-03,2026-07-04
SH005644,O005644,W014,Delhivery,Delayed,2025-08-10,2025-08-14
SH005645,O005645,W013,Ekart,Delayed,2025-10-25,2025-10-27
SH005646,O005646,W019,DTDC,In Transit,2025-12-06,2025-12-12
SH005647,O005647,W009,Ekart,Delivered,2026-03-07,2026-03-13
SH005648,O005648,W003,Blue Dart,Delivered,2025-10-06,2025-10-07
SH005649,O005649,W019,Ekart,Delayed,2026-02-18,2026-02-20
SH005650,O005650,W002,XpressBees,Delayed,2026-04-30,2026-05-06
SH005651,O005651,W007,India Post,In Transit,2025-10-01,2025-10-06
SH005652,O005652,W011,India Post,Delayed,2026-04-16,2026-04-18
SH005653,O005653,W020,XpressBees,In Transit,2025-08-25,2025-08-26
SH005654,O005654,W003,Delhivery,Delivered,2026-01-27,2026-02-02
SH005655,O005655,W017,Blue Dart,In Transit,2026-07-08,2026-07-14
SH005656,O005656,W016,XpressBees,Delivered,2025-12-16,2025-12-19
SH005657,O005657,W002,XpressBees,Delivered,2026-05-22,2026-05-27
SH005658,O005658,W011,Blue Dart,Delivered,2025-09-20,2025-09-24
SH005659,O005659,W003,Ekart,In Transit,2025-12-17,2025-12-18
SH005660,O005660,W009,Ekart,Delayed,2026-07-17,2026-07-18
SH005661,O005661,W001,India Post,Delayed,2026-01-06,2026-01-10
SH005662,O005662,W014,DTDC,Delivered,2025-10-06,2025-10-11
SH005663,O005663,W007,India Post,Delivered,2025-11-25,2025-11-27
SH005664,O005664,W010,DTDC,Delivered,2026-07-06,2026-07-09
SH005665,O005665,W003,Ekart,Delayed,2026-07-13,2026-07-19
SH005666,O005666,W020,XpressBees,Delayed,2026-05-23,2026-05-24
SH005667,O005667,W005,Ekart,In Transit,2026-04-17,2026-04-19
SH005668,O005668,W012,DTDC,Delivered,2026-06-10,2026-06-16
SH005669,O005669,W012,Delhivery,Delivered,2025-08-10,2025-08-11
SH005670,O005670,W012,DTDC,Delivered,2025-09-03,2025-09-09
SH005671,O005671,W013,Delhivery,Delivered,2026-04-16,2026-04-17
SH005672,O005672,W009,XpressBees,Delivered,2025-11-25,2025-11-28
SH005673,O005673,W001,Delhivery,Delayed,2026-05-13,2026-05-20
SH005674,O005674,W001,DTDC,Delayed,2026-02-09,2026-02-12
SH005675,O005675,W018,DTDC,In Transit,2025-08-19,2025-08-20
SH005676,O005676,W017,XpressBees,Delivered,2026-07-28,2026-08-01
SH005677,O005677,W019,Delhivery,Delayed,2025-11-30,2025-12-07
SH005678,O005678,W014,Blue Dart,In Transit,2025-12-28,2026-01-01
SH005679,O005679,W011,DTDC,Delivered,2026-02-01,2026-02-06
SH005680,O005680,W013,Ekart,Delivered,2025-08-29,2025-09-04
SH005681,O005681,W015,XpressBees,In Transit,2026-02-03,2026-02-04
SH005682,O005682,W015,DTDC,Delayed,2026-05-24,2026-05-29
SH005683,O005683,W003,Delhivery,In Transit,2025-08-14,2025-08-15
SH005684,O005684,W020,Blue Dart,Delayed,2026-04-14,2026-04-21
SH005685,O005685,W013,Delhivery,In Transit,2026-01-11,2026-01-18
SH005686,O005686,W008,Blue Dart,In Transit,2026-07-05,2026-07-08
SH005687,O005687,W010,XpressBees,Delivered,2025-11-04,2025-11-06
SH005688,O005688,W018,India Post,Delayed,2025-12-24,2025-12-27
SH005689,O005689,W004,DTDC,Delayed,2026-01-07,2026-01-11
SH005690,O005690,W017,DTDC,Delivered,2025-11-12,2025-11-17
SH005691,O005691,W012,Blue Dart,Delivered,2025-11-01,2025-11-05
SH005692,O005692,W006,Delhivery,In Transit,2026-07-20,2026-07-22
SH005693,O005693,W014,Ekart,Delayed,2026-03-24,2026-03-31
SH005694,O005694,W019,XpressBees,Delayed,2026-05-26,2026-05-27
SH005695,O005695,W020,XpressBees,Delivered,2026-05-28,2026-06-01
SH005696,O005696,W019,Delhivery,Delivered,2026-05-07,2026-05-14
SH005697,O005697,W018,India Post,In Transit,2025-11-13,2025-11-17
SH005698,O005698,W006,India Post,Delivered,2026-03-21,2026-03-27
SH005699,O005699,W003,Delhivery,Delayed,2026-04-13,2026-04-15
SH005700,O005700,W020,DTDC,In Transit,2026-06-16,2026-06-17
SH005701,O005701,W007,Ekart,In Transit,2026-06-16,2026-06-23
SH005702,O005702,W020,Blue Dart,Delayed,2025-09-19,2025-09-20
SH005703,O005703,W007,XpressBees,Delivered,2025-11-05,2025-11-06
SH005704,O005704,W018,Delhivery,Delivered,2025-10-05,2025-10-08
SH005705,O005705,W007,XpressBees,Delayed,2026-02-22,2026-02-28
SH005706,O005706,W016,Delhivery,Delayed,2026-06-24,2026-06-28
SH005707,O005707,W014,XpressBees,In Transit,2026-02-15,2026-02-22
SH005708,O005708,W013,Blue Dart,Delivered,2026-07-14,2026-07-21
SH005709,O005709,W017,India Post,Delivered,2026-02-20,2026-02-27
SH005710,O005710,W012,DTDC,Delivered,2026-01-03,2026-01-05
SH005711,O005711,W001,India Post,In Transit,2026-02-12,2026-02-17
SH005712,O005712,W011,Ekart,Delivered,2025-09-06,2025-09-09
SH005713,O005713,W007,Blue Dart,Delayed,2026-02-06,2026-02-07
SH005714,O005714,W002,Delhivery,Delayed,2025-11-03,2025-11-10
SH005715,O005715,W007,India Post,Delivered,2026-03-19,2026-03-24
SH005716,O005716,W008,DTDC,In Transit,2025-11-04,2025-11-05
SH005717,O005717,W010,DTDC,Delayed,2026-01-02,2026-01-09
SH005718,O005718,W005,DTDC,Delayed,2026-08-01,2026-08-04
SH005719,O005719,W017,DTDC,In Transit,2025-08-07,2025-08-08
SH005720,O005720,W011,XpressBees,Delivered,2026-04-15,2026-04-22
SH005721,O005721,W011,India Post,Delayed,2026-03-21,2026-03-26
SH005722,O005722,W011,DTDC,Delivered,2026-02-21,2026-02-24
SH005723,O005723,W015,Delhivery,Delayed,2025-09-25,2025-09-26
SH005724,O005724,W003,DTDC,In Transit,2025-10-10,2025-10-14
SH005725,O005725,W011,DTDC,In Transit,2026-06-21,2026-06-26
SH005726,O005726,W016,Ekart,Delayed,2026-07-31,2026-08-02
SH005727,O005727,W010,DTDC,Delayed,2025-09-16,2025-09-20
SH005728,O005728,W014,Blue Dart,In Transit,2025-12-10,2025-12-11
SH005729,O005729,W019,Blue Dart,In Transit,2025-08-28,2025-09-01
SH005730,O005730,W009,XpressBees,In Transit,2026-05-12,2026-05-15
SH005731,O005731,W002,XpressBees,Delivered,2026-06-02,2026-06-08
SH005732,O005732,W005,Ekart,Delivered,2025-09-25,2025-09-29
SH005733,O005733,W015,Delhivery,Delivered,2025-08-15,2025-08-21
SH005734,O005734,W006,India Post,Delivered,2026-05-18,2026-05-23
SH005735,O005735,W008,Delhivery,Delivered,2026-02-16,2026-02-19
SH005736,O005736,W003,India Post,Delivered,2025-08-31,2025-09-04
SH005737,O005737,W015,DTDC,Delivered,2026-07-04,2026-07-09
SH005738,O005738,W010,Ekart,Delayed,2026-06-21,2026-06-24
SH005739,O005739,W009,Delhivery,Delayed,2025-10-08,2025-10-10
SH005740,O005740,W006,Ekart,Delivered,2026-03-23,2026-03-29
SH005741,O005741,W009,DTDC,Delayed,2025-09-16,2025-09-19
SH005742,O005742,W009,Ekart,Delayed,2025-10-03,2025-10-10
SH005743,O005743,W012,DTDC,In Transit,2026-04-15,2026-04-19
SH005744,O005744,W015,India Post,Delivered,2026-05-13,2026-05-14
SH005745,O005745,W020,DTDC,In Transit,2025-10-27,2025-11-01
SH005746,O005746,W018,Blue Dart,Delayed,2025-10-14,2025-10-17
SH005747,O005747,W015,India Post,Delayed,2026-04-01,2026-04-05
SH005748,O005748,W004,Blue Dart,Delivered,2025-09-14,2025-09-15
SH005749,O005749,W004,India Post,Delivered,2026-06-20,2026-06-22
SH005750,O005750,W007,Blue Dart,In Transit,2025-09-20,2025-09-25
SH005751,O005751,W015,Ekart,In Transit,2026-05-29,2026-06-02
SH005752,O005752,W013,India Post,In Transit,2026-04-03,2026-04-08
SH005753,O005753,W018,XpressBees,In Transit,2026-04-10,2026-04-11
SH005754,O005754,W016,Ekart,In Transit,2025-08-31,2025-09-05
SH005755,O005755,W011,Blue Dart,Delayed,2026-02-09,2026-02-11
SH005756,O005756,W001,XpressBees,Delayed,2026-04-22,2026-04-25
SH005757,O005757,W010,Delhivery,Delayed,2026-04-26,2026-05-01
SH005758,O005758,W017,Delhivery,In Transit,2025-09-01,2025-09-08
SH005759,O005759,W007,Delhivery,In Transit,2025-10-28,2025-10-30
SH005760,O005760,W016,Delhivery,Delayed,2025-09-14,2025-09-19
SH005761,O005761,W015,DTDC,In Transit,2026-03-05,2026-03-06
SH005762,O005762,W012,DTDC,In Transit,2025-12-06,2025-12-09
SH005763,O005763,W001,Blue Dart,Delayed,2025-11-12,2025-11-13
SH005764,O005764,W009,XpressBees,Delayed,2026-07-19,2026-07-23
SH005765,O005765,W007,Delhivery,In Transit,2026-02-13,2026-02-19
SH005766,O005766,W011,DTDC,Delivered,2026-02-08,2026-02-14
SH005767,O005767,W016,India Post,Delivered,2026-06-19,2026-06-25
SH005768,O005768,W003,Ekart,In Transit,2026-04-29,2026-05-04
SH005769,O005769,W017,Delhivery,In Transit,2026-02-25,2026-03-01
SH005770,O005770,W013,XpressBees,In Transit,2026-02-02,2026-02-06
SH005771,O005771,W016,DTDC,In Transit,2026-04-08,2026-04-13
SH005772,O005772,W007,DTDC,Delayed,2026-03-26,2026-03-28
SH005773,O005773,W007,XpressBees,Delayed,2026-02-02,2026-02-08
SH005774,O005774,W016,India Post,Delayed,2026-03-20,2026-03-25
SH005775,O005775,W010,Delhivery,Delayed,2025-11-21,2025-11-26
SH005776,O005776,W005,DTDC,In Transit,2026-05-06,2026-05-12
SH005777,O005777,W004,Blue Dart,In Transit,2026-03-28,2026-03-31
SH005778,O005778,W007,India Post,Delivered,2025-10-07,2025-10-12
SH005779,O005779,W006,Delhivery,In Transit,2026-05-31,2026-06-02
SH005780,O005780,W004,India Post,Delayed,2026-07-25,2026-07-28
SH005781,O005781,W013,Delhivery,In Transit,2026-02-24,2026-03-02
SH005782,O005782,W012,Delhivery,Delivered,2026-06-08,2026-06-13
SH005783,O005783,W002,Delhivery,Delivered,2025-12-21,2025-12-25
SH005784,O005784,W015,XpressBees,Delayed,2026-06-30,2026-07-03
SH005785,O005785,W010,XpressBees,Delivered,2026-05-24,2026-05-31
SH005786,O005786,W017,DTDC,Delivered,2026-05-06,2026-05-07
SH005787,O005787,W005,DTDC,Delayed,2026-01-10,2026-01-13
SH005788,O005788,W006,Blue Dart,Delayed,2026-07-12,2026-07-16
SH005789,O005789,W016,Delhivery,Delayed,2025-09-24,2025-09-29
SH005790,O005790,W005,Blue Dart,In Transit,2026-03-29,2026-04-04
SH005791,O005791,W014,XpressBees,Delivered,2026-06-02,2026-06-07
SH005792,O005792,W012,Blue Dart,Delayed,2025-12-10,2025-12-14
SH005793,O005793,W017,XpressBees,Delivered,2026-07-05,2026-07-10
SH005794,O005794,W003,Delhivery,In Transit,2025-09-11,2025-09-18
SH005795,O005795,W003,Ekart,In Transit,2026-05-14,2026-05-19
SH005796,O005796,W019,XpressBees,In Transit,2026-01-27,2026-01-30
SH005797,O005797,W017,Blue Dart,Delayed,2026-01-26,2026-01-31
SH005798,O005798,W016,Blue Dart,In Transit,2025-11-11,2025-11-16
SH005799,O005799,W001,DTDC,In Transit,2026-06-09,2026-06-10
SH005800,O005800,W005,DTDC,In Transit,2026-06-02,2026-06-03
SH005801,O005801,W004,XpressBees,In Transit,2025-12-15,2025-12-21
SH005802,O005802,W013,DTDC,Delayed,2025-10-17,2025-10-24
SH005803,O005803,W007,India Post,In Transit,2025-11-23,2025-11-24
SH005804,O005804,W011,Ekart,Delivered,2026-04-16,2026-04-20
SH005805,O005805,W003,Ekart,Delivered,2025-10-31,2025-11-06
SH005806,O005806,W019,Blue Dart,Delivered,2026-07-07,2026-07-13
SH005807,O005807,W013,Delhivery,Delivered,2025-08-14,2025-08-16
SH005808,O005808,W016,DTDC,In Transit,2025-12-22,2025-12-26
SH005809,O005809,W008,India Post,Delivered,2026-01-20,2026-01-23
SH005810,O005810,W006,India Post,In Transit,2025-12-21,2025-12-27
SH005811,O005811,W004,XpressBees,In Transit,2026-07-31,2026-08-07
SH005812,O005812,W017,Blue Dart,In Transit,2026-06-07,2026-06-12
SH005813,O005813,W006,India Post,In Transit,2025-09-10,2025-09-15
SH005814,O005814,W019,Delhivery,In Transit,2025-11-09,2025-11-12
SH005815,O005815,W020,Delhivery,In Transit,2025-09-25,2025-10-02
SH005816,O005816,W009,Blue Dart,Delivered,2026-01-31,2026-02-04
SH005817,O005817,W010,Blue Dart,Delayed,2025-11-16,2025-11-18
SH005818,O005818,W016,Blue Dart,Delivered,2025-12-15,2025-12-18
SH005819,O005819,W001,India Post,Delivered,2026-07-23,2026-07-27
SH005820,O005820,W002,Delhivery,Delayed,2025-10-08,2025-10-13
SH005821,O005821,W009,XpressBees,In Transit,2026-06-28,2026-07-05
SH005822,O005822,W002,XpressBees,Delayed,2026-05-14,2026-05-21
SH005823,O005823,W018,XpressBees,In Transit,2025-10-04,2025-10-09
SH005824,O005824,W001,XpressBees,Delayed,2025-08-31,2025-09-05
SH005825,O005825,W014,Blue Dart,Delivered,2026-03-20,2026-03-23
SH005826,O005826,W014,XpressBees,Delivered,2026-04-24,2026-04-27
SH005827,O005827,W001,Blue Dart,Delayed,2026-02-28,2026-03-03
SH005828,O005828,W010,XpressBees,Delayed,2026-03-19,2026-03-23
SH005829,O005829,W004,XpressBees,Delivered,2025-10-01,2025-10-05
SH005830,O005830,W019,DTDC,Delivered,2026-07-14,2026-07-16
SH005831,O005831,W005,Delhivery,Delayed,2025-11-06,2025-11-10
SH005832,O005832,W019,Blue Dart,Delayed,2026-05-24,2026-05-28
SH005833,O005833,W004,Blue Dart,Delivered,2026-01-19,2026-01-22
SH005834,O005834,W020,Ekart,Delivered,2026-02-06,2026-02-07
SH005835,O005835,W012,Blue Dart,Delivered,2025-08-24,2025-08-27
SH005836,O005836,W020,India Post,In Transit,2026-04-24,2026-04-28
SH005837,O005837,W013,India Post,Delayed,2026-03-29,2026-04-03
SH005838,O005838,W008,India Post,Delayed,2026-02-20,2026-02-27
SH005839,O005839,W004,Blue Dart,Delayed,2026-06-03,2026-06-04
SH005840,O005840,W013,Delhivery,Delivered,2025-10-31,2025-11-01
SH005841,O005841,W016,DTDC,Delayed,2026-04-28,2026-05-02
SH005842,O005842,W003,DTDC,Delayed,2025-10-31,2025-11-02
SH005843,O005843,W015,XpressBees,In Transit,2026-01-05,2026-01-06
SH005844,O005844,W001,Ekart,Delayed,2026-04-20,2026-04-23
SH005845,O005845,W015,Delhivery,Delayed,2025-10-07,2025-10-14
SH005846,O005846,W001,XpressBees,Delivered,2026-08-05,2026-08-10
SH005847,O005847,W014,Delhivery,Delivered,2026-07-11,2026-07-16
SH005848,O005848,W002,Blue Dart,Delayed,2026-02-19,2026-02-20
SH005849,O005849,W004,Delhivery,In Transit,2026-01-03,2026-01-10
SH005850,O005850,W011,XpressBees,Delayed,2026-06-30,2026-07-01
SH005851,O005851,W003,DTDC,Delivered,2026-05-30,2026-06-02
SH005852,O005852,W018,Ekart,Delivered,2025-09-19,2025-09-24
SH005853,O005853,W009,DTDC,In Transit,2025-10-13,2025-10-17
SH005854,O005854,W013,XpressBees,In Transit,2026-07-28,2026-08-01
SH005855,O005855,W016,India Post,In Transit,2026-04-24,2026-05-01
SH005856,O005856,W004,India Post,Delayed,2025-08-06,2025-08-10
SH005857,O005857,W003,DTDC,In Transit,2025-08-21,2025-08-24
SH005858,O005858,W018,India Post,Delayed,2026-04-10,2026-04-14
SH005859,O005859,W005,Ekart,Delivered,2026-03-19,2026-03-23
SH005860,O005860,W008,Blue Dart,Delivered,2025-12-21,2025-12-27
SH005861,O005861,W001,Ekart,Delayed,2025-09-30,2025-10-03
SH005862,O005862,W011,XpressBees,Delivered,2026-04-20,2026-04-25
SH005863,O005863,W012,Blue Dart,In Transit,2026-05-08,2026-05-14
SH005864,O005864,W014,India Post,In Transit,2026-07-20,2026-07-27
SH005865,O005865,W020,Ekart,In Transit,2026-07-03,2026-07-09
SH005866,O005866,W008,Delhivery,Delivered,2025-10-12,2025-10-15
SH005867,O005867,W012,Blue Dart,Delivered,2025-10-05,2025-10-08
SH005868,O005868,W018,Delhivery,Delivered,2025-10-15,2025-10-18
SH005869,O005869,W008,XpressBees,Delivered,2026-06-27,2026-07-02
SH005870,O005870,W002,XpressBees,In Transit,2025-09-01,2025-09-07
SH005871,O005871,W020,India Post,Delivered,2025-09-05,2025-09-08
SH005872,O005872,W001,Ekart,Delayed,2026-01-26,2026-01-29
SH005873,O005873,W001,Delhivery,Delivered,2026-02-19,2026-02-20
SH005874,O005874,W013,Delhivery,In Transit,2025-12-03,2025-12-05
SH005875,O005875,W018,Ekart,In Transit,2026-02-17,2026-02-19
SH005876,O005876,W001,Ekart,In Transit,2025-08-13,2025-08-20
SH005877,O005877,W002,India Post,Delayed,2025-11-19,2025-11-26
SH005878,O005878,W019,Blue Dart,Delivered,2025-12-28,2026-01-02
SH005879,O005879,W016,Ekart,Delivered,2026-04-17,2026-04-21
SH005880,O005880,W017,Delhivery,In Transit,2026-03-26,2026-03-29
SH005881,O005881,W014,Ekart,Delayed,2026-02-06,2026-02-09
SH005882,O005882,W015,Delhivery,In Transit,2026-02-01,2026-02-08
SH005883,O005883,W020,XpressBees,In Transit,2026-04-08,2026-04-09
SH005884,O005884,W015,DTDC,In Transit,2025-11-06,2025-11-12
SH005885,O005885,W012,XpressBees,Delayed,2025-12-20,2025-12-24
SH005886,O005886,W016,DTDC,Delayed,2026-01-27,2026-02-02
SH005887,O005887,W013,Delhivery,Delayed,2026-07-14,2026-07-17
SH005888,O005888,W009,XpressBees,In Transit,2026-04-07,2026-04-12
SH005889,O005889,W017,India Post,Delayed,2026-06-16,2026-06-21
SH005890,O005890,W004,Delhivery,Delivered,2026-03-16,2026-03-18
SH005891,O005891,W016,Delhivery,In Transit,2025-10-17,2025-10-19
SH005892,O005892,W001,Delhivery,Delayed,2026-05-18,2026-05-25
SH005893,O005893,W001,Ekart,In Transit,2025-08-13,2025-08-20
SH005894,O005894,W017,DTDC,Delivered,2025-09-12,2025-09-18
SH005895,O005895,W015,Blue Dart,Delayed,2025-10-03,2025-10-06
SH005896,O005896,W005,DTDC,In Transit,2025-12-11,2025-12-14
SH005897,O005897,W010,XpressBees,Delivered,2026-04-06,2026-04-13
SH005898,O005898,W017,XpressBees,Delayed,2025-10-13,2025-10-17
SH005899,O005899,W008,India Post,Delivered,2026-07-26,2026-07-27
SH005900,O005900,W015,XpressBees,In Transit,2026-03-08,2026-03-09
SH005901,O005901,W011,DTDC,Delivered,2026-06-09,2026-06-15
SH005902,O005902,W001,XpressBees,In Transit,2025-10-08,2025-10-09
SH005903,O005903,W016,Ekart,Delayed,2025-10-07,2025-10-12
SH005904,O005904,W004,Ekart,In Transit,2025-12-20,2025-12-26
SH005905,O005905,W010,Ekart,Delayed,2026-06-03,2026-06-09
SH005906,O005906,W018,Ekart,Delayed,2026-06-02,2026-06-04
SH005907,O005907,W008,India Post,In Transit,2026-07-31,2026-08-05
SH005908,O005908,W015,Delhivery,Delayed,2026-06-21,2026-06-22
SH005909,O005909,W017,DTDC,Delayed,2026-05-25,2026-05-28
SH005910,O005910,W009,Ekart,Delivered,2026-06-05,2026-06-12
SH005911,O005911,W018,XpressBees,In Transit,2025-08-19,2025-08-24
SH005912,O005912,W003,XpressBees,Delayed,2025-09-10,2025-09-13
SH005913,O005913,W008,Blue Dart,Delivered,2026-03-12,2026-03-19
SH005914,O005914,W007,DTDC,In Transit,2025-08-13,2025-08-17
SH005915,O005915,W003,Blue Dart,In Transit,2025-12-15,2025-12-18
SH005916,O005916,W020,Blue Dart,Delivered,2025-09-15,2025-09-17
SH005917,O005917,W003,Ekart,Delayed,2026-06-09,2026-06-15
SH005918,O005918,W008,Blue Dart,Delivered,2025-12-20,2025-12-27
SH005919,O005919,W020,Delhivery,Delayed,2026-02-27,2026-03-05
SH005920,O005920,W019,India Post,Delayed,2026-07-18,2026-07-25
SH005921,O005921,W010,Delhivery,Delivered,2025-10-19,2025-10-25
SH005922,O005922,W020,Delhivery,In Transit,2026-05-29,2026-06-02
SH005923,O005923,W002,Delhivery,In Transit,2025-08-09,2025-08-12
SH005924,O005924,W014,Ekart,In Transit,2026-07-19,2026-07-23
SH005925,O005925,W020,Delhivery,Delayed,2026-06-22,2026-06-28
SH005926,O005926,W014,XpressBees,Delivered,2026-04-14,2026-04-17
SH005927,O005927,W020,XpressBees,Delayed,2026-06-14,2026-06-19
SH005928,O005928,W018,DTDC,Delayed,2025-10-29,2025-11-01
SH005929,O005929,W019,Delhivery,In Transit,2026-01-30,2026-02-05
SH005930,O005930,W017,Ekart,Delivered,2026-05-05,2026-05-06
SH005931,O005931,W018,XpressBees,In Transit,2026-06-16,2026-06-23
SH005932,O005932,W009,XpressBees,Delivered,2025-11-09,2025-11-15
SH005933,O005933,W003,Ekart,Delayed,2025-10-25,2025-11-01
SH005934,O005934,W016,India Post,In Transit,2025-12-13,2025-12-15
SH005935,O005935,W007,Delhivery,Delivered,2026-07-09,2026-07-14
SH005936,O005936,W020,XpressBees,Delayed,2026-03-31,2026-04-05
SH005937,O005937,W014,India Post,Delivered,2026-07-26,2026-07-27
SH005938,O005938,W019,XpressBees,Delivered,2025-10-15,2025-10-21
SH005939,O005939,W002,XpressBees,In Transit,2026-06-24,2026-06-26
SH005940,O005940,W006,DTDC,Delivered,2025-12-14,2025-12-21
SH005941,O005941,W015,Blue Dart,In Transit,2025-09-14,2025-09-18
SH005942,O005942,W008,India Post,Delayed,2026-06-03,2026-06-08
SH005943,O005943,W001,DTDC,Delayed,2026-01-25,2026-01-29
SH005944,O005944,W015,Ekart,Delayed,2026-07-31,2026-08-01
SH005945,O005945,W020,India Post,Delivered,2026-04-15,2026-04-20
SH005946,O005946,W005,India Post,Delivered,2026-04-19,2026-04-20
SH005947,O005947,W003,India Post,Delivered,2026-04-13,2026-04-15
SH005948,O005948,W016,Ekart,Delayed,2025-11-20,2025-11-26
SH005949,O005949,W012,Ekart,Delayed,2025-10-25,2025-10-30
SH005950,O005950,W012,Blue Dart,Delayed,2026-04-16,2026-04-22
SH005951,O005951,W001,DTDC,Delivered,2025-10-21,2025-10-25
SH005952,O005952,W013,Ekart,Delayed,2026-04-07,2026-04-09
SH005953,O005953,W015,India Post,In Transit,2025-10-22,2025-10-24
SH005954,O005954,W015,Blue Dart,Delayed,2026-01-04,2026-01-05
SH005955,O005955,W017,India Post,In Transit,2025-09-22,2025-09-26
SH005956,O005956,W011,Blue Dart,Delivered,2025-12-25,2025-12-26
SH005957,O005957,W013,Blue Dart,In Transit,2026-03-11,2026-03-16
SH005958,O005958,W015,Blue Dart,In Transit,2026-01-19,2026-01-24
SH005959,O005959,W013,Delhivery,Delayed,2026-02-03,2026-02-05
SH005960,O005960,W014,XpressBees,Delivered,2025-12-23,2025-12-24
SH005961,O005961,W001,Delhivery,Delayed,2026-05-31,2026-06-06
SH005962,O005962,W002,Blue Dart,Delivered,2025-09-30,2025-10-04
SH005963,O005963,W016,Ekart,Delivered,2025-12-17,2025-12-21
SH005964,O005964,W015,India Post,In Transit,2026-04-26,2026-05-03
SH005965,O005965,W018,Ekart,In Transit,2026-01-30,2026-02-02
SH005966,O005966,W001,Blue Dart,Delayed,2026-04-08,2026-04-09
SH005967,O005967,W011,Delhivery,Delivered,2026-03-15,2026-03-21
SH005968,O005968,W003,Delhivery,In Transit,2025-12-18,2025-12-24
SH005969,O005969,W006,DTDC,Delayed,2025-12-11,2025-12-17
SH005970,O005970,W011,XpressBees,Delayed,2026-05-04,2026-05-10
SH005971,O005971,W010,DTDC,Delayed,2026-04-16,2026-04-22
SH005972,O005972,W015,India Post,Delayed,2025-08-26,2025-08-27
SH005973,O005973,W016,XpressBees,Delivered,2025-08-13,2025-08-17
SH005974,O005974,W006,Ekart,In Transit,2026-06-04,2026-06-11
SH005975,O005975,W014,Delhivery,In Transit,2025-12-31,2026-01-05
SH005976,O005976,W009,India Post,Delivered,2025-08-09,2025-08-15
SH005977,O005977,W013,Ekart,Delayed,2026-06-02,2026-06-07
SH005978,O005978,W018,XpressBees,In Transit,2025-08-12,2025-08-18
SH005979,O005979,W004,Ekart,Delayed,2025-11-24,2025-11-29
SH005980,O005980,W019,Blue Dart,Delivered,2026-04-26,2026-04-29
SH005981,O005981,W002,Ekart,Delivered,2025-10-21,2025-10-23
SH005982,O005982,W007,DTDC,Delivered,2026-04-06,2026-04-10
SH005983,O005983,W015,DTDC,Delayed,2026-04-06,2026-04-11
SH005984,O005984,W019,Ekart,Delivered,2025-11-09,2025-11-12
SH005985,O005985,W018,Ekart,Delayed,2025-08-27,2025-09-02
SH005986,O005986,W009,India Post,In Transit,2025-10-05,2025-10-06
SH005987,O005987,W004,India Post,In Transit,2026-02-15,2026-02-22
SH005988,O005988,W020,Delhivery,Delivered,2025-11-07,2025-11-14
SH005989,O005989,W001,India Post,Delayed,2026-05-05,2026-05-06
SH005990,O005990,W019,Blue Dart,Delayed,2026-06-08,2026-06-13
SH005991,O005991,W016,Delhivery,Delayed,2026-03-05,2026-03-06
SH005992,O005992,W019,Blue Dart,In Transit,2026-04-23,2026-04-27
SH005993,O005993,W012,India Post,In Transit,2026-01-04,2026-01-07
SH005994,O005994,W017,Delhivery,Delayed,2026-06-03,2026-06-08
SH005995,O005995,W013,Blue Dart,Delivered,2025-11-08,2025-11-10
SH005996,O005996,W002,XpressBees,In Transit,2026-07-03,2026-07-05
SH005997,O005997,W002,Ekart,Delivered,2026-01-20,2026-01-21
SH005998,O005998,W005,DTDC,Delayed,2026-06-19,2026-06-25
SH005999,O005999,W007,India Post,Delayed,2026-04-25,2026-04-27
SH006000,O006000,W006,Blue Dart,Delayed,2025-08-19,2025-08-26
SH006001,O006001,W009,XpressBees,Delivered,2025-09-09,2025-09-14
SH006002,O006002,W015,XpressBees,Delayed,2026-07-07,2026-07-08
SH006003,O006003,W004,XpressBees,Delivered,2025-11-20,2025-11-26
SH006004,O006004,W004,XpressBees,In Transit,2025-11-18,2025-11-23
SH006005,O006005,W010,DTDC,Delivered,2026-02-18,2026-02-20
SH006006,O006006,W014,India Post,Delivered,2026-06-27,2026-06-29
SH006007,O006007,W007,Ekart,In Transit,2026-06-28,2026-06-30
SH006008,O006008,W013,Ekart,In Transit,2025-12-02,2025-12-08
SH006009,O006009,W014,India Post,In Transit,2025-11-12,2025-11-13
SH006010,O006010,W002,Delhivery,Delivered,2025-08-21,2025-08-23
SH006011,O006011,W003,DTDC,Delivered,2025-10-20,2025-10-26
SH006012,O006012,W005,Delhivery,Delivered,2025-09-23,2025-09-26
SH006013,O006013,W001,Blue Dart,Delayed,2026-03-04,2026-03-05
SH006014,O006014,W003,Delhivery,In Transit,2025-12-10,2025-12-16
SH006015,O006015,W007,Ekart,In Transit,2026-02-04,2026-02-09
SH006016,O006016,W005,DTDC,Delayed,2026-05-31,2026-06-07
SH006017,O006017,W018,Delhivery,Delivered,2025-10-05,2025-10-12
SH006018,O006018,W005,Ekart,Delivered,2026-07-13,2026-07-16
SH006019,O006019,W011,Ekart,Delayed,2026-03-24,2026-03-30
SH006020,O006020,W006,India Post,In Transit,2025-11-22,2025-11-24
SH006021,O006021,W017,India Post,Delayed,2025-10-31,2025-11-04
SH006022,O006022,W010,DTDC,Delayed,2026-01-10,2026-01-13
SH006023,O006023,W008,Blue Dart,Delayed,2025-11-18,2025-11-20
SH006024,O006024,W015,XpressBees,Delivered,2026-01-07,2026-01-10
SH006025,O006025,W002,DTDC,Delivered,2025-08-23,2025-08-29
SH006026,O006026,W009,Delhivery,Delivered,2026-05-21,2026-05-24
SH006027,O006027,W016,India Post,In Transit,2026-01-24,2026-01-28
SH006028,O006028,W006,DTDC,Delivered,2026-06-06,2026-06-07
SH006029,O006029,W019,Blue Dart,In Transit,2025-12-27,2025-12-29
SH006030,O006030,W019,Blue Dart,Delayed,2025-08-19,2025-08-21
SH006031,O006031,W009,XpressBees,Delayed,2025-12-11,2025-12-15
SH006032,O006032,W012,DTDC,In Transit,2026-04-19,2026-04-25
SH006033,O006033,W009,India Post,In Transit,2025-12-31,2026-01-01
SH006034,O006034,W012,XpressBees,In Transit,2025-12-14,2025-12-17
SH006035,O006035,W019,Delhivery,Delayed,2026-01-08,2026-01-14
SH006036,O006036,W005,Ekart,Delivered,2025-08-12,2025-08-16
SH006037,O006037,W008,XpressBees,Delivered,2025-12-07,2025-12-08
SH006038,O006038,W014,Ekart,Delivered,2026-02-28,2026-03-03
SH006039,O006039,W018,Delhivery,Delayed,2026-06-01,2026-06-05
SH006040,O006040,W020,DTDC,Delayed,2026-02-28,2026-03-06
SH006041,O006041,W009,XpressBees,Delayed,2026-07-18,2026-07-22
SH006042,O006042,W011,Ekart,In Transit,2026-05-05,2026-05-07
SH006043,O006043,W011,XpressBees,Delivered,2025-11-26,2025-12-03
SH006044,O006044,W009,XpressBees,In Transit,2025-09-27,2025-09-30
SH006045,O006045,W008,India Post,In Transit,2025-10-01,2025-10-03
SH006046,O006046,W003,DTDC,In Transit,2025-12-09,2025-12-15
SH006047,O006047,W008,Blue Dart,Delayed,2026-01-25,2026-01-29
SH006048,O006048,W001,India Post,In Transit,2025-12-29,2025-12-30
SH006049,O006049,W006,Blue Dart,Delivered,2026-02-02,2026-02-09
SH006050,O006050,W001,Delhivery,In Transit,2026-06-10,2026-06-15
SH006051,O006051,W011,India Post,In Transit,2026-02-08,2026-02-15
SH006052,O006052,W006,Ekart,Delivered,2026-06-10,2026-06-14
SH006053,O006053,W006,Delhivery,Delivered,2026-06-12,2026-06-15
SH006054,O006054,W002,Delhivery,Delivered,2026-03-13,2026-03-14
SH006055,O006055,W019,Blue Dart,Delayed,2025-11-24,2025-11-25
SH006056,O006056,W017,Blue Dart,Delayed,2026-05-13,2026-05-18
SH006057,O006057,W007,Blue Dart,Delayed,2026-02-21,2026-02-24
SH006058,O006058,W007,Delhivery,In Transit,2025-09-14,2025-09-20
SH006059,O006059,W019,Ekart,In Transit,2026-04-25,2026-04-27
SH006060,O006060,W008,XpressBees,In Transit,2026-03-04,2026-03-07
SH006061,O006061,W012,Delhivery,Delayed,2025-09-09,2025-09-13
SH006062,O006062,W003,DTDC,Delivered,2026-06-09,2026-06-11
SH006063,O006063,W018,Delhivery,In Transit,2026-05-30,2026-06-01
SH006064,O006064,W020,Ekart,In Transit,2025-12-14,2025-12-18
SH006065,O006065,W010,Delhivery,Delivered,2025-10-26,2025-10-28
SH006066,O006066,W007,XpressBees,In Transit,2025-11-03,2025-11-10
SH006067,O006067,W005,India Post,Delayed,2026-05-17,2026-05-20
SH006068,O006068,W011,XpressBees,In Transit,2025-09-21,2025-09-26
SH006069,O006069,W012,Ekart,Delayed,2025-09-28,2025-10-04
SH006070,O006070,W012,India Post,Delayed,2025-10-04,2025-10-09
SH006071,O006071,W004,Blue Dart,Delayed,2025-09-25,2025-09-27
SH006072,O006072,W001,Ekart,Delivered,2026-03-19,2026-03-21
SH006073,O006073,W001,DTDC,Delivered,2026-04-29,2026-05-04
SH006074,O006074,W014,XpressBees,Delayed,2025-10-05,2025-10-10
SH006075,O006075,W011,Ekart,Delayed,2026-07-08,2026-07-15
SH006076,O006076,W017,XpressBees,Delayed,2025-09-03,2025-09-05
SH006077,O006077,W019,XpressBees,Delivered,2026-04-17,2026-04-20
SH006078,O006078,W016,XpressBees,Delayed,2026-05-04,2026-05-10
SH006079,O006079,W007,Delhivery,Delayed,2025-10-25,2025-10-29
SH006080,O006080,W001,DTDC,Delivered,2026-01-21,2026-01-26
SH006081,O006081,W016,XpressBees,Delayed,2025-10-29,2025-10-30
SH006082,O006082,W016,India Post,Delayed,2026-04-14,2026-04-15
SH006083,O006083,W005,Ekart,Delayed,2025-12-30,2026-01-05
SH006084,O006084,W016,India Post,Delayed,2026-01-22,2026-01-26
SH006085,O006085,W009,Blue Dart,In Transit,2025-08-29,2025-09-01
SH006086,O006086,W009,Blue Dart,Delayed,2025-09-07,2025-09-13
SH006087,O006087,W001,DTDC,Delivered,2026-03-06,2026-03-10
SH006088,O006088,W012,XpressBees,In Transit,2026-02-27,2026-03-04
SH006089,O006089,W014,India Post,In Transit,2026-07-18,2026-07-19
SH006090,O006090,W015,DTDC,Delivered,2025-08-18,2025-08-23
SH006091,O006091,W015,Delhivery,In Transit,2025-10-10,2025-10-17
SH006092,O006092,W009,Blue Dart,Delayed,2025-08-16,2025-08-23
SH006093,O006093,W010,XpressBees,Delayed,2026-02-20,2026-02-27
SH006094,O006094,W013,Delhivery,In Transit,2025-10-14,2025-10-19
SH006095,O006095,W010,Ekart,Delivered,2025-08-09,2025-08-13
SH006096,O006096,W017,Delhivery,Delivered,2026-03-29,2026-04-04
SH006097,O006097,W008,Ekart,Delayed,2026-04-10,2026-04-13
SH006098,O006098,W002,Blue Dart,Delayed,2025-10-09,2025-10-10
SH006099,O006099,W008,XpressBees,In Transit,2026-05-11,2026-05-15
SH006100,O006100,W006,India Post,Delayed,2025-12-01,2025-12-07
SH006101,O006101,W020,India Post,Delivered,2026-03-14,2026-03-21
SH006102,O006102,W012,India Post,Delivered,2026-01-27,2026-02-01
SH006103,O006103,W007,XpressBees,In Transit,2026-01-06,2026-01-10
SH006104,O006104,W011,Ekart,Delayed,2026-02-13,2026-02-15
SH006105,O006105,W003,Blue Dart,Delivered,2026-01-11,2026-01-17
SH006106,O006106,W013,DTDC,In Transit,2026-01-27,2026-02-01
SH006107,O006107,W008,Ekart,In Transit,2025-11-18,2025-11-24
SH006108,O006108,W013,Blue Dart,In Transit,2026-06-27,2026-07-01
SH006109,O006109,W007,Delhivery,Delayed,2026-07-17,2026-07-19
SH006110,O006110,W013,India Post,In Transit,2026-03-18,2026-03-25
SH006111,O006111,W013,Blue Dart,In Transit,2026-04-06,2026-04-09
SH006112,O006112,W006,Delhivery,Delivered,2026-08-05,2026-08-10
SH006113,O006113,W018,XpressBees,In Transit,2026-07-10,2026-07-14
SH006114,O006114,W003,XpressBees,Delivered,2026-06-10,2026-06-13
SH006115,O006115,W018,Delhivery,Delivered,2026-01-13,2026-01-15
SH006116,O006116,W001,Delhivery,In Transit,2026-07-16,2026-07-19
SH006117,O006117,W006,Delhivery,Delayed,2025-11-01,2025-11-08
SH006118,O006118,W012,Ekart,Delivered,2025-10-24,2025-10-27
SH006119,O006119,W003,Delhivery,Delivered,2026-02-20,2026-02-26
SH006120,O006120,W009,Delhivery,Delayed,2025-08-09,2025-08-14
SH006121,O006121,W013,DTDC,Delivered,2026-06-07,2026-06-13
SH006122,O006122,W015,Blue Dart,Delivered,2026-04-29,2026-05-01
SH006123,O006123,W005,DTDC,In Transit,2025-10-21,2025-10-24
SH006124,O006124,W019,Blue Dart,Delayed,2026-04-04,2026-04-10
SH006125,O006125,W016,Delhivery,Delayed,2026-01-28,2026-01-31
SH006126,O006126,W008,Blue Dart,Delayed,2025-09-05,2025-09-07
SH006127,O006127,W007,DTDC,Delivered,2025-08-17,2025-08-20
SH006128,O006128,W004,XpressBees,Delivered,2026-05-18,2026-05-23
SH006129,O006129,W009,Delhivery,Delivered,2026-05-29,2026-05-30
SH006130,O006130,W006,Delhivery,Delayed,2026-01-29,2026-02-05
SH006131,O006131,W006,DTDC,In Transit,2026-06-24,2026-07-01
SH006132,O006132,W013,Ekart,In Transit,2026-03-07,2026-03-11
SH006133,O006133,W013,Ekart,Delivered,2026-08-03,2026-08-10
SH006134,O006134,W016,Delhivery,In Transit,2026-05-13,2026-05-14
SH006135,O006135,W017,DTDC,Delayed,2026-04-01,2026-04-04
SH006136,O006136,W002,Blue Dart,Delivered,2026-04-23,2026-04-27
SH006137,O006137,W014,DTDC,Delivered,2025-10-22,2025-10-28
SH006138,O006138,W009,Ekart,In Transit,2025-08-16,2025-08-20
SH006139,O006139,W003,Delhivery,Delivered,2026-04-26,2026-05-01
SH006140,O006140,W002,Ekart,Delayed,2026-04-30,2026-05-06
SH006141,O006141,W010,India Post,In Transit,2025-08-23,2025-08-26
SH006142,O006142,W011,XpressBees,In Transit,2026-03-25,2026-03-30
SH006143,O006143,W019,India Post,Delivered,2026-03-09,2026-03-15
SH006144,O006144,W008,Delhivery,In Transit,2026-03-04,2026-03-11
SH006145,O006145,W009,Blue Dart,Delivered,2026-06-04,2026-06-06
SH006146,O006146,W007,Blue Dart,Delivered,2025-10-13,2025-10-19
SH006147,O006147,W011,XpressBees,Delivered,2025-08-30,2025-09-05
SH006148,O006148,W012,XpressBees,Delivered,2026-05-07,2026-05-10
SH006149,O006149,W007,Blue Dart,In Transit,2025-10-22,2025-10-25
SH006150,O006150,W018,Blue Dart,Delivered,2026-05-06,2026-05-13
SH006151,O006151,W018,DTDC,Delayed,2026-08-04,2026-08-09
SH006152,O006152,W001,Ekart,In Transit,2026-02-22,2026-02-26
SH006153,O006153,W006,DTDC,In Transit,2026-01-10,2026-01-13
SH006154,O006154,W007,Ekart,In Transit,2026-04-08,2026-04-12
SH006155,O006155,W008,Delhivery,Delayed,2025-10-06,2025-10-10
SH006156,O006156,W011,DTDC,In Transit,2026-05-25,2026-05-28
SH006157,O006157,W002,Blue Dart,Delivered,2026-01-14,2026-01-18
SH006158,O006158,W011,Delhivery,Delivered,2025-09-23,2025-09-27
SH006159,O006159,W004,DTDC,Delayed,2026-02-03,2026-02-09
SH006160,O006160,W005,Ekart,In Transit,2026-05-07,2026-05-14
SH006161,O006161,W003,Blue Dart,In Transit,2026-01-28,2026-01-30
SH006162,O006162,W014,XpressBees,In Transit,2026-04-30,2026-05-03
SH006163,O006163,W010,Delhivery,In Transit,2025-12-27,2025-12-28
SH006164,O006164,W019,DTDC,In Transit,2025-10-03,2025-10-10
SH006165,O006165,W019,India Post,Delivered,2025-09-17,2025-09-21
SH006166,O006166,W014,India Post,Delivered,2025-10-19,2025-10-25
SH006167,O006167,W015,XpressBees,Delivered,2025-10-30,2025-11-06
SH006168,O006168,W012,Blue Dart,In Transit,2025-11-24,2025-11-30
SH006169,O006169,W017,DTDC,In Transit,2025-09-12,2025-09-13
SH006170,O006170,W012,XpressBees,Delivered,2026-04-22,2026-04-25
SH006171,O006171,W016,India Post,Delivered,2025-11-10,2025-11-12
SH006172,O006172,W002,Ekart,In Transit,2026-04-08,2026-04-09
SH006173,O006173,W004,Blue Dart,In Transit,2025-11-26,2025-12-03
SH006174,O006174,W011,DTDC,In Transit,2026-05-25,2026-05-31
SH006175,O006175,W012,XpressBees,Delivered,2025-10-20,2025-10-27
SH006176,O006176,W015,Blue Dart,Delayed,2026-03-01,2026-03-07
SH006177,O006177,W003,DTDC,Delivered,2026-07-18,2026-07-20
SH006178,O006178,W009,Blue Dart,Delayed,2026-01-29,2026-02-01
SH006179,O006179,W012,Blue Dart,Delivered,2026-02-15,2026-02-17
SH006180,O006180,W003,Delhivery,In Transit,2026-01-30,2026-02-05
SH006181,O006181,W008,India Post,In Transit,2026-07-16,2026-07-19
SH006182,O006182,W017,Ekart,Delayed,2025-11-24,2025-11-30
SH006183,O006183,W001,DTDC,Delayed,2026-04-26,2026-05-01
SH006184,O006184,W012,India Post,Delivered,2026-04-12,2026-04-18
SH006185,O006185,W008,Ekart,Delivered,2026-04-18,2026-04-20
SH006186,O006186,W013,Blue Dart,Delivered,2025-09-06,2025-09-10
SH006187,O006187,W016,Blue Dart,In Transit,2025-11-29,2025-12-04
SH006188,O006188,W018,XpressBees,Delivered,2025-10-11,2025-10-12
SH006189,O006189,W015,Ekart,Delayed,2025-09-20,2025-09-24
SH006190,O006190,W007,Ekart,In Transit,2026-01-08,2026-01-11
SH006191,O006191,W019,Blue Dart,In Transit,2025-12-13,2025-12-14
SH006192,O006192,W006,India Post,In Transit,2025-08-06,2025-08-07
SH006193,O006193,W001,Ekart,Delayed,2026-05-01,2026-05-07
SH006194,O006194,W004,XpressBees,Delayed,2025-11-23,2025-11-27
SH006195,O006195,W002,India Post,Delivered,2026-04-03,2026-04-07
SH006196,O006196,W014,Ekart,Delayed,2026-04-07,2026-04-12
SH006197,O006197,W009,Delhivery,Delivered,2026-06-22,2026-06-25
SH006198,O006198,W003,India Post,In Transit,2026-03-14,2026-03-18
SH006199,O006199,W004,Ekart,Delayed,2025-08-20,2025-08-25
SH006200,O006200,W013,India Post,Delivered,2026-02-05,2026-02-08
SH006201,O006201,W001,Blue Dart,Delayed,2025-12-18,2025-12-22
SH006202,O006202,W006,DTDC,Delivered,2026-07-16,2026-07-19
SH006203,O006203,W009,Ekart,In Transit,2026-05-31,2026-06-05
SH006204,O006204,W010,Delhivery,Delivered,2026-05-13,2026-05-20
SH006205,O006205,W005,Ekart,Delivered,2026-01-13,2026-01-18
SH006206,O006206,W016,Delhivery,In Transit,2026-07-19,2026-07-21
SH006207,O006207,W010,Ekart,In Transit,2026-05-25,2026-05-26
SH006208,O006208,W016,Blue Dart,Delivered,2026-03-07,2026-03-14
SH006209,O006209,W020,Blue Dart,In Transit,2025-11-26,2025-12-02
SH006210,O006210,W014,Delhivery,In Transit,2026-01-25,2026-01-27
SH006211,O006211,W004,Ekart,Delayed,2025-12-16,2025-12-17
SH006212,O006212,W014,India Post,Delivered,2025-11-08,2025-11-10
SH006213,O006213,W018,Ekart,In Transit,2025-12-19,2025-12-22
SH006214,O006214,W010,Ekart,In Transit,2026-07-07,2026-07-12
SH006215,O006215,W018,Blue Dart,In Transit,2026-05-14,2026-05-15
SH006216,O006216,W020,XpressBees,Delayed,2026-06-27,2026-06-28
SH006217,O006217,W020,India Post,In Transit,2025-09-14,2025-09-18
SH006218,O006218,W003,XpressBees,In Transit,2026-04-14,2026-04-17
SH006219,O006219,W013,India Post,Delivered,2026-03-31,2026-04-03
SH006220,O006220,W005,Ekart,Delayed,2026-04-18,2026-04-23
SH006221,O006221,W015,Ekart,In Transit,2025-08-19,2025-08-21
SH006222,O006222,W020,Ekart,Delayed,2026-03-23,2026-03-27
SH006223,O006223,W019,XpressBees,Delayed,2026-06-28,2026-07-01
SH006224,O006224,W005,DTDC,Delayed,2026-06-02,2026-06-05
SH006225,O006225,W018,Ekart,In Transit,2026-02-10,2026-02-12
SH006226,O006226,W001,Blue Dart,Delivered,2026-04-20,2026-04-23
SH006227,O006227,W009,Delhivery,Delivered,2025-12-25,2025-12-28
SH006228,O006228,W011,India Post,In Transit,2025-11-19,2025-11-23
SH006229,O006229,W007,Blue Dart,In Transit,2026-07-27,2026-08-03
SH006230,O006230,W016,XpressBees,Delivered,2025-10-08,2025-10-15
SH006231,O006231,W019,Blue Dart,In Transit,2026-04-16,2026-04-21
SH006232,O006232,W008,XpressBees,Delayed,2026-03-13,2026-03-17
SH006233,O006233,W008,XpressBees,In Transit,2025-12-20,2025-12-22
SH006234,O006234,W019,Blue Dart,Delivered,2026-03-28,2026-04-02
SH006235,O006235,W014,DTDC,In Transit,2026-02-10,2026-02-15
SH006236,O006236,W003,DTDC,Delayed,2025-12-05,2025-12-12
SH006237,O006237,W018,XpressBees,In Transit,2026-01-09,2026-01-11
SH006238,O006238,W020,Blue Dart,In Transit,2025-09-30,2025-10-02
SH006239,O006239,W015,Blue Dart,Delayed,2025-12-16,2025-12-22
SH006240,O006240,W002,Delhivery,Delayed,2025-09-08,2025-09-09
SH006241,O006241,W008,Ekart,In Transit,2026-01-27,2026-01-30
SH006242,O006242,W011,Blue Dart,Delivered,2026-06-10,2026-06-11
SH006243,O006243,W007,Delhivery,In Transit,2026-02-10,2026-02-14
SH006244,O006244,W002,Delhivery,In Transit,2026-02-02,2026-02-08
SH006245,O006245,W009,India Post,Delivered,2025-11-19,2025-11-25
SH006246,O006246,W001,XpressBees,Delivered,2026-07-11,2026-07-16
SH006247,O006247,W014,India Post,Delayed,2026-01-25,2026-01-31
SH006248,O006248,W013,India Post,Delayed,2025-10-12,2025-10-19
SH006249,O006249,W001,India Post,Delayed,2025-08-17,2025-08-18
SH006250,O006250,W008,XpressBees,Delivered,2025-09-02,2025-09-04
SH006251,O006251,W007,Ekart,Delivered,2026-07-15,2026-07-17
SH006252,O006252,W017,Delhivery,Delivered,2025-10-23,2025-10-25
SH006253,O006253,W012,DTDC,Delivered,2026-03-10,2026-03-17
SH006254,O006254,W006,Ekart,Delayed,2026-07-16,2026-07-23
SH006255,O006255,W016,India Post,Delivered,2026-06-01,2026-06-04
SH006256,O006256,W019,Blue Dart,Delayed,2026-06-11,2026-06-16
SH006257,O006257,W019,XpressBees,In Transit,2025-12-01,2025-12-08
SH006258,O006258,W009,Ekart,In Transit,2025-10-03,2025-10-08
SH006259,O006259,W020,DTDC,In Transit,2026-08-07,2026-08-14
SH006260,O006260,W011,India Post,In Transit,2026-05-21,2026-05-26
SH006261,O006261,W019,Delhivery,In Transit,2026-04-11,2026-04-15
SH006262,O006262,W011,Blue Dart,Delayed,2025-12-06,2025-12-08
SH006263,O006263,W019,India Post,Delayed,2026-03-31,2026-04-07
SH006264,O006264,W009,DTDC,In Transit,2026-03-12,2026-03-13
SH006265,O006265,W011,India Post,Delivered,2025-08-24,2025-08-25
SH006266,O006266,W016,DTDC,Delayed,2025-11-18,2025-11-23
SH006267,O006267,W017,India Post,Delivered,2026-03-30,2026-04-01
SH006268,O006268,W004,Delhivery,Delivered,2025-08-07,2025-08-08
SH006269,O006269,W011,Delhivery,Delivered,2026-01-02,2026-01-05
SH006270,O006270,W013,Ekart,In Transit,2026-07-13,2026-07-15
SH006271,O006271,W016,DTDC,In Transit,2025-12-22,2025-12-29
SH006272,O006272,W001,Delhivery,Delivered,2025-10-20,2025-10-26
SH006273,O006273,W016,Blue Dart,Delivered,2025-10-21,2025-10-28
SH006274,O006274,W002,Ekart,Delivered,2025-08-25,2025-08-31
SH006275,O006275,W020,DTDC,In Transit,2026-04-09,2026-04-13
SH006276,O006276,W006,Ekart,Delayed,2026-07-06,2026-07-08
SH006277,O006277,W015,DTDC,In Transit,2026-01-28,2026-01-30
SH006278,O006278,W013,Blue Dart,Delivered,2026-05-18,2026-05-23
SH006279,O006279,W016,XpressBees,In Transit,2025-10-19,2025-10-21
SH006280,O006280,W016,India Post,Delayed,2026-05-11,2026-05-15
SH006281,O006281,W014,Blue Dart,Delayed,2025-10-29,2025-11-02
SH006282,O006282,W003,India Post,In Transit,2026-03-14,2026-03-16
SH006283,O006283,W005,XpressBees,Delayed,2026-05-19,2026-05-20
SH006284,O006284,W004,Blue Dart,Delayed,2026-07-26,2026-07-30
SH006285,O006285,W011,XpressBees,Delivered,2026-03-19,2026-03-21
SH006286,O006286,W014,India Post,Delayed,2026-07-25,2026-07-26
SH006287,O006287,W015,DTDC,Delivered,2025-09-01,2025-09-05
SH006288,O006288,W008,Blue Dart,Delivered,2025-11-27,2025-11-30
SH006289,O006289,W010,DTDC,Delivered,2025-09-06,2025-09-10
SH006290,O006290,W012,Ekart,In Transit,2025-11-10,2025-11-16
SH006291,O006291,W001,XpressBees,In Transit,2025-12-28,2026-01-02
SH006292,O006292,W005,Ekart,Delivered,2025-10-27,2025-10-28
SH006293,O006293,W001,XpressBees,Delayed,2026-05-01,2026-05-04
SH006294,O006294,W013,DTDC,Delivered,2026-01-03,2026-01-09
SH006295,O006295,W019,Delhivery,Delayed,2026-01-02,2026-01-09
SH006296,O006296,W019,Ekart,In Transit,2025-11-03,2025-11-05
SH006297,O006297,W018,Blue Dart,Delivered,2026-07-26,2026-08-02
SH006298,O006298,W010,India Post,In Transit,2026-06-28,2026-07-02
SH006299,O006299,W007,Blue Dart,In Transit,2025-10-21,2025-10-23
SH006300,O006300,W004,Ekart,In Transit,2025-11-04,2025-11-09
SH006301,O006301,W007,Blue Dart,In Transit,2025-09-24,2025-09-29
SH006302,O006302,W003,Blue Dart,Delivered,2025-12-05,2025-12-07
SH006303,O006303,W003,Blue Dart,Delivered,2026-05-01,2026-05-02
SH006304,O006304,W018,Delhivery,Delivered,2026-07-05,2026-07-10
SH006305,O006305,W009,India Post,In Transit,2026-04-06,2026-04-07
SH006306,O006306,W020,Blue Dart,In Transit,2026-05-10,2026-05-12
SH006307,O006307,W019,India Post,Delivered,2026-03-09,2026-03-12
SH006308,O006308,W017,DTDC,In Transit,2026-02-12,2026-02-19
SH006309,O006309,W009,Blue Dart,Delayed,2026-07-02,2026-07-08
SH006310,O006310,W018,XpressBees,Delayed,2025-10-30,2025-11-01
SH006311,O006311,W002,Blue Dart,Delivered,2026-04-10,2026-04-16
SH006312,O006312,W002,DTDC,Delayed,2025-10-18,2025-10-23
SH006313,O006313,W013,XpressBees,Delivered,2026-06-30,2026-07-06
SH006314,O006314,W007,Ekart,In Transit,2026-06-29,2026-07-03
SH006315,O006315,W016,Ekart,Delayed,2025-10-25,2025-10-31
SH006316,O006316,W008,DTDC,Delivered,2025-12-30,2026-01-01
SH006317,O006317,W007,Blue Dart,Delayed,2026-03-03,2026-03-08
SH006318,O006318,W009,Delhivery,Delayed,2026-07-13,2026-07-17
SH006319,O006319,W003,XpressBees,Delivered,2026-03-21,2026-03-24
SH006320,O006320,W016,DTDC,Delayed,2026-04-22,2026-04-23
SH006321,O006321,W013,DTDC,Delivered,2026-05-23,2026-05-28
SH006322,O006322,W004,DTDC,Delayed,2026-01-25,2026-01-29
SH006323,O006323,W006,Delhivery,Delivered,2026-03-14,2026-03-17
SH006324,O006324,W013,XpressBees,Delivered,2025-10-30,2025-10-31
SH006325,O006325,W015,Delhivery,In Transit,2026-03-21,2026-03-23
SH006326,O006326,W015,DTDC,In Transit,2026-05-22,2026-05-27
SH006327,O006327,W007,India Post,Delayed,2026-03-31,2026-04-05
SH006328,O006328,W015,DTDC,Delayed,2026-05-07,2026-05-11
SH006329,O006329,W020,Ekart,Delayed,2026-07-26,2026-07-31
SH006330,O006330,W012,Blue Dart,Delayed,2026-01-22,2026-01-27
SH006331,O006331,W010,Delhivery,In Transit,2026-01-22,2026-01-26
SH006332,O006332,W012,India Post,Delayed,2026-02-22,2026-02-26
SH006333,O006333,W007,Blue Dart,In Transit,2025-10-01,2025-10-02
SH006334,O006334,W010,DTDC,Delayed,2026-06-15,2026-06-19
SH006335,O006335,W012,Blue Dart,In Transit,2025-08-16,2025-08-17
SH006336,O006336,W006,Delhivery,In Transit,2026-02-12,2026-02-17
SH006337,O006337,W019,Ekart,Delivered,2025-10-02,2025-10-03
SH006338,O006338,W011,Blue Dart,Delayed,2026-05-03,2026-05-07
SH006339,O006339,W006,DTDC,Delayed,2025-10-16,2025-10-17
SH006340,O006340,W008,Blue Dart,Delivered,2025-12-07,2025-12-08
SH006341,O006341,W006,India Post,Delivered,2026-05-25,2026-05-28
SH006342,O006342,W005,Delhivery,Delayed,2026-01-19,2026-01-26
SH006343,O006343,W004,Ekart,Delayed,2026-05-03,2026-05-08
SH006344,O006344,W015,Blue Dart,Delayed,2025-09-06,2025-09-13
SH006345,O006345,W003,India Post,Delayed,2025-09-19,2025-09-24
SH006346,O006346,W016,Blue Dart,In Transit,2026-05-25,2026-05-29
SH006347,O006347,W002,Blue Dart,Delivered,2026-01-31,2026-02-07
SH006348,O006348,W001,Ekart,Delivered,2026-02-28,2026-03-07
SH006349,O006349,W017,Delhivery,Delivered,2026-06-03,2026-06-06
SH006350,O006350,W012,Ekart,Delivered,2025-09-23,2025-09-25
SH006351,O006351,W009,Ekart,In Transit,2025-11-11,2025-11-18
SH006352,O006352,W001,Blue Dart,Delivered,2025-10-08,2025-10-12
SH006353,O006353,W015,Blue Dart,Delayed,2026-03-28,2026-03-31
SH006354,O006354,W002,DTDC,In Transit,2026-01-14,2026-01-21
SH006355,O006355,W010,Delhivery,Delivered,2026-06-28,2026-07-04
SH006356,O006356,W018,India Post,Delayed,2026-04-01,2026-04-07
SH006357,O006357,W015,Ekart,In Transit,2025-12-16,2025-12-18
SH006358,O006358,W020,Delhivery,Delayed,2026-01-14,2026-01-21
SH006359,O006359,W005,India Post,In Transit,2025-11-24,2025-11-26
SH006360,O006360,W008,XpressBees,Delayed,2025-12-27,2025-12-28
SH006361,O006361,W013,XpressBees,In Transit,2025-10-01,2025-10-02
SH006362,O006362,W015,Delhivery,Delivered,2025-10-03,2025-10-09
SH006363,O006363,W016,Blue Dart,In Transit,2026-08-02,2026-08-06
SH006364,O006364,W009,XpressBees,Delayed,2025-11-09,2025-11-12
SH006365,O006365,W019,Ekart,In Transit,2026-01-19,2026-01-24
SH006366,O006366,W014,Blue Dart,In Transit,2026-01-08,2026-01-09
SH006367,O006367,W008,Ekart,In Transit,2026-06-09,2026-06-15
SH006368,O006368,W011,XpressBees,Delayed,2026-04-02,2026-04-04
SH006369,O006369,W003,Blue Dart,In Transit,2026-03-21,2026-03-24
SH006370,O006370,W016,Ekart,In Transit,2026-05-25,2026-06-01
SH006371,O006371,W012,DTDC,Delayed,2025-08-11,2025-08-18
SH006372,O006372,W003,Blue Dart,In Transit,2025-09-13,2025-09-19
SH006373,O006373,W003,Blue Dart,Delayed,2026-06-27,2026-06-29
SH006374,O006374,W003,Delhivery,In Transit,2026-02-26,2026-03-04
SH006375,O006375,W020,India Post,In Transit,2026-02-22,2026-02-23
SH006376,O006376,W001,India Post,In Transit,2026-07-27,2026-07-31
SH006377,O006377,W004,XpressBees,Delivered,2025-11-30,2025-12-03
SH006378,O006378,W017,DTDC,Delayed,2026-03-28,2026-03-30
SH006379,O006379,W005,Delhivery,Delivered,2026-02-01,2026-02-08
SH006380,O006380,W019,Ekart,In Transit,2025-08-15,2025-08-22
SH006381,O006381,W020,India Post,Delayed,2026-07-30,2026-08-01
SH006382,O006382,W005,Blue Dart,In Transit,2026-04-16,2026-04-18
SH006383,O006383,W018,Blue Dart,Delayed,2025-09-30,2025-10-06
SH006384,O006384,W020,Delhivery,Delivered,2026-01-04,2026-01-07
SH006385,O006385,W017,Ekart,In Transit,2025-11-13,2025-11-15
SH006386,O006386,W020,XpressBees,Delayed,2025-10-12,2025-10-13
SH006387,O006387,W020,Blue Dart,Delivered,2025-12-06,2025-12-07
SH006388,O006388,W015,XpressBees,Delayed,2026-01-04,2026-01-08
SH006389,O006389,W018,Ekart,Delivered,2025-12-17,2025-12-22
SH006390,O006390,W006,Ekart,Delivered,2025-08-27,2025-08-30
SH006391,O006391,W011,DTDC,Delivered,2026-01-03,2026-01-10
SH006392,O006392,W002,Ekart,In Transit,2026-06-23,2026-06-30
SH006393,O006393,W004,Ekart,Delayed,2026-02-09,2026-02-13
SH006394,O006394,W014,Ekart,Delayed,2026-03-14,2026-03-17
SH006395,O006395,W005,Blue Dart,In Transit,2026-01-26,2026-01-31
SH006396,O006396,W013,Delhivery,Delayed,2025-09-18,2025-09-21
SH006397,O006397,W015,Delhivery,Delivered,2026-08-05,2026-08-12
SH006398,O006398,W004,Delhivery,In Transit,2026-03-07,2026-03-09
SH006399,O006399,W016,Ekart,Delivered,2026-02-27,2026-03-03
SH006400,O006400,W007,India Post,In Transit,2026-02-22,2026-03-01
SH006401,O006401,W007,Delhivery,In Transit,2026-05-27,2026-05-31
SH006402,O006402,W005,XpressBees,In Transit,2025-08-15,2025-08-19
SH006403,O006403,W013,Ekart,Delayed,2026-02-16,2026-02-21
SH006404,O006404,W003,XpressBees,In Transit,2026-05-02,2026-05-03
SH006405,O006405,W014,XpressBees,Delayed,2026-03-12,2026-03-15
SH006406,O006406,W013,XpressBees,Delivered,2026-07-06,2026-07-09
SH006407,O006407,W013,DTDC,Delivered,2026-07-27,2026-07-29
SH006408,O006408,W018,Ekart,In Transit,2025-09-12,2025-09-14
SH006409,O006409,W012,Ekart,In Transit,2026-02-22,2026-03-01
SH006410,O006410,W004,Delhivery,Delayed,2026-01-09,2026-01-13
SH006411,O006411,W018,Delhivery,In Transit,2026-04-17,2026-04-21
SH006412,O006412,W006,Blue Dart,Delayed,2025-09-20,2025-09-26
SH006413,O006413,W014,XpressBees,Delivered,2026-03-26,2026-04-01
SH006414,O006414,W019,India Post,Delayed,2026-01-02,2026-01-04
SH006415,O006415,W005,Blue Dart,Delivered,2025-08-25,2025-08-31
SH006416,O006416,W009,XpressBees,In Transit,2025-11-19,2025-11-26
SH006417,O006417,W012,XpressBees,Delivered,2025-10-25,2025-10-31
SH006418,O006418,W005,DTDC,Delivered,2026-07-22,2026-07-28
SH006419,O006419,W012,Blue Dart,Delivered,2026-01-26,2026-01-28
SH006420,O006420,W012,Delhivery,Delayed,2026-01-29,2026-02-04
SH006421,O006421,W010,XpressBees,Delayed,2026-08-02,2026-08-03
SH006422,O006422,W014,Ekart,Delivered,2025-11-26,2025-11-27
SH006423,O006423,W015,DTDC,In Transit,2025-09-18,2025-09-25
SH006424,O006424,W019,Blue Dart,Delivered,2026-04-23,2026-04-30
SH006425,O006425,W006,Delhivery,Delivered,2026-05-14,2026-05-19
SH006426,O006426,W020,India Post,In Transit,2026-06-03,2026-06-08
SH006427,O006427,W001,India Post,In Transit,2026-03-24,2026-03-30
SH006428,O006428,W003,DTDC,In Transit,2025-12-06,2025-12-11
SH006429,O006429,W009,Delhivery,In Transit,2025-08-24,2025-08-27
SH006430,O006430,W018,Blue Dart,Delivered,2025-08-24,2025-08-31
SH006431,O006431,W012,Delhivery,Delivered,2025-09-20,2025-09-24
SH006432,O006432,W010,India Post,Delayed,2026-04-12,2026-04-14
SH006433,O006433,W010,India Post,Delayed,2025-08-08,2025-08-12
SH006434,O006434,W018,XpressBees,Delivered,2025-08-25,2025-08-28
SH006435,O006435,W008,Blue Dart,In Transit,2026-01-14,2026-01-18
SH006436,O006436,W005,Delhivery,Delivered,2025-12-20,2025-12-26
SH006437,O006437,W001,DTDC,Delivered,2025-12-28,2026-01-01
SH006438,O006438,W017,India Post,In Transit,2026-07-13,2026-07-14
SH006439,O006439,W010,DTDC,In Transit,2025-10-30,2025-11-01
SH006440,O006440,W020,XpressBees,Delivered,2026-04-16,2026-04-20
SH006441,O006441,W007,Ekart,In Transit,2026-01-01,2026-01-05
SH006442,O006442,W002,DTDC,Delivered,2026-02-14,2026-02-17
SH006443,O006443,W003,Blue Dart,Delivered,2026-02-15,2026-02-19
SH006444,O006444,W002,India Post,Delayed,2025-12-25,2026-01-01
SH006445,O006445,W003,Blue Dart,Delivered,2026-06-18,2026-06-21
SH006446,O006446,W011,Delhivery,Delayed,2026-06-08,2026-06-15
SH006447,O006447,W020,Blue Dart,Delayed,2026-04-09,2026-04-11
SH006448,O006448,W016,Blue Dart,Delivered,2026-04-28,2026-05-04
SH006449,O006449,W007,DTDC,Delayed,2026-05-16,2026-05-19
SH006450,O006450,W004,Delhivery,Delivered,2025-12-03,2025-12-09
SH006451,O006451,W001,XpressBees,Delivered,2026-05-18,2026-05-20
SH006452,O006452,W014,DTDC,Delayed,2026-02-12,2026-02-16
SH006453,O006453,W001,Ekart,In Transit,2026-03-14,2026-03-16
SH006454,O006454,W006,XpressBees,In Transit,2026-04-05,2026-04-06
SH006455,O006455,W016,India Post,Delayed,2025-10-07,2025-10-11
SH006456,O006456,W020,India Post,Delivered,2026-03-05,2026-03-09
SH006457,O006457,W003,India Post,Delivered,2026-03-05,2026-03-11
SH006458,O006458,W015,Ekart,Delivered,2025-11-16,2025-11-17
SH006459,O006459,W009,Ekart,Delayed,2026-06-21,2026-06-27
SH006460,O006460,W011,XpressBees,Delayed,2026-01-23,2026-01-24
SH006461,O006461,W014,XpressBees,Delayed,2025-09-15,2025-09-21
SH006462,O006462,W018,Ekart,Delayed,2026-05-24,2026-05-28
SH006463,O006463,W001,XpressBees,Delayed,2026-07-11,2026-07-18
SH006464,O006464,W003,XpressBees,Delivered,2025-08-28,2025-08-31
SH006465,O006465,W018,Delhivery,Delayed,2025-12-05,2025-12-12
SH006466,O006466,W002,Delhivery,Delayed,2026-03-01,2026-03-04
SH006467,O006467,W008,Blue Dart,In Transit,2026-01-23,2026-01-26
SH006468,O006468,W007,XpressBees,In Transit,2026-05-24,2026-05-30
SH006469,O006469,W005,Blue Dart,Delivered,2026-07-09,2026-07-12
SH006470,O006470,W017,DTDC,In Transit,2026-06-11,2026-06-12
SH006471,O006471,W018,DTDC,In Transit,2026-06-29,2026-07-05
SH006472,O006472,W005,DTDC,Delivered,2026-03-11,2026-03-18
SH006473,O006473,W016,Delhivery,Delivered,2025-09-28,2025-10-04
SH006474,O006474,W011,Delhivery,In Transit,2026-03-06,2026-03-13
SH006475,O006475,W002,Blue Dart,Delayed,2026-04-02,2026-04-06
SH006476,O006476,W003,XpressBees,Delivered,2026-02-10,2026-02-12
SH006477,O006477,W017,India Post,Delivered,2025-09-09,2025-09-12
SH006478,O006478,W017,Delhivery,Delivered,2025-12-06,2025-12-11
SH006479,O006479,W006,DTDC,Delivered,2026-04-08,2026-04-10
SH006480,O006480,W019,DTDC,In Transit,2026-05-14,2026-05-20
SH006481,O006481,W007,India Post,Delayed,2025-10-10,2025-10-13
SH006482,O006482,W016,Ekart,Delayed,2026-02-25,2026-03-03
SH006483,O006483,W016,DTDC,Delayed,2025-12-07,2025-12-12
SH006484,O006484,W019,Delhivery,In Transit,2025-11-21,2025-11-27
SH006485,O006485,W006,India Post,Delayed,2026-02-15,2026-02-16
SH006486,O006486,W003,India Post,In Transit,2025-10-06,2025-10-12
SH006487,O006487,W012,India Post,Delivered,2026-06-15,2026-06-17
SH006488,O006488,W009,DTDC,In Transit,2025-10-04,2025-10-08
SH006489,O006489,W006,Blue Dart,Delayed,2026-03-29,2026-04-05
SH006490,O006490,W009,Ekart,Delivered,2025-11-23,2025-11-26
SH006491,O006491,W005,Ekart,Delayed,2026-06-16,2026-06-23
SH006492,O006492,W019,Ekart,Delayed,2025-08-26,2025-08-28
SH006493,O006493,W020,XpressBees,Delivered,2025-11-15,2025-11-18
SH006494,O006494,W017,DTDC,Delivered,2026-05-28,2026-05-30
SH006495,O006495,W008,Delhivery,Delayed,2025-10-31,2025-11-01
SH006496,O006496,W008,Ekart,Delivered,2025-09-04,2025-09-11
SH006497,O006497,W011,Blue Dart,Delivered,2025-08-06,2025-08-08
SH006498,O006498,W014,India Post,Delivered,2026-03-30,2026-04-04
SH006499,O006499,W014,XpressBees,Delivered,2026-07-03,2026-07-04
SH006500,O006500,W018,DTDC,In Transit,2025-10-26,2025-10-28
SH006501,O006501,W014,Blue Dart,Delayed,2026-02-17,2026-02-22
SH006502,O006502,W020,Delhivery,Delivered,2026-07-26,2026-07-30
SH006503,O006503,W014,Ekart,Delayed,2026-03-31,2026-04-03
SH006504,O006504,W009,XpressBees,In Transit,2026-05-08,2026-05-13
SH006505,O006505,W017,XpressBees,Delayed,2026-02-09,2026-02-16
SH006506,O006506,W002,Delhivery,Delayed,2026-04-16,2026-04-18
SH006507,O006507,W008,India Post,In Transit,2026-05-21,2026-05-26
SH006508,O006508,W020,India Post,Delayed,2025-11-19,2025-11-22
SH006509,O006509,W018,Blue Dart,Delayed,2026-06-15,2026-06-21
SH006510,O006510,W012,Ekart,Delayed,2025-08-24,2025-08-29
SH006511,O006511,W008,Delhivery,Delivered,2026-07-29,2026-08-02
SH006512,O006512,W019,DTDC,In Transit,2026-02-11,2026-02-17
SH006513,O006513,W009,India Post,Delayed,2026-08-01,2026-08-06
SH006514,O006514,W009,India Post,Delivered,2025-11-10,2025-11-17
SH006515,O006515,W003,Ekart,In Transit,2026-04-23,2026-04-27
SH006516,O006516,W015,Delhivery,In Transit,2025-09-11,2025-09-17
SH006517,O006517,W009,DTDC,Delivered,2026-05-13,2026-05-18
SH006518,O006518,W003,India Post,Delayed,2025-09-04,2025-09-11
SH006519,O006519,W008,DTDC,Delayed,2026-04-03,2026-04-09
SH006520,O006520,W005,India Post,In Transit,2026-07-10,2026-07-16
SH006521,O006521,W012,Blue Dart,Delayed,2025-12-16,2025-12-22
SH006522,O006522,W002,Ekart,In Transit,2026-06-18,2026-06-21
SH006523,O006523,W005,XpressBees,Delivered,2025-10-13,2025-10-20
SH006524,O006524,W007,Ekart,In Transit,2026-07-20,2026-07-26
SH006525,O006525,W017,Delhivery,Delivered,2025-09-14,2025-09-16
SH006526,O006526,W001,XpressBees,In Transit,2026-06-22,2026-06-27
SH006527,O006527,W018,XpressBees,In Transit,2026-01-09,2026-01-12
SH006528,O006528,W018,DTDC,In Transit,2026-04-12,2026-04-14
SH006529,O006529,W008,Blue Dart,Delayed,2025-11-25,2025-11-29
SH006530,O006530,W006,XpressBees,Delayed,2025-09-20,2025-09-21
SH006531,O006531,W002,India Post,Delivered,2025-10-10,2025-10-13
SH006532,O006532,W020,Delhivery,Delayed,2025-11-14,2025-11-21
SH006533,O006533,W018,XpressBees,Delivered,2025-09-05,2025-09-10
SH006534,O006534,W005,Delhivery,In Transit,2025-09-28,2025-10-01
SH006535,O006535,W011,Ekart,Delivered,2025-12-04,2025-12-08
SH006536,O006536,W015,Blue Dart,Delayed,2026-06-09,2026-06-15
SH006537,O006537,W004,DTDC,In Transit,2026-06-17,2026-06-23
SH006538,O006538,W001,Ekart,In Transit,2026-03-05,2026-03-08
SH006539,O006539,W014,India Post,Delayed,2026-06-01,2026-06-08
SH006540,O006540,W002,Ekart,Delivered,2026-03-02,2026-03-09
SH006541,O006541,W008,Delhivery,In Transit,2025-08-27,2025-08-28
SH006542,O006542,W017,DTDC,Delivered,2026-06-16,2026-06-17
SH006543,O006543,W002,Blue Dart,Delayed,2026-02-16,2026-02-23
SH006544,O006544,W016,India Post,Delivered,2026-06-28,2026-07-05
SH006545,O006545,W004,XpressBees,In Transit,2026-04-14,2026-04-21
SH006546,O006546,W004,DTDC,Delayed,2026-01-15,2026-01-20
SH006547,O006547,W018,Blue Dart,In Transit,2026-06-19,2026-06-24
SH006548,O006548,W013,India Post,In Transit,2026-01-23,2026-01-24
SH006549,O006549,W014,Ekart,Delivered,2026-08-07,2026-08-10
SH006550,O006550,W018,DTDC,Delivered,2025-11-05,2025-11-08
SH006551,O006551,W013,India Post,In Transit,2026-06-15,2026-06-17
SH006552,O006552,W015,Delhivery,In Transit,2025-10-10,2025-10-14
SH006553,O006553,W015,Blue Dart,Delivered,2026-01-05,2026-01-10
SH006554,O006554,W013,Blue Dart,Delivered,2026-07-02,2026-07-05
SH006555,O006555,W014,India Post,Delayed,2026-03-24,2026-03-29
SH006556,O006556,W008,DTDC,Delayed,2025-08-05,2025-08-07
SH006557,O006557,W017,XpressBees,Delivered,2026-07-08,2026-07-14
SH006558,O006558,W004,DTDC,Delayed,2026-02-16,2026-02-23
SH006559,O006559,W019,Ekart,Delivered,2025-11-24,2025-11-26
SH006560,O006560,W003,XpressBees,In Transit,2026-03-28,2026-04-04
SH006561,O006561,W003,India Post,Delivered,2025-12-06,2025-12-11
SH006562,O006562,W017,XpressBees,Delivered,2025-12-03,2025-12-06
SH006563,O006563,W016,DTDC,Delivered,2025-09-09,2025-09-15
SH006564,O006564,W020,Blue Dart,In Transit,2026-05-07,2026-05-10
SH006565,O006565,W010,Ekart,Delivered,2026-04-01,2026-04-07
SH006566,O006566,W003,DTDC,In Transit,2026-05-25,2026-05-31
SH006567,O006567,W016,Ekart,Delivered,2026-07-17,2026-07-22
SH006568,O006568,W013,XpressBees,In Transit,2026-03-11,2026-03-12
SH006569,O006569,W004,Blue Dart,Delayed,2026-01-21,2026-01-27
SH006570,O006570,W017,Delhivery,In Transit,2025-09-22,2025-09-28
SH006571,O006571,W012,Blue Dart,In Transit,2025-11-04,2025-11-06
SH006572,O006572,W019,Blue Dart,Delivered,2026-06-11,2026-06-16
SH006573,O006573,W020,XpressBees,In Transit,2026-04-24,2026-04-26
SH006574,O006574,W003,India Post,In Transit,2025-08-31,2025-09-06
SH006575,O006575,W001,Ekart,In Transit,2026-07-09,2026-07-16
SH006576,O006576,W004,India Post,Delayed,2026-05-30,2026-06-01
SH006577,O006577,W008,XpressBees,Delivered,2025-10-31,2025-11-04
SH006578,O006578,W002,Ekart,Delivered,2025-10-31,2025-11-03
SH006579,O006579,W010,Ekart,Delayed,2026-03-08,2026-03-12
SH006580,O006580,W019,Delhivery,Delivered,2025-09-14,2025-09-17
SH006581,O006581,W006,Ekart,Delivered,2026-04-27,2026-04-30
SH006582,O006582,W001,XpressBees,In Transit,2025-11-23,2025-11-27
SH006583,O006583,W019,Blue Dart,Delivered,2026-04-11,2026-04-12
SH006584,O006584,W016,Ekart,Delayed,2026-05-29,2026-05-31
SH006585,O006585,W002,XpressBees,Delivered,2026-08-05,2026-08-11
SH006586,O006586,W011,Delhivery,Delivered,2026-01-09,2026-01-13
SH006587,O006587,W013,XpressBees,Delayed,2026-03-05,2026-03-08
SH006588,O006588,W015,Blue Dart,In Transit,2026-05-29,2026-06-01
SH006589,O006589,W004,India Post,Delivered,2026-06-02,2026-06-03
SH006590,O006590,W007,Blue Dart,In Transit,2026-01-30,2026-01-31
SH006591,O006591,W001,Delhivery,Delivered,2026-08-02,2026-08-08
SH006592,O006592,W007,India Post,In Transit,2025-08-24,2025-08-29
SH006593,O006593,W015,Ekart,Delivered,2025-12-18,2025-12-19
SH006594,O006594,W005,India Post,Delayed,2025-10-14,2025-10-15
SH006595,O006595,W019,India Post,Delayed,2026-04-05,2026-04-07
SH006596,O006596,W019,India Post,Delivered,2026-03-16,2026-03-17
SH006597,O006597,W010,Ekart,Delayed,2025-11-30,2025-12-06
SH006598,O006598,W017,XpressBees,In Transit,2025-08-13,2025-08-18
SH006599,O006599,W019,Delhivery,Delayed,2025-12-25,2025-12-29
SH006600,O006600,W010,Blue Dart,Delayed,2026-01-25,2026-01-26
SH006601,O006601,W002,DTDC,In Transit,2026-01-29,2026-02-02
SH006602,O006602,W007,Delhivery,Delayed,2025-10-24,2025-10-28
SH006603,O006603,W011,Blue Dart,Delayed,2025-12-03,2025-12-10
SH006604,O006604,W002,Delhivery,In Transit,2026-03-14,2026-03-16
SH006605,O006605,W018,India Post,In Transit,2026-06-13,2026-06-14
SH006606,O006606,W003,DTDC,Delayed,2026-05-14,2026-05-15
SH006607,O006607,W018,Delhivery,Delayed,2026-04-08,2026-04-09
SH006608,O006608,W020,India Post,Delayed,2025-10-07,2025-10-09
SH006609,O006609,W006,XpressBees,Delayed,2025-11-17,2025-11-21
SH006610,O006610,W002,India Post,In Transit,2026-01-08,2026-01-11
SH006611,O006611,W004,XpressBees,Delayed,2026-06-19,2026-06-24
SH006612,O006612,W012,Delhivery,Delayed,2025-10-12,2025-10-15
SH006613,O006613,W017,DTDC,Delayed,2025-09-06,2025-09-11
SH006614,O006614,W016,DTDC,Delayed,2025-10-07,2025-10-11
SH006615,O006615,W015,DTDC,Delivered,2026-07-04,2026-07-05
SH006616,O006616,W014,DTDC,In Transit,2025-08-07,2025-08-11
SH006617,O006617,W011,Blue Dart,Delayed,2026-04-02,2026-04-06
SH006618,O006618,W006,Delhivery,Delivered,2026-01-25,2026-01-28
SH006619,O006619,W020,Blue Dart,Delayed,2025-10-29,2025-11-03
SH006620,O006620,W003,DTDC,In Transit,2026-07-07,2026-07-08
SH006621,O006621,W006,XpressBees,Delayed,2026-03-29,2026-03-31
SH006622,O006622,W018,XpressBees,Delivered,2025-08-19,2025-08-24
SH006623,O006623,W010,Blue Dart,Delayed,2026-05-05,2026-05-11
SH006624,O006624,W014,Delhivery,Delayed,2026-06-20,2026-06-27
SH006625,O006625,W011,DTDC,Delayed,2026-05-25,2026-05-31
SH006626,O006626,W004,DTDC,Delayed,2026-02-07,2026-02-12
SH006627,O006627,W001,XpressBees,Delivered,2026-01-16,2026-01-18
SH006628,O006628,W008,Ekart,In Transit,2025-12-05,2025-12-09
SH006629,O006629,W013,India Post,Delayed,2025-12-05,2025-12-12
SH006630,O006630,W005,DTDC,In Transit,2026-04-09,2026-04-11
SH006631,O006631,W003,XpressBees,Delivered,2025-08-10,2025-08-12
SH006632,O006632,W002,XpressBees,Delivered,2026-07-01,2026-07-03
SH006633,O006633,W015,XpressBees,Delivered,2026-06-02,2026-06-07
SH006634,O006634,W016,Ekart,Delayed,2025-11-03,2025-11-04
SH006635,O006635,W011,India Post,In Transit,2026-03-07,2026-03-08
SH006636,O006636,W004,DTDC,Delayed,2026-03-28,2026-03-31
SH006637,O006637,W013,India Post,Delivered,2026-07-09,2026-07-16
SH006638,O006638,W017,Delhivery,Delivered,2025-08-21,2025-08-28
SH006639,O006639,W013,India Post,Delivered,2026-03-19,2026-03-21
SH006640,O006640,W015,DTDC,In Transit,2025-11-02,2025-11-08
SH006641,O006641,W008,Delhivery,Delayed,2025-11-15,2025-11-20
SH006642,O006642,W002,Blue Dart,Delayed,2026-01-06,2026-01-11
SH006643,O006643,W013,Delhivery,Delayed,2025-12-02,2025-12-05
SH006644,O006644,W018,Ekart,Delayed,2025-10-07,2025-10-12
SH006645,O006645,W016,Ekart,In Transit,2026-06-15,2026-06-21
SH006646,O006646,W013,India Post,In Transit,2026-08-05,2026-08-12
SH006647,O006647,W003,Blue Dart,In Transit,2026-06-15,2026-06-19
SH006648,O006648,W005,DTDC,In Transit,2025-11-15,2025-11-19
SH006649,O006649,W005,India Post,In Transit,2025-10-26,2025-10-28
SH006650,O006650,W013,Ekart,Delivered,2025-10-26,2025-10-30
SH006651,O006651,W008,Delhivery,Delayed,2025-12-25,2025-12-27
SH006652,O006652,W005,India Post,In Transit,2026-04-10,2026-04-15
SH006653,O006653,W005,XpressBees,Delivered,2025-10-26,2025-11-01
SH006654,O006654,W015,XpressBees,In Transit,2026-07-17,2026-07-18
SH006655,O006655,W011,Delhivery,In Transit,2025-11-16,2025-11-17
SH006656,O006656,W006,India Post,Delivered,2026-05-04,2026-05-09
SH006657,O006657,W011,India Post,Delivered,2026-07-27,2026-08-03
SH006658,O006658,W008,DTDC,In Transit,2026-04-06,2026-04-07
SH006659,O006659,W015,India Post,In Transit,2026-04-16,2026-04-23
SH006660,O006660,W002,India Post,Delayed,2025-10-23,2025-10-26
SH006661,O006661,W002,Ekart,Delivered,2026-02-22,2026-03-01
SH006662,O006662,W008,Blue Dart,Delayed,2026-03-08,2026-03-09
SH006663,O006663,W012,India Post,Delayed,2025-09-04,2025-09-11
SH006664,O006664,W013,DTDC,Delivered,2026-07-10,2026-07-16
SH006665,O006665,W018,Delhivery,Delivered,2026-03-18,2026-03-24
SH006666,O006666,W006,India Post,In Transit,2025-09-22,2025-09-27
SH006667,O006667,W013,India Post,In Transit,2025-10-25,2025-11-01
SH006668,O006668,W007,DTDC,Delivered,2026-05-05,2026-05-11
SH006669,O006669,W003,Ekart,In Transit,2026-05-08,2026-05-14
SH006670,O006670,W016,India Post,In Transit,2025-10-24,2025-10-27
SH006671,O006671,W016,Delhivery,In Transit,2026-07-04,2026-07-05
SH006672,O006672,W012,Blue Dart,Delivered,2025-11-08,2025-11-15
SH006673,O006673,W020,India Post,In Transit,2026-02-05,2026-02-06
SH006674,O006674,W014,Blue Dart,Delivered,2025-12-28,2025-12-30
SH006675,O006675,W019,Ekart,Delivered,2026-02-27,2026-03-04
SH006676,O006676,W002,India Post,In Transit,2025-09-10,2025-09-17
SH006677,O006677,W001,DTDC,Delayed,2026-07-08,2026-07-15
SH006678,O006678,W019,DTDC,Delayed,2026-07-24,2026-07-29
SH006679,O006679,W009,Ekart,Delayed,2025-12-17,2025-12-21
SH006680,O006680,W010,Ekart,Delayed,2026-04-15,2026-04-21
SH006681,O006681,W009,Blue Dart,Delayed,2026-06-12,2026-06-15
SH006682,O006682,W006,Blue Dart,Delayed,2026-03-30,2026-04-06
SH006683,O006683,W015,India Post,Delivered,2026-08-05,2026-08-11
SH006684,O006684,W004,Ekart,Delivered,2026-05-06,2026-05-09
SH006685,O006685,W003,India Post,Delivered,2026-07-04,2026-07-09
SH006686,O006686,W008,Delhivery,Delayed,2026-04-23,2026-04-28
SH006687,O006687,W017,Ekart,In Transit,2025-09-27,2025-09-29
SH006688,O006688,W007,Delhivery,In Transit,2026-01-08,2026-01-09
SH006689,O006689,W011,Ekart,In Transit,2025-11-15,2025-11-22
SH006690,O006690,W018,Blue Dart,Delayed,2025-12-23,2025-12-28
SH006691,O006691,W002,XpressBees,Delayed,2026-06-25,2026-07-01
SH006692,O006692,W001,India Post,Delivered,2026-05-14,2026-05-15
SH006693,O006693,W005,Blue Dart,Delivered,2026-02-08,2026-02-11
SH006694,O006694,W017,DTDC,Delayed,2026-01-18,2026-01-24
SH006695,O006695,W019,XpressBees,In Transit,2026-07-15,2026-07-20
SH006696,O006696,W006,Ekart,Delivered,2026-03-24,2026-03-31
SH006697,O006697,W020,India Post,Delayed,2025-11-08,2025-11-09
SH006698,O006698,W008,India Post,In Transit,2025-12-22,2025-12-24
SH006699,O006699,W013,Blue Dart,Delivered,2025-12-29,2026-01-05
SH006700,O006700,W011,Delhivery,Delivered,2026-06-09,2026-06-14
SH006701,O006701,W018,Ekart,Delayed,2026-07-26,2026-08-02
SH006702,O006702,W007,Delhivery,In Transit,2025-09-13,2025-09-18
SH006703,O006703,W006,Delhivery,Delayed,2025-12-04,2025-12-07
SH006704,O006704,W009,DTDC,In Transit,2025-11-19,2025-11-26
SH006705,O006705,W002,XpressBees,In Transit,2025-12-24,2025-12-29
SH006706,O006706,W007,Blue Dart,In Transit,2025-09-30,2025-10-05
SH006707,O006707,W017,Ekart,In Transit,2026-06-26,2026-07-02
SH006708,O006708,W007,Ekart,In Transit,2026-06-20,2026-06-24
SH006709,O006709,W015,XpressBees,In Transit,2026-04-01,2026-04-06
SH006710,O006710,W019,DTDC,Delivered,2025-09-28,2025-10-02
SH006711,O006711,W010,Ekart,Delivered,2025-10-04,2025-10-08
SH006712,O006712,W012,India Post,Delivered,2026-02-08,2026-02-13
SH006713,O006713,W004,DTDC,Delayed,2026-02-27,2026-03-01
SH006714,O006714,W001,XpressBees,Delivered,2025-10-29,2025-11-05
SH006715,O006715,W006,XpressBees,Delayed,2026-07-18,2026-07-20
SH006716,O006716,W006,India Post,In Transit,2025-10-30,2025-11-01
SH006717,O006717,W002,Delhivery,Delayed,2026-05-29,2026-06-02
SH006718,O006718,W001,Delhivery,In Transit,2026-05-06,2026-05-09
SH006719,O006719,W002,Blue Dart,Delivered,2025-10-25,2025-10-28
SH006720,O006720,W015,India Post,In Transit,2026-07-05,2026-07-10
SH006721,O006721,W020,XpressBees,Delivered,2025-12-09,2025-12-11
SH006722,O006722,W013,Ekart,In Transit,2026-02-04,2026-02-07
SH006723,O006723,W010,XpressBees,Delivered,2025-11-02,2025-11-08
SH006724,O006724,W005,XpressBees,Delivered,2025-10-12,2025-10-15
SH006725,O006725,W011,Delhivery,Delivered,2026-03-23,2026-03-29
SH006726,O006726,W016,India Post,Delivered,2025-12-18,2025-12-23
SH006727,O006727,W009,Ekart,In Transit,2026-05-28,2026-05-30
SH006728,O006728,W011,DTDC,Delivered,2025-09-08,2025-09-11
SH006729,O006729,W009,DTDC,In Transit,2026-02-21,2026-02-25
SH006730,O006730,W002,Delhivery,In Transit,2025-11-14,2025-11-16
SH006731,O006731,W009,XpressBees,In Transit,2025-08-08,2025-08-12
SH006732,O006732,W018,Delhivery,In Transit,2026-01-31,2026-02-03
SH006733,O006733,W013,DTDC,In Transit,2026-03-19,2026-03-25
SH006734,O006734,W003,XpressBees,In Transit,2025-09-29,2025-10-01
SH006735,O006735,W020,Delhivery,Delivered,2026-02-14,2026-02-19
SH006736,O006736,W015,Delhivery,Delayed,2026-01-09,2026-01-11
SH006737,O006737,W016,Delhivery,Delivered,2026-03-22,2026-03-28
SH006738,O006738,W002,XpressBees,In Transit,2026-03-25,2026-03-30
SH006739,O006739,W005,XpressBees,In Transit,2026-04-03,2026-04-04
SH006740,O006740,W018,Blue Dart,In Transit,2026-01-23,2026-01-30
SH006741,O006741,W012,Delhivery,Delivered,2026-08-06,2026-08-10
SH006742,O006742,W009,Delhivery,In Transit,2025-11-12,2025-11-15
SH006743,O006743,W011,Ekart,Delayed,2026-07-29,2026-08-05
SH006744,O006744,W007,Ekart,In Transit,2026-01-17,2026-01-19
SH006745,O006745,W005,Ekart,Delayed,2026-07-29,2026-08-02
SH006746,O006746,W001,DTDC,Delayed,2025-11-15,2025-11-17
SH006747,O006747,W004,Delhivery,In Transit,2025-08-10,2025-08-16
SH006748,O006748,W001,XpressBees,Delayed,2025-09-25,2025-09-26
SH006749,O006749,W002,XpressBees,Delayed,2025-09-21,2025-09-25
SH006750,O006750,W004,Blue Dart,Delayed,2025-11-05,2025-11-11
SH006751,O006751,W013,India Post,In Transit,2026-02-07,2026-02-13
SH006752,O006752,W007,XpressBees,In Transit,2026-02-28,2026-03-05
SH006753,O006753,W012,India Post,Delivered,2026-05-31,2026-06-07
SH006754,O006754,W006,DTDC,Delivered,2026-04-14,2026-04-18
SH006755,O006755,W015,DTDC,Delayed,2025-10-18,2025-10-22
SH006756,O006756,W004,DTDC,In Transit,2026-04-19,2026-04-23
SH006757,O006757,W006,XpressBees,Delivered,2025-11-04,2025-11-10
SH006758,O006758,W004,XpressBees,Delivered,2026-03-09,2026-03-15
SH006759,O006759,W003,XpressBees,In Transit,2025-11-13,2025-11-20
SH006760,O006760,W019,DTDC,Delivered,2025-08-26,2025-08-29
SH006761,O006761,W004,Blue Dart,Delayed,2025-09-11,2025-09-16
SH006762,O006762,W009,Delhivery,Delayed,2025-10-17,2025-10-19
SH006763,O006763,W014,DTDC,Delayed,2026-07-12,2026-07-13
SH006764,O006764,W008,XpressBees,Delivered,2026-01-12,2026-01-19
SH006765,O006765,W007,India Post,Delayed,2026-06-13,2026-06-14
SH006766,O006766,W019,XpressBees,In Transit,2026-04-24,2026-04-28
SH006767,O006767,W013,DTDC,Delivered,2026-02-03,2026-02-09
SH006768,O006768,W014,XpressBees,Delivered,2025-08-29,2025-09-05
SH006769,O006769,W015,DTDC,Delivered,2026-07-30,2026-08-06
SH006770,O006770,W015,Blue Dart,Delivered,2026-02-08,2026-02-09
SH006771,O006771,W014,Delhivery,In Transit,2026-05-16,2026-05-17
SH006772,O006772,W001,Blue Dart,Delayed,2026-03-26,2026-03-30
SH006773,O006773,W014,Blue Dart,Delayed,2025-09-09,2025-09-15
SH006774,O006774,W015,XpressBees,Delivered,2025-08-22,2025-08-25
SH006775,O006775,W011,India Post,Delivered,2026-04-21,2026-04-22
SH006776,O006776,W019,Blue Dart,Delivered,2025-11-25,2025-11-30
SH006777,O006777,W012,XpressBees,In Transit,2025-09-07,2025-09-13
SH006778,O006778,W007,Blue Dart,In Transit,2025-11-05,2025-11-09
SH006779,O006779,W020,XpressBees,Delayed,2026-08-05,2026-08-07
SH006780,O006780,W013,XpressBees,Delayed,2026-07-01,2026-07-02
SH006781,O006781,W003,Ekart,Delayed,2025-08-19,2025-08-21
SH006782,O006782,W010,Delhivery,Delayed,2026-04-16,2026-04-20
SH006783,O006783,W007,XpressBees,Delivered,2026-02-13,2026-02-18
SH006784,O006784,W001,Ekart,In Transit,2025-11-09,2025-11-14
SH006785,O006785,W018,India Post,Delivered,2026-01-16,2026-01-19
SH006786,O006786,W015,India Post,In Transit,2026-05-25,2026-05-27
SH006787,O006787,W020,Delhivery,Delayed,2025-08-23,2025-08-27
SH006788,O006788,W016,Blue Dart,Delayed,2026-06-08,2026-06-12
SH006789,O006789,W014,Blue Dart,Delayed,2026-07-16,2026-07-17
SH006790,O006790,W004,Delhivery,Delayed,2025-11-14,2025-11-17
SH006791,O006791,W010,India Post,Delayed,2025-08-19,2025-08-20
SH006792,O006792,W007,DTDC,Delivered,2025-10-23,2025-10-28
SH006793,O006793,W015,Blue Dart,In Transit,2026-07-12,2026-07-19
SH006794,O006794,W001,Blue Dart,Delayed,2025-10-29,2025-10-31
SH006795,O006795,W007,DTDC,Delivered,2026-06-26,2026-07-02
SH006796,O006796,W005,India Post,In Transit,2026-07-21,2026-07-24
SH006797,O006797,W001,DTDC,Delivered,2025-09-22,2025-09-24
SH006798,O006798,W018,DTDC,In Transit,2025-08-31,2025-09-03
SH006799,O006799,W019,Delhivery,Delivered,2026-06-06,2026-06-12
SH006800,O006800,W009,Delhivery,Delivered,2025-08-07,2025-08-08
SH006801,O006801,W020,DTDC,Delayed,2026-07-29,2026-07-30
SH006802,O006802,W001,XpressBees,In Transit,2026-01-05,2026-01-09
SH006803,O006803,W010,Delhivery,Delivered,2025-10-29,2025-10-31
SH006804,O006804,W001,DTDC,Delayed,2026-02-06,2026-02-09
SH006805,O006805,W012,Blue Dart,Delayed,2026-01-08,2026-01-09
SH006806,O006806,W019,DTDC,Delivered,2026-05-10,2026-05-13
SH006807,O006807,W016,XpressBees,Delivered,2025-12-11,2025-12-17
SH006808,O006808,W016,XpressBees,In Transit,2026-02-10,2026-02-11
SH006809,O006809,W006,Ekart,In Transit,2025-09-12,2025-09-14
SH006810,O006810,W006,Delhivery,In Transit,2026-02-11,2026-02-17
SH006811,O006811,W004,India Post,In Transit,2026-02-13,2026-02-14
SH006812,O006812,W004,DTDC,In Transit,2026-03-22,2026-03-27
SH006813,O006813,W006,Delhivery,Delayed,2025-11-16,2025-11-19
SH006814,O006814,W017,DTDC,Delivered,2025-12-01,2025-12-05
SH006815,O006815,W005,Delhivery,In Transit,2026-04-29,2026-05-05
SH006816,O006816,W020,Ekart,Delivered,2026-06-17,2026-06-19
SH006817,O006817,W004,Delhivery,Delayed,2025-09-25,2025-10-01
SH006818,O006818,W007,Blue Dart,Delivered,2025-10-18,2025-10-24
SH006819,O006819,W008,Blue Dart,Delayed,2025-10-01,2025-10-03
SH006820,O006820,W016,Blue Dart,Delayed,2026-05-20,2026-05-21
SH006821,O006821,W011,Ekart,In Transit,2025-10-02,2025-10-07
SH006822,O006822,W004,Ekart,Delayed,2026-05-13,2026-05-14
SH006823,O006823,W006,DTDC,Delivered,2026-05-01,2026-05-07
SH006824,O006824,W008,DTDC,Delivered,2025-11-14,2025-11-19
SH006825,O006825,W006,India Post,In Transit,2025-11-10,2025-11-16
SH006826,O006826,W015,Delhivery,In Transit,2025-08-16,2025-08-23
SH006827,O006827,W012,India Post,Delayed,2026-04-28,2026-05-05
SH006828,O006828,W008,Delhivery,Delayed,2025-08-27,2025-09-02
SH006829,O006829,W009,Ekart,Delivered,2026-05-09,2026-05-12
SH006830,O006830,W008,Delhivery,In Transit,2026-05-20,2026-05-23
SH006831,O006831,W003,Ekart,Delayed,2026-05-06,2026-05-07
SH006832,O006832,W011,Blue Dart,Delivered,2025-09-21,2025-09-23
SH006833,O006833,W014,DTDC,Delivered,2026-06-10,2026-06-17
SH006834,O006834,W005,Ekart,In Transit,2026-02-17,2026-02-23
SH006835,O006835,W014,India Post,Delivered,2026-04-10,2026-04-12
SH006836,O006836,W009,DTDC,Delayed,2025-09-16,2025-09-17
SH006837,O006837,W009,Ekart,Delivered,2025-09-05,2025-09-08
SH006838,O006838,W008,Blue Dart,In Transit,2026-06-09,2026-06-11
SH006839,O006839,W009,Delhivery,Delayed,2026-03-17,2026-03-20
SH006840,O006840,W006,India Post,Delivered,2026-07-03,2026-07-06
SH006841,O006841,W010,India Post,In Transit,2026-05-15,2026-05-21
SH006842,O006842,W020,XpressBees,Delivered,2026-01-08,2026-01-13
SH006843,O006843,W016,Blue Dart,In Transit,2026-06-24,2026-06-26
SH006844,O006844,W011,XpressBees,In Transit,2025-10-02,2025-10-07
SH006845,O006845,W005,DTDC,Delayed,2026-05-26,2026-05-30
SH006846,O006846,W007,XpressBees,Delayed,2026-03-07,2026-03-08
SH006847,O006847,W013,Ekart,Delivered,2026-02-15,2026-02-16
SH006848,O006848,W009,Blue Dart,Delayed,2025-11-23,2025-11-29
SH006849,O006849,W003,India Post,Delayed,2026-04-15,2026-04-22
SH006850,O006850,W016,Blue Dart,Delayed,2025-09-14,2025-09-17
SH006851,O006851,W001,Ekart,Delayed,2026-01-25,2026-01-31
SH006852,O006852,W001,Delhivery,Delayed,2026-03-30,2026-04-02
SH006853,O006853,W017,XpressBees,Delivered,2026-07-20,2026-07-25
SH006854,O006854,W017,Blue Dart,Delayed,2025-11-05,2025-11-07
SH006855,O006855,W006,Blue Dart,In Transit,2026-04-17,2026-04-24
SH006856,O006856,W010,DTDC,In Transit,2026-02-11,2026-02-17
SH006857,O006857,W005,Blue Dart,Delivered,2026-03-11,2026-03-18
SH006858,O006858,W003,XpressBees,Delayed,2026-06-06,2026-06-11
SH006859,O006859,W001,Delhivery,In Transit,2026-07-26,2026-08-02
SH006860,O006860,W018,Blue Dart,In Transit,2026-07-23,2026-07-27
SH006861,O006861,W019,India Post,In Transit,2025-11-06,2025-11-09
SH006862,O006862,W009,XpressBees,Delivered,2026-04-19,2026-04-20
SH006863,O006863,W017,Ekart,In Transit,2026-06-03,2026-06-09
SH006864,O006864,W015,Ekart,Delivered,2025-09-30,2025-10-05
SH006865,O006865,W014,DTDC,Delivered,2026-06-14,2026-06-21
SH006866,O006866,W009,Blue Dart,Delayed,2025-11-04,2025-11-11
SH006867,O006867,W008,Delhivery,Delayed,2025-11-19,2025-11-25
SH006868,O006868,W019,XpressBees,Delayed,2025-11-30,2025-12-04
SH006869,O006869,W001,Ekart,Delayed,2025-12-02,2025-12-09
SH006870,O006870,W002,Ekart,Delivered,2025-09-06,2025-09-11
SH006871,O006871,W004,Blue Dart,Delayed,2026-06-24,2026-07-01
SH006872,O006872,W009,India Post,Delivered,2026-04-13,2026-04-16
SH006873,O006873,W019,Blue Dart,Delivered,2025-10-02,2025-10-08
SH006874,O006874,W011,India Post,Delivered,2026-06-04,2026-06-07
SH006875,O006875,W018,India Post,In Transit,2025-09-19,2025-09-24
SH006876,O006876,W008,Blue Dart,Delivered,2025-10-12,2025-10-13
SH006877,O006877,W010,India Post,Delivered,2026-02-22,2026-02-26
SH006878,O006878,W016,India Post,Delivered,2025-11-08,2025-11-12
SH006879,O006879,W008,DTDC,In Transit,2026-05-10,2026-05-12
SH006880,O006880,W006,Delhivery,Delivered,2026-06-09,2026-06-13
SH006881,O006881,W015,India Post,Delivered,2025-11-18,2025-11-25
SH006882,O006882,W010,Ekart,Delayed,2025-10-28,2025-10-29
SH006883,O006883,W009,XpressBees,Delivered,2025-08-15,2025-08-21
SH006884,O006884,W012,Blue Dart,In Transit,2026-03-14,2026-03-20
SH006885,O006885,W016,Ekart,Delivered,2026-06-09,2026-06-13
SH006886,O006886,W020,DTDC,Delivered,2025-12-18,2025-12-23
SH006887,O006887,W012,Blue Dart,Delayed,2026-07-28,2026-08-01
SH006888,O006888,W004,Delhivery,Delayed,2026-04-01,2026-04-03
SH006889,O006889,W018,Delhivery,Delayed,2026-04-11,2026-04-14
SH006890,O006890,W015,DTDC,Delayed,2026-01-14,2026-01-15
SH006891,O006891,W012,Delhivery,Delayed,2025-11-02,2025-11-08
SH006892,O006892,W006,Ekart,In Transit,2025-11-25,2025-11-28
SH006893,O006893,W002,Delhivery,Delayed,2026-01-03,2026-01-09
SH006894,O006894,W006,Delhivery,Delayed,2026-05-17,2026-05-24
SH006895,O006895,W011,XpressBees,In Transit,2026-05-30,2026-06-02
SH006896,O006896,W010,Delhivery,Delayed,2025-11-27,2025-12-04
SH006897,O006897,W009,Delhivery,Delivered,2026-04-01,2026-04-05
SH006898,O006898,W002,Delhivery,Delivered,2026-02-14,2026-02-17
SH006899,O006899,W011,Ekart,Delayed,2026-07-23,2026-07-26
SH006900,O006900,W011,DTDC,Delayed,2026-02-08,2026-02-13
SH006901,O006901,W005,Ekart,Delivered,2025-10-21,2025-10-25
SH006902,O006902,W011,Blue Dart,Delayed,2026-06-22,2026-06-29
SH006903,O006903,W014,Blue Dart,Delayed,2026-03-29,2026-04-01
SH006904,O006904,W007,DTDC,In Transit,2026-06-06,2026-06-12
SH006905,O006905,W005,DTDC,Delayed,2025-12-05,2025-12-06
SH006906,O006906,W012,India Post,In Transit,2026-04-03,2026-04-05
SH006907,O006907,W012,XpressBees,In Transit,2026-03-18,2026-03-24
SH006908,O006908,W020,XpressBees,Delayed,2025-10-02,2025-10-08
SH006909,O006909,W007,Delhivery,Delayed,2026-06-09,2026-06-10
SH006910,O006910,W013,India Post,In Transit,2026-04-05,2026-04-07
SH006911,O006911,W012,XpressBees,In Transit,2026-07-16,2026-07-17
SH006912,O006912,W015,Blue Dart,In Transit,2026-01-21,2026-01-26
SH006913,O006913,W001,Blue Dart,Delivered,2026-08-02,2026-08-06
SH006914,O006914,W010,Blue Dart,In Transit,2026-03-18,2026-03-23
SH006915,O006915,W009,Delhivery,In Transit,2025-09-21,2025-09-23
SH006916,O006916,W006,Ekart,Delayed,2025-08-25,2025-08-31
SH006917,O006917,W014,India Post,In Transit,2025-09-25,2025-09-30
SH006918,O006918,W009,India Post,In Transit,2026-01-09,2026-01-12
SH006919,O006919,W014,XpressBees,In Transit,2025-12-28,2026-01-01
SH006920,O006920,W006,Blue Dart,Delayed,2026-07-19,2026-07-26
SH006921,O006921,W019,Blue Dart,In Transit,2025-10-11,2025-10-12
SH006922,O006922,W016,Delhivery,Delivered,2025-09-10,2025-09-13
SH006923,O006923,W004,India Post,In Transit,2025-09-11,2025-09-17
SH006924,O006924,W001,India Post,Delivered,2025-08-09,2025-08-14
SH006925,O006925,W018,Ekart,Delivered,2025-12-20,2025-12-27
SH006926,O006926,W015,DTDC,Delivered,2026-07-06,2026-07-07
SH006927,O006927,W018,DTDC,In Transit,2025-10-29,2025-11-05
SH006928,O006928,W004,XpressBees,Delayed,2025-09-09,2025-09-14
SH006929,O006929,W010,XpressBees,Delivered,2025-12-01,2025-12-02
SH006930,O006930,W015,Ekart,Delayed,2026-06-22,2026-06-29
SH006931,O006931,W012,XpressBees,In Transit,2026-07-19,2026-07-22
SH006932,O006932,W009,Delhivery,Delivered,2026-01-13,2026-01-18
SH006933,O006933,W011,Delhivery,Delayed,2025-11-23,2025-11-28
SH006934,O006934,W018,XpressBees,In Transit,2025-08-16,2025-08-21
SH006935,O006935,W011,Blue Dart,Delivered,2026-01-08,2026-01-09
SH006936,O006936,W018,Delhivery,In Transit,2026-06-18,2026-06-22
SH006937,O006937,W016,Blue Dart,Delayed,2026-03-06,2026-03-13
SH006938,O006938,W008,Delhivery,Delivered,2025-12-28,2026-01-04
SH006939,O006939,W008,XpressBees,Delayed,2025-09-17,2025-09-20
SH006940,O006940,W012,India Post,Delivered,2025-09-22,2025-09-24
SH006941,O006941,W005,Delhivery,Delayed,2026-03-04,2026-03-11
SH006942,O006942,W012,Ekart,Delivered,2026-06-01,2026-06-04
SH006943,O006943,W005,XpressBees,Delivered,2025-10-23,2025-10-24
SH006944,O006944,W006,Ekart,Delayed,2026-08-06,2026-08-10
SH006945,O006945,W008,Ekart,In Transit,2025-09-27,2025-10-04
SH006946,O006946,W012,Ekart,In Transit,2026-06-06,2026-06-13
SH006947,O006947,W014,DTDC,In Transit,2025-11-20,2025-11-25
SH006948,O006948,W002,Blue Dart,Delivered,2025-11-05,2025-11-12
SH006949,O006949,W003,XpressBees,Delivered,2025-12-03,2025-12-07
SH006950,O006950,W014,DTDC,Delivered,2025-12-04,2025-12-05
SH006951,O006951,W001,DTDC,Delayed,2026-07-08,2026-07-14
SH006952,O006952,W019,DTDC,Delivered,2026-05-14,2026-05-20
SH006953,O006953,W017,India Post,Delayed,2025-08-28,2025-08-31
SH006954,O006954,W012,Blue Dart,Delivered,2026-03-28,2026-03-31
SH006955,O006955,W003,Blue Dart,In Transit,2025-10-03,2025-10-07
SH006956,O006956,W017,Blue Dart,Delivered,2026-03-31,2026-04-03
SH006957,O006957,W002,Ekart,In Transit,2025-12-24,2025-12-27
SH006958,O006958,W005,Blue Dart,In Transit,2026-06-23,2026-06-27
SH006959,O006959,W009,India Post,Delayed,2025-08-12,2025-08-13
SH006960,O006960,W003,India Post,Delayed,2026-02-28,2026-03-07
SH006961,O006961,W011,Delhivery,Delivered,2026-04-24,2026-04-27
SH006962,O006962,W020,Ekart,Delivered,2026-03-20,2026-03-22
SH006963,O006963,W005,DTDC,Delivered,2025-11-22,2025-11-29
SH006964,O006964,W015,DTDC,Delivered,2026-01-13,2026-01-20
SH006965,O006965,W013,DTDC,Delayed,2025-09-07,2025-09-10
SH006966,O006966,W001,Ekart,Delayed,2026-06-19,2026-06-21
SH006967,O006967,W005,India Post,In Transit,2026-01-07,2026-01-12
SH006968,O006968,W001,XpressBees,In Transit,2025-09-01,2025-09-05
SH006969,O006969,W020,XpressBees,Delivered,2026-07-11,2026-07-15
SH006970,O006970,W016,XpressBees,In Transit,2026-07-15,2026-07-20
SH006971,O006971,W006,Blue Dart,Delayed,2025-11-09,2025-11-15
SH006972,O006972,W008,Blue Dart,Delivered,2026-07-15,2026-07-21
SH006973,O006973,W010,Ekart,Delivered,2026-08-07,2026-08-10
SH006974,O006974,W014,India Post,Delivered,2025-12-12,2025-12-13
SH006975,O006975,W017,Delhivery,Delivered,2025-11-15,2025-11-20
SH006976,O006976,W014,Delhivery,Delivered,2025-09-27,2025-10-04
SH006977,O006977,W005,Blue Dart,In Transit,2025-12-11,2025-12-12
SH006978,O006978,W019,Blue Dart,Delivered,2026-04-04,2026-04-06
SH006979,O006979,W014,India Post,Delivered,2026-07-28,2026-08-03
SH006980,O006980,W011,Ekart,Delayed,2025-10-02,2025-10-08
SH006981,O006981,W018,Delhivery,In Transit,2025-09-11,2025-09-14
SH006982,O006982,W006,XpressBees,Delayed,2025-09-09,2025-09-16
SH006983,O006983,W003,Blue Dart,Delayed,2026-07-16,2026-07-23
SH006984,O006984,W004,India Post,Delayed,2026-01-31,2026-02-04
SH006985,O006985,W010,Delhivery,Delivered,2026-05-15,2026-05-21
SH006986,O006986,W001,XpressBees,Delivered,2026-01-23,2026-01-30
SH006987,O006987,W001,XpressBees,In Transit,2025-11-04,2025-11-07
SH006988,O006988,W013,XpressBees,In Transit,2026-01-05,2026-01-08
SH006989,O006989,W004,XpressBees,Delivered,2025-11-16,2025-11-18
SH006990,O006990,W006,India Post,Delivered,2026-07-04,2026-07-11
SH006991,O006991,W010,Blue Dart,Delivered,2026-04-04,2026-04-07
SH006992,O006992,W003,Ekart,Delivered,2026-03-31,2026-04-04
SH006993,O006993,W006,Blue Dart,In Transit,2025-11-26,2025-12-01
SH006994,O006994,W015,Ekart,Delivered,2026-01-21,2026-01-27
SH006995,O006995,W001,Delhivery,In Transit,2026-03-17,2026-03-18
SH006996,O006996,W013,DTDC,Delayed,2025-08-11,2025-08-13
SH006997,O006997,W010,DTDC,Delivered,2025-11-06,2025-11-07
SH006998,O006998,W012,India Post,In Transit,2026-05-07,2026-05-12
SH006999,O006999,W018,Blue Dart,Delayed,2026-05-31,2026-06-01
SH007000,O007000,W018,XpressBees,Delivered,2025-12-13,2025-12-19
SH007001,O007001,W020,DTDC,Delivered,2026-05-30,2026-06-06
SH007002,O007002,W008,XpressBees,Delayed,2026-03-21,2026-03-28
SH007003,O007003,W011,Delhivery,Delivered,2026-05-10,2026-05-16
SH007004,O007004,W011,India Post,In Transit,2026-07-14,2026-07-18
SH007005,O007005,W012,Blue Dart,Delayed,2026-04-11,2026-04-14
SH007006,O007006,W015,DTDC,Delivered,2025-10-06,2025-10-08
SH007007,O007007,W017,Ekart,Delayed,2026-06-17,2026-06-19
SH007008,O007008,W006,Ekart,Delayed,2026-04-16,2026-04-23
SH007009,O007009,W001,XpressBees,Delivered,2026-07-23,2026-07-27
SH007010,O007010,W020,Blue Dart,Delayed,2025-11-14,2025-11-17
SH007011,O007011,W020,DTDC,In Transit,2025-10-13,2025-10-14
SH007012,O007012,W016,Blue Dart,In Transit,2026-05-09,2026-05-11
SH007013,O007013,W010,Ekart,Delayed,2026-03-08,2026-03-13
SH007014,O007014,W014,XpressBees,Delivered,2026-03-05,2026-03-11
SH007015,O007015,W018,Ekart,In Transit,2026-06-08,2026-06-14
SH007016,O007016,W019,Blue Dart,In Transit,2026-03-29,2026-04-03
SH007017,O007017,W007,Ekart,Delayed,2025-12-25,2025-12-27
SH007018,O007018,W009,Blue Dart,Delayed,2025-12-25,2025-12-29
SH007019,O007019,W001,India Post,Delivered,2025-08-13,2025-08-16
SH007020,O007020,W002,Blue Dart,Delayed,2026-03-27,2026-04-03
SH007021,O007021,W001,Ekart,In Transit,2025-09-05,2025-09-12
SH007022,O007022,W004,Ekart,Delivered,2025-12-15,2025-12-17
SH007023,O007023,W010,India Post,In Transit,2025-12-23,2025-12-26
SH007024,O007024,W020,Ekart,In Transit,2026-01-05,2026-01-08
SH007025,O007025,W005,DTDC,Delayed,2025-09-02,2025-09-04
SH007026,O007026,W018,Delhivery,Delayed,2026-03-31,2026-04-07
SH007027,O007027,W009,Ekart,Delivered,2026-03-25,2026-03-26
SH007028,O007028,W002,DTDC,Delivered,2026-07-24,2026-07-27
SH007029,O007029,W010,Blue Dart,In Transit,2026-04-01,2026-04-03
SH007030,O007030,W005,Ekart,In Transit,2025-12-19,2025-12-22
SH007031,O007031,W002,Ekart,Delivered,2026-01-05,2026-01-10
SH007032,O007032,W004,XpressBees,In Transit,2025-09-10,2025-09-17
SH007033,O007033,W005,XpressBees,Delayed,2025-12-26,2025-12-29
SH007034,O007034,W005,Blue Dart,Delivered,2026-01-04,2026-01-06
SH007035,O007035,W008,DTDC,In Transit,2025-12-01,2025-12-03
SH007036,O007036,W001,XpressBees,In Transit,2026-04-12,2026-04-14
SH007037,O007037,W011,Blue Dart,Delivered,2026-04-10,2026-04-17
SH007038,O007038,W003,XpressBees,Delayed,2025-11-04,2025-11-05
SH007039,O007039,W007,Delhivery,In Transit,2026-07-02,2026-07-03
SH007040,O007040,W001,Ekart,Delayed,2025-08-20,2025-08-23
SH007041,O007041,W010,XpressBees,Delayed,2025-12-01,2025-12-05
SH007042,O007042,W001,Blue Dart,Delivered,2026-07-06,2026-07-08
SH007043,O007043,W012,Delhivery,In Transit,2026-04-01,2026-04-04
SH007044,O007044,W001,DTDC,Delivered,2026-04-09,2026-04-11
SH007045,O007045,W013,Ekart,Delayed,2026-06-03,2026-06-08
SH007046,O007046,W013,Delhivery,Delivered,2026-05-13,2026-05-15
SH007047,O007047,W007,Blue Dart,Delivered,2025-10-09,2025-10-12
SH007048,O007048,W012,Delhivery,Delayed,2026-01-12,2026-01-13
SH007049,O007049,W014,Delhivery,Delivered,2025-11-20,2025-11-23
SH007050,O007050,W003,DTDC,In Transit,2025-10-17,2025-10-21
SH007051,O007051,W010,India Post,Delayed,2026-06-09,2026-06-16
SH007052,O007052,W009,DTDC,In Transit,2026-02-07,2026-02-14
SH007053,O007053,W017,Ekart,Delivered,2025-12-21,2025-12-27
SH007054,O007054,W009,India Post,Delayed,2025-11-19,2025-11-22
SH007055,O007055,W003,Ekart,In Transit,2025-09-29,2025-10-01
SH007056,O007056,W007,Ekart,Delayed,2026-03-03,2026-03-09
SH007057,O007057,W013,Blue Dart,Delivered,2026-02-08,2026-02-12
SH007058,O007058,W011,Ekart,Delivered,2025-11-01,2025-11-04
SH007059,O007059,W002,XpressBees,Delayed,2025-09-18,2025-09-19
SH007060,O007060,W007,Blue Dart,Delivered,2026-05-02,2026-05-06
SH007061,O007061,W015,Blue Dart,Delivered,2026-01-19,2026-01-22
SH007062,O007062,W007,Delhivery,In Transit,2025-12-06,2025-12-11
SH007063,O007063,W020,Delhivery,Delivered,2025-12-27,2025-12-31
SH007064,O007064,W007,India Post,Delivered,2026-01-13,2026-01-15
SH007065,O007065,W004,XpressBees,Delivered,2025-09-15,2025-09-16
SH007066,O007066,W016,India Post,Delayed,2025-08-19,2025-08-22
SH007067,O007067,W003,Blue Dart,Delivered,2025-12-12,2025-12-17
SH007068,O007068,W002,DTDC,In Transit,2025-09-30,2025-10-01
SH007069,O007069,W014,Ekart,Delayed,2025-08-12,2025-08-17
SH007070,O007070,W004,India Post,Delayed,2025-09-12,2025-09-17
SH007071,O007071,W014,XpressBees,In Transit,2026-01-17,2026-01-21
SH007072,O007072,W009,DTDC,Delayed,2026-05-16,2026-05-18
SH007073,O007073,W020,XpressBees,Delayed,2026-06-04,2026-06-10
SH007074,O007074,W009,Delhivery,Delayed,2025-09-19,2025-09-23
SH007075,O007075,W020,Blue Dart,Delayed,2026-02-03,2026-02-08
SH007076,O007076,W010,Blue Dart,In Transit,2026-06-17,2026-06-20
SH007077,O007077,W019,India Post,Delivered,2025-12-26,2025-12-28
SH007078,O007078,W004,Blue Dart,Delivered,2025-09-23,2025-09-27
SH007079,O007079,W009,Ekart,In Transit,2026-01-29,2026-02-04
SH007080,O007080,W013,Blue Dart,Delayed,2025-11-12,2025-11-17
SH007081,O007081,W003,Blue Dart,In Transit,2025-09-26,2025-10-03
SH007082,O007082,W003,XpressBees,In Transit,2026-01-30,2026-02-01
SH007083,O007083,W014,DTDC,Delayed,2026-06-10,2026-06-15
SH007084,O007084,W013,Ekart,Delivered,2026-06-16,2026-06-23
SH007085,O007085,W011,India Post,Delayed,2025-12-16,2025-12-23
SH007086,O007086,W002,XpressBees,In Transit,2026-06-29,2026-07-05
SH007087,O007087,W018,Blue Dart,Delivered,2026-02-09,2026-02-14
SH007088,O007088,W013,Blue Dart,Delayed,2026-02-13,2026-02-14
SH007089,O007089,W013,Blue Dart,In Transit,2026-04-12,2026-04-17
SH007090,O007090,W001,Blue Dart,Delivered,2025-11-19,2025-11-26
SH007091,O007091,W009,Delhivery,Delayed,2026-05-13,2026-05-16
SH007092,O007092,W013,Blue Dart,In Transit,2025-10-18,2025-10-20
SH007093,O007093,W012,XpressBees,In Transit,2026-06-12,2026-06-18
SH007094,O007094,W001,India Post,Delayed,2025-12-20,2025-12-27
SH007095,O007095,W008,DTDC,In Transit,2026-05-11,2026-05-17
SH007096,O007096,W013,Ekart,Delayed,2025-09-12,2025-09-13
SH007097,O007097,W002,Delhivery,In Transit,2026-07-03,2026-07-07
SH007098,O007098,W005,India Post,Delivered,2025-08-31,2025-09-07
SH007099,O007099,W015,DTDC,Delivered,2025-12-19,2025-12-21
SH007100,O007100,W001,India Post,Delayed,2026-01-13,2026-01-18
SH007101,O007101,W008,Delhivery,Delivered,2025-09-13,2025-09-18
SH007102,O007102,W010,XpressBees,Delayed,2026-01-27,2026-02-02
SH007103,O007103,W005,India Post,In Transit,2025-11-12,2025-11-18
SH007104,O007104,W015,India Post,In Transit,2026-06-20,2026-06-23
SH007105,O007105,W017,XpressBees,In Transit,2026-05-11,2026-05-16
SH007106,O007106,W019,Ekart,Delivered,2025-12-09,2025-12-15
SH007107,O007107,W005,India Post,Delivered,2025-09-27,2025-09-28
SH007108,O007108,W011,DTDC,Delayed,2026-07-26,2026-07-27
SH007109,O007109,W006,Ekart,Delivered,2026-03-02,2026-03-07
SH007110,O007110,W013,Ekart,In Transit,2026-03-29,2026-04-03
SH007111,O007111,W002,Blue Dart,Delayed,2026-06-30,2026-07-07
SH007112,O007112,W006,DTDC,Delayed,2025-11-10,2025-11-12
SH007113,O007113,W018,DTDC,Delayed,2025-08-23,2025-08-29
SH007114,O007114,W012,Ekart,Delivered,2026-02-04,2026-02-06
SH007115,O007115,W015,Delhivery,Delayed,2026-01-22,2026-01-24
SH007116,O007116,W010,India Post,Delayed,2026-07-12,2026-07-18
SH007117,O007117,W017,XpressBees,Delivered,2026-02-21,2026-02-24
SH007118,O007118,W006,Blue Dart,In Transit,2026-06-02,2026-06-06
SH007119,O007119,W015,Delhivery,Delivered,2026-07-16,2026-07-19
SH007120,O007120,W005,Blue Dart,In Transit,2026-06-07,2026-06-12
SH007121,O007121,W015,India Post,Delayed,2026-06-13,2026-06-16
SH007122,O007122,W009,Delhivery,In Transit,2026-04-04,2026-04-11
SH007123,O007123,W016,Blue Dart,Delivered,2025-09-05,2025-09-12
SH007124,O007124,W017,India Post,In Transit,2026-06-10,2026-06-13
SH007125,O007125,W011,Ekart,Delayed,2025-09-20,2025-09-21
SH007126,O007126,W013,India Post,Delivered,2026-06-16,2026-06-19
SH007127,O007127,W017,India Post,In Transit,2026-08-07,2026-08-10
SH007128,O007128,W002,DTDC,In Transit,2025-12-13,2025-12-14
SH007129,O007129,W003,Delhivery,Delayed,2025-11-25,2025-12-02
SH007130,O007130,W012,Ekart,In Transit,2026-02-08,2026-02-10
SH007131,O007131,W017,India Post,Delayed,2026-04-10,2026-04-11
SH007132,O007132,W015,Ekart,Delivered,2026-07-01,2026-07-03
SH007133,O007133,W003,DTDC,Delayed,2025-12-01,2025-12-05
SH007134,O007134,W014,DTDC,Delivered,2026-02-27,2026-02-28
SH007135,O007135,W009,XpressBees,Delayed,2025-10-25,2025-10-31
SH007136,O007136,W011,India Post,In Transit,2026-03-22,2026-03-23
SH007137,O007137,W011,Delhivery,Delayed,2026-07-12,2026-07-17
SH007138,O007138,W018,XpressBees,In Transit,2026-07-12,2026-07-14
SH007139,O007139,W003,DTDC,Delayed,2025-08-13,2025-08-19
SH007140,O007140,W002,Ekart,Delivered,2026-07-11,2026-07-14
SH007141,O007141,W011,DTDC,In Transit,2025-11-29,2025-12-03
SH007142,O007142,W006,DTDC,In Transit,2025-12-04,2025-12-11
SH007143,O007143,W012,India Post,Delayed,2026-03-22,2026-03-29
SH007144,O007144,W001,DTDC,In Transit,2026-08-05,2026-08-12
SH007145,O007145,W016,India Post,In Transit,2026-07-08,2026-07-13
SH007146,O007146,W012,XpressBees,Delivered,2025-08-24,2025-08-29
SH007147,O007147,W013,DTDC,Delivered,2025-11-08,2025-11-09
SH007148,O007148,W013,Blue Dart,Delayed,2026-04-28,2026-04-30
SH007149,O007149,W010,DTDC,Delivered,2026-01-30,2026-02-01
SH007150,O007150,W009,Blue Dart,Delayed,2025-11-28,2025-12-01
SH007151,O007151,W003,DTDC,Delayed,2025-09-21,2025-09-23
SH007152,O007152,W010,Delhivery,In Transit,2026-05-19,2026-05-23
SH007153,O007153,W011,DTDC,Delayed,2025-09-27,2025-10-01
SH007154,O007154,W016,DTDC,In Transit,2026-02-23,2026-02-25
SH007155,O007155,W013,Delhivery,Delivered,2026-04-25,2026-05-02
SH007156,O007156,W011,Ekart,Delivered,2025-08-10,2025-08-12
SH007157,O007157,W018,Blue Dart,In Transit,2026-01-12,2026-01-19
SH007158,O007158,W002,India Post,Delayed,2025-09-13,2025-09-14
SH007159,O007159,W010,DTDC,Delayed,2025-12-23,2025-12-29
SH007160,O007160,W007,Delhivery,Delivered,2025-08-12,2025-08-17
SH007161,O007161,W015,India Post,Delayed,2026-02-05,2026-02-11
SH007162,O007162,W018,Blue Dart,Delayed,2025-11-25,2025-11-30
SH007163,O007163,W003,Blue Dart,Delayed,2026-05-30,2026-06-04
SH007164,O007164,W006,XpressBees,Delayed,2026-04-25,2026-05-01
SH007165,O007165,W019,DTDC,In Transit,2026-05-01,2026-05-05
SH007166,O007166,W017,Blue Dart,In Transit,2025-10-24,2025-10-29
SH007167,O007167,W017,Delhivery,In Transit,2025-08-12,2025-08-16
SH007168,O007168,W014,XpressBees,In Transit,2025-09-29,2025-10-06
SH007169,O007169,W015,India Post,Delivered,2026-04-26,2026-04-28
SH007170,O007170,W016,Blue Dart,Delayed,2026-03-12,2026-03-14
SH007171,O007171,W018,India Post,In Transit,2025-09-05,2025-09-07
SH007172,O007172,W007,DTDC,In Transit,2026-01-26,2026-01-28
SH007173,O007173,W001,India Post,In Transit,2026-03-05,2026-03-08
SH007174,O007174,W008,India Post,Delayed,2025-08-21,2025-08-26
SH007175,O007175,W017,Blue Dart,Delayed,2026-04-09,2026-04-15
SH007176,O007176,W003,Ekart,Delayed,2026-08-03,2026-08-10
SH007177,O007177,W003,Blue Dart,In Transit,2026-03-04,2026-03-07
SH007178,O007178,W015,Delhivery,Delayed,2026-07-08,2026-07-14
SH007179,O007179,W005,Delhivery,Delayed,2026-07-30,2026-08-01
SH007180,O007180,W012,India Post,Delayed,2026-06-19,2026-06-25
SH007181,O007181,W015,Ekart,In Transit,2025-10-23,2025-10-26
SH007182,O007182,W009,DTDC,In Transit,2026-04-07,2026-04-12
SH007183,O007183,W011,Delhivery,In Transit,2025-09-13,2025-09-15
SH007184,O007184,W002,Delhivery,Delivered,2026-06-11,2026-06-18
SH007185,O007185,W013,Blue Dart,Delivered,2026-02-21,2026-02-27
SH007186,O007186,W015,DTDC,Delayed,2025-11-05,2025-11-12
SH007187,O007187,W002,DTDC,Delayed,2025-11-16,2025-11-23
SH007188,O007188,W012,DTDC,In Transit,2026-05-24,2026-05-31
SH007189,O007189,W001,DTDC,In Transit,2026-05-05,2026-05-11
SH007190,O007190,W004,XpressBees,In Transit,2026-04-04,2026-04-06
SH007191,O007191,W017,Ekart,In Transit,2025-11-24,2025-11-25
SH007192,O007192,W012,DTDC,In Transit,2025-11-19,2025-11-21
SH007193,O007193,W008,Blue Dart,Delayed,2026-03-04,2026-03-10
SH007194,O007194,W011,XpressBees,Delayed,2026-04-16,2026-04-23
SH007195,O007195,W020,XpressBees,Delivered,2025-09-08,2025-09-12
SH007196,O007196,W002,Delhivery,Delivered,2026-05-24,2026-05-30
SH007197,O007197,W020,XpressBees,Delivered,2025-11-20,2025-11-22
SH007198,O007198,W013,Blue Dart,Delivered,2025-12-06,2025-12-10
SH007199,O007199,W013,India Post,In Transit,2026-05-22,2026-05-24
SH007200,O007200,W009,Ekart,In Transit,2025-09-15,2025-09-22
SH007201,O007201,W002,DTDC,Delayed,2026-06-13,2026-06-17
SH007202,O007202,W010,Ekart,Delayed,2026-01-24,2026-01-29
SH007203,O007203,W001,DTDC,Delivered,2026-02-04,2026-02-10
SH007204,O007204,W010,India Post,Delayed,2026-02-20,2026-02-21
SH007205,O007205,W004,India Post,In Transit,2025-09-08,2025-09-14
SH007206,O007206,W015,Blue Dart,Delivered,2025-10-19,2025-10-23
SH007207,O007207,W011,Ekart,Delayed,2026-02-08,2026-02-12
SH007208,O007208,W012,XpressBees,Delayed,2026-04-13,2026-04-19
SH007209,O007209,W017,DTDC,Delivered,2026-06-04,2026-06-05
SH007210,O007210,W009,Delhivery,In Transit,2025-10-16,2025-10-20
SH007211,O007211,W002,Blue Dart,Delayed,2025-12-28,2026-01-01
SH007212,O007212,W007,Ekart,Delayed,2026-06-30,2026-07-07
SH007213,O007213,W018,Delhivery,Delivered,2025-08-05,2025-08-08
SH007214,O007214,W015,Delhivery,In Transit,2026-05-20,2026-05-22
SH007215,O007215,W019,XpressBees,In Transit,2025-11-07,2025-11-09
SH007216,O007216,W016,Delhivery,In Transit,2026-05-16,2026-05-17
SH007217,O007217,W018,Ekart,In Transit,2026-06-30,2026-07-07
SH007218,O007218,W014,India Post,Delivered,2025-12-16,2025-12-18
SH007219,O007219,W018,Blue Dart,Delayed,2025-11-16,2025-11-17
SH007220,O007220,W011,Blue Dart,Delayed,2026-02-08,2026-02-15
SH007221,O007221,W015,XpressBees,Delivered,2025-09-23,2025-09-25
SH007222,O007222,W020,Blue Dart,In Transit,2025-11-07,2025-11-08
SH007223,O007223,W013,India Post,Delivered,2026-05-29,2026-06-02
SH007224,O007224,W006,XpressBees,In Transit,2026-07-15,2026-07-16
SH007225,O007225,W020,Blue Dart,Delayed,2025-08-15,2025-08-22
SH007226,O007226,W006,Delhivery,In Transit,2025-11-08,2025-11-10
SH007227,O007227,W010,Blue Dart,Delayed,2026-03-25,2026-03-31
SH007228,O007228,W005,India Post,Delivered,2025-09-27,2025-10-01
SH007229,O007229,W009,XpressBees,In Transit,2025-08-20,2025-08-22
SH007230,O007230,W018,India Post,Delivered,2025-12-08,2025-12-09
SH007231,O007231,W015,Delhivery,Delivered,2025-08-12,2025-08-15
SH007232,O007232,W016,India Post,Delivered,2025-09-09,2025-09-13
SH007233,O007233,W010,XpressBees,Delivered,2026-05-28,2026-06-04
SH007234,O007234,W015,Blue Dart,In Transit,2025-08-10,2025-08-12
SH007235,O007235,W008,Blue Dart,Delayed,2026-03-02,2026-03-07
SH007236,O007236,W012,Blue Dart,In Transit,2026-01-14,2026-01-16
SH007237,O007237,W019,India Post,In Transit,2025-10-04,2025-10-08
SH007238,O007238,W015,Ekart,In Transit,2026-04-17,2026-04-21
SH007239,O007239,W005,XpressBees,Delayed,2026-01-15,2026-01-21
SH007240,O007240,W012,Ekart,Delivered,2026-07-30,2026-08-02
SH007241,O007241,W014,Delhivery,Delayed,2025-11-18,2025-11-19
SH007242,O007242,W007,Delhivery,Delivered,2025-10-29,2025-11-01
SH007243,O007243,W006,Delhivery,In Transit,2026-04-14,2026-04-19
SH007244,O007244,W014,DTDC,Delayed,2025-12-28,2026-01-01
SH007245,O007245,W003,India Post,In Transit,2026-01-05,2026-01-06
SH007246,O007246,W005,Delhivery,Delayed,2026-05-17,2026-05-22
SH007247,O007247,W006,Delhivery,Delivered,2026-07-18,2026-07-24
SH007248,O007248,W020,DTDC,In Transit,2026-01-21,2026-01-28
SH007249,O007249,W018,India Post,In Transit,2025-11-08,2025-11-10
SH007250,O007250,W007,Ekart,Delivered,2026-06-13,2026-06-15
SH007251,O007251,W012,Ekart,In Transit,2025-08-06,2025-08-07
SH007252,O007252,W007,Delhivery,In Transit,2026-02-20,2026-02-27
SH007253,O007253,W020,Delhivery,Delayed,2026-07-01,2026-07-06
SH007254,O007254,W007,DTDC,Delayed,2025-10-03,2025-10-04
SH007255,O007255,W006,DTDC,Delayed,2026-06-30,2026-07-01
SH007256,O007256,W006,India Post,Delivered,2026-05-22,2026-05-24
SH007257,O007257,W014,Blue Dart,Delivered,2025-10-08,2025-10-15
SH007258,O007258,W011,DTDC,Delivered,2026-07-31,2026-08-07
SH007259,O007259,W011,XpressBees,Delayed,2026-01-28,2026-01-30
SH007260,O007260,W007,India Post,Delivered,2025-11-11,2025-11-15
SH007261,O007261,W012,Blue Dart,Delayed,2026-06-22,2026-06-29
SH007262,O007262,W018,Ekart,Delayed,2026-03-05,2026-03-10
SH007263,O007263,W017,India Post,In Transit,2026-03-31,2026-04-01
SH007264,O007264,W018,Blue Dart,Delivered,2026-03-24,2026-03-27
SH007265,O007265,W019,DTDC,Delayed,2026-06-25,2026-06-30
SH007266,O007266,W006,DTDC,Delivered,2025-08-18,2025-08-25
SH007267,O007267,W013,India Post,Delivered,2026-04-01,2026-04-04
SH007268,O007268,W008,XpressBees,Delivered,2025-10-26,2025-10-30
SH007269,O007269,W011,Ekart,In Transit,2026-05-19,2026-05-26
SH007270,O007270,W018,Blue Dart,In Transit,2026-06-08,2026-06-11
SH007271,O007271,W016,Blue Dart,Delayed,2025-08-06,2025-08-08
SH007272,O007272,W001,Delhivery,Delivered,2026-01-23,2026-01-29
SH007273,O007273,W002,India Post,Delayed,2025-12-26,2025-12-27
SH007274,O007274,W010,XpressBees,Delayed,2026-02-07,2026-02-11
SH007275,O007275,W013,Delhivery,In Transit,2026-06-09,2026-06-16
SH007276,O007276,W011,XpressBees,Delayed,2025-10-20,2025-10-27
SH007277,O007277,W011,Blue Dart,Delivered,2026-02-25,2026-02-27
SH007278,O007278,W008,Delhivery,Delayed,2026-03-15,2026-03-20
SH007279,O007279,W020,DTDC,In Transit,2026-07-04,2026-07-07
SH007280,O007280,W001,Delhivery,Delivered,2026-01-03,2026-01-08
SH007281,O007281,W005,Ekart,Delayed,2026-08-05,2026-08-10
SH007282,O007282,W012,XpressBees,Delivered,2026-01-02,2026-01-04
SH007283,O007283,W020,DTDC,In Transit,2025-10-07,2025-10-08
SH007284,O007284,W015,India Post,Delivered,2026-03-31,2026-04-03
SH007285,O007285,W020,DTDC,In Transit,2026-06-30,2026-07-07
SH007286,O007286,W011,XpressBees,In Transit,2026-03-12,2026-03-13
SH007287,O007287,W015,Ekart,Delayed,2026-04-25,2026-04-29
SH007288,O007288,W005,XpressBees,Delivered,2026-06-30,2026-07-03
SH007289,O007289,W005,Blue Dart,Delivered,2026-03-22,2026-03-27
SH007290,O007290,W008,India Post,In Transit,2026-06-24,2026-06-27
SH007291,O007291,W004,Blue Dart,Delayed,2026-07-19,2026-07-22
SH007292,O007292,W005,DTDC,Delivered,2025-09-15,2025-09-18
SH007293,O007293,W006,DTDC,In Transit,2026-04-06,2026-04-11
SH007294,O007294,W001,India Post,In Transit,2026-02-15,2026-02-22
SH007295,O007295,W016,India Post,Delayed,2025-12-15,2025-12-19
SH007296,O007296,W007,Delhivery,In Transit,2026-06-18,2026-06-19
SH007297,O007297,W005,India Post,Delayed,2026-07-14,2026-07-17
SH007298,O007298,W012,DTDC,Delayed,2025-10-07,2025-10-12
SH007299,O007299,W013,Ekart,Delivered,2026-02-17,2026-02-23
SH007300,O007300,W007,Delhivery,Delivered,2026-02-02,2026-02-07
SH007301,O007301,W007,Blue Dart,In Transit,2025-09-15,2025-09-21
SH007302,O007302,W002,DTDC,Delivered,2025-10-02,2025-10-06
SH007303,O007303,W016,Ekart,Delivered,2026-07-05,2026-07-11
SH007304,O007304,W009,XpressBees,In Transit,2026-01-27,2026-01-31
SH007305,O007305,W013,DTDC,In Transit,2025-09-26,2025-10-03
SH007306,O007306,W004,DTDC,In Transit,2026-02-22,2026-02-25
SH007307,O007307,W016,Ekart,Delayed,2026-06-14,2026-06-18
SH007308,O007308,W015,India Post,Delivered,2025-12-04,2025-12-08
SH007309,O007309,W005,India Post,In Transit,2026-06-19,2026-06-21
SH007310,O007310,W010,Delhivery,Delayed,2026-05-24,2026-05-28
SH007311,O007311,W010,XpressBees,In Transit,2026-04-12,2026-04-18
SH007312,O007312,W018,India Post,Delivered,2026-01-19,2026-01-25
SH007313,O007313,W008,Blue Dart,Delayed,2025-12-11,2025-12-13
SH007314,O007314,W010,India Post,Delayed,2025-10-19,2025-10-23
SH007315,O007315,W007,XpressBees,Delayed,2025-12-24,2025-12-27
SH007316,O007316,W001,India Post,In Transit,2025-11-17,2025-11-23
SH007317,O007317,W007,Delhivery,Delayed,2025-11-15,2025-11-16
SH007318,O007318,W004,Blue Dart,In Transit,2026-01-13,2026-01-20
SH007319,O007319,W011,DTDC,Delayed,2025-12-03,2025-12-06
SH007320,O007320,W018,DTDC,In Transit,2025-11-24,2025-11-25
SH007321,O007321,W002,India Post,Delivered,2025-11-12,2025-11-14
SH007322,O007322,W006,Blue Dart,In Transit,2026-07-08,2026-07-13
SH007323,O007323,W010,Delhivery,Delayed,2025-08-19,2025-08-21
SH007324,O007324,W007,XpressBees,Delayed,2025-09-21,2025-09-28
SH007325,O007325,W013,Blue Dart,In Transit,2026-04-08,2026-04-09
SH007326,O007326,W011,Ekart,In Transit,2026-07-03,2026-07-06
SH007327,O007327,W009,India Post,In Transit,2026-03-12,2026-03-19
SH007328,O007328,W012,DTDC,Delayed,2026-06-18,2026-06-20
SH007329,O007329,W002,India Post,Delivered,2026-06-18,2026-06-19
SH007330,O007330,W014,Delhivery,In Transit,2026-07-02,2026-07-09
SH007331,O007331,W002,India Post,Delayed,2026-04-29,2026-04-30
SH007332,O007332,W018,India Post,Delivered,2026-01-05,2026-01-08
SH007333,O007333,W013,Ekart,In Transit,2026-06-24,2026-07-01
SH007334,O007334,W005,XpressBees,In Transit,2025-08-20,2025-08-23
SH007335,O007335,W009,Ekart,Delivered,2026-05-13,2026-05-20
SH007336,O007336,W011,India Post,Delivered,2026-03-28,2026-04-03
SH007337,O007337,W019,India Post,Delayed,2026-02-21,2026-02-28
SH007338,O007338,W002,DTDC,Delivered,2026-05-18,2026-05-20
SH007339,O007339,W005,Blue Dart,Delivered,2025-11-24,2025-12-01
SH007340,O007340,W016,Blue Dart,Delayed,2026-06-16,2026-06-23
SH007341,O007341,W007,Ekart,Delivered,2026-06-05,2026-06-07
SH007342,O007342,W002,XpressBees,In Transit,2026-07-08,2026-07-14
SH007343,O007343,W014,Ekart,In Transit,2025-12-21,2025-12-23
SH007344,O007344,W002,Delhivery,Delayed,2025-08-10,2025-08-11
SH007345,O007345,W004,Delhivery,In Transit,2025-10-26,2025-11-01
SH007346,O007346,W018,Blue Dart,Delivered,2026-05-07,2026-05-13
SH007347,O007347,W005,DTDC,In Transit,2025-11-18,2025-11-24
SH007348,O007348,W018,Blue Dart,In Transit,2025-10-09,2025-10-14
SH007349,O007349,W019,Blue Dart,In Transit,2025-09-04,2025-09-05
SH007350,O007350,W004,XpressBees,In Transit,2025-10-10,2025-10-12
SH007351,O007351,W016,Blue Dart,Delayed,2026-01-11,2026-01-13
SH007352,O007352,W012,India Post,Delivered,2026-07-25,2026-08-01
SH007353,O007353,W016,Blue Dart,Delayed,2025-08-21,2025-08-26
SH007354,O007354,W007,India Post,Delayed,2025-08-06,2025-08-13
SH007355,O007355,W015,Delhivery,Delayed,2025-09-27,2025-09-30
SH007356,O007356,W004,Delhivery,In Transit,2025-09-16,2025-09-23
SH007357,O007357,W011,India Post,Delayed,2026-03-18,2026-03-23
SH007358,O007358,W006,Delhivery,Delayed,2026-01-13,2026-01-19
SH007359,O007359,W010,DTDC,Delivered,2025-10-26,2025-10-28
SH007360,O007360,W016,XpressBees,Delivered,2026-08-06,2026-08-12
SH007361,O007361,W003,Blue Dart,In Transit,2026-06-03,2026-06-07
SH007362,O007362,W009,India Post,Delivered,2025-12-16,2025-12-17
SH007363,O007363,W020,Delhivery,Delayed,2025-08-28,2025-08-30
SH007364,O007364,W009,Blue Dart,In Transit,2025-09-09,2025-09-13
SH007365,O007365,W020,Delhivery,Delayed,2026-04-20,2026-04-26
SH007366,O007366,W007,XpressBees,Delayed,2025-11-15,2025-11-19
SH007367,O007367,W014,Blue Dart,In Transit,2025-11-21,2025-11-28
SH007368,O007368,W018,Blue Dart,Delivered,2026-07-12,2026-07-16
SH007369,O007369,W010,Delhivery,In Transit,2025-12-02,2025-12-07
SH007370,O007370,W017,XpressBees,Delayed,2026-06-27,2026-07-02
SH007371,O007371,W001,India Post,In Transit,2026-05-26,2026-05-29
SH007372,O007372,W004,India Post,In Transit,2025-08-11,2025-08-14
SH007373,O007373,W007,DTDC,Delayed,2025-12-06,2025-12-07
SH007374,O007374,W013,India Post,Delayed,2025-08-07,2025-08-10
SH007375,O007375,W013,DTDC,Delivered,2025-12-19,2025-12-21
SH007376,O007376,W006,Blue Dart,In Transit,2025-08-07,2025-08-12
SH007377,O007377,W003,DTDC,Delayed,2025-11-21,2025-11-27
SH007378,O007378,W001,Ekart,Delivered,2026-02-22,2026-02-25
SH007379,O007379,W017,India Post,Delayed,2026-02-17,2026-02-23
SH007380,O007380,W004,Delhivery,Delivered,2025-10-13,2025-10-18
SH007381,O007381,W008,XpressBees,Delivered,2025-11-28,2025-12-05
SH007382,O007382,W003,DTDC,Delayed,2026-06-13,2026-06-20
SH007383,O007383,W014,Delhivery,Delayed,2026-01-07,2026-01-09
SH007384,O007384,W020,Delhivery,Delivered,2025-10-13,2025-10-16
SH007385,O007385,W005,Blue Dart,Delivered,2026-01-31,2026-02-05
SH007386,O007386,W020,India Post,Delayed,2026-02-25,2026-02-28
SH007387,O007387,W004,India Post,Delayed,2026-07-06,2026-07-13
SH007388,O007388,W020,India Post,In Transit,2026-06-13,2026-06-20
SH007389,O007389,W002,Blue Dart,In Transit,2026-05-01,2026-05-03
SH007390,O007390,W006,Ekart,Delayed,2026-04-18,2026-04-19
SH007391,O007391,W012,Delhivery,Delivered,2025-08-15,2025-08-19
SH007392,O007392,W016,Blue Dart,In Transit,2025-09-16,2025-09-20
SH007393,O007393,W010,Delhivery,In Transit,2026-06-27,2026-07-01
SH007394,O007394,W005,Blue Dart,In Transit,2026-05-05,2026-05-12
SH007395,O007395,W005,XpressBees,Delivered,2025-11-12,2025-11-16
SH007396,O007396,W013,Ekart,In Transit,2026-05-09,2026-05-15
SH007397,O007397,W008,XpressBees,Delayed,2026-04-28,2026-05-04
SH007398,O007398,W017,Delhivery,Delayed,2026-02-22,2026-02-28
SH007399,O007399,W006,DTDC,Delivered,2025-09-16,2025-09-19
SH007400,O007400,W002,Delhivery,Delivered,2026-06-19,2026-06-26
SH007401,O007401,W007,Blue Dart,Delayed,2026-04-01,2026-04-07
SH007402,O007402,W012,India Post,In Transit,2025-12-28,2026-01-04
SH007403,O007403,W008,Ekart,In Transit,2026-03-18,2026-03-19
SH007404,O007404,W020,Ekart,Delivered,2026-04-02,2026-04-04
SH007405,O007405,W010,Ekart,Delivered,2026-02-27,2026-03-02
SH007406,O007406,W017,Delhivery,Delayed,2025-11-01,2025-11-06
SH007407,O007407,W013,Ekart,Delivered,2025-10-07,2025-10-12
SH007408,O007408,W005,DTDC,Delivered,2026-07-17,2026-07-21
SH007409,O007409,W009,Ekart,Delayed,2026-06-26,2026-07-03
SH007410,O007410,W001,Blue Dart,In Transit,2025-10-24,2025-10-27
SH007411,O007411,W016,Delhivery,Delivered,2026-01-25,2026-01-26
SH007412,O007412,W008,Ekart,In Transit,2025-10-24,2025-10-25
SH007413,O007413,W006,India Post,Delivered,2025-08-09,2025-08-16
SH007414,O007414,W003,Delhivery,In Transit,2026-03-19,2026-03-21
SH007415,O007415,W020,Ekart,Delivered,2026-02-16,2026-02-18
SH007416,O007416,W015,XpressBees,Delivered,2026-02-19,2026-02-25
SH007417,O007417,W006,Ekart,In Transit,2026-04-29,2026-05-02
SH007418,O007418,W001,Blue Dart,Delayed,2025-09-29,2025-10-06
SH007419,O007419,W008,India Post,Delivered,2025-10-15,2025-10-18
SH007420,O007420,W005,India Post,In Transit,2026-04-06,2026-04-07
SH007421,O007421,W020,Ekart,Delivered,2026-07-15,2026-07-16
SH007422,O007422,W013,Blue Dart,In Transit,2025-09-09,2025-09-16
SH007423,O007423,W012,DTDC,Delivered,2025-11-27,2025-12-01
SH007424,O007424,W008,India Post,Delivered,2026-02-07,2026-02-08
SH007425,O007425,W014,XpressBees,Delayed,2026-04-29,2026-04-30
SH007426,O007426,W017,Ekart,Delivered,2026-07-17,2026-07-24
SH007427,O007427,W009,DTDC,In Transit,2026-01-03,2026-01-07
SH007428,O007428,W009,DTDC,In Transit,2026-05-16,2026-05-19
SH007429,O007429,W009,XpressBees,In Transit,2025-12-22,2025-12-27
SH007430,O007430,W002,DTDC,In Transit,2026-06-06,2026-06-07
SH007431,O007431,W014,Delhivery,Delivered,2026-04-13,2026-04-18
SH007432,O007432,W017,DTDC,In Transit,2026-05-28,2026-05-30
SH007433,O007433,W019,DTDC,In Transit,2026-07-01,2026-07-04
SH007434,O007434,W003,Delhivery,Delayed,2025-09-18,2025-09-25
SH007435,O007435,W004,Blue Dart,In Transit,2025-10-22,2025-10-24
SH007436,O007436,W010,India Post,Delivered,2025-09-04,2025-09-09
SH007437,O007437,W019,India Post,Delivered,2025-10-19,2025-10-23
SH007438,O007438,W001,India Post,Delayed,2026-03-15,2026-03-17
SH007439,O007439,W020,DTDC,Delivered,2026-05-24,2026-05-26
SH007440,O007440,W004,India Post,Delivered,2026-05-31,2026-06-01
SH007441,O007441,W012,Delhivery,Delayed,2025-10-05,2025-10-08
SH007442,O007442,W018,DTDC,In Transit,2026-05-22,2026-05-24
SH007443,O007443,W009,Delhivery,Delivered,2026-06-28,2026-07-05
SH007444,O007444,W017,XpressBees,Delivered,2025-08-10,2025-08-13
SH007445,O007445,W011,XpressBees,In Transit,2025-10-27,2025-10-30
SH007446,O007446,W007,DTDC,In Transit,2026-05-29,2026-05-30
SH007447,O007447,W011,Delhivery,Delivered,2026-02-04,2026-02-10
SH007448,O007448,W013,Delhivery,Delivered,2025-09-17,2025-09-20
SH007449,O007449,W014,Blue Dart,Delayed,2026-04-26,2026-05-01
SH007450,O007450,W008,XpressBees,Delivered,2025-10-05,2025-10-08
SH007451,O007451,W006,India Post,Delivered,2026-03-03,2026-03-10
SH007452,O007452,W002,Blue Dart,Delayed,2026-05-19,2026-05-20
SH007453,O007453,W014,Blue Dart,Delivered,2026-04-12,2026-04-15
SH007454,O007454,W012,India Post,Delayed,2025-11-02,2025-11-05
SH007455,O007455,W016,Ekart,Delayed,2026-02-24,2026-03-01
SH007456,O007456,W004,Blue Dart,Delivered,2026-05-27,2026-06-02
SH007457,O007457,W007,Ekart,Delivered,2025-11-10,2025-11-12
SH007458,O007458,W009,Ekart,Delivered,2025-08-12,2025-08-14
SH007459,O007459,W012,DTDC,Delivered,2026-02-20,2026-02-22
SH007460,O007460,W008,Ekart,Delivered,2026-03-17,2026-03-24
SH007461,O007461,W005,XpressBees,In Transit,2026-03-23,2026-03-30
SH007462,O007462,W019,XpressBees,Delivered,2025-08-22,2025-08-24
SH007463,O007463,W017,Blue Dart,Delayed,2026-05-22,2026-05-25
SH007464,O007464,W005,DTDC,In Transit,2026-07-25,2026-07-26
SH007465,O007465,W008,XpressBees,Delayed,2025-10-07,2025-10-08
SH007466,O007466,W013,India Post,Delayed,2026-05-30,2026-06-06
SH007467,O007467,W005,Delhivery,Delivered,2026-05-19,2026-05-22
SH007468,O007468,W011,Ekart,Delayed,2026-06-04,2026-06-05
SH007469,O007469,W016,India Post,Delivered,2025-09-18,2025-09-20
SH007470,O007470,W002,DTDC,Delivered,2026-01-03,2026-01-05
SH007471,O007471,W009,XpressBees,Delayed,2026-07-03,2026-07-07
SH007472,O007472,W008,XpressBees,In Transit,2025-09-14,2025-09-18
SH007473,O007473,W015,India Post,Delivered,2026-02-25,2026-02-28
SH007474,O007474,W011,Ekart,Delivered,2026-03-09,2026-03-16
SH007475,O007475,W019,Blue Dart,In Transit,2025-08-08,2025-08-13
SH007476,O007476,W010,Ekart,Delayed,2026-04-08,2026-04-09
SH007477,O007477,W016,Ekart,In Transit,2026-01-22,2026-01-24
SH007478,O007478,W015,Ekart,In Transit,2026-06-06,2026-06-07
SH007479,O007479,W017,Delhivery,Delivered,2026-04-23,2026-04-28
SH007480,O007480,W009,Blue Dart,Delayed,2026-06-09,2026-06-16
SH007481,O007481,W014,India Post,In Transit,2026-05-15,2026-05-21
SH007482,O007482,W018,Delhivery,In Transit,2025-10-21,2025-10-22
SH007483,O007483,W001,XpressBees,Delivered,2026-02-05,2026-02-06
SH007484,O007484,W003,India Post,Delivered,2026-02-09,2026-02-14
SH007485,O007485,W001,Ekart,Delayed,2026-05-22,2026-05-28
SH007486,O007486,W005,India Post,Delayed,2026-04-15,2026-04-19
SH007487,O007487,W012,Delhivery,In Transit,2026-03-06,2026-03-07
SH007488,O007488,W004,Delhivery,In Transit,2026-04-20,2026-04-21
SH007489,O007489,W014,XpressBees,Delivered,2025-11-29,2025-12-02
SH007490,O007490,W005,Blue Dart,Delayed,2026-02-26,2026-03-04
SH007491,O007491,W017,Blue Dart,Delivered,2025-08-11,2025-08-13
SH007492,O007492,W007,Delhivery,In Transit,2026-06-12,2026-06-17
SH007493,O007493,W003,Delhivery,Delivered,2026-01-31,2026-02-06
SH007494,O007494,W003,Ekart,Delivered,2025-08-23,2025-08-29
SH007495,O007495,W017,XpressBees,In Transit,2026-03-01,2026-03-06
SH007496,O007496,W006,India Post,Delayed,2026-07-02,2026-07-07
SH007497,O007497,W005,Delhivery,Delayed,2025-12-31,2026-01-04
SH007498,O007498,W005,XpressBees,Delayed,2025-10-06,2025-10-12
SH007499,O007499,W011,Delhivery,Delayed,2026-03-27,2026-03-31
SH007500,O007500,W020,Blue Dart,Delivered,2026-08-02,2026-08-07
SH007501,O007501,W004,DTDC,Delayed,2026-04-23,2026-04-25
SH007502,O007502,W016,Blue Dart,In Transit,2026-03-19,2026-03-21
SH007503,O007503,W007,DTDC,Delivered,2026-01-14,2026-01-16
SH007504,O007504,W006,India Post,Delivered,2026-08-02,2026-08-05
SH007505,O007505,W005,DTDC,Delivered,2025-12-26,2025-12-30
SH007506,O007506,W008,India Post,Delivered,2025-08-14,2025-08-21
SH007507,O007507,W008,Delhivery,Delivered,2026-05-26,2026-05-29
SH007508,O007508,W011,Delhivery,Delayed,2025-09-01,2025-09-08
SH007509,O007509,W003,Ekart,Delivered,2025-11-24,2025-12-01
SH007510,O007510,W005,Blue Dart,In Transit,2026-06-09,2026-06-12
SH007511,O007511,W019,Delhivery,In Transit,2025-10-30,2025-11-01
SH007512,O007512,W012,XpressBees,Delayed,2026-04-06,2026-04-08
SH007513,O007513,W007,DTDC,Delivered,2026-06-13,2026-06-20
SH007514,O007514,W006,XpressBees,In Transit,2025-09-14,2025-09-18
SH007515,O007515,W010,DTDC,Delayed,2026-04-23,2026-04-30
SH007516,O007516,W001,Delhivery,In Transit,2026-07-01,2026-07-07
SH007517,O007517,W007,India Post,Delayed,2025-08-18,2025-08-20
SH007518,O007518,W016,India Post,In Transit,2026-04-22,2026-04-23
SH007519,O007519,W020,Blue Dart,In Transit,2026-06-11,2026-06-13
SH007520,O007520,W010,Ekart,In Transit,2025-12-30,2026-01-06
SH007521,O007521,W019,Blue Dart,Delayed,2026-03-20,2026-03-23
SH007522,O007522,W009,XpressBees,Delayed,2025-09-12,2025-09-15
SH007523,O007523,W012,XpressBees,Delivered,2026-02-14,2026-02-21
SH007524,O007524,W010,XpressBees,Delayed,2026-07-14,2026-07-21
SH007525,O007525,W017,Delhivery,Delayed,2025-12-31,2026-01-01
SH007526,O007526,W008,Blue Dart,Delivered,2025-08-18,2025-08-19
SH007527,O007527,W008,XpressBees,Delivered,2026-02-20,2026-02-27
SH007528,O007528,W007,Blue Dart,In Transit,2026-02-05,2026-02-07
SH007529,O007529,W015,Delhivery,Delivered,2025-12-25,2025-12-29
SH007530,O007530,W014,DTDC,Delayed,2025-10-26,2025-10-30
SH007531,O007531,W008,Ekart,Delayed,2025-11-04,2025-11-11
SH007532,O007532,W007,Ekart,Delayed,2025-12-25,2025-12-31
SH007533,O007533,W016,Ekart,Delayed,2025-11-29,2025-12-06
SH007534,O007534,W009,Delhivery,Delayed,2026-03-27,2026-03-28
SH007535,O007535,W005,Delhivery,In Transit,2025-10-09,2025-10-15
SH007536,O007536,W002,Blue Dart,Delivered,2025-12-10,2025-12-13
SH007537,O007537,W001,DTDC,Delivered,2026-07-18,2026-07-25
SH007538,O007538,W017,Ekart,In Transit,2026-06-02,2026-06-07
SH007539,O007539,W004,Delhivery,Delivered,2026-02-17,2026-02-18
SH007540,O007540,W004,India Post,Delivered,2025-12-27,2025-12-30
SH007541,O007541,W007,XpressBees,Delivered,2025-10-23,2025-10-30
SH007542,O007542,W014,DTDC,In Transit,2025-11-12,2025-11-17
SH007543,O007543,W018,XpressBees,Delayed,2026-01-18,2026-01-23
SH007544,O007544,W015,Delhivery,Delivered,2026-07-31,2026-08-04
SH007545,O007545,W008,XpressBees,In Transit,2025-10-25,2025-10-30
SH007546,O007546,W020,Delhivery,In Transit,2026-06-15,2026-06-22
SH007547,O007547,W018,XpressBees,Delivered,2026-07-13,2026-07-17
SH007548,O007548,W020,XpressBees,Delayed,2026-07-28,2026-07-31
SH007549,O007549,W005,DTDC,Delivered,2025-12-08,2025-12-15
SH007550,O007550,W004,India Post,Delayed,2025-09-29,2025-10-01
SH007551,O007551,W011,India Post,Delayed,2026-01-29,2026-01-30
SH007552,O007552,W011,India Post,Delivered,2026-08-03,2026-08-10
SH007553,O007553,W005,India Post,In Transit,2025-10-10,2025-10-17
SH007554,O007554,W001,XpressBees,Delivered,2026-01-07,2026-01-08
SH007555,O007555,W015,XpressBees,Delayed,2025-10-19,2025-10-20
SH007556,O007556,W013,India Post,In Transit,2025-11-28,2025-12-03
SH007557,O007557,W004,XpressBees,In Transit,2026-06-25,2026-06-30
SH007558,O007558,W011,Blue Dart,Delivered,2025-10-23,2025-10-25
SH007559,O007559,W004,DTDC,Delivered,2026-02-17,2026-02-24
SH007560,O007560,W012,Delhivery,In Transit,2026-05-11,2026-05-17
SH007561,O007561,W003,XpressBees,In Transit,2025-10-28,2025-11-04
SH007562,O007562,W017,Ekart,In Transit,2025-12-14,2025-12-20
SH007563,O007563,W003,DTDC,Delayed,2025-08-08,2025-08-14
SH007564,O007564,W020,DTDC,In Transit,2026-02-25,2026-02-26
SH007565,O007565,W019,Delhivery,Delivered,2026-06-05,2026-06-06
SH007566,O007566,W003,XpressBees,Delayed,2025-09-11,2025-09-16
SH007567,O007567,W007,Delhivery,In Transit,2026-04-02,2026-04-04
SH007568,O007568,W016,Delhivery,In Transit,2025-09-06,2025-09-12
SH007569,O007569,W008,DTDC,Delayed,2026-01-20,2026-01-26
SH007570,O007570,W020,Ekart,Delayed,2025-09-29,2025-10-06
SH007571,O007571,W004,India Post,In Transit,2025-09-08,2025-09-15
SH007572,O007572,W004,XpressBees,In Transit,2026-03-09,2026-03-15
SH007573,O007573,W012,Blue Dart,Delayed,2026-08-06,2026-08-09
SH007574,O007574,W014,India Post,Delivered,2026-07-21,2026-07-26
SH007575,O007575,W010,Blue Dart,Delayed,2025-08-12,2025-08-17
SH007576,O007576,W014,XpressBees,Delivered,2025-08-07,2025-08-12
SH007577,O007577,W018,India Post,Delayed,2025-08-05,2025-08-06
SH007578,O007578,W010,Ekart,In Transit,2026-01-31,2026-02-07
SH007579,O007579,W016,XpressBees,Delayed,2025-11-06,2025-11-09
SH007580,O007580,W010,XpressBees,Delivered,2025-10-18,2025-10-25
SH007581,O007581,W012,India Post,In Transit,2025-11-01,2025-11-07
SH007582,O007582,W011,Ekart,In Transit,2025-10-14,2025-10-19
SH007583,O007583,W018,XpressBees,Delivered,2026-02-17,2026-02-22
SH007584,O007584,W003,DTDC,Delivered,2026-01-21,2026-01-24
SH007585,O007585,W001,XpressBees,In Transit,2026-05-27,2026-06-03
SH007586,O007586,W003,Ekart,Delayed,2026-07-20,2026-07-21
SH007587,O007587,W016,Blue Dart,Delivered,2025-08-23,2025-08-29
SH007588,O007588,W020,DTDC,Delivered,2025-12-12,2025-12-19
SH007589,O007589,W012,Blue Dart,Delayed,2026-03-17,2026-03-19
SH007590,O007590,W011,Blue Dart,In Transit,2026-01-24,2026-01-28
SH007591,O007591,W002,India Post,Delayed,2026-01-27,2026-01-30
SH007592,O007592,W010,Delhivery,Delivered,2026-05-26,2026-05-31
SH007593,O007593,W012,Blue Dart,In Transit,2026-05-20,2026-05-27
SH007594,O007594,W012,Ekart,Delivered,2025-08-14,2025-08-21
SH007595,O007595,W009,Delhivery,Delayed,2025-12-28,2026-01-03
SH007596,O007596,W004,DTDC,In Transit,2025-11-08,2025-11-11
SH007597,O007597,W002,India Post,Delivered,2025-10-19,2025-10-22
SH007598,O007598,W014,DTDC,Delivered,2026-06-06,2026-06-13
SH007599,O007599,W007,Blue Dart,Delayed,2026-04-07,2026-04-10
SH007600,O007600,W018,India Post,In Transit,2025-09-21,2025-09-28
SH007601,O007601,W002,XpressBees,Delayed,2025-11-21,2025-11-22
SH007602,O007602,W011,Delhivery,In Transit,2026-02-09,2026-02-10
SH007603,O007603,W020,Blue Dart,Delayed,2026-06-22,2026-06-29
SH007604,O007604,W015,DTDC,Delayed,2025-10-11,2025-10-18
SH007605,O007605,W015,Blue Dart,Delayed,2026-05-12,2026-05-14
SH007606,O007606,W004,XpressBees,Delayed,2025-08-16,2025-08-20
SH007607,O007607,W018,Delhivery,In Transit,2026-06-27,2026-07-03
SH007608,O007608,W001,India Post,In Transit,2026-01-25,2026-01-31
SH007609,O007609,W017,Blue Dart,Delayed,2025-12-11,2025-12-18
SH007610,O007610,W017,Ekart,In Transit,2025-11-04,2025-11-07
SH007611,O007611,W014,XpressBees,Delivered,2026-03-27,2026-03-30
SH007612,O007612,W016,Ekart,Delivered,2026-04-30,2026-05-04
SH007613,O007613,W017,Ekart,In Transit,2025-11-09,2025-11-15
SH007614,O007614,W016,Delhivery,Delivered,2026-06-24,2026-06-30
SH007615,O007615,W018,DTDC,In Transit,2025-10-14,2025-10-17
SH007616,O007616,W020,DTDC,Delivered,2026-01-12,2026-01-14
SH007617,O007617,W017,XpressBees,Delayed,2025-08-10,2025-08-14
SH007618,O007618,W016,Delhivery,In Transit,2026-04-12,2026-04-17
SH007619,O007619,W003,Delhivery,Delivered,2026-05-30,2026-06-02
SH007620,O007620,W014,Delhivery,Delivered,2025-10-31,2025-11-04
SH007621,O007621,W020,India Post,Delayed,2025-08-07,2025-08-11
SH007622,O007622,W010,India Post,In Transit,2026-03-26,2026-03-27
SH007623,O007623,W019,India Post,In Transit,2026-07-23,2026-07-25
SH007624,O007624,W019,XpressBees,Delayed,2026-03-06,2026-03-11
SH007625,O007625,W014,Blue Dart,Delayed,2026-04-30,2026-05-06
SH007626,O007626,W002,Blue Dart,In Transit,2026-01-26,2026-01-29
SH007627,O007627,W005,India Post,In Transit,2025-10-26,2025-11-01
SH007628,O007628,W020,Blue Dart,In Transit,2026-05-22,2026-05-28
SH007629,O007629,W020,Delhivery,Delivered,2025-11-05,2025-11-08
SH007630,O007630,W015,Blue Dart,Delivered,2026-04-16,2026-04-19
SH007631,O007631,W001,Delhivery,Delivered,2026-01-04,2026-01-07
SH007632,O007632,W010,Delhivery,Delayed,2026-06-06,2026-06-12
SH007633,O007633,W004,XpressBees,Delayed,2026-04-28,2026-05-01
SH007634,O007634,W015,XpressBees,Delivered,2025-08-26,2025-08-28
SH007635,O007635,W013,India Post,Delivered,2025-09-01,2025-09-03
SH007636,O007636,W005,Delhivery,Delayed,2026-04-28,2026-05-04
SH007637,O007637,W005,Ekart,Delayed,2026-04-01,2026-04-08
SH007638,O007638,W018,DTDC,In Transit,2025-12-07,2025-12-12
SH007639,O007639,W003,Ekart,In Transit,2025-10-05,2025-10-11
SH007640,O007640,W016,India Post,Delivered,2026-05-29,2026-06-01
SH007641,O007641,W003,DTDC,In Transit,2026-03-28,2026-03-29
SH007642,O007642,W020,XpressBees,Delivered,2025-08-15,2025-08-21
SH007643,O007643,W010,DTDC,In Transit,2025-09-22,2025-09-25
SH007644,O007644,W002,Ekart,In Transit,2025-10-14,2025-10-20
SH007645,O007645,W013,XpressBees,In Transit,2026-01-14,2026-01-21
SH007646,O007646,W012,XpressBees,Delayed,2025-09-18,2025-09-21
SH007647,O007647,W011,Delhivery,Delayed,2026-05-03,2026-05-07
SH007648,O007648,W020,Blue Dart,Delayed,2025-11-23,2025-11-27
SH007649,O007649,W015,DTDC,Delayed,2025-10-15,2025-10-16
SH007650,O007650,W005,Ekart,Delayed,2026-04-04,2026-04-10
SH007651,O007651,W004,XpressBees,In Transit,2025-10-23,2025-10-27
SH007652,O007652,W001,Delhivery,In Transit,2025-10-15,2025-10-22
SH007653,O007653,W011,Blue Dart,Delivered,2026-03-11,2026-03-14
SH007654,O007654,W008,Ekart,Delayed,2025-09-04,2025-09-09
SH007655,O007655,W012,Blue Dart,Delivered,2026-05-31,2026-06-07
SH007656,O007656,W014,DTDC,In Transit,2026-03-28,2026-03-29
SH007657,O007657,W007,DTDC,Delayed,2025-10-27,2025-10-29
SH007658,O007658,W001,Ekart,In Transit,2025-08-29,2025-09-04
SH007659,O007659,W020,India Post,In Transit,2025-10-15,2025-10-21
SH007660,O007660,W014,Ekart,Delayed,2026-02-27,2026-02-28
SH007661,O007661,W018,Ekart,In Transit,2026-07-28,2026-08-02
SH007662,O007662,W007,Blue Dart,Delayed,2026-07-25,2026-07-29
SH007663,O007663,W006,XpressBees,Delayed,2025-08-09,2025-08-16
SH007664,O007664,W009,XpressBees,Delivered,2025-08-06,2025-08-08
SH007665,O007665,W008,DTDC,Delivered,2026-03-06,2026-03-13
SH007666,O007666,W017,Delhivery,In Transit,2026-01-07,2026-01-11
SH007667,O007667,W019,India Post,Delivered,2025-12-16,2025-12-21
SH007668,O007668,W006,India Post,In Transit,2025-08-29,2025-09-01
SH007669,O007669,W020,Blue Dart,Delayed,2025-11-11,2025-11-18
SH007670,O007670,W009,DTDC,Delivered,2025-10-05,2025-10-11
SH007671,O007671,W017,India Post,Delivered,2026-07-11,2026-07-17
SH007672,O007672,W004,Blue Dart,Delivered,2026-04-21,2026-04-25
SH007673,O007673,W010,XpressBees,Delivered,2026-03-28,2026-04-04
SH007674,O007674,W006,DTDC,Delayed,2025-12-13,2025-12-14
SH007675,O007675,W007,Delhivery,Delayed,2026-04-19,2026-04-26
SH007676,O007676,W013,XpressBees,Delayed,2026-03-12,2026-03-18
SH007677,O007677,W009,DTDC,In Transit,2026-02-05,2026-02-11
SH007678,O007678,W004,XpressBees,In Transit,2025-11-14,2025-11-20
SH007679,O007679,W008,Ekart,In Transit,2025-10-23,2025-10-30
SH007680,O007680,W020,Ekart,Delayed,2026-06-17,2026-06-22
SH007681,O007681,W008,Delhivery,Delivered,2026-05-17,2026-05-19
SH007682,O007682,W019,DTDC,In Transit,2025-10-10,2025-10-14
SH007683,O007683,W019,XpressBees,In Transit,2026-02-16,2026-02-21
SH007684,O007684,W012,Ekart,In Transit,2026-02-09,2026-02-14
SH007685,O007685,W019,Blue Dart,Delivered,2026-07-20,2026-07-27
SH007686,O007686,W005,India Post,Delayed,2025-11-26,2025-12-03
SH007687,O007687,W006,India Post,In Transit,2025-12-18,2025-12-22
SH007688,O007688,W018,Blue Dart,Delayed,2026-03-01,2026-03-02
SH007689,O007689,W018,Delhivery,In Transit,2025-12-29,2026-01-04
SH007690,O007690,W007,XpressBees,Delayed,2025-11-19,2025-11-21
SH007691,O007691,W017,XpressBees,Delayed,2026-02-14,2026-02-15
SH007692,O007692,W012,Delhivery,In Transit,2026-06-07,2026-06-09
SH007693,O007693,W012,India Post,In Transit,2026-05-20,2026-05-24
SH007694,O007694,W019,XpressBees,Delayed,2025-11-29,2025-12-03
SH007695,O007695,W020,India Post,Delayed,2026-02-15,2026-02-19
SH007696,O007696,W014,Delhivery,In Transit,2025-11-26,2025-11-30
SH007697,O007697,W009,XpressBees,Delayed,2026-04-29,2026-05-02
SH007698,O007698,W005,DTDC,Delayed,2026-02-01,2026-02-05
SH007699,O007699,W016,XpressBees,In Transit,2025-09-23,2025-09-26
SH007700,O007700,W015,India Post,In Transit,2026-01-03,2026-01-06
SH007701,O007701,W005,Ekart,In Transit,2025-11-06,2025-11-12
SH007702,O007702,W005,DTDC,Delivered,2025-09-03,2025-09-07
SH007703,O007703,W011,Blue Dart,Delivered,2026-04-03,2026-04-10
SH007704,O007704,W003,Delhivery,Delayed,2026-07-21,2026-07-23
SH007705,O007705,W004,DTDC,Delivered,2026-03-25,2026-04-01
SH007706,O007706,W008,India Post,Delivered,2025-10-19,2025-10-23
SH007707,O007707,W018,Blue Dart,Delayed,2026-05-26,2026-05-29
SH007708,O007708,W012,India Post,Delivered,2026-04-25,2026-04-28
SH007709,O007709,W003,DTDC,Delivered,2026-04-09,2026-04-10
SH007710,O007710,W015,DTDC,In Transit,2025-11-04,2025-11-09
SH007711,O007711,W007,India Post,Delayed,2026-05-15,2026-05-22
SH007712,O007712,W003,Blue Dart,Delayed,2025-12-28,2025-12-31
SH007713,O007713,W017,Delhivery,In Transit,2026-06-16,2026-06-23
SH007714,O007714,W011,Delhivery,Delivered,2026-05-03,2026-05-06
SH007715,O007715,W018,Ekart,In Transit,2026-01-19,2026-01-22
SH007716,O007716,W010,Delhivery,In Transit,2026-04-02,2026-04-03
SH007717,O007717,W003,Ekart,Delivered,2026-05-28,2026-05-30
SH007718,O007718,W006,DTDC,In Transit,2026-04-06,2026-04-13
SH007719,O007719,W003,India Post,Delayed,2025-08-09,2025-08-14
SH007720,O007720,W015,DTDC,In Transit,2026-04-22,2026-04-23
SH007721,O007721,W019,XpressBees,Delayed,2026-06-05,2026-06-06
SH007722,O007722,W009,Ekart,Delayed,2026-05-06,2026-05-09
SH007723,O007723,W005,XpressBees,Delivered,2025-08-13,2025-08-16
SH007724,O007724,W012,India Post,In Transit,2025-08-19,2025-08-24
SH007725,O007725,W006,Blue Dart,Delayed,2026-04-05,2026-04-12
SH007726,O007726,W007,DTDC,In Transit,2025-09-12,2025-09-17
SH007727,O007727,W006,India Post,Delayed,2026-08-04,2026-08-11
SH007728,O007728,W019,XpressBees,Delayed,2025-12-16,2025-12-21
SH007729,O007729,W009,Delhivery,In Transit,2026-07-28,2026-08-03
SH007730,O007730,W011,Delhivery,Delayed,2026-06-20,2026-06-24
SH007731,O007731,W008,XpressBees,Delivered,2025-11-08,2025-11-13
SH007732,O007732,W004,DTDC,In Transit,2026-05-30,2026-06-02
SH007733,O007733,W014,DTDC,Delayed,2026-01-05,2026-01-11
SH007734,O007734,W012,India Post,In Transit,2026-06-29,2026-06-30
SH007735,O007735,W019,DTDC,Delivered,2026-06-07,2026-06-10
SH007736,O007736,W003,DTDC,Delayed,2026-06-11,2026-06-13
SH007737,O007737,W018,Delhivery,Delayed,2026-01-25,2026-01-26
SH007738,O007738,W005,Ekart,Delayed,2025-09-08,2025-09-15
SH007739,O007739,W019,XpressBees,In Transit,2025-12-26,2026-01-02
SH007740,O007740,W005,Blue Dart,Delayed,2025-09-01,2025-09-06
SH007741,O007741,W004,India Post,In Transit,2025-08-10,2025-08-13
SH007742,O007742,W007,India Post,Delivered,2025-12-05,2025-12-12
SH007743,O007743,W006,India Post,In Transit,2026-04-24,2026-04-25
SH007744,O007744,W017,DTDC,Delivered,2025-08-11,2025-08-17
SH007745,O007745,W012,Ekart,Delivered,2025-09-08,2025-09-12
SH007746,O007746,W017,DTDC,Delivered,2026-02-10,2026-02-15
SH007747,O007747,W010,India Post,Delivered,2025-12-07,2025-12-10
SH007748,O007748,W015,Delhivery,Delayed,2026-03-03,2026-03-09
SH007749,O007749,W009,India Post,Delayed,2025-10-23,2025-10-25
SH007750,O007750,W017,Blue Dart,In Transit,2026-01-19,2026-01-21
SH007751,O007751,W014,Blue Dart,In Transit,2025-11-27,2025-12-01
SH007752,O007752,W018,India Post,In Transit,2026-02-15,2026-02-17
SH007753,O007753,W002,XpressBees,Delivered,2026-01-08,2026-01-14
SH007754,O007754,W007,XpressBees,Delivered,2025-12-10,2025-12-14
SH007755,O007755,W007,Blue Dart,Delayed,2026-02-06,2026-02-09
SH007756,O007756,W017,Ekart,Delivered,2025-10-24,2025-10-31
SH007757,O007757,W015,XpressBees,In Transit,2026-05-18,2026-05-22
SH007758,O007758,W004,Blue Dart,Delivered,2025-10-11,2025-10-12
SH007759,O007759,W019,Blue Dart,Delivered,2026-05-31,2026-06-04
SH007760,O007760,W013,Delhivery,In Transit,2026-06-25,2026-07-02
SH007761,O007761,W016,India Post,Delivered,2026-05-13,2026-05-17
SH007762,O007762,W003,India Post,Delayed,2025-12-25,2025-12-26
SH007763,O007763,W006,Blue Dart,Delayed,2026-05-18,2026-05-19
SH007764,O007764,W011,Delhivery,In Transit,2026-04-08,2026-04-10
SH007765,O007765,W016,Delhivery,Delivered,2025-12-27,2025-12-28
SH007766,O007766,W005,DTDC,Delivered,2025-10-22,2025-10-27
SH007767,O007767,W011,DTDC,In Transit,2026-03-21,2026-03-24
SH007768,O007768,W010,India Post,Delayed,2025-11-19,2025-11-26
SH007769,O007769,W010,India Post,Delivered,2026-07-20,2026-07-21
SH007770,O007770,W005,Blue Dart,Delayed,2026-01-24,2026-01-26
SH007771,O007771,W014,XpressBees,Delivered,2026-07-23,2026-07-24
SH007772,O007772,W020,XpressBees,Delayed,2026-06-20,2026-06-22
SH007773,O007773,W018,Ekart,Delivered,2026-03-08,2026-03-15
SH007774,O007774,W012,Ekart,Delayed,2025-10-17,2025-10-24
SH007775,O007775,W003,DTDC,In Transit,2025-10-21,2025-10-24
SH007776,O007776,W019,Blue Dart,In Transit,2025-11-13,2025-11-15
SH007777,O007777,W018,XpressBees,Delayed,2026-04-15,2026-04-22
SH007778,O007778,W002,DTDC,In Transit,2026-04-17,2026-04-23
SH007779,O007779,W013,Delhivery,Delivered,2026-02-06,2026-02-08
SH007780,O007780,W015,DTDC,In Transit,2025-11-21,2025-11-26
SH007781,O007781,W014,Delhivery,Delayed,2026-02-10,2026-02-15
SH007782,O007782,W015,Delhivery,In Transit,2026-01-12,2026-01-13
SH007783,O007783,W010,DTDC,Delivered,2026-03-14,2026-03-20
SH007784,O007784,W020,XpressBees,In Transit,2025-11-19,2025-11-26
SH007785,O007785,W007,Delhivery,In Transit,2026-06-08,2026-06-15
SH007786,O007786,W016,Blue Dart,In Transit,2026-03-24,2026-03-31
SH007787,O007787,W020,Blue Dart,In Transit,2026-07-30,2026-08-02
SH007788,O007788,W001,India Post,Delivered,2026-01-14,2026-01-21
SH007789,O007789,W019,India Post,Delivered,2026-08-05,2026-08-06
SH007790,O007790,W009,Ekart,In Transit,2026-03-17,2026-03-19
SH007791,O007791,W008,Delhivery,In Transit,2026-08-02,2026-08-07
SH007792,O007792,W016,DTDC,Delivered,2026-07-31,2026-08-05
SH007793,O007793,W003,India Post,Delayed,2026-03-11,2026-03-17
SH007794,O007794,W005,XpressBees,Delivered,2026-01-28,2026-02-04
SH007795,O007795,W018,DTDC,Delayed,2025-10-20,2025-10-25
SH007796,O007796,W016,Delhivery,Delivered,2026-06-06,2026-06-09
SH007797,O007797,W012,Ekart,In Transit,2026-07-07,2026-07-12
SH007798,O007798,W006,XpressBees,Delivered,2025-10-10,2025-10-14
SH007799,O007799,W013,Delhivery,Delayed,2026-01-25,2026-01-27
SH007800,O007800,W004,Blue Dart,In Transit,2025-08-18,2025-08-20
SH007801,O007801,W018,India Post,In Transit,2025-08-08,2025-08-12
SH007802,O007802,W010,India Post,In Transit,2026-02-25,2026-02-26
SH007803,O007803,W004,Ekart,Delayed,2026-07-20,2026-07-27
SH007804,O007804,W017,India Post,Delayed,2025-12-21,2025-12-26
SH007805,O007805,W020,Blue Dart,In Transit,2025-09-05,2025-09-10
SH007806,O007806,W013,Ekart,Delivered,2025-10-25,2025-10-28
SH007807,O007807,W015,India Post,Delivered,2025-08-26,2025-08-28
SH007808,O007808,W003,Ekart,In Transit,2026-01-16,2026-01-21
SH007809,O007809,W009,DTDC,In Transit,2026-07-13,2026-07-14
SH007810,O007810,W015,India Post,In Transit,2025-12-26,2026-01-01
SH007811,O007811,W013,Blue Dart,Delivered,2026-03-22,2026-03-24
SH007812,O007812,W008,Blue Dart,In Transit,2026-04-07,2026-04-10
SH007813,O007813,W009,XpressBees,Delayed,2026-07-05,2026-07-12
SH007814,O007814,W016,DTDC,Delayed,2026-03-14,2026-03-19
SH007815,O007815,W014,India Post,Delivered,2026-06-14,2026-06-15
SH007816,O007816,W012,XpressBees,Delayed,2026-04-06,2026-04-09
SH007817,O007817,W013,Delhivery,Delivered,2026-03-03,2026-03-09
SH007818,O007818,W014,Blue Dart,In Transit,2026-01-28,2026-02-02
SH007819,O007819,W009,DTDC,Delayed,2026-04-11,2026-04-14
SH007820,O007820,W011,XpressBees,Delivered,2026-02-02,2026-02-09
SH007821,O007821,W009,Ekart,Delayed,2025-08-12,2025-08-16
SH007822,O007822,W019,Blue Dart,Delivered,2026-06-17,2026-06-19
SH007823,O007823,W014,Blue Dart,Delayed,2026-05-07,2026-05-10
SH007824,O007824,W001,XpressBees,In Transit,2025-09-03,2025-09-06
SH007825,O007825,W001,Delhivery,In Transit,2025-10-11,2025-10-17
SH007826,O007826,W010,Blue Dart,Delivered,2025-11-26,2025-11-28
SH007827,O007827,W016,DTDC,Delivered,2026-01-24,2026-01-27
SH007828,O007828,W003,XpressBees,Delivered,2025-11-21,2025-11-22
SH007829,O007829,W011,India Post,Delivered,2025-09-13,2025-09-17
SH007830,O007830,W012,DTDC,Delayed,2026-05-15,2026-05-17
SH007831,O007831,W009,DTDC,Delayed,2026-08-05,2026-08-09
SH007832,O007832,W011,India Post,Delayed,2026-08-05,2026-08-11
SH007833,O007833,W017,India Post,Delayed,2026-05-03,2026-05-07
SH007834,O007834,W013,DTDC,In Transit,2026-01-05,2026-01-07
SH007835,O007835,W020,Delhivery,In Transit,2025-12-27,2025-12-31
SH007836,O007836,W012,DTDC,In Transit,2026-04-07,2026-04-09
SH007837,O007837,W001,XpressBees,Delivered,2026-05-22,2026-05-29
SH007838,O007838,W012,Ekart,Delivered,2025-09-05,2025-09-06
SH007839,O007839,W008,Delhivery,In Transit,2026-05-09,2026-05-11
SH007840,O007840,W008,Delhivery,Delivered,2026-04-19,2026-04-20
SH007841,O007841,W018,India Post,Delayed,2026-06-05,2026-06-08
SH007842,O007842,W004,DTDC,Delayed,2025-12-19,2025-12-24
SH007843,O007843,W002,India Post,In Transit,2026-06-10,2026-06-16
SH007844,O007844,W014,Blue Dart,Delayed,2025-08-17,2025-08-23
SH007845,O007845,W009,XpressBees,Delivered,2026-07-20,2026-07-25
SH007846,O007846,W012,XpressBees,In Transit,2026-05-02,2026-05-05
SH007847,O007847,W002,XpressBees,Delivered,2026-05-14,2026-05-18
SH007848,O007848,W001,Delhivery,In Transit,2025-11-15,2025-11-16
SH007849,O007849,W005,DTDC,Delivered,2026-01-17,2026-01-23
SH007850,O007850,W003,India Post,In Transit,2026-02-14,2026-02-21
SH007851,O007851,W009,DTDC,Delayed,2026-06-23,2026-06-28
SH007852,O007852,W003,India Post,Delayed,2025-09-19,2025-09-26
SH007853,O007853,W002,Ekart,In Transit,2026-01-01,2026-01-05
SH007854,O007854,W011,XpressBees,In Transit,2026-04-08,2026-04-12
SH007855,O007855,W005,XpressBees,Delayed,2026-03-28,2026-03-29
SH007856,O007856,W019,Delhivery,Delayed,2025-09-03,2025-09-08
SH007857,O007857,W015,XpressBees,Delayed,2026-04-26,2026-04-27
SH007858,O007858,W010,Delhivery,In Transit,2025-10-20,2025-10-21
SH007859,O007859,W003,Blue Dart,In Transit,2026-03-19,2026-03-22
SH007860,O007860,W008,Blue Dart,Delivered,2026-04-16,2026-04-21
SH007861,O007861,W012,Ekart,Delivered,2026-06-19,2026-06-25
SH007862,O007862,W006,Ekart,Delivered,2026-01-21,2026-01-26
SH007863,O007863,W007,DTDC,Delayed,2026-04-11,2026-04-13
SH007864,O007864,W010,DTDC,In Transit,2025-12-14,2025-12-18
SH007865,O007865,W012,Blue Dart,Delayed,2026-03-29,2026-04-04
SH007866,O007866,W014,XpressBees,Delayed,2026-07-31,2026-08-07
SH007867,O007867,W016,Ekart,In Transit,2026-02-18,2026-02-25
SH007868,O007868,W010,India Post,Delivered,2026-07-06,2026-07-13
SH007869,O007869,W010,Delhivery,In Transit,2026-07-02,2026-07-09
SH007870,O007870,W018,Delhivery,In Transit,2026-06-30,2026-07-03
SH007871,O007871,W011,Delhivery,Delayed,2025-08-19,2025-08-22
SH007872,O007872,W015,DTDC,Delivered,2025-09-14,2025-09-19
SH007873,O007873,W006,DTDC,Delivered,2026-02-24,2026-03-02
SH007874,O007874,W003,Ekart,In Transit,2026-05-08,2026-05-12
SH007875,O007875,W009,DTDC,Delivered,2025-09-01,2025-09-04
SH007876,O007876,W006,Ekart,Delayed,2025-10-04,2025-10-11
SH007877,O007877,W008,DTDC,Delivered,2026-02-20,2026-02-21
SH007878,O007878,W011,Blue Dart,In Transit,2025-08-29,2025-09-02
SH007879,O007879,W003,Delhivery,Delayed,2026-05-05,2026-05-09
SH007880,O007880,W005,Blue Dart,Delayed,2026-01-10,2026-01-13
SH007881,O007881,W019,India Post,Delivered,2026-01-21,2026-01-25
SH007882,O007882,W008,Blue Dart,In Transit,2026-04-12,2026-04-13
SH007883,O007883,W002,Blue Dart,In Transit,2026-06-01,2026-06-07
SH007884,O007884,W011,DTDC,Delayed,2026-04-04,2026-04-07
SH007885,O007885,W005,Blue Dart,Delayed,2026-05-08,2026-05-10
SH007886,O007886,W016,India Post,Delivered,2026-05-07,2026-05-12
SH007887,O007887,W017,XpressBees,Delivered,2026-04-30,2026-05-02
SH007888,O007888,W016,Blue Dart,In Transit,2026-02-07,2026-02-11
SH007889,O007889,W012,Delhivery,Delayed,2025-09-18,2025-09-24
SH007890,O007890,W017,XpressBees,Delivered,2025-09-11,2025-09-12
SH007891,O007891,W003,India Post,Delivered,2026-06-24,2026-06-30
SH007892,O007892,W007,XpressBees,Delayed,2026-06-13,2026-06-18
SH007893,O007893,W020,India Post,Delayed,2026-05-11,2026-05-16
SH007894,O007894,W019,DTDC,Delivered,2025-08-18,2025-08-21
SH007895,O007895,W019,Delhivery,Delayed,2026-01-15,2026-01-22
SH007896,O007896,W014,Delhivery,In Transit,2025-08-15,2025-08-17
SH007897,O007897,W009,DTDC,Delivered,2026-04-30,2026-05-02
SH007898,O007898,W003,XpressBees,In Transit,2026-02-14,2026-02-16
SH007899,O007899,W001,India Post,In Transit,2026-06-19,2026-06-22
SH007900,O007900,W012,India Post,In Transit,2026-03-08,2026-03-13
SH007901,O007901,W007,India Post,In Transit,2026-06-26,2026-06-27
SH007902,O007902,W001,India Post,Delayed,2026-01-25,2026-01-31
SH007903,O007903,W010,Blue Dart,Delivered,2025-12-27,2025-12-29
SH007904,O007904,W002,Ekart,Delivered,2025-09-21,2025-09-24
SH007905,O007905,W017,Blue Dart,Delayed,2026-05-03,2026-05-06
SH007906,O007906,W002,Ekart,In Transit,2025-09-08,2025-09-14
SH007907,O007907,W018,DTDC,Delivered,2026-05-25,2026-06-01
SH007908,O007908,W001,XpressBees,Delayed,2025-12-03,2025-12-09
SH007909,O007909,W005,India Post,Delayed,2026-07-11,2026-07-17
SH007910,O007910,W005,Blue Dart,Delivered,2025-10-27,2025-11-03
SH007911,O007911,W003,India Post,In Transit,2025-11-07,2025-11-08
SH007912,O007912,W001,India Post,Delivered,2026-04-13,2026-04-14
SH007913,O007913,W015,India Post,Delivered,2025-11-13,2025-11-18
SH007914,O007914,W008,Delhivery,In Transit,2026-03-24,2026-03-31
SH007915,O007915,W019,XpressBees,Delayed,2025-12-18,2025-12-20
SH007916,O007916,W010,DTDC,In Transit,2025-09-06,2025-09-07
SH007917,O007917,W013,XpressBees,Delayed,2026-03-16,2026-03-18
SH007918,O007918,W015,Ekart,Delivered,2026-03-27,2026-03-31
SH007919,O007919,W009,XpressBees,In Transit,2025-12-09,2025-12-11
SH007920,O007920,W009,DTDC,Delivered,2025-10-31,2025-11-01
SH007921,O007921,W012,Blue Dart,Delivered,2025-10-26,2025-11-01
SH007922,O007922,W014,Blue Dart,In Transit,2025-08-27,2025-09-01
SH007923,O007923,W006,XpressBees,In Transit,2026-07-16,2026-07-18
SH007924,O007924,W018,Ekart,In Transit,2026-03-21,2026-03-22
SH007925,O007925,W019,India Post,Delivered,2025-09-03,2025-09-09
SH007926,O007926,W008,Blue Dart,Delivered,2026-07-04,2026-07-05
SH007927,O007927,W016,Blue Dart,Delivered,2026-04-22,2026-04-23
SH007928,O007928,W013,XpressBees,Delayed,2026-02-27,2026-03-03
SH007929,O007929,W015,India Post,In Transit,2025-11-20,2025-11-21
SH007930,O007930,W017,XpressBees,Delayed,2025-12-17,2025-12-21
SH007931,O007931,W018,India Post,In Transit,2026-07-21,2026-07-22
SH007932,O007932,W018,Delhivery,Delivered,2025-11-27,2025-11-30
SH007933,O007933,W004,India Post,Delivered,2026-05-06,2026-05-08
SH007934,O007934,W009,Ekart,Delivered,2026-06-06,2026-06-10
SH007935,O007935,W020,India Post,Delivered,2026-03-09,2026-03-11
SH007936,O007936,W007,Blue Dart,Delayed,2026-06-29,2026-07-01
SH007937,O007937,W010,Blue Dart,Delayed,2025-11-29,2025-12-04
SH007938,O007938,W009,Blue Dart,Delivered,2026-06-18,2026-06-21
SH007939,O007939,W017,DTDC,In Transit,2025-11-25,2025-12-01
SH007940,O007940,W019,India Post,In Transit,2026-03-19,2026-03-22
SH007941,O007941,W013,DTDC,In Transit,2026-04-21,2026-04-22
SH007942,O007942,W017,Blue Dart,In Transit,2026-05-10,2026-05-15
SH007943,O007943,W005,Delhivery,In Transit,2026-02-23,2026-03-02
SH007944,O007944,W008,XpressBees,Delayed,2026-07-29,2026-08-01
SH007945,O007945,W003,Delhivery,Delayed,2026-07-22,2026-07-25
SH007946,O007946,W019,India Post,In Transit,2026-01-20,2026-01-23
SH007947,O007947,W018,Blue Dart,Delayed,2026-07-27,2026-07-28
SH007948,O007948,W009,DTDC,Delayed,2026-08-06,2026-08-08
SH007949,O007949,W017,XpressBees,Delivered,2025-10-16,2025-10-23
SH007950,O007950,W006,XpressBees,In Transit,2026-08-03,2026-08-07
SH007951,O007951,W014,India Post,In Transit,2026-05-08,2026-05-10
SH007952,O007952,W015,India Post,Delayed,2026-06-04,2026-06-08
SH007953,O007953,W003,Delhivery,Delayed,2026-05-02,2026-05-05
SH007954,O007954,W013,XpressBees,Delivered,2025-11-23,2025-11-24
SH007955,O007955,W020,Blue Dart,Delivered,2026-04-27,2026-04-28
SH007956,O007956,W019,Ekart,In Transit,2026-02-23,2026-02-25
SH007957,O007957,W001,Blue Dart,Delayed,2026-06-08,2026-06-13
SH007958,O007958,W016,Ekart,Delayed,2025-11-22,2025-11-25
SH007959,O007959,W016,DTDC,In Transit,2026-06-10,2026-06-11
SH007960,O007960,W003,Ekart,Delivered,2025-09-11,2025-09-13
SH007961,O007961,W012,XpressBees,Delayed,2025-11-22,2025-11-25
SH007962,O007962,W004,Ekart,Delayed,2025-12-17,2025-12-21
SH007963,O007963,W006,Blue Dart,Delayed,2026-01-21,2026-01-28
SH007964,O007964,W010,India Post,Delivered,2025-09-23,2025-09-27
SH007965,O007965,W017,Delhivery,Delivered,2026-01-03,2026-01-10
SH007966,O007966,W007,Blue Dart,Delivered,2026-01-22,2026-01-23
SH007967,O007967,W012,India Post,Delivered,2025-08-12,2025-08-15
SH007968,O007968,W019,XpressBees,Delivered,2025-08-17,2025-08-23
SH007969,O007969,W004,XpressBees,In Transit,2025-10-02,2025-10-04
SH007970,O007970,W014,DTDC,In Transit,2025-11-30,2025-12-03
SH007971,O007971,W007,DTDC,In Transit,2026-06-03,2026-06-10
SH007972,O007972,W015,Ekart,In Transit,2026-05-23,2026-05-25
SH007973,O007973,W002,Blue Dart,Delivered,2026-01-22,2026-01-24
SH007974,O007974,W007,DTDC,In Transit,2026-04-30,2026-05-06
SH007975,O007975,W001,Ekart,Delayed,2026-06-22,2026-06-28
SH007976,O007976,W010,Blue Dart,Delayed,2026-06-13,2026-06-20
SH007977,O007977,W008,India Post,In Transit,2025-08-16,2025-08-23
SH007978,O007978,W017,XpressBees,In Transit,2026-06-23,2026-06-27
SH007979,O007979,W005,DTDC,Delayed,2026-07-07,2026-07-12
SH007980,O007980,W010,Ekart,Delivered,2026-05-21,2026-05-23
SH007981,O007981,W014,Ekart,In Transit,2026-07-23,2026-07-30
SH007982,O007982,W005,India Post,Delivered,2026-07-28,2026-08-02
SH007983,O007983,W005,Blue Dart,Delivered,2026-03-11,2026-03-13
SH007984,O007984,W013,Delhivery,Delivered,2025-12-10,2025-12-15
SH007985,O007985,W006,Delhivery,Delivered,2026-03-13,2026-03-14
SH007986,O007986,W008,Blue Dart,Delivered,2026-02-18,2026-02-20
SH007987,O007987,W007,XpressBees,In Transit,2026-07-28,2026-08-04
SH007988,O007988,W015,Ekart,In Transit,2025-08-30,2025-08-31
SH007989,O007989,W005,DTDC,Delayed,2025-12-31,2026-01-04
SH007990,O007990,W002,Ekart,Delivered,2026-05-24,2026-05-27
SH007991,O007991,W010,India Post,Delivered,2025-08-22,2025-08-27
SH007992,O007992,W010,Ekart,In Transit,2025-12-03,2025-12-08
SH007993,O007993,W013,XpressBees,Delivered,2026-05-17,2026-05-21
SH007994,O007994,W014,Blue Dart,In Transit,2025-09-08,2025-09-13
SH007995,O007995,W015,Delhivery,Delayed,2026-01-22,2026-01-24
SH007996,O007996,W015,DTDC,Delayed,2026-07-11,2026-07-12
SH007997,O007997,W007,Ekart,In Transit,2025-09-30,2025-10-02
SH007998,O007998,W010,Ekart,In Transit,2026-02-25,2026-02-27
SH007999,O007999,W008,Delhivery,In Transit,2025-09-13,2025-09-17
SH008000,O008000,W015,XpressBees,Delayed,2026-02-28,2026-03-04
SH008001,O008001,W015,India Post,Delivered,2025-09-25,2025-09-28
SH008002,O008002,W009,Delhivery,Delivered,2025-10-14,2025-10-17
SH008003,O008003,W018,XpressBees,Delayed,2026-04-02,2026-04-04
SH008004,O008004,W017,Ekart,In Transit,2026-06-08,2026-06-10
SH008005,O008005,W006,Delhivery,Delayed,2026-04-18,2026-04-23
SH008006,O008006,W017,Ekart,Delayed,2025-12-02,2025-12-07
SH008007,O008007,W006,XpressBees,Delivered,2025-09-23,2025-09-26
SH008008,O008008,W020,Ekart,In Transit,2026-06-11,2026-06-13
SH008009,O008009,W013,DTDC,Delivered,2026-01-26,2026-01-29
SH008010,O008010,W018,Delhivery,In Transit,2025-09-11,2025-09-18
SH008011,O008011,W015,DTDC,Delivered,2025-12-13,2025-12-17
SH008012,O008012,W010,Ekart,In Transit,2025-11-10,2025-11-14
SH008013,O008013,W014,XpressBees,Delayed,2025-09-07,2025-09-08
SH008014,O008014,W005,Blue Dart,In Transit,2025-08-18,2025-08-21
SH008015,O008015,W019,XpressBees,In Transit,2025-08-26,2025-09-01
SH008016,O008016,W010,XpressBees,Delayed,2025-11-27,2025-12-01
SH008017,O008017,W006,Blue Dart,Delayed,2026-07-28,2026-07-30
SH008018,O008018,W008,Ekart,In Transit,2026-01-15,2026-01-16
SH008019,O008019,W017,Ekart,In Transit,2026-07-05,2026-07-08
SH008020,O008020,W017,XpressBees,Delayed,2026-07-30,2026-08-03
SH008021,O008021,W006,Ekart,Delayed,2026-07-15,2026-07-16
SH008022,O008022,W013,XpressBees,Delivered,2025-08-10,2025-08-14
SH008023,O008023,W009,India Post,Delayed,2026-07-04,2026-07-10
SH008024,O008024,W016,DTDC,In Transit,2025-08-07,2025-08-10
SH008025,O008025,W017,Blue Dart,In Transit,2026-04-03,2026-04-08
SH008026,O008026,W004,India Post,Delivered,2026-02-14,2026-02-19
SH008027,O008027,W007,Ekart,Delivered,2025-08-25,2025-08-31
SH008028,O008028,W008,Blue Dart,Delivered,2025-12-10,2025-12-16
SH008029,O008029,W012,Delhivery,Delivered,2026-02-15,2026-02-22
SH008030,O008030,W019,Delhivery,Delayed,2026-04-06,2026-04-11
SH008031,O008031,W014,Delhivery,Delivered,2026-01-27,2026-02-01
SH008032,O008032,W020,Ekart,In Transit,2025-12-13,2025-12-15
SH008033,O008033,W008,Delhivery,Delayed,2026-04-16,2026-04-21
SH008034,O008034,W015,Ekart,In Transit,2026-06-22,2026-06-27
SH008035,O008035,W003,XpressBees,Delivered,2026-01-22,2026-01-26
SH008036,O008036,W015,XpressBees,In Transit,2026-07-09,2026-07-13
SH008037,O008037,W008,Ekart,Delivered,2025-10-23,2025-10-27
SH008038,O008038,W004,Ekart,Delayed,2026-07-24,2026-07-29
SH008039,O008039,W008,India Post,Delayed,2025-12-22,2025-12-26
SH008040,O008040,W002,Delhivery,Delivered,2026-02-16,2026-02-21
SH008041,O008041,W002,Blue Dart,In Transit,2026-02-06,2026-02-11
SH008042,O008042,W013,Delhivery,Delayed,2025-11-21,2025-11-22
SH008043,O008043,W010,India Post,In Transit,2026-06-21,2026-06-24
SH008044,O008044,W015,Delhivery,In Transit,2026-04-13,2026-04-19
SH008045,O008045,W018,Delhivery,Delivered,2025-11-25,2025-11-27
SH008046,O008046,W005,DTDC,In Transit,2026-05-15,2026-05-18
SH008047,O008047,W005,Ekart,In Transit,2026-06-30,2026-07-05
SH008048,O008048,W008,XpressBees,In Transit,2025-12-22,2025-12-29
SH008049,O008049,W001,India Post,Delayed,2025-12-16,2025-12-17
SH008050,O008050,W001,Delhivery,Delivered,2025-12-07,2025-12-12
SH008051,O008051,W015,Ekart,Delivered,2026-01-22,2026-01-29
SH008052,O008052,W019,DTDC,In Transit,2026-06-03,2026-06-06
SH008053,O008053,W009,XpressBees,Delivered,2026-01-10,2026-01-13
SH008054,O008054,W001,India Post,In Transit,2026-04-27,2026-05-04
SH008055,O008055,W008,DTDC,In Transit,2026-04-19,2026-04-25
SH008056,O008056,W015,Ekart,Delivered,2025-08-18,2025-08-21
SH008057,O008057,W005,Delhivery,Delivered,2026-07-09,2026-07-16
SH008058,O008058,W012,Delhivery,Delayed,2026-01-12,2026-01-19
SH008059,O008059,W003,Blue Dart,Delayed,2026-06-04,2026-06-08
SH008060,O008060,W020,Delhivery,In Transit,2026-03-02,2026-03-05
SH008061,O008061,W004,Ekart,Delayed,2026-02-13,2026-02-15
SH008062,O008062,W001,Ekart,In Transit,2026-01-09,2026-01-12
SH008063,O008063,W004,Ekart,Delivered,2026-04-03,2026-04-05
SH008064,O008064,W002,DTDC,In Transit,2026-05-04,2026-05-11
SH008065,O008065,W011,XpressBees,Delivered,2025-08-13,2025-08-16
SH008066,O008066,W010,DTDC,In Transit,2026-03-02,2026-03-05
SH008067,O008067,W020,Ekart,In Transit,2025-11-04,2025-11-09
SH008068,O008068,W014,DTDC,In Transit,2025-10-22,2025-10-28
SH008069,O008069,W008,Blue Dart,In Transit,2025-08-26,2025-09-01
SH008070,O008070,W019,Ekart,Delivered,2026-02-14,2026-02-16
SH008071,O008071,W013,Delhivery,Delayed,2026-05-07,2026-05-12
SH008072,O008072,W015,Delhivery,Delivered,2026-02-17,2026-02-21
SH008073,O008073,W004,DTDC,Delayed,2026-07-26,2026-07-31
SH008074,O008074,W015,XpressBees,Delayed,2025-09-04,2025-09-05
SH008075,O008075,W007,XpressBees,In Transit,2025-10-12,2025-10-19
SH008076,O008076,W003,India Post,Delivered,2026-05-09,2026-05-12
SH008077,O008077,W020,Ekart,Delivered,2025-12-13,2025-12-15
SH008078,O008078,W020,Delhivery,Delayed,2026-02-23,2026-02-24
SH008079,O008079,W019,Delhivery,In Transit,2026-04-26,2026-05-03
SH008080,O008080,W004,Ekart,In Transit,2026-01-26,2026-01-30
SH008081,O008081,W005,DTDC,In Transit,2025-10-05,2025-10-12
SH008082,O008082,W007,DTDC,In Transit,2026-08-01,2026-08-03
SH008083,O008083,W011,India Post,Delivered,2025-09-29,2025-10-01
SH008084,O008084,W010,Ekart,In Transit,2026-06-21,2026-06-24
SH008085,O008085,W004,DTDC,Delivered,2025-11-24,2025-11-29
SH008086,O008086,W001,DTDC,In Transit,2026-04-17,2026-04-18
SH008087,O008087,W017,Ekart,Delivered,2025-10-04,2025-10-09
SH008088,O008088,W008,DTDC,In Transit,2026-06-11,2026-06-14
SH008089,O008089,W006,XpressBees,In Transit,2026-01-21,2026-01-24
SH008090,O008090,W016,DTDC,Delayed,2026-03-30,2026-04-05
SH008091,O008091,W012,India Post,Delivered,2026-04-21,2026-04-23
SH008092,O008092,W004,Delhivery,Delayed,2026-01-29,2026-02-02
SH008093,O008093,W020,Delhivery,Delivered,2026-04-02,2026-04-06
SH008094,O008094,W007,Ekart,Delayed,2026-01-20,2026-01-24
SH008095,O008095,W019,DTDC,Delivered,2026-02-22,2026-02-23
SH008096,O008096,W008,Blue Dart,In Transit,2025-09-21,2025-09-28
SH008097,O008097,W016,Ekart,Delivered,2026-02-20,2026-02-21
SH008098,O008098,W019,Delhivery,In Transit,2026-01-16,2026-01-22
SH008099,O008099,W018,India Post,Delayed,2025-08-10,2025-08-17
SH008100,O008100,W005,India Post,Delayed,2025-09-04,2025-09-06
SH008101,O008101,W012,Delhivery,Delayed,2026-05-21,2026-05-24
SH008102,O008102,W013,DTDC,Delayed,2025-11-07,2025-11-08
SH008103,O008103,W005,Blue Dart,Delivered,2026-05-21,2026-05-24
SH008104,O008104,W020,Blue Dart,Delayed,2025-12-27,2025-12-30
SH008105,O008105,W013,XpressBees,In Transit,2026-02-27,2026-03-02
SH008106,O008106,W005,Ekart,Delayed,2025-09-25,2025-09-28
SH008107,O008107,W014,Blue Dart,Delayed,2025-09-11,2025-09-12
SH008108,O008108,W015,Ekart,Delayed,2026-01-21,2026-01-26
SH008109,O008109,W017,Ekart,Delayed,2026-06-01,2026-06-03
SH008110,O008110,W003,XpressBees,In Transit,2026-08-05,2026-08-08
SH008111,O008111,W007,India Post,Delivered,2025-09-13,2025-09-14
SH008112,O008112,W010,XpressBees,In Transit,2025-09-26,2025-09-28
SH008113,O008113,W001,DTDC,Delivered,2026-06-26,2026-06-29
SH008114,O008114,W004,DTDC,Delayed,2026-05-30,2026-06-05
SH008115,O008115,W017,XpressBees,In Transit,2025-09-11,2025-09-13
SH008116,O008116,W010,Delhivery,Delayed,2025-12-24,2025-12-31
SH008117,O008117,W009,Blue Dart,In Transit,2025-12-31,2026-01-01
SH008118,O008118,W002,India Post,Delayed,2025-12-18,2025-12-25
SH008119,O008119,W014,DTDC,Delivered,2025-09-17,2025-09-22
SH008120,O008120,W016,DTDC,Delayed,2025-12-24,2025-12-29
SH008121,O008121,W012,Ekart,Delayed,2026-01-27,2026-02-03
SH008122,O008122,W009,Delhivery,In Transit,2025-12-23,2025-12-27
SH008123,O008123,W001,XpressBees,In Transit,2025-08-12,2025-08-14
SH008124,O008124,W019,Ekart,Delivered,2026-06-14,2026-06-16
SH008125,O008125,W015,XpressBees,Delayed,2025-10-21,2025-10-26
SH008126,O008126,W015,Delhivery,In Transit,2025-09-17,2025-09-18
SH008127,O008127,W004,Blue Dart,Delivered,2026-03-08,2026-03-13
SH008128,O008128,W013,XpressBees,Delivered,2025-08-26,2025-09-02
SH008129,O008129,W020,India Post,In Transit,2026-01-04,2026-01-06
SH008130,O008130,W006,India Post,Delayed,2026-06-16,2026-06-22
SH008131,O008131,W008,DTDC,Delivered,2025-09-19,2025-09-20
SH008132,O008132,W003,DTDC,In Transit,2025-09-19,2025-09-26
SH008133,O008133,W004,XpressBees,Delivered,2025-09-30,2025-10-03
SH008134,O008134,W010,DTDC,Delayed,2025-09-23,2025-09-30
SH008135,O008135,W012,XpressBees,Delayed,2026-07-26,2026-08-01
SH008136,O008136,W012,Blue Dart,In Transit,2026-06-15,2026-06-18
SH008137,O008137,W012,India Post,Delayed,2026-02-09,2026-02-10
SH008138,O008138,W015,Blue Dart,Delivered,2026-07-05,2026-07-09
SH008139,O008139,W002,India Post,Delivered,2025-12-07,2025-12-13
SH008140,O008140,W002,Blue Dart,In Transit,2025-08-21,2025-08-25
SH008141,O008141,W012,DTDC,Delayed,2026-07-14,2026-07-19
SH008142,O008142,W003,DTDC,In Transit,2026-03-04,2026-03-05
SH008143,O008143,W018,XpressBees,Delivered,2026-02-03,2026-02-06
SH008144,O008144,W006,Blue Dart,Delivered,2025-10-01,2025-10-06
SH008145,O008145,W006,Delhivery,Delayed,2026-03-16,2026-03-20
SH008146,O008146,W007,XpressBees,Delivered,2026-03-19,2026-03-24
SH008147,O008147,W011,Blue Dart,Delivered,2026-04-09,2026-04-11
SH008148,O008148,W003,XpressBees,Delivered,2026-06-08,2026-06-09
SH008149,O008149,W001,Ekart,Delivered,2025-08-12,2025-08-13
SH008150,O008150,W017,India Post,Delivered,2026-01-07,2026-01-13
SH008151,O008151,W002,Delhivery,Delayed,2025-08-27,2025-08-29
SH008152,O008152,W011,XpressBees,Delivered,2025-12-09,2025-12-15
SH008153,O008153,W003,Delhivery,In Transit,2026-06-26,2026-06-27
SH008154,O008154,W009,DTDC,In Transit,2025-11-24,2025-11-29
SH008155,O008155,W013,Ekart,Delivered,2026-05-09,2026-05-12
SH008156,O008156,W018,DTDC,Delayed,2025-12-30,2025-12-31
SH008157,O008157,W003,Ekart,Delayed,2025-11-21,2025-11-25
SH008158,O008158,W019,XpressBees,Delayed,2026-02-04,2026-02-06
SH008159,O008159,W020,DTDC,Delayed,2026-05-10,2026-05-12
SH008160,O008160,W018,India Post,In Transit,2026-03-04,2026-03-07
SH008161,O008161,W011,DTDC,Delivered,2025-08-31,2025-09-05
SH008162,O008162,W009,India Post,In Transit,2025-09-03,2025-09-06
SH008163,O008163,W011,Delhivery,Delivered,2026-07-12,2026-07-19
SH008164,O008164,W010,Delhivery,In Transit,2025-12-28,2026-01-03
SH008165,O008165,W014,XpressBees,In Transit,2025-12-12,2025-12-19
SH008166,O008166,W011,India Post,In Transit,2025-08-20,2025-08-24
SH008167,O008167,W011,XpressBees,In Transit,2025-10-15,2025-10-22
SH008168,O008168,W012,XpressBees,Delayed,2026-06-12,2026-06-14
SH008169,O008169,W017,Delhivery,Delayed,2026-03-05,2026-03-10
SH008170,O008170,W020,DTDC,Delayed,2026-01-18,2026-01-25
SH008171,O008171,W002,Blue Dart,Delivered,2026-04-08,2026-04-13
SH008172,O008172,W015,Blue Dart,Delayed,2025-11-23,2025-11-28
SH008173,O008173,W017,Ekart,In Transit,2025-10-08,2025-10-12
SH008174,O008174,W003,India Post,In Transit,2026-02-22,2026-02-25
SH008175,O008175,W002,Blue Dart,Delivered,2026-01-09,2026-01-14
SH008176,O008176,W020,Blue Dart,In Transit,2026-04-01,2026-04-08
SH008177,O008177,W014,Blue Dart,Delayed,2026-05-13,2026-05-15
SH008178,O008178,W012,DTDC,In Transit,2026-02-16,2026-02-22
SH008179,O008179,W003,Delhivery,Delayed,2026-07-19,2026-07-20
SH008180,O008180,W003,DTDC,In Transit,2026-02-08,2026-02-13
SH008181,O008181,W019,XpressBees,Delayed,2025-11-27,2025-11-28
SH008182,O008182,W005,India Post,Delayed,2026-04-15,2026-04-21
SH008183,O008183,W018,DTDC,In Transit,2026-06-09,2026-06-14
SH008184,O008184,W010,DTDC,Delivered,2026-03-06,2026-03-09
SH008185,O008185,W002,India Post,In Transit,2025-12-30,2026-01-05
SH008186,O008186,W013,India Post,Delivered,2026-03-18,2026-03-19
SH008187,O008187,W018,Delhivery,Delayed,2025-09-24,2025-09-25
SH008188,O008188,W003,XpressBees,Delayed,2026-01-06,2026-01-08
SH008189,O008189,W009,India Post,Delivered,2026-07-04,2026-07-06
SH008190,O008190,W014,India Post,In Transit,2026-03-13,2026-03-20
SH008191,O008191,W020,Blue Dart,In Transit,2025-11-04,2025-11-06
SH008192,O008192,W014,Blue Dart,Delivered,2026-07-09,2026-07-16
SH008193,O008193,W007,XpressBees,In Transit,2026-01-30,2026-02-04
SH008194,O008194,W019,XpressBees,Delivered,2026-03-23,2026-03-29
SH008195,O008195,W014,India Post,Delayed,2026-07-03,2026-07-10
SH008196,O008196,W020,XpressBees,Delayed,2026-04-12,2026-04-18
SH008197,O008197,W009,Delhivery,In Transit,2025-08-07,2025-08-14
SH008198,O008198,W004,XpressBees,In Transit,2025-09-19,2025-09-22
SH008199,O008199,W002,Blue Dart,Delayed,2026-06-14,2026-06-21
SH008200,O008200,W003,DTDC,Delivered,2025-10-15,2025-10-20
SH008201,O008201,W002,India Post,Delivered,2025-08-27,2025-08-31
SH008202,O008202,W002,Blue Dart,Delayed,2026-01-11,2026-01-13
SH008203,O008203,W019,DTDC,In Transit,2026-05-07,2026-05-08
SH008204,O008204,W017,Blue Dart,Delayed,2026-07-14,2026-07-19
SH008205,O008205,W010,Blue Dart,Delivered,2026-05-27,2026-06-02
SH008206,O008206,W002,Ekart,In Transit,2026-01-08,2026-01-12
SH008207,O008207,W007,Blue Dart,Delayed,2026-07-15,2026-07-18
SH008208,O008208,W019,XpressBees,Delayed,2025-10-28,2025-11-01
SH008209,O008209,W010,Ekart,In Transit,2025-10-14,2025-10-20
SH008210,O008210,W016,India Post,Delayed,2025-08-08,2025-08-11
SH008211,O008211,W020,Blue Dart,Delivered,2026-05-20,2026-05-21
SH008212,O008212,W014,India Post,Delivered,2026-01-08,2026-01-14
SH008213,O008213,W014,XpressBees,Delivered,2025-11-06,2025-11-11
SH008214,O008214,W017,XpressBees,Delayed,2025-08-15,2025-08-20
SH008215,O008215,W012,Delhivery,In Transit,2026-02-05,2026-02-08
SH008216,O008216,W002,India Post,Delivered,2026-04-26,2026-05-03
SH008217,O008217,W002,XpressBees,In Transit,2026-03-05,2026-03-09
SH008218,O008218,W001,XpressBees,In Transit,2026-07-18,2026-07-20
SH008219,O008219,W019,India Post,Delivered,2025-08-09,2025-08-14
SH008220,O008220,W009,Delhivery,In Transit,2025-10-05,2025-10-12
SH008221,O008221,W006,XpressBees,In Transit,2026-05-02,2026-05-06
SH008222,O008222,W013,Blue Dart,Delivered,2025-11-22,2025-11-25
SH008223,O008223,W016,XpressBees,Delivered,2025-10-27,2025-10-31
SH008224,O008224,W019,DTDC,In Transit,2026-03-30,2026-04-01
SH008225,O008225,W001,Ekart,In Transit,2025-09-01,2025-09-07
SH008226,O008226,W017,DTDC,Delayed,2026-06-10,2026-06-15
SH008227,O008227,W001,Delhivery,Delivered,2026-06-08,2026-06-10
SH008228,O008228,W012,India Post,Delivered,2026-05-13,2026-05-19
SH008229,O008229,W015,India Post,In Transit,2026-04-19,2026-04-24
SH008230,O008230,W002,Blue Dart,Delayed,2026-01-06,2026-01-11
SH008231,O008231,W006,India Post,Delayed,2025-12-27,2025-12-31
SH008232,O008232,W001,Ekart,Delayed,2026-03-16,2026-03-22
SH008233,O008233,W010,XpressBees,Delivered,2026-06-11,2026-06-16
SH008234,O008234,W020,Delhivery,Delivered,2025-08-26,2025-08-29
SH008235,O008235,W009,India Post,In Transit,2026-01-11,2026-01-15
SH008236,O008236,W008,DTDC,Delivered,2026-05-20,2026-05-24
SH008237,O008237,W009,XpressBees,Delivered,2026-02-04,2026-02-07
SH008238,O008238,W015,XpressBees,Delivered,2025-08-25,2025-09-01
SH008239,O008239,W014,DTDC,In Transit,2026-06-22,2026-06-25
SH008240,O008240,W006,DTDC,Delayed,2026-02-18,2026-02-19
SH008241,O008241,W017,DTDC,Delayed,2025-11-30,2025-12-04
SH008242,O008242,W013,India Post,Delayed,2026-05-25,2026-06-01
SH008243,O008243,W008,Blue Dart,Delayed,2025-11-13,2025-11-14
SH008244,O008244,W011,India Post,Delivered,2025-09-21,2025-09-27
SH008245,O008245,W001,DTDC,Delivered,2025-09-11,2025-09-12
SH008246,O008246,W016,XpressBees,Delayed,2026-05-12,2026-05-15
SH008247,O008247,W006,Blue Dart,Delayed,2026-02-28,2026-03-07
SH008248,O008248,W002,Ekart,Delayed,2026-05-17,2026-05-24
SH008249,O008249,W018,DTDC,Delivered,2025-08-13,2025-08-14
SH008250,O008250,W004,India Post,Delayed,2026-04-12,2026-04-17
SH008251,O008251,W005,Blue Dart,Delayed,2026-07-05,2026-07-11
SH008252,O008252,W008,Delhivery,Delivered,2026-03-07,2026-03-13
SH008253,O008253,W004,India Post,Delayed,2026-06-30,2026-07-06
SH008254,O008254,W015,Delhivery,Delivered,2025-11-26,2025-11-29
SH008255,O008255,W014,DTDC,In Transit,2026-06-05,2026-06-11
SH008256,O008256,W017,Ekart,Delayed,2026-05-19,2026-05-24
SH008257,O008257,W019,India Post,Delayed,2025-10-28,2025-10-30
SH008258,O008258,W003,Delhivery,Delayed,2025-09-01,2025-09-05
SH008259,O008259,W019,DTDC,Delivered,2025-10-25,2025-10-26
SH008260,O008260,W016,Delhivery,Delayed,2026-02-18,2026-02-25
SH008261,O008261,W002,Ekart,In Transit,2026-07-17,2026-07-23
SH008262,O008262,W019,India Post,Delivered,2026-06-12,2026-06-18
SH008263,O008263,W003,Delhivery,Delayed,2025-12-27,2026-01-01
SH008264,O008264,W010,DTDC,In Transit,2026-04-02,2026-04-05
SH008265,O008265,W020,XpressBees,In Transit,2026-04-25,2026-04-29
SH008266,O008266,W010,XpressBees,In Transit,2025-10-16,2025-10-18
SH008267,O008267,W001,XpressBees,Delayed,2026-05-13,2026-05-14
SH008268,O008268,W010,DTDC,Delivered,2025-12-06,2025-12-12
SH008269,O008269,W001,Blue Dart,Delivered,2026-02-09,2026-02-12
SH008270,O008270,W016,XpressBees,Delivered,2025-11-15,2025-11-22
SH008271,O008271,W006,XpressBees,Delayed,2026-07-08,2026-07-12
SH008272,O008272,W015,Blue Dart,Delayed,2026-02-20,2026-02-24
SH008273,O008273,W017,India Post,In Transit,2026-04-14,2026-04-16
SH008274,O008274,W020,Blue Dart,Delayed,2025-09-21,2025-09-25
SH008275,O008275,W018,Blue Dart,Delayed,2026-05-17,2026-05-21
SH008276,O008276,W017,India Post,Delivered,2026-04-23,2026-04-26
SH008277,O008277,W017,Delhivery,Delayed,2025-08-24,2025-08-26
SH008278,O008278,W004,Blue Dart,Delivered,2026-07-27,2026-08-03
SH008279,O008279,W017,DTDC,Delayed,2025-09-21,2025-09-25
SH008280,O008280,W012,India Post,In Transit,2026-05-01,2026-05-05
SH008281,O008281,W017,DTDC,Delayed,2026-06-23,2026-06-28
SH008282,O008282,W018,Delhivery,In Transit,2025-11-01,2025-11-06
SH008283,O008283,W003,XpressBees,Delivered,2026-01-23,2026-01-30
SH008284,O008284,W007,Delhivery,Delayed,2025-08-17,2025-08-21
SH008285,O008285,W005,Blue Dart,In Transit,2026-01-01,2026-01-02
SH008286,O008286,W001,Blue Dart,Delivered,2026-06-26,2026-07-02
SH008287,O008287,W001,XpressBees,Delayed,2025-09-29,2025-10-04
SH008288,O008288,W016,Ekart,Delayed,2026-07-14,2026-07-17
SH008289,O008289,W017,XpressBees,In Transit,2025-10-29,2025-11-03
SH008290,O008290,W016,XpressBees,In Transit,2026-01-06,2026-01-08
SH008291,O008291,W001,XpressBees,Delayed,2026-03-17,2026-03-23
SH008292,O008292,W010,India Post,In Transit,2026-03-24,2026-03-25
SH008293,O008293,W011,Blue Dart,Delivered,2026-05-05,2026-05-09
SH008294,O008294,W015,Ekart,Delayed,2026-03-06,2026-03-10
SH008295,O008295,W007,India Post,In Transit,2025-09-15,2025-09-22
SH008296,O008296,W017,Blue Dart,Delivered,2025-12-11,2025-12-15
SH008297,O008297,W007,Blue Dart,Delayed,2026-06-21,2026-06-28
SH008298,O008298,W005,DTDC,Delayed,2026-04-30,2026-05-04
SH008299,O008299,W009,India Post,Delayed,2026-04-19,2026-04-25
SH008300,O008300,W013,Delhivery,Delayed,2025-10-01,2025-10-02
SH008301,O008301,W014,Blue Dart,Delayed,2026-07-18,2026-07-23
SH008302,O008302,W017,Ekart,Delivered,2026-06-17,2026-06-24
SH008303,O008303,W013,XpressBees,Delayed,2025-12-06,2025-12-13
SH008304,O008304,W008,DTDC,Delivered,2026-01-16,2026-01-22
SH008305,O008305,W010,Ekart,Delivered,2026-01-27,2026-01-30
SH008306,O008306,W009,Blue Dart,Delayed,2026-02-15,2026-02-16
SH008307,O008307,W017,India Post,Delivered,2026-07-22,2026-07-23
SH008308,O008308,W009,DTDC,In Transit,2025-09-20,2025-09-22
SH008309,O008309,W006,XpressBees,Delivered,2025-11-05,2025-11-06
SH008310,O008310,W020,XpressBees,In Transit,2025-11-26,2025-11-27
SH008311,O008311,W019,XpressBees,Delivered,2026-05-16,2026-05-19
SH008312,O008312,W001,Blue Dart,In Transit,2025-08-29,2025-09-04
SH008313,O008313,W011,India Post,Delivered,2026-04-04,2026-04-05
SH008314,O008314,W001,Ekart,Delayed,2025-09-20,2025-09-24
SH008315,O008315,W005,India Post,Delivered,2025-10-06,2025-10-13
SH008316,O008316,W008,India Post,Delayed,2025-09-22,2025-09-23
SH008317,O008317,W014,Delhivery,Delivered,2026-02-02,2026-02-08
SH008318,O008318,W017,India Post,Delayed,2026-04-05,2026-04-09
SH008319,O008319,W015,Blue Dart,Delayed,2025-11-09,2025-11-11
SH008320,O008320,W020,DTDC,Delayed,2025-09-03,2025-09-04
SH008321,O008321,W011,Blue Dart,Delivered,2026-07-25,2026-07-28
SH008322,O008322,W019,XpressBees,Delayed,2025-08-28,2025-09-03
SH008323,O008323,W008,DTDC,Delivered,2025-12-20,2025-12-25
SH008324,O008324,W004,DTDC,Delivered,2026-04-05,2026-04-12
SH008325,O008325,W003,India Post,Delivered,2025-10-30,2025-11-01
SH008326,O008326,W009,Blue Dart,Delivered,2026-05-18,2026-05-21
SH008327,O008327,W008,XpressBees,In Transit,2026-06-27,2026-06-28
SH008328,O008328,W004,Delhivery,In Transit,2025-11-02,2025-11-04
SH008329,O008329,W018,Ekart,Delayed,2026-07-03,2026-07-05
SH008330,O008330,W006,Blue Dart,Delivered,2026-06-10,2026-06-17
SH008331,O008331,W001,Ekart,Delivered,2026-03-07,2026-03-12
SH008332,O008332,W011,India Post,Delivered,2026-05-27,2026-06-02
SH008333,O008333,W015,DTDC,In Transit,2025-11-30,2025-12-05
SH008334,O008334,W018,Ekart,In Transit,2026-05-28,2026-05-30
SH008335,O008335,W001,India Post,Delivered,2025-10-18,2025-10-20
SH008336,O008336,W020,India Post,In Transit,2025-09-20,2025-09-26
SH008337,O008337,W011,India Post,In Transit,2026-03-17,2026-03-23
SH008338,O008338,W009,Ekart,In Transit,2026-03-22,2026-03-27
SH008339,O008339,W003,XpressBees,In Transit,2025-09-09,2025-09-10
SH008340,O008340,W008,Delhivery,In Transit,2025-10-25,2025-10-29
SH008341,O008341,W015,Delhivery,Delayed,2025-11-29,2025-12-02
SH008342,O008342,W019,DTDC,Delayed,2026-03-08,2026-03-11
SH008343,O008343,W004,Ekart,Delivered,2026-04-13,2026-04-18
SH008344,O008344,W001,Ekart,In Transit,2025-08-06,2025-08-07
SH008345,O008345,W020,XpressBees,In Transit,2026-08-03,2026-08-09
SH008346,O008346,W009,Delhivery,Delivered,2025-11-26,2025-11-28
SH008347,O008347,W002,DTDC,In Transit,2026-07-19,2026-07-21
SH008348,O008348,W001,Blue Dart,Delayed,2025-10-24,2025-10-27
SH008349,O008349,W007,Ekart,Delivered,2026-08-04,2026-08-09
SH008350,O008350,W001,XpressBees,Delayed,2026-05-30,2026-06-01
SH008351,O008351,W001,XpressBees,In Transit,2025-10-18,2025-10-25
SH008352,O008352,W018,XpressBees,Delayed,2025-12-12,2025-12-15
SH008353,O008353,W015,Delhivery,In Transit,2026-04-02,2026-04-09
SH008354,O008354,W005,DTDC,Delivered,2026-02-11,2026-02-18
SH008355,O008355,W013,Blue Dart,Delayed,2026-06-10,2026-06-14
SH008356,O008356,W009,Blue Dart,Delayed,2026-07-18,2026-07-21
SH008357,O008357,W013,Blue Dart,Delivered,2025-10-31,2025-11-06
SH008358,O008358,W016,DTDC,In Transit,2026-03-18,2026-03-19
SH008359,O008359,W017,DTDC,In Transit,2026-04-10,2026-04-17
SH008360,O008360,W017,Blue Dart,Delivered,2026-02-05,2026-02-11
SH008361,O008361,W017,DTDC,Delivered,2025-10-23,2025-10-26
SH008362,O008362,W018,India Post,In Transit,2026-01-22,2026-01-24
SH008363,O008363,W020,DTDC,In Transit,2026-02-23,2026-02-26
SH008364,O008364,W015,Ekart,In Transit,2025-09-02,2025-09-09
SH008365,O008365,W014,India Post,Delayed,2025-08-10,2025-08-16
SH008366,O008366,W010,India Post,Delayed,2026-08-07,2026-08-11
SH008367,O008367,W020,Delhivery,Delayed,2026-02-13,2026-02-15
SH008368,O008368,W018,Delhivery,Delayed,2026-03-30,2026-03-31
SH008369,O008369,W020,XpressBees,Delayed,2025-08-27,2025-09-01
SH008370,O008370,W011,DTDC,In Transit,2026-05-20,2026-05-22
SH008371,O008371,W001,Blue Dart,In Transit,2025-08-25,2025-08-27
SH008372,O008372,W017,Delhivery,In Transit,2026-06-10,2026-06-17
SH008373,O008373,W018,DTDC,In Transit,2025-12-28,2025-12-29
SH008374,O008374,W002,Blue Dart,Delivered,2026-01-31,2026-02-03
SH008375,O008375,W012,Blue Dart,In Transit,2026-06-20,2026-06-26
SH008376,O008376,W009,Ekart,Delayed,2025-10-27,2025-11-03
SH008377,O008377,W010,DTDC,Delivered,2026-01-28,2026-01-29
SH008378,O008378,W004,Blue Dart,Delivered,2025-08-09,2025-08-13
SH008379,O008379,W018,DTDC,In Transit,2025-11-29,2025-12-06
SH008380,O008380,W017,Blue Dart,Delayed,2026-04-03,2026-04-05
SH008381,O008381,W004,India Post,In Transit,2025-08-08,2025-08-11
SH008382,O008382,W011,XpressBees,Delivered,2025-11-04,2025-11-06
SH008383,O008383,W017,Blue Dart,In Transit,2025-10-23,2025-10-30
SH008384,O008384,W010,DTDC,Delayed,2025-08-11,2025-08-13
SH008385,O008385,W014,India Post,In Transit,2025-09-18,2025-09-25
SH008386,O008386,W011,XpressBees,Delayed,2026-01-17,2026-01-21
SH008387,O008387,W004,India Post,Delivered,2025-10-05,2025-10-07
SH008388,O008388,W009,Ekart,Delayed,2025-08-22,2025-08-23
SH008389,O008389,W002,Delhivery,Delayed,2026-03-09,2026-03-14
SH008390,O008390,W005,DTDC,Delayed,2026-06-13,2026-06-16
SH008391,O008391,W005,India Post,Delivered,2026-03-03,2026-03-08
SH008392,O008392,W004,XpressBees,Delivered,2026-07-15,2026-07-21
SH008393,O008393,W015,Ekart,Delayed,2025-12-19,2025-12-22
SH008394,O008394,W013,Blue Dart,Delivered,2025-12-23,2025-12-30
SH008395,O008395,W002,XpressBees,In Transit,2026-04-22,2026-04-24
SH008396,O008396,W001,India Post,In Transit,2026-04-06,2026-04-10
SH008397,O008397,W012,XpressBees,Delivered,2026-01-02,2026-01-08
SH008398,O008398,W010,DTDC,Delivered,2026-02-20,2026-02-21
SH008399,O008399,W019,XpressBees,In Transit,2025-10-25,2025-10-26
SH008400,O008400,W002,Ekart,Delayed,2026-04-04,2026-04-07
SH008401,O008401,W003,India Post,Delivered,2025-11-22,2025-11-29
SH008402,O008402,W018,XpressBees,In Transit,2025-12-02,2025-12-05
SH008403,O008403,W012,India Post,In Transit,2026-06-24,2026-06-25
SH008404,O008404,W006,Ekart,In Transit,2026-03-11,2026-03-13
SH008405,O008405,W005,DTDC,Delayed,2026-06-03,2026-06-06
SH008406,O008406,W005,XpressBees,In Transit,2026-03-26,2026-03-30
SH008407,O008407,W017,DTDC,Delayed,2025-10-26,2025-10-28
SH008408,O008408,W008,Delhivery,Delayed,2026-06-28,2026-07-01
SH008409,O008409,W001,DTDC,Delayed,2026-02-02,2026-02-08
SH008410,O008410,W019,Delhivery,Delivered,2025-09-02,2025-09-08
SH008411,O008411,W005,Blue Dart,Delivered,2026-02-11,2026-02-13
SH008412,O008412,W012,India Post,Delivered,2026-04-18,2026-04-21
SH008413,O008413,W012,XpressBees,Delivered,2025-10-23,2025-10-30
SH008414,O008414,W010,India Post,Delivered,2025-10-30,2025-11-02
SH008415,O008415,W014,XpressBees,In Transit,2026-07-02,2026-07-03
SH008416,O008416,W003,Ekart,Delayed,2026-01-09,2026-01-10
SH008417,O008417,W008,DTDC,In Transit,2026-07-18,2026-07-19
SH008418,O008418,W011,XpressBees,Delivered,2026-07-03,2026-07-10
SH008419,O008419,W008,DTDC,Delivered,2026-02-20,2026-02-27
SH008420,O008420,W012,XpressBees,In Transit,2025-09-08,2025-09-15
SH008421,O008421,W004,XpressBees,In Transit,2026-03-28,2026-04-01
SH008422,O008422,W012,XpressBees,In Transit,2026-04-13,2026-04-17
SH008423,O008423,W009,Blue Dart,In Transit,2026-01-16,2026-01-18
SH008424,O008424,W012,Blue Dart,Delivered,2026-02-16,2026-02-23
SH008425,O008425,W010,XpressBees,Delivered,2025-11-27,2025-11-30
SH008426,O008426,W010,Blue Dart,Delivered,2026-06-21,2026-06-23
SH008427,O008427,W008,XpressBees,Delayed,2026-07-21,2026-07-23
SH008428,O008428,W007,Delhivery,Delayed,2025-09-15,2025-09-18
SH008429,O008429,W014,Ekart,Delayed,2026-04-06,2026-04-07
SH008430,O008430,W012,XpressBees,Delivered,2026-04-21,2026-04-24
SH008431,O008431,W005,XpressBees,Delivered,2026-07-19,2026-07-20
SH008432,O008432,W012,India Post,Delayed,2026-06-16,2026-06-19
SH008433,O008433,W011,XpressBees,Delayed,2026-07-24,2026-07-27
SH008434,O008434,W008,DTDC,Delivered,2026-05-24,2026-05-31
SH008435,O008435,W015,Ekart,Delayed,2026-07-19,2026-07-25
SH008436,O008436,W018,India Post,Delivered,2026-07-09,2026-07-12
SH008437,O008437,W009,Ekart,In Transit,2026-05-12,2026-05-19
SH008438,O008438,W002,Ekart,Delayed,2025-09-14,2025-09-18
SH008439,O008439,W019,Ekart,Delivered,2025-08-31,2025-09-06
SH008440,O008440,W006,India Post,Delivered,2025-08-26,2025-08-31
SH008441,O008441,W020,XpressBees,Delivered,2026-03-06,2026-03-09
SH008442,O008442,W013,XpressBees,In Transit,2026-08-02,2026-08-08
SH008443,O008443,W002,India Post,Delayed,2026-01-18,2026-01-22
SH008444,O008444,W005,Delhivery,Delayed,2026-03-03,2026-03-06
SH008445,O008445,W005,India Post,In Transit,2026-05-31,2026-06-07
SH008446,O008446,W009,Ekart,Delivered,2025-10-03,2025-10-08
SH008447,O008447,W018,Ekart,In Transit,2025-10-03,2025-10-07
SH008448,O008448,W003,XpressBees,Delivered,2026-01-19,2026-01-20
SH008449,O008449,W002,Delhivery,Delivered,2026-03-03,2026-03-08
SH008450,O008450,W015,Delhivery,In Transit,2025-10-21,2025-10-23
SH008451,O008451,W020,DTDC,Delivered,2026-05-11,2026-05-16
SH008452,O008452,W014,DTDC,In Transit,2025-11-12,2025-11-17
SH008453,O008453,W016,India Post,In Transit,2025-11-23,2025-11-24
SH008454,O008454,W020,Blue Dart,In Transit,2025-08-10,2025-08-11
SH008455,O008455,W013,Delhivery,In Transit,2026-02-01,2026-02-07
SH008456,O008456,W011,Ekart,In Transit,2026-05-14,2026-05-18
SH008457,O008457,W014,Ekart,In Transit,2026-04-20,2026-04-26
SH008458,O008458,W013,Delhivery,In Transit,2026-03-23,2026-03-29
SH008459,O008459,W007,India Post,Delayed,2026-05-29,2026-06-01
SH008460,O008460,W018,Delhivery,In Transit,2026-05-17,2026-05-24
SH008461,O008461,W020,India Post,Delayed,2025-09-16,2025-09-23
SH008462,O008462,W004,India Post,Delayed,2026-02-05,2026-02-10
SH008463,O008463,W016,Ekart,In Transit,2025-09-10,2025-09-16
SH008464,O008464,W004,Delhivery,In Transit,2025-09-26,2025-10-01
SH008465,O008465,W007,Ekart,Delivered,2026-05-15,2026-05-21
SH008466,O008466,W015,Delhivery,Delayed,2026-05-21,2026-05-22
SH008467,O008467,W014,India Post,In Transit,2026-04-01,2026-04-07
SH008468,O008468,W015,India Post,Delayed,2026-02-14,2026-02-18
SH008469,O008469,W004,Ekart,In Transit,2025-09-28,2025-10-03
SH008470,O008470,W016,Ekart,In Transit,2026-07-08,2026-07-14
SH008471,O008471,W003,XpressBees,In Transit,2025-09-22,2025-09-28
SH008472,O008472,W008,Blue Dart,Delayed,2026-06-08,2026-06-10
SH008473,O008473,W014,Delhivery,In Transit,2026-04-17,2026-04-21
SH008474,O008474,W012,DTDC,Delivered,2025-08-31,2025-09-02
SH008475,O008475,W019,Delhivery,In Transit,2026-01-14,2026-01-16
SH008476,O008476,W017,Delhivery,In Transit,2026-01-21,2026-01-28
SH008477,O008477,W010,Delhivery,Delivered,2026-05-21,2026-05-23
SH008478,O008478,W007,India Post,Delayed,2026-05-29,2026-05-31
SH008479,O008479,W016,Ekart,Delayed,2026-01-15,2026-01-21
SH008480,O008480,W013,India Post,Delayed,2025-09-30,2025-10-06
SH008481,O008481,W011,India Post,In Transit,2026-04-04,2026-04-08
SH008482,O008482,W006,DTDC,Delivered,2026-06-19,2026-06-23
SH008483,O008483,W017,DTDC,In Transit,2026-02-28,2026-03-01
SH008484,O008484,W006,Ekart,Delivered,2025-11-22,2025-11-29
SH008485,O008485,W005,XpressBees,Delivered,2025-12-09,2025-12-11
SH008486,O008486,W019,Delhivery,Delivered,2026-05-10,2026-05-15
SH008487,O008487,W018,Ekart,Delivered,2026-01-21,2026-01-25
SH008488,O008488,W015,DTDC,Delivered,2026-05-23,2026-05-27
SH008489,O008489,W016,DTDC,Delayed,2026-03-21,2026-03-23
SH008490,O008490,W010,Ekart,In Transit,2026-04-11,2026-04-17
SH008491,O008491,W018,DTDC,Delayed,2026-01-02,2026-01-09
SH008492,O008492,W004,Ekart,Delivered,2025-12-23,2025-12-28
SH008493,O008493,W005,Blue Dart,In Transit,2026-01-04,2026-01-07
SH008494,O008494,W002,Ekart,Delayed,2025-09-13,2025-09-18
SH008495,O008495,W019,Ekart,In Transit,2026-04-20,2026-04-26
SH008496,O008496,W018,Blue Dart,Delayed,2026-05-05,2026-05-06
SH008497,O008497,W008,India Post,Delivered,2026-05-25,2026-05-26
SH008498,O008498,W012,Ekart,In Transit,2026-06-11,2026-06-12
SH008499,O008499,W001,Ekart,Delivered,2025-12-22,2025-12-23
SH008500,O008500,W019,Blue Dart,Delivered,2026-01-16,2026-01-22
SH008501,O008501,W003,XpressBees,In Transit,2026-04-03,2026-04-06
SH008502,O008502,W006,XpressBees,Delayed,2026-02-03,2026-02-06
SH008503,O008503,W009,Ekart,In Transit,2025-11-20,2025-11-21
SH008504,O008504,W010,DTDC,Delayed,2026-03-17,2026-03-23
SH008505,O008505,W010,Blue Dart,Delayed,2026-04-18,2026-04-22
SH008506,O008506,W006,XpressBees,In Transit,2026-03-02,2026-03-04
SH008507,O008507,W017,Delhivery,Delivered,2025-09-10,2025-09-11
SH008508,O008508,W014,DTDC,In Transit,2026-05-04,2026-05-11
SH008509,O008509,W009,Delhivery,In Transit,2025-10-31,2025-11-04
SH008510,O008510,W015,XpressBees,In Transit,2026-04-26,2026-05-01
SH008511,O008511,W018,XpressBees,In Transit,2025-10-04,2025-10-09
SH008512,O008512,W003,India Post,Delayed,2025-09-01,2025-09-06
SH008513,O008513,W010,Delhivery,Delayed,2025-09-13,2025-09-15
SH008514,O008514,W009,DTDC,Delivered,2026-03-15,2026-03-21
SH008515,O008515,W010,Ekart,Delivered,2026-03-29,2026-04-02
SH008516,O008516,W020,Delhivery,In Transit,2026-03-24,2026-03-26
SH008517,O008517,W005,XpressBees,Delayed,2025-08-14,2025-08-16
SH008518,O008518,W013,XpressBees,Delayed,2026-04-16,2026-04-17
SH008519,O008519,W007,DTDC,In Transit,2026-04-06,2026-04-10
SH008520,O008520,W014,Delhivery,Delivered,2026-03-12,2026-03-18
SH008521,O008521,W002,DTDC,Delayed,2025-08-26,2025-08-29
SH008522,O008522,W007,Blue Dart,In Transit,2026-08-04,2026-08-08
SH008523,O008523,W005,DTDC,Delayed,2026-06-23,2026-06-26
SH008524,O008524,W017,Ekart,Delivered,2026-02-19,2026-02-22
SH008525,O008525,W016,Blue Dart,Delayed,2025-08-25,2025-08-31
SH008526,O008526,W016,DTDC,Delayed,2025-10-15,2025-10-20
SH008527,O008527,W007,India Post,In Transit,2026-01-15,2026-01-22
SH008528,O008528,W017,Blue Dart,Delivered,2025-12-23,2025-12-30
SH008529,O008529,W011,Ekart,Delayed,2025-08-30,2025-09-04
SH008530,O008530,W010,India Post,In Transit,2026-05-30,2026-06-03
SH008531,O008531,W017,XpressBees,In Transit,2026-06-15,2026-06-22
SH008532,O008532,W019,Delhivery,Delayed,2026-07-15,2026-07-16
SH008533,O008533,W005,Blue Dart,In Transit,2025-11-26,2025-11-29
SH008534,O008534,W015,Blue Dart,Delayed,2026-06-26,2026-07-01
SH008535,O008535,W010,XpressBees,Delivered,2025-11-16,2025-11-23
SH008536,O008536,W004,XpressBees,Delivered,2026-03-23,2026-03-27
SH008537,O008537,W016,XpressBees,In Transit,2025-10-29,2025-11-03
SH008538,O008538,W017,Blue Dart,Delivered,2025-09-01,2025-09-05
SH008539,O008539,W003,Ekart,In Transit,2026-06-14,2026-06-18
SH008540,O008540,W004,Delhivery,Delivered,2025-10-16,2025-10-19
SH008541,O008541,W017,DTDC,Delivered,2026-01-06,2026-01-11
SH008542,O008542,W001,Blue Dart,Delivered,2025-11-23,2025-11-25
SH008543,O008543,W008,Ekart,Delivered,2026-02-17,2026-02-24
SH008544,O008544,W015,Delhivery,Delayed,2025-09-17,2025-09-20
SH008545,O008545,W002,Blue Dart,Delayed,2026-04-27,2026-05-01
SH008546,O008546,W005,Blue Dart,Delayed,2026-06-02,2026-06-07
SH008547,O008547,W001,Ekart,In Transit,2026-06-05,2026-06-12
SH008548,O008548,W003,XpressBees,In Transit,2025-11-18,2025-11-21
SH008549,O008549,W004,Blue Dart,Delayed,2025-09-05,2025-09-11
SH008550,O008550,W020,DTDC,In Transit,2025-12-21,2025-12-26
SH008551,O008551,W005,Ekart,In Transit,2025-09-14,2025-09-19
SH008552,O008552,W013,Delhivery,Delayed,2025-12-21,2025-12-25
SH008553,O008553,W017,Blue Dart,Delivered,2025-12-19,2025-12-21
SH008554,O008554,W007,Blue Dart,Delayed,2026-03-18,2026-03-24
SH008555,O008555,W012,Delhivery,Delayed,2026-05-02,2026-05-06
SH008556,O008556,W012,Blue Dart,Delayed,2026-05-03,2026-05-06
SH008557,O008557,W005,Blue Dart,Delayed,2026-01-30,2026-02-01
SH008558,O008558,W006,India Post,Delayed,2025-11-14,2025-11-19
SH008559,O008559,W017,Ekart,In Transit,2026-01-14,2026-01-21
SH008560,O008560,W006,XpressBees,In Transit,2025-12-03,2025-12-09
SH008561,O008561,W015,Delhivery,Delivered,2026-06-23,2026-06-27
SH008562,O008562,W005,DTDC,In Transit,2026-01-14,2026-01-15
SH008563,O008563,W016,DTDC,Delayed,2025-12-11,2025-12-12
SH008564,O008564,W012,DTDC,Delayed,2026-03-22,2026-03-25
SH008565,O008565,W006,Delhivery,Delivered,2025-08-16,2025-08-17
SH008566,O008566,W006,DTDC,Delivered,2026-06-12,2026-06-14
SH008567,O008567,W009,DTDC,Delivered,2025-09-30,2025-10-06
SH008568,O008568,W013,XpressBees,Delivered,2025-09-20,2025-09-27
SH008569,O008569,W003,Blue Dart,Delayed,2025-12-04,2025-12-07
SH008570,O008570,W008,Delhivery,In Transit,2025-10-31,2025-11-05
SH008571,O008571,W012,DTDC,Delayed,2026-05-19,2026-05-23
SH008572,O008572,W013,DTDC,Delayed,2026-03-08,2026-03-11
SH008573,O008573,W016,India Post,In Transit,2026-03-31,2026-04-06
SH008574,O008574,W018,Blue Dart,Delivered,2026-05-28,2026-06-01
SH008575,O008575,W004,Delhivery,Delivered,2025-11-20,2025-11-22
SH008576,O008576,W001,XpressBees,Delivered,2026-04-22,2026-04-25
SH008577,O008577,W012,India Post,Delayed,2025-08-27,2025-08-29
SH008578,O008578,W009,DTDC,Delayed,2026-06-15,2026-06-16
SH008579,O008579,W019,Ekart,In Transit,2026-07-05,2026-07-06
SH008580,O008580,W017,India Post,Delayed,2025-08-27,2025-08-29
SH008581,O008581,W002,DTDC,Delayed,2026-01-31,2026-02-07
SH008582,O008582,W005,Ekart,Delivered,2026-05-22,2026-05-25
SH008583,O008583,W020,Blue Dart,Delivered,2025-11-21,2025-11-27
SH008584,O008584,W013,DTDC,In Transit,2025-09-02,2025-09-09
SH008585,O008585,W002,DTDC,Delayed,2025-12-31,2026-01-05
SH008586,O008586,W002,Blue Dart,Delayed,2026-05-15,2026-05-16
SH008587,O008587,W002,Blue Dart,In Transit,2026-02-20,2026-02-27
SH008588,O008588,W007,Delhivery,In Transit,2026-02-11,2026-02-14
SH008589,O008589,W019,DTDC,Delayed,2026-05-04,2026-05-11
SH008590,O008590,W019,Delhivery,Delivered,2026-03-02,2026-03-07
SH008591,O008591,W009,DTDC,Delayed,2026-06-02,2026-06-04
SH008592,O008592,W002,Blue Dart,In Transit,2026-03-11,2026-03-17
SH008593,O008593,W013,Blue Dart,Delivered,2026-05-14,2026-05-17
SH008594,O008594,W012,XpressBees,Delayed,2026-05-10,2026-05-11
SH008595,O008595,W006,Ekart,In Transit,2025-10-20,2025-10-27
SH008596,O008596,W015,Ekart,Delayed,2025-11-04,2025-11-05
SH008597,O008597,W014,Blue Dart,In Transit,2026-03-25,2026-03-29
SH008598,O008598,W011,DTDC,Delayed,2026-01-06,2026-01-12
SH008599,O008599,W007,Blue Dart,In Transit,2025-12-24,2025-12-30
SH008600,O008600,W019,Blue Dart,Delayed,2026-04-14,2026-04-21
SH008601,O008601,W016,Delhivery,Delivered,2025-09-15,2025-09-20
SH008602,O008602,W003,XpressBees,Delivered,2026-04-22,2026-04-23
SH008603,O008603,W017,Blue Dart,Delayed,2026-02-16,2026-02-19
SH008604,O008604,W015,Delhivery,Delivered,2026-03-01,2026-03-08
SH008605,O008605,W003,Delhivery,Delivered,2026-01-30,2026-02-04
SH008606,O008606,W007,DTDC,Delivered,2026-02-04,2026-02-08
SH008607,O008607,W003,Blue Dart,In Transit,2025-11-06,2025-11-08
SH008608,O008608,W013,XpressBees,Delayed,2026-02-21,2026-02-23
SH008609,O008609,W018,XpressBees,Delivered,2026-02-17,2026-02-23
SH008610,O008610,W014,Ekart,Delayed,2025-09-03,2025-09-04
SH008611,O008611,W006,Blue Dart,Delayed,2026-05-19,2026-05-23
SH008612,O008612,W003,DTDC,Delivered,2025-09-15,2025-09-16
SH008613,O008613,W010,India Post,In Transit,2026-02-18,2026-02-25
SH008614,O008614,W011,India Post,In Transit,2026-01-03,2026-01-07
SH008615,O008615,W001,Ekart,Delivered,2026-02-12,2026-02-19
SH008616,O008616,W017,XpressBees,Delivered,2026-04-24,2026-04-26
SH008617,O008617,W007,Blue Dart,In Transit,2026-02-15,2026-02-22
SH008618,O008618,W006,Blue Dart,Delivered,2025-12-12,2025-12-15
SH008619,O008619,W017,XpressBees,Delayed,2025-09-11,2025-09-14
SH008620,O008620,W001,Delhivery,In Transit,2025-08-20,2025-08-22
SH008621,O008621,W003,Delhivery,Delayed,2025-10-25,2025-10-28
SH008622,O008622,W008,XpressBees,Delivered,2026-03-03,2026-03-07
SH008623,O008623,W015,India Post,In Transit,2026-07-28,2026-08-02
SH008624,O008624,W016,XpressBees,Delivered,2026-02-14,2026-02-17
SH008625,O008625,W018,Blue Dart,Delivered,2026-01-20,2026-01-23
SH008626,O008626,W003,Delhivery,Delivered,2026-03-05,2026-03-11
SH008627,O008627,W015,DTDC,In Transit,2025-08-23,2025-08-30
SH008628,O008628,W006,XpressBees,Delayed,2026-01-18,2026-01-22
SH008629,O008629,W020,DTDC,In Transit,2026-04-26,2026-04-28
SH008630,O008630,W017,Delhivery,Delivered,2025-11-17,2025-11-20
SH008631,O008631,W017,Blue Dart,Delayed,2025-09-25,2025-09-28
SH008632,O008632,W010,India Post,Delivered,2025-10-25,2025-10-30
SH008633,O008633,W008,India Post,Delayed,2026-01-05,2026-01-12
SH008634,O008634,W015,India Post,Delivered,2026-04-04,2026-04-06
SH008635,O008635,W008,Blue Dart,Delayed,2026-07-01,2026-07-06
SH008636,O008636,W003,XpressBees,Delivered,2026-01-25,2026-01-31
SH008637,O008637,W007,Ekart,Delayed,2025-11-08,2025-11-09
SH008638,O008638,W014,Delhivery,Delivered,2025-11-14,2025-11-15
SH008639,O008639,W006,Blue Dart,In Transit,2026-07-15,2026-07-17
SH008640,O008640,W016,DTDC,In Transit,2025-09-09,2025-09-12
SH008641,O008641,W006,XpressBees,Delayed,2025-12-02,2025-12-03
SH008642,O008642,W008,Ekart,Delivered,2025-08-26,2025-09-01
SH008643,O008643,W009,Blue Dart,Delivered,2025-09-03,2025-09-08
SH008644,O008644,W005,Ekart,Delivered,2025-10-16,2025-10-20
SH008645,O008645,W012,Ekart,Delivered,2025-09-30,2025-10-05
SH008646,O008646,W001,Blue Dart,Delayed,2025-12-05,2025-12-07
SH008647,O008647,W019,XpressBees,Delivered,2026-02-10,2026-02-12
SH008648,O008648,W013,XpressBees,Delayed,2025-11-05,2025-11-09
SH008649,O008649,W013,India Post,Delayed,2025-10-28,2025-11-01
SH008650,O008650,W016,Ekart,Delayed,2026-07-24,2026-07-27
SH008651,O008651,W008,XpressBees,Delayed,2025-12-06,2025-12-09
SH008652,O008652,W019,XpressBees,Delivered,2025-08-22,2025-08-26
SH008653,O008653,W011,Delhivery,In Transit,2026-07-22,2026-07-24
SH008654,O008654,W010,Blue Dart,Delivered,2026-08-01,2026-08-02
SH008655,O008655,W020,Ekart,In Transit,2025-12-19,2025-12-26
SH008656,O008656,W005,DTDC,Delayed,2025-08-16,2025-08-18
SH008657,O008657,W006,Ekart,In Transit,2025-12-25,2025-12-29
SH008658,O008658,W012,XpressBees,Delivered,2026-04-12,2026-04-15
SH008659,O008659,W005,Blue Dart,Delivered,2026-02-04,2026-02-06
SH008660,O008660,W003,Ekart,In Transit,2026-07-06,2026-07-09
SH008661,O008661,W015,XpressBees,Delivered,2025-09-28,2025-10-05
SH008662,O008662,W017,Blue Dart,In Transit,2026-02-27,2026-03-06
SH008663,O008663,W010,India Post,Delayed,2025-12-17,2025-12-24
SH008664,O008664,W001,DTDC,In Transit,2025-12-06,2025-12-10
SH008665,O008665,W015,DTDC,In Transit,2025-12-14,2025-12-21
SH008666,O008666,W014,XpressBees,In Transit,2025-11-02,2025-11-03
SH008667,O008667,W004,DTDC,In Transit,2025-10-01,2025-10-08
SH008668,O008668,W008,Blue Dart,Delivered,2026-02-04,2026-02-05
SH008669,O008669,W015,Blue Dart,Delivered,2026-04-24,2026-04-27
SH008670,O008670,W013,India Post,Delivered,2025-12-02,2025-12-08
SH008671,O008671,W019,Blue Dart,Delayed,2026-05-20,2026-05-27
SH008672,O008672,W006,Ekart,Delayed,2026-01-17,2026-01-20
SH008673,O008673,W001,XpressBees,In Transit,2025-10-23,2025-10-30
SH008674,O008674,W020,Ekart,Delivered,2025-09-20,2025-09-24
SH008675,O008675,W009,DTDC,Delivered,2026-07-11,2026-07-18
SH008676,O008676,W019,XpressBees,Delayed,2026-08-05,2026-08-06
SH008677,O008677,W020,DTDC,Delayed,2025-08-20,2025-08-21
SH008678,O008678,W002,India Post,Delivered,2025-09-03,2025-09-04
SH008679,O008679,W014,Blue Dart,In Transit,2026-06-02,2026-06-09
SH008680,O008680,W012,DTDC,Delayed,2026-03-17,2026-03-19
SH008681,O008681,W013,Ekart,Delivered,2025-10-21,2025-10-28
SH008682,O008682,W007,Blue Dart,Delivered,2026-06-23,2026-06-26
SH008683,O008683,W013,XpressBees,Delayed,2026-02-03,2026-02-05
SH008684,O008684,W007,XpressBees,In Transit,2026-03-27,2026-04-03
SH008685,O008685,W002,DTDC,In Transit,2025-10-21,2025-10-26
SH008686,O008686,W009,XpressBees,In Transit,2026-07-14,2026-07-21
SH008687,O008687,W003,India Post,Delivered,2026-03-21,2026-03-23
SH008688,O008688,W016,DTDC,Delayed,2026-05-15,2026-05-18
SH008689,O008689,W011,Delhivery,Delayed,2026-05-19,2026-05-22
SH008690,O008690,W001,India Post,Delayed,2025-10-22,2025-10-27
SH008691,O008691,W008,Delhivery,Delayed,2026-01-16,2026-01-22
SH008692,O008692,W006,Ekart,In Transit,2026-03-30,2026-04-03
SH008693,O008693,W004,Blue Dart,In Transit,2026-02-18,2026-02-25
SH008694,O008694,W006,Ekart,Delivered,2026-02-19,2026-02-20
SH008695,O008695,W006,Delhivery,Delayed,2026-07-01,2026-07-04
SH008696,O008696,W017,XpressBees,In Transit,2026-07-01,2026-07-04
SH008697,O008697,W008,India Post,Delayed,2026-03-23,2026-03-27
SH008698,O008698,W012,Blue Dart,Delivered,2025-09-28,2025-10-04
SH008699,O008699,W011,XpressBees,Delayed,2026-06-19,2026-06-20
SH008700,O008700,W004,DTDC,Delivered,2026-01-29,2026-02-03
SH008701,O008701,W009,Blue Dart,Delayed,2026-04-26,2026-05-03
SH008702,O008702,W012,Ekart,In Transit,2026-02-07,2026-02-09
SH008703,O008703,W004,Blue Dart,In Transit,2026-06-22,2026-06-23
SH008704,O008704,W004,Delhivery,Delivered,2026-02-21,2026-02-26
SH008705,O008705,W015,Delhivery,In Transit,2025-08-11,2025-08-18
SH008706,O008706,W010,Blue Dart,In Transit,2025-08-11,2025-08-16
SH008707,O008707,W013,Delhivery,Delivered,2026-05-26,2026-05-31
SH008708,O008708,W019,India Post,Delivered,2025-09-18,2025-09-23
SH008709,O008709,W007,India Post,Delivered,2026-07-26,2026-08-01
SH008710,O008710,W012,Delhivery,Delayed,2026-03-28,2026-03-31
SH008711,O008711,W017,Ekart,Delivered,2026-01-19,2026-01-20
SH008712,O008712,W003,India Post,Delayed,2025-09-26,2025-10-02
SH008713,O008713,W009,Blue Dart,Delayed,2025-12-28,2025-12-31
SH008714,O008714,W005,Ekart,In Transit,2026-07-25,2026-08-01
SH008715,O008715,W014,XpressBees,In Transit,2026-01-30,2026-02-05
SH008716,O008716,W013,Delhivery,In Transit,2026-07-11,2026-07-18
SH008717,O008717,W006,Blue Dart,Delayed,2026-02-16,2026-02-21
SH008718,O008718,W019,XpressBees,In Transit,2026-06-28,2026-07-05
SH008719,O008719,W015,DTDC,Delivered,2025-08-13,2025-08-19
SH008720,O008720,W019,Delhivery,Delivered,2025-10-24,2025-10-27
SH008721,O008721,W004,XpressBees,Delivered,2026-07-02,2026-07-08
SH008722,O008722,W018,Blue Dart,In Transit,2026-08-06,2026-08-10
SH008723,O008723,W003,India Post,Delivered,2025-08-30,2025-09-06
SH008724,O008724,W018,DTDC,Delayed,2026-06-05,2026-06-12
SH008725,O008725,W018,XpressBees,Delivered,2026-06-21,2026-06-23
SH008726,O008726,W002,India Post,In Transit,2026-05-16,2026-05-19
SH008727,O008727,W020,Delhivery,In Transit,2026-03-20,2026-03-25
SH008728,O008728,W004,Ekart,Delivered,2025-12-31,2026-01-03
SH008729,O008729,W002,DTDC,Delayed,2025-11-13,2025-11-17
SH008730,O008730,W014,Blue Dart,Delayed,2026-07-10,2026-07-13
SH008731,O008731,W016,Blue Dart,In Transit,2025-11-03,2025-11-08
SH008732,O008732,W008,XpressBees,Delayed,2025-12-22,2025-12-23
SH008733,O008733,W008,Blue Dart,Delayed,2026-02-15,2026-02-16
SH008734,O008734,W002,XpressBees,Delayed,2026-04-03,2026-04-10
SH008735,O008735,W012,DTDC,Delayed,2025-08-25,2025-08-27
SH008736,O008736,W006,XpressBees,In Transit,2026-07-14,2026-07-19
SH008737,O008737,W015,India Post,Delivered,2025-11-18,2025-11-22
SH008738,O008738,W008,Blue Dart,Delivered,2026-01-21,2026-01-26
SH008739,O008739,W016,India Post,Delivered,2025-09-14,2025-09-19
SH008740,O008740,W018,Ekart,Delivered,2026-03-06,2026-03-08
SH008741,O008741,W001,DTDC,Delivered,2025-12-01,2025-12-02
SH008742,O008742,W003,Blue Dart,In Transit,2026-06-14,2026-06-15
SH008743,O008743,W010,Ekart,Delivered,2025-10-07,2025-10-10
SH008744,O008744,W020,Delhivery,Delayed,2026-02-25,2026-03-03
SH008745,O008745,W011,Blue Dart,Delivered,2026-05-27,2026-06-03
SH008746,O008746,W004,India Post,In Transit,2025-08-06,2025-08-13
SH008747,O008747,W009,India Post,Delivered,2025-10-11,2025-10-18
SH008748,O008748,W003,Delhivery,In Transit,2026-02-15,2026-02-16
SH008749,O008749,W008,DTDC,Delivered,2026-04-23,2026-04-29
SH008750,O008750,W019,Blue Dart,Delayed,2025-09-04,2025-09-08
SH008751,O008751,W015,Blue Dart,Delayed,2025-12-24,2025-12-25
SH008752,O008752,W003,XpressBees,Delivered,2025-11-06,2025-11-13
SH008753,O008753,W014,XpressBees,In Transit,2026-02-04,2026-02-10
SH008754,O008754,W020,India Post,Delivered,2026-04-12,2026-04-18
SH008755,O008755,W014,India Post,Delivered,2026-03-25,2026-03-27
SH008756,O008756,W002,Ekart,In Transit,2026-06-18,2026-06-19
SH008757,O008757,W001,DTDC,Delivered,2026-01-17,2026-01-22
SH008758,O008758,W010,Blue Dart,Delivered,2025-08-11,2025-08-17
SH008759,O008759,W005,India Post,In Transit,2026-01-09,2026-01-13
SH008760,O008760,W012,Blue Dart,Delivered,2025-10-06,2025-10-07
SH008761,O008761,W016,Delhivery,Delayed,2026-05-09,2026-05-12
SH008762,O008762,W008,Ekart,In Transit,2026-05-14,2026-05-16
SH008763,O008763,W020,Blue Dart,In Transit,2025-08-23,2025-08-30
SH008764,O008764,W005,Ekart,In Transit,2025-11-19,2025-11-22
SH008765,O008765,W008,India Post,Delivered,2025-08-11,2025-08-12
SH008766,O008766,W013,Delhivery,Delivered,2026-06-17,2026-06-24
SH008767,O008767,W011,Ekart,Delayed,2025-09-19,2025-09-25
SH008768,O008768,W005,Ekart,In Transit,2026-01-09,2026-01-10
SH008769,O008769,W013,Blue Dart,Delivered,2026-01-06,2026-01-13
SH008770,O008770,W020,Blue Dart,Delayed,2025-11-26,2025-11-28
SH008771,O008771,W012,DTDC,Delayed,2026-03-11,2026-03-18
SH008772,O008772,W013,Blue Dart,In Transit,2026-07-21,2026-07-28
SH008773,O008773,W005,India Post,Delivered,2025-11-02,2025-11-06
SH008774,O008774,W017,DTDC,Delivered,2025-11-15,2025-11-22
SH008775,O008775,W011,Blue Dart,In Transit,2025-12-15,2025-12-18
SH008776,O008776,W001,XpressBees,Delivered,2025-09-26,2025-09-30
SH008777,O008777,W009,DTDC,In Transit,2026-07-14,2026-07-15
SH008778,O008778,W001,Delhivery,Delayed,2025-11-25,2025-11-30
SH008779,O008779,W013,Ekart,Delivered,2025-08-27,2025-08-30
SH008780,O008780,W005,Blue Dart,In Transit,2026-04-16,2026-04-22
SH008781,O008781,W014,DTDC,Delivered,2026-05-29,2026-05-30
SH008782,O008782,W008,Blue Dart,Delayed,2026-02-13,2026-02-17
SH008783,O008783,W017,Delhivery,Delayed,2025-12-26,2025-12-29
SH008784,O008784,W003,Delhivery,Delayed,2026-02-02,2026-02-08
SH008785,O008785,W008,Delhivery,Delayed,2026-04-02,2026-04-05
SH008786,O008786,W001,Delhivery,Delivered,2026-02-25,2026-03-02
SH008787,O008787,W020,Blue Dart,In Transit,2026-05-07,2026-05-11
SH008788,O008788,W008,Blue Dart,Delivered,2026-06-05,2026-06-10
SH008789,O008789,W016,India Post,Delayed,2025-12-12,2025-12-19
SH008790,O008790,W009,India Post,Delivered,2025-11-23,2025-11-24
SH008791,O008791,W009,Blue Dart,In Transit,2026-05-29,2026-06-01
SH008792,O008792,W011,Delhivery,Delivered,2026-06-08,2026-06-13
SH008793,O008793,W017,India Post,Delivered,2025-12-03,2025-12-10
SH008794,O008794,W001,Ekart,Delivered,2025-12-07,2025-12-09
SH008795,O008795,W017,XpressBees,In Transit,2025-10-07,2025-10-12
SH008796,O008796,W014,XpressBees,In Transit,2026-06-17,2026-06-24
SH008797,O008797,W019,DTDC,Delayed,2026-05-29,2026-05-30
SH008798,O008798,W015,XpressBees,In Transit,2026-03-06,2026-03-09
SH008799,O008799,W011,DTDC,Delivered,2026-04-14,2026-04-18
SH008800,O008800,W020,Blue Dart,Delayed,2026-06-18,2026-06-22
SH008801,O008801,W003,India Post,Delivered,2025-10-02,2025-10-05
SH008802,O008802,W003,Ekart,In Transit,2026-04-17,2026-04-23
SH008803,O008803,W017,Blue Dart,Delivered,2026-05-12,2026-05-18
SH008804,O008804,W013,Ekart,Delayed,2026-04-11,2026-04-13
SH008805,O008805,W003,Delhivery,In Transit,2026-03-21,2026-03-23
SH008806,O008806,W020,Ekart,Delayed,2026-04-20,2026-04-26
SH008807,O008807,W002,Delhivery,In Transit,2026-06-23,2026-06-30
SH008808,O008808,W016,India Post,Delivered,2026-06-23,2026-06-25
SH008809,O008809,W006,DTDC,Delivered,2026-01-20,2026-01-24
SH008810,O008810,W010,Delhivery,In Transit,2025-11-24,2025-12-01
SH008811,O008811,W013,Delhivery,Delivered,2026-03-29,2026-04-01
SH008812,O008812,W010,Delhivery,Delayed,2026-07-11,2026-07-12
SH008813,O008813,W011,XpressBees,Delayed,2025-09-25,2025-09-27
SH008814,O008814,W015,XpressBees,Delivered,2026-05-01,2026-05-07
SH008815,O008815,W006,Ekart,In Transit,2025-12-10,2025-12-14
SH008816,O008816,W003,Ekart,Delivered,2025-09-23,2025-09-30
SH008817,O008817,W017,Ekart,Delayed,2025-12-09,2025-12-10
SH008818,O008818,W012,XpressBees,In Transit,2025-12-24,2025-12-29
SH008819,O008819,W018,XpressBees,In Transit,2025-08-29,2025-09-04
SH008820,O008820,W002,Delhivery,In Transit,2026-01-25,2026-01-26
SH008821,O008821,W013,India Post,Delayed,2026-04-19,2026-04-22
SH008822,O008822,W020,Delhivery,In Transit,2025-10-21,2025-10-24
SH008823,O008823,W013,XpressBees,Delayed,2026-05-17,2026-05-21
SH008824,O008824,W007,Delhivery,Delivered,2026-02-03,2026-02-09
SH008825,O008825,W010,DTDC,In Transit,2026-03-28,2026-03-30
SH008826,O008826,W017,Delhivery,Delivered,2026-03-10,2026-03-16
SH008827,O008827,W007,DTDC,Delivered,2026-01-16,2026-01-18
SH008828,O008828,W004,Delhivery,Delayed,2026-06-23,2026-06-28
SH008829,O008829,W020,DTDC,In Transit,2026-05-02,2026-05-06
SH008830,O008830,W009,XpressBees,In Transit,2025-10-26,2025-10-30
SH008831,O008831,W003,DTDC,In Transit,2025-12-13,2025-12-14
SH008832,O008832,W001,Delhivery,In Transit,2025-12-04,2025-12-06
SH008833,O008833,W010,Blue Dart,In Transit,2025-09-16,2025-09-23
SH008834,O008834,W019,Ekart,Delayed,2026-07-30,2026-08-03
SH008835,O008835,W001,Blue Dart,Delivered,2026-02-02,2026-02-05
SH008836,O008836,W006,Blue Dart,Delayed,2026-08-04,2026-08-05
SH008837,O008837,W016,India Post,Delayed,2026-01-21,2026-01-24
SH008838,O008838,W010,Blue Dart,Delivered,2026-03-12,2026-03-18
SH008839,O008839,W019,XpressBees,In Transit,2025-08-17,2025-08-24
SH008840,O008840,W014,Ekart,Delivered,2025-10-17,2025-10-20
SH008841,O008841,W008,India Post,Delivered,2026-06-18,2026-06-24
SH008842,O008842,W003,XpressBees,Delayed,2026-06-21,2026-06-28
SH008843,O008843,W020,India Post,Delivered,2026-03-26,2026-03-28
SH008844,O008844,W012,India Post,In Transit,2025-11-30,2025-12-03
SH008845,O008845,W011,DTDC,Delivered,2025-10-16,2025-10-19
SH008846,O008846,W017,Blue Dart,Delivered,2025-08-11,2025-08-17
SH008847,O008847,W008,Delhivery,Delayed,2026-01-03,2026-01-04
SH008848,O008848,W009,XpressBees,Delayed,2025-12-08,2025-12-10
SH008849,O008849,W012,XpressBees,Delivered,2026-05-18,2026-05-24
SH008850,O008850,W008,India Post,In Transit,2026-04-23,2026-04-26
SH008851,O008851,W007,Delhivery,Delayed,2025-11-11,2025-11-13
SH008852,O008852,W003,DTDC,Delivered,2025-12-16,2025-12-22
SH008853,O008853,W013,DTDC,In Transit,2026-05-03,2026-05-04
SH008854,O008854,W008,Blue Dart,Delivered,2026-01-07,2026-01-14
SH008855,O008855,W016,India Post,Delayed,2026-07-30,2026-08-01
SH008856,O008856,W009,DTDC,In Transit,2026-03-26,2026-03-29
SH008857,O008857,W004,Delhivery,Delivered,2026-01-05,2026-01-07
SH008858,O008858,W003,XpressBees,Delayed,2026-04-10,2026-04-13
SH008859,O008859,W010,Ekart,In Transit,2026-07-24,2026-07-30
SH008860,O008860,W005,Ekart,Delivered,2025-09-08,2025-09-12
SH008861,O008861,W012,XpressBees,Delivered,2026-07-03,2026-07-04
SH008862,O008862,W011,India Post,Delivered,2026-04-25,2026-05-02
SH008863,O008863,W001,Ekart,Delivered,2025-09-24,2025-09-29
SH008864,O008864,W008,Blue Dart,Delivered,2025-12-13,2025-12-18
SH008865,O008865,W018,XpressBees,Delayed,2025-12-19,2025-12-22
SH008866,O008866,W011,India Post,Delayed,2026-07-30,2026-07-31
SH008867,O008867,W016,Ekart,In Transit,2025-10-27,2025-10-29
SH008868,O008868,W005,Delhivery,Delayed,2025-12-26,2025-12-29
SH008869,O008869,W017,Blue Dart,Delivered,2025-12-06,2025-12-12
SH008870,O008870,W009,Blue Dart,In Transit,2025-08-31,2025-09-02
SH008871,O008871,W019,Delhivery,In Transit,2025-08-14,2025-08-20
SH008872,O008872,W015,DTDC,Delivered,2025-08-16,2025-08-22
SH008873,O008873,W017,Delhivery,Delayed,2026-04-24,2026-04-26
SH008874,O008874,W016,Blue Dart,Delayed,2025-09-11,2025-09-14
SH008875,O008875,W012,Ekart,In Transit,2026-06-19,2026-06-21
SH008876,O008876,W006,Blue Dart,In Transit,2026-08-01,2026-08-02
SH008877,O008877,W007,DTDC,Delivered,2026-08-04,2026-08-07
SH008878,O008878,W017,Ekart,In Transit,2025-11-16,2025-11-17
SH008879,O008879,W015,XpressBees,Delivered,2026-03-04,2026-03-10
SH008880,O008880,W010,DTDC,Delivered,2026-05-23,2026-05-26
SH008881,O008881,W006,DTDC,Delayed,2026-04-22,2026-04-25
SH008882,O008882,W010,DTDC,Delivered,2025-08-22,2025-08-24
SH008883,O008883,W006,Blue Dart,In Transit,2026-07-15,2026-07-17
SH008884,O008884,W013,Delhivery,In Transit,2026-01-03,2026-01-08
SH008885,O008885,W001,Delhivery,Delivered,2026-02-05,2026-02-07
SH008886,O008886,W009,XpressBees,Delivered,2026-07-19,2026-07-23
SH008887,O008887,W006,Delhivery,Delivered,2025-11-09,2025-11-12
SH008888,O008888,W013,Delhivery,In Transit,2026-07-13,2026-07-17
SH008889,O008889,W008,XpressBees,In Transit,2026-07-28,2026-08-04
SH008890,O008890,W017,Delhivery,Delivered,2025-10-07,2025-10-08
SH008891,O008891,W005,DTDC,Delayed,2025-08-21,2025-08-27
SH008892,O008892,W018,Ekart,Delayed,2025-09-06,2025-09-07
SH008893,O008893,W007,Delhivery,Delayed,2026-07-18,2026-07-25
SH008894,O008894,W002,Ekart,Delivered,2025-12-24,2025-12-28
SH008895,O008895,W009,India Post,Delayed,2026-04-03,2026-04-07
SH008896,O008896,W018,India Post,In Transit,2025-09-24,2025-09-25
SH008897,O008897,W018,Delhivery,Delayed,2025-08-19,2025-08-25
SH008898,O008898,W006,XpressBees,In Transit,2025-08-31,2025-09-04
SH008899,O008899,W017,Ekart,Delivered,2025-11-15,2025-11-16
SH008900,O008900,W014,DTDC,In Transit,2026-04-04,2026-04-11
SH008901,O008901,W007,Blue Dart,In Transit,2025-12-30,2025-12-31
SH008902,O008902,W012,XpressBees,Delayed,2025-12-26,2026-01-01
SH008903,O008903,W007,India Post,Delayed,2026-01-08,2026-01-14
SH008904,O008904,W016,XpressBees,Delivered,2025-09-24,2025-10-01
SH008905,O008905,W018,Delhivery,In Transit,2026-07-13,2026-07-18
SH008906,O008906,W001,XpressBees,Delivered,2026-04-07,2026-04-13
SH008907,O008907,W007,India Post,In Transit,2025-11-10,2025-11-15
SH008908,O008908,W004,DTDC,Delayed,2026-07-15,2026-07-20
SH008909,O008909,W010,Delhivery,Delayed,2026-04-28,2026-05-01
SH008910,O008910,W019,Ekart,Delayed,2026-01-24,2026-01-28
SH008911,O008911,W011,Ekart,In Transit,2026-05-11,2026-05-14
SH008912,O008912,W020,India Post,Delayed,2025-12-16,2025-12-18
SH008913,O008913,W013,DTDC,In Transit,2026-05-15,2026-05-19
SH008914,O008914,W009,India Post,Delayed,2026-06-01,2026-06-05
SH008915,O008915,W020,India Post,Delivered,2026-03-16,2026-03-23
SH008916,O008916,W012,Blue Dart,In Transit,2025-08-20,2025-08-24
SH008917,O008917,W016,Delhivery,In Transit,2026-04-04,2026-04-10
SH008918,O008918,W016,India Post,In Transit,2026-03-24,2026-03-25
SH008919,O008919,W011,XpressBees,Delivered,2026-07-20,2026-07-22
SH008920,O008920,W008,XpressBees,In Transit,2026-07-03,2026-07-04
SH008921,O008921,W004,India Post,Delivered,2025-10-25,2025-10-31
SH008922,O008922,W010,Blue Dart,In Transit,2026-06-11,2026-06-17
SH008923,O008923,W012,Blue Dart,Delivered,2025-12-26,2025-12-31
SH008924,O008924,W004,XpressBees,Delivered,2025-08-06,2025-08-10
SH008925,O008925,W006,DTDC,In Transit,2026-05-28,2026-06-03
SH008926,O008926,W011,Delhivery,Delayed,2026-03-21,2026-03-24
SH008927,O008927,W007,XpressBees,Delivered,2025-12-23,2025-12-29
SH008928,O008928,W008,XpressBees,In Transit,2026-04-06,2026-04-07
SH008929,O008929,W008,India Post,Delayed,2026-06-06,2026-06-07
SH008930,O008930,W002,Blue Dart,Delayed,2026-04-23,2026-04-28
SH008931,O008931,W009,XpressBees,Delayed,2026-01-10,2026-01-11
SH008932,O008932,W018,XpressBees,Delayed,2025-12-24,2025-12-25
SH008933,O008933,W009,Blue Dart,Delivered,2026-07-04,2026-07-08
SH008934,O008934,W020,Blue Dart,In Transit,2026-03-01,2026-03-05
SH008935,O008935,W001,Ekart,Delayed,2026-02-12,2026-02-19
SH008936,O008936,W001,XpressBees,Delayed,2026-05-02,2026-05-07
SH008937,O008937,W012,India Post,In Transit,2026-02-04,2026-02-09
SH008938,O008938,W017,DTDC,Delivered,2026-02-09,2026-02-14
SH008939,O008939,W007,Ekart,In Transit,2026-02-01,2026-02-02
SH008940,O008940,W018,Ekart,Delayed,2026-07-30,2026-08-06
SH008941,O008941,W004,XpressBees,Delayed,2026-01-25,2026-01-30
SH008942,O008942,W003,Ekart,Delivered,2025-08-12,2025-08-15
SH008943,O008943,W007,Blue Dart,Delivered,2026-05-30,2026-06-06
SH008944,O008944,W012,Blue Dart,In Transit,2026-02-01,2026-02-07
SH008945,O008945,W007,India Post,Delayed,2026-05-15,2026-05-22
SH008946,O008946,W020,XpressBees,In Transit,2025-09-28,2025-09-29
SH008947,O008947,W018,Ekart,Delayed,2026-06-21,2026-06-28
SH008948,O008948,W020,India Post,Delayed,2026-04-06,2026-04-11
SH008949,O008949,W020,DTDC,Delayed,2026-06-02,2026-06-04
SH008950,O008950,W011,XpressBees,In Transit,2026-05-27,2026-06-02
SH008951,O008951,W008,Ekart,Delivered,2026-02-22,2026-02-24
SH008952,O008952,W019,XpressBees,Delayed,2026-04-13,2026-04-15
SH008953,O008953,W001,Delhivery,Delayed,2025-11-09,2025-11-13
SH008954,O008954,W013,DTDC,Delivered,2026-04-24,2026-05-01
SH008955,O008955,W012,India Post,In Transit,2026-06-03,2026-06-05
SH008956,O008956,W003,DTDC,In Transit,2025-11-11,2025-11-16
SH008957,O008957,W002,DTDC,Delayed,2026-01-05,2026-01-08
SH008958,O008958,W013,Blue Dart,In Transit,2026-03-31,2026-04-04
SH008959,O008959,W013,XpressBees,Delayed,2026-07-03,2026-07-05
SH008960,O008960,W004,DTDC,In Transit,2025-08-24,2025-08-29
SH008961,O008961,W012,XpressBees,Delivered,2025-09-02,2025-09-03
SH008962,O008962,W009,Blue Dart,Delayed,2026-02-27,2026-03-01
SH008963,O008963,W020,Blue Dart,In Transit,2025-08-27,2025-09-03
SH008964,O008964,W008,XpressBees,In Transit,2025-10-20,2025-10-26
SH008965,O008965,W014,India Post,Delayed,2026-01-26,2026-01-27
SH008966,O008966,W005,DTDC,Delivered,2026-02-04,2026-02-07
SH008967,O008967,W007,India Post,In Transit,2026-03-03,2026-03-05
SH008968,O008968,W013,XpressBees,Delayed,2026-02-05,2026-02-11
SH008969,O008969,W016,Delhivery,Delivered,2026-07-07,2026-07-13
SH008970,O008970,W008,DTDC,Delivered,2026-04-29,2026-05-03
SH008971,O008971,W013,XpressBees,Delivered,2026-05-30,2026-06-04
SH008972,O008972,W016,DTDC,Delivered,2025-12-23,2025-12-27
SH008973,O008973,W007,DTDC,Delayed,2025-10-27,2025-10-30
SH008974,O008974,W016,India Post,In Transit,2025-10-11,2025-10-14
SH008975,O008975,W013,DTDC,Delayed,2026-07-10,2026-07-14
SH008976,O008976,W012,Blue Dart,Delayed,2025-11-09,2025-11-14
SH008977,O008977,W016,Blue Dart,In Transit,2026-04-24,2026-04-25
SH008978,O008978,W010,India Post,Delayed,2026-07-19,2026-07-25
SH008979,O008979,W018,XpressBees,Delivered,2026-06-09,2026-06-16
SH008980,O008980,W006,Blue Dart,In Transit,2026-04-22,2026-04-25
SH008981,O008981,W012,Delhivery,Delivered,2026-03-06,2026-03-10
SH008982,O008982,W019,Blue Dart,In Transit,2026-05-24,2026-05-25
SH008983,O008983,W007,DTDC,Delayed,2026-02-03,2026-02-07
SH008984,O008984,W018,India Post,In Transit,2026-02-26,2026-03-01
SH008985,O008985,W015,Delhivery,In Transit,2026-06-27,2026-07-03
SH008986,O008986,W004,DTDC,In Transit,2026-03-22,2026-03-24
SH008987,O008987,W018,Ekart,Delivered,2026-03-28,2026-04-04
SH008988,O008988,W003,XpressBees,In Transit,2026-05-22,2026-05-24
SH008989,O008989,W001,DTDC,In Transit,2025-09-29,2025-10-01
SH008990,O008990,W008,Delhivery,Delayed,2025-12-05,2025-12-07
SH008991,O008991,W017,Delhivery,In Transit,2026-06-13,2026-06-14
SH008992,O008992,W017,XpressBees,Delivered,2025-10-24,2025-10-25
SH008993,O008993,W003,India Post,Delivered,2026-03-21,2026-03-24
SH008994,O008994,W015,India Post,In Transit,2025-08-27,2025-08-29
SH008995,O008995,W010,XpressBees,Delivered,2026-06-25,2026-06-28
SH008996,O008996,W005,India Post,Delivered,2026-02-22,2026-02-26
SH008997,O008997,W015,Ekart,Delayed,2025-11-18,2025-11-21
SH008998,O008998,W005,XpressBees,Delivered,2026-01-31,2026-02-01
SH008999,O008999,W013,India Post,Delayed,2025-11-22,2025-11-29
SH009000,O009000,W007,Ekart,Delayed,2026-08-01,2026-08-03
SH009001,O009001,W002,Delhivery,Delayed,2026-03-27,2026-03-28
SH009002,O009002,W013,Delhivery,Delivered,2025-11-28,2025-12-05
SH009003,O009003,W015,India Post,Delivered,2026-05-26,2026-06-01
SH009004,O009004,W012,Blue Dart,In Transit,2025-11-30,2025-12-04
SH009005,O009005,W011,Blue Dart,Delivered,2026-05-03,2026-05-05
SH009006,O009006,W005,India Post,Delivered,2026-02-12,2026-02-16
SH009007,O009007,W017,Ekart,In Transit,2026-05-18,2026-05-22
SH009008,O009008,W020,Delhivery,In Transit,2026-02-15,2026-02-20
SH009009,O009009,W008,Blue Dart,Delayed,2026-01-19,2026-01-23
SH009010,O009010,W011,DTDC,Delivered,2025-10-04,2025-10-09
SH009011,O009011,W002,Blue Dart,Delivered,2025-09-04,2025-09-08
SH009012,O009012,W005,Blue Dart,In Transit,2026-02-06,2026-02-08
SH009013,O009013,W019,XpressBees,In Transit,2025-10-10,2025-10-17
SH009014,O009014,W014,Blue Dart,Delayed,2026-02-11,2026-02-18
SH009015,O009015,W004,Ekart,In Transit,2025-12-12,2025-12-17
SH009016,O009016,W006,XpressBees,In Transit,2026-05-28,2026-05-29
SH009017,O009017,W001,XpressBees,Delayed,2026-05-24,2026-05-25
SH009018,O009018,W008,Ekart,In Transit,2026-05-21,2026-05-28
SH009019,O009019,W020,XpressBees,Delivered,2025-09-06,2025-09-13
SH009020,O009020,W004,Ekart,Delayed,2026-05-25,2026-05-29
SH009021,O009021,W007,Delhivery,Delivered,2026-03-20,2026-03-24
SH009022,O009022,W020,India Post,In Transit,2025-11-06,2025-11-11
SH009023,O009023,W009,India Post,Delivered,2025-08-15,2025-08-18
SH009024,O009024,W015,Delhivery,Delayed,2026-05-26,2026-05-29
SH009025,O009025,W012,Delhivery,Delivered,2025-11-08,2025-11-15
SH009026,O009026,W012,India Post,Delayed,2025-09-08,2025-09-09
SH009027,O009027,W010,Ekart,Delivered,2025-11-24,2025-11-28
SH009028,O009028,W010,Blue Dart,Delayed,2025-09-01,2025-09-03
SH009029,O009029,W010,Delhivery,Delayed,2025-08-22,2025-08-27
SH009030,O009030,W009,Delhivery,In Transit,2026-05-01,2026-05-03
SH009031,O009031,W010,Ekart,Delayed,2026-03-06,2026-03-12
SH009032,O009032,W007,Delhivery,Delayed,2026-02-16,2026-02-18
SH009033,O009033,W001,Delhivery,Delayed,2026-06-03,2026-06-06
SH009034,O009034,W015,XpressBees,Delayed,2026-01-21,2026-01-25
SH009035,O009035,W018,Ekart,Delivered,2026-05-14,2026-05-21
SH009036,O009036,W012,Blue Dart,In Transit,2026-02-23,2026-02-26
SH009037,O009037,W019,Blue Dart,Delayed,2026-01-04,2026-01-10
SH009038,O009038,W012,Ekart,Delayed,2026-03-30,2026-04-04
SH009039,O009039,W011,Blue Dart,Delivered,2026-06-01,2026-06-08
SH009040,O009040,W016,Blue Dart,Delayed,2026-02-15,2026-02-16
SH009041,O009041,W015,Ekart,In Transit,2025-10-27,2025-11-03
SH009042,O009042,W018,XpressBees,In Transit,2026-01-01,2026-01-06
SH009043,O009043,W001,India Post,Delayed,2026-01-10,2026-01-15
SH009044,O009044,W014,XpressBees,In Transit,2025-12-29,2025-12-30
SH009045,O009045,W001,DTDC,Delivered,2026-05-20,2026-05-24
SH009046,O009046,W020,Ekart,In Transit,2026-05-18,2026-05-25
SH009047,O009047,W013,Ekart,Delivered,2025-10-03,2025-10-04
SH009048,O009048,W003,India Post,In Transit,2026-07-29,2026-07-30
SH009049,O009049,W011,India Post,In Transit,2026-05-29,2026-06-05
SH009050,O009050,W011,India Post,Delivered,2026-07-16,2026-07-18
SH009051,O009051,W013,DTDC,Delivered,2026-01-04,2026-01-11
SH009052,O009052,W011,Blue Dart,Delayed,2026-02-04,2026-02-07
SH009053,O009053,W014,XpressBees,Delayed,2026-07-17,2026-07-21
SH009054,O009054,W005,Ekart,Delivered,2026-07-20,2026-07-24
SH009055,O009055,W007,DTDC,Delayed,2025-08-07,2025-08-09
SH009056,O009056,W012,DTDC,Delivered,2026-06-11,2026-06-18
SH009057,O009057,W005,DTDC,Delayed,2026-04-17,2026-04-24
SH009058,O009058,W009,India Post,Delayed,2026-03-21,2026-03-22
SH009059,O009059,W019,DTDC,Delayed,2025-12-10,2025-12-12
SH009060,O009060,W012,XpressBees,In Transit,2025-12-09,2025-12-16
SH009061,O009061,W010,Blue Dart,Delayed,2026-01-28,2026-01-30
SH009062,O009062,W005,India Post,In Transit,2026-03-25,2026-03-30
SH009063,O009063,W013,Blue Dart,Delayed,2025-12-15,2025-12-18
SH009064,O009064,W009,Delhivery,Delivered,2025-10-21,2025-10-23
SH009065,O009065,W001,DTDC,In Transit,2025-09-24,2025-09-26
SH009066,O009066,W013,XpressBees,In Transit,2026-08-02,2026-08-05
SH009067,O009067,W005,XpressBees,In Transit,2025-11-27,2025-11-30
SH009068,O009068,W003,India Post,Delayed,2025-11-11,2025-11-12
SH009069,O009069,W016,DTDC,Delayed,2025-10-29,2025-11-01
SH009070,O009070,W020,Delhivery,Delivered,2026-05-10,2026-05-16
SH009071,O009071,W007,India Post,In Transit,2025-12-12,2025-12-17
SH009072,O009072,W018,XpressBees,In Transit,2026-06-19,2026-06-26
SH009073,O009073,W005,XpressBees,Delayed,2025-11-23,2025-11-26
SH009074,O009074,W009,India Post,Delayed,2025-10-02,2025-10-04
SH009075,O009075,W011,Delhivery,Delayed,2025-11-30,2025-12-06
SH009076,O009076,W019,Delhivery,Delayed,2025-11-23,2025-11-30
SH009077,O009077,W001,DTDC,Delivered,2025-09-06,2025-09-08
SH009078,O009078,W009,Blue Dart,Delayed,2025-08-14,2025-08-20
SH009079,O009079,W009,Blue Dart,In Transit,2025-09-06,2025-09-10
SH009080,O009080,W008,Ekart,Delivered,2025-10-17,2025-10-21
SH009081,O009081,W005,XpressBees,In Transit,2025-10-11,2025-10-15
SH009082,O009082,W019,Delhivery,Delayed,2026-01-15,2026-01-19
SH009083,O009083,W013,XpressBees,Delayed,2026-05-17,2026-05-23
SH009084,O009084,W019,XpressBees,Delayed,2025-10-07,2025-10-14
SH009085,O009085,W013,Blue Dart,In Transit,2026-06-06,2026-06-08
SH009086,O009086,W009,Delhivery,Delayed,2026-01-26,2026-01-29
SH009087,O009087,W018,India Post,Delayed,2025-12-29,2026-01-03
SH009088,O009088,W008,XpressBees,Delayed,2026-03-08,2026-03-14
SH009089,O009089,W002,XpressBees,In Transit,2026-04-26,2026-05-02
SH009090,O009090,W016,India Post,Delayed,2025-11-01,2025-11-04
SH009091,O009091,W009,DTDC,Delayed,2025-12-07,2025-12-08
SH009092,O009092,W015,DTDC,Delivered,2026-06-14,2026-06-15
SH009093,O009093,W013,India Post,In Transit,2025-10-27,2025-10-31
SH009094,O009094,W020,India Post,In Transit,2025-09-08,2025-09-12
SH009095,O009095,W017,Blue Dart,Delayed,2026-02-10,2026-02-16
SH009096,O009096,W003,India Post,In Transit,2026-02-02,2026-02-04
SH009097,O009097,W017,Ekart,In Transit,2025-11-06,2025-11-07
SH009098,O009098,W020,Ekart,Delivered,2025-09-22,2025-09-28
SH009099,O009099,W012,Ekart,Delivered,2025-08-24,2025-08-30
SH009100,O009100,W012,XpressBees,Delivered,2026-02-24,2026-02-28
SH009101,O009101,W008,Delhivery,Delayed,2026-07-27,2026-07-29
SH009102,O009102,W006,Ekart,In Transit,2026-01-25,2026-01-30
SH009103,O009103,W017,India Post,Delivered,2025-11-28,2025-11-30
SH009104,O009104,W011,Ekart,In Transit,2026-05-24,2026-05-26
SH009105,O009105,W002,Delhivery,In Transit,2026-05-17,2026-05-24
SH009106,O009106,W007,DTDC,Delivered,2026-05-29,2026-05-30
SH009107,O009107,W006,Delhivery,Delayed,2026-02-02,2026-02-03
SH009108,O009108,W020,India Post,In Transit,2026-05-19,2026-05-25
SH009109,O009109,W003,India Post,In Transit,2026-05-30,2026-06-04
SH009110,O009110,W014,Blue Dart,Delayed,2026-06-16,2026-06-19
SH009111,O009111,W006,XpressBees,In Transit,2025-08-23,2025-08-24
SH009112,O009112,W011,Blue Dart,In Transit,2026-04-14,2026-04-19
SH009113,O009113,W017,DTDC,In Transit,2026-03-12,2026-03-13
SH009114,O009114,W009,Delhivery,Delivered,2025-10-21,2025-10-23
SH009115,O009115,W007,XpressBees,Delivered,2026-07-28,2026-07-31
SH009116,O009116,W009,Ekart,Delivered,2025-12-25,2025-12-26
SH009117,O009117,W010,XpressBees,Delivered,2025-11-13,2025-11-16
SH009118,O009118,W014,India Post,Delayed,2025-12-27,2025-12-30
SH009119,O009119,W016,DTDC,Delayed,2026-06-13,2026-06-15
SH009120,O009120,W007,Blue Dart,In Transit,2025-12-03,2025-12-05
SH009121,O009121,W010,India Post,Delayed,2025-11-15,2025-11-19
SH009122,O009122,W012,India Post,Delivered,2025-09-19,2025-09-21
SH009123,O009123,W016,Delhivery,Delayed,2025-10-22,2025-10-28
SH009124,O009124,W003,DTDC,In Transit,2025-11-25,2025-11-27
SH009125,O009125,W017,DTDC,Delivered,2025-10-26,2025-11-02
SH009126,O009126,W020,XpressBees,Delayed,2026-07-21,2026-07-26
SH009127,O009127,W009,Ekart,Delivered,2026-04-20,2026-04-27
SH009128,O009128,W002,DTDC,In Transit,2026-07-21,2026-07-22
SH009129,O009129,W013,Ekart,In Transit,2026-06-29,2026-07-06
SH009130,O009130,W018,India Post,Delivered,2025-10-22,2025-10-26
SH009131,O009131,W007,Blue Dart,Delayed,2026-01-16,2026-01-20
SH009132,O009132,W005,Blue Dart,Delayed,2026-06-03,2026-06-09
SH009133,O009133,W010,Ekart,In Transit,2026-06-06,2026-06-09
SH009134,O009134,W001,Blue Dart,In Transit,2026-06-13,2026-06-15
SH009135,O009135,W012,XpressBees,In Transit,2025-10-11,2025-10-18
SH009136,O009136,W011,Blue Dart,In Transit,2026-01-20,2026-01-27
SH009137,O009137,W006,India Post,Delayed,2025-11-14,2025-11-19
SH009138,O009138,W016,XpressBees,Delayed,2026-01-18,2026-01-22
SH009139,O009139,W002,Blue Dart,Delivered,2026-04-01,2026-04-08
SH009140,O009140,W008,Blue Dart,Delayed,2026-04-04,2026-04-11
SH009141,O009141,W015,India Post,Delivered,2025-08-20,2025-08-25
SH009142,O009142,W011,Blue Dart,Delivered,2025-08-20,2025-08-22
SH009143,O009143,W018,India Post,Delivered,2026-01-06,2026-01-12
SH009144,O009144,W013,India Post,Delivered,2026-06-30,2026-07-06
SH009145,O009145,W012,India Post,Delayed,2026-03-19,2026-03-21
SH009146,O009146,W017,XpressBees,Delayed,2026-03-16,2026-03-21
SH009147,O009147,W009,Delhivery,Delivered,2025-09-25,2025-10-01
SH009148,O009148,W010,XpressBees,Delayed,2026-01-30,2026-02-01
SH009149,O009149,W016,Delhivery,Delivered,2026-01-03,2026-01-04
SH009150,O009150,W010,India Post,In Transit,2026-06-05,2026-06-06
SH009151,O009151,W010,Ekart,Delivered,2026-01-05,2026-01-06
SH009152,O009152,W017,India Post,In Transit,2026-04-15,2026-04-20
SH009153,O009153,W011,DTDC,Delivered,2026-02-16,2026-02-18
SH009154,O009154,W012,XpressBees,Delivered,2026-03-28,2026-03-29
SH009155,O009155,W020,India Post,Delivered,2025-11-05,2025-11-07
SH009156,O009156,W006,XpressBees,In Transit,2025-10-29,2025-11-03
SH009157,O009157,W003,Blue Dart,Delayed,2025-11-02,2025-11-09
SH009158,O009158,W017,Blue Dart,In Transit,2026-05-11,2026-05-14
SH009159,O009159,W005,XpressBees,Delayed,2025-10-27,2025-10-28
SH009160,O009160,W003,Blue Dart,Delivered,2025-10-11,2025-10-13
SH009161,O009161,W007,Ekart,In Transit,2026-01-04,2026-01-10
SH009162,O009162,W011,Blue Dart,Delivered,2026-01-18,2026-01-24
SH009163,O009163,W007,Ekart,Delayed,2025-10-28,2025-10-31
SH009164,O009164,W013,Blue Dart,In Transit,2026-02-09,2026-02-14
SH009165,O009165,W001,Blue Dart,In Transit,2025-12-26,2025-12-31
SH009166,O009166,W015,Blue Dart,In Transit,2026-04-11,2026-04-14
SH009167,O009167,W018,Blue Dart,In Transit,2025-10-02,2025-10-07
SH009168,O009168,W018,XpressBees,Delayed,2026-05-13,2026-05-15
SH009169,O009169,W009,Blue Dart,Delivered,2026-02-27,2026-03-04
SH009170,O009170,W017,XpressBees,In Transit,2026-04-07,2026-04-13
SH009171,O009171,W008,DTDC,Delivered,2026-07-22,2026-07-23
SH009172,O009172,W015,Ekart,Delivered,2026-07-30,2026-08-02
SH009173,O009173,W014,Delhivery,In Transit,2026-07-30,2026-08-04
SH009174,O009174,W002,XpressBees,In Transit,2026-07-23,2026-07-26
SH009175,O009175,W020,Blue Dart,In Transit,2025-08-05,2025-08-07
SH009176,O009176,W019,Delhivery,Delayed,2026-01-09,2026-01-15
SH009177,O009177,W011,DTDC,Delivered,2026-01-08,2026-01-12
SH009178,O009178,W014,India Post,Delivered,2025-09-06,2025-09-13
SH009179,O009179,W004,Blue Dart,In Transit,2025-12-02,2025-12-09
SH009180,O009180,W010,Ekart,Delayed,2026-08-01,2026-08-07
SH009181,O009181,W006,DTDC,Delivered,2026-03-07,2026-03-12
SH009182,O009182,W002,XpressBees,Delayed,2026-04-05,2026-04-08
SH009183,O009183,W019,XpressBees,Delayed,2026-02-09,2026-02-16
SH009184,O009184,W007,DTDC,Delayed,2026-03-04,2026-03-08
SH009185,O009185,W001,DTDC,Delayed,2025-10-25,2025-10-28
SH009186,O009186,W017,DTDC,Delivered,2025-09-28,2025-09-29
SH009187,O009187,W006,Blue Dart,Delivered,2026-05-22,2026-05-25
SH009188,O009188,W014,DTDC,In Transit,2025-10-08,2025-10-15
SH009189,O009189,W014,DTDC,Delivered,2026-02-22,2026-02-26
SH009190,O009190,W019,Blue Dart,Delayed,2025-08-08,2025-08-14
SH009191,O009191,W006,Blue Dart,Delivered,2025-08-18,2025-08-19
SH009192,O009192,W009,Blue Dart,Delayed,2026-06-08,2026-06-10
SH009193,O009193,W018,Delhivery,Delayed,2026-04-28,2026-05-01
SH009194,O009194,W016,Blue Dart,Delayed,2025-09-27,2025-09-28
SH009195,O009195,W011,India Post,Delivered,2025-09-30,2025-10-05
SH009196,O009196,W011,India Post,Delayed,2026-07-01,2026-07-05
SH009197,O009197,W005,Blue Dart,Delivered,2026-06-12,2026-06-17
SH009198,O009198,W011,Blue Dart,Delivered,2026-06-30,2026-07-03
SH009199,O009199,W014,DTDC,In Transit,2026-02-26,2026-02-28
SH009200,O009200,W003,Delhivery,In Transit,2025-12-23,2025-12-29
SH009201,O009201,W010,DTDC,In Transit,2026-07-07,2026-07-12
SH009202,O009202,W003,Blue Dart,Delivered,2025-12-18,2025-12-20
SH009203,O009203,W011,Blue Dart,Delayed,2026-03-18,2026-03-21
SH009204,O009204,W014,Blue Dart,Delivered,2026-01-08,2026-01-10
SH009205,O009205,W003,XpressBees,Delivered,2025-10-23,2025-10-30
SH009206,O009206,W012,XpressBees,In Transit,2025-11-21,2025-11-28
SH009207,O009207,W003,Delhivery,Delivered,2025-12-29,2026-01-05
SH009208,O009208,W008,Blue Dart,In Transit,2026-06-11,2026-06-15
SH009209,O009209,W017,XpressBees,In Transit,2026-08-04,2026-08-05
SH009210,O009210,W009,India Post,Delayed,2026-04-18,2026-04-22
SH009211,O009211,W012,India Post,Delayed,2026-04-29,2026-05-06
SH009212,O009212,W016,Delhivery,Delivered,2026-05-27,2026-06-01
SH009213,O009213,W014,XpressBees,Delayed,2026-07-16,2026-07-17
SH009214,O009214,W006,India Post,In Transit,2026-07-25,2026-07-29
SH009215,O009215,W010,India Post,Delayed,2026-01-06,2026-01-11
SH009216,O009216,W006,Delhivery,Delayed,2026-02-11,2026-02-16
SH009217,O009217,W016,XpressBees,In Transit,2025-09-01,2025-09-02
SH009218,O009218,W011,Blue Dart,In Transit,2026-01-23,2026-01-27
SH009219,O009219,W008,XpressBees,Delivered,2026-05-19,2026-05-21
SH009220,O009220,W014,India Post,In Transit,2025-10-25,2025-10-27
SH009221,O009221,W005,XpressBees,In Transit,2025-09-06,2025-09-07
SH009222,O009222,W003,India Post,Delivered,2025-09-23,2025-09-29
SH009223,O009223,W017,Ekart,In Transit,2025-10-26,2025-10-30
SH009224,O009224,W016,Delhivery,In Transit,2026-03-01,2026-03-06
SH009225,O009225,W015,Blue Dart,In Transit,2026-05-07,2026-05-09
SH009226,O009226,W013,Delhivery,In Transit,2025-12-04,2025-12-11
SH009227,O009227,W004,Blue Dart,Delayed,2026-05-02,2026-05-05
SH009228,O009228,W017,Blue Dart,Delayed,2026-04-25,2026-04-29
SH009229,O009229,W013,Blue Dart,In Transit,2026-02-17,2026-02-19
SH009230,O009230,W009,XpressBees,Delivered,2026-04-19,2026-04-25
SH009231,O009231,W018,Ekart,Delayed,2026-03-03,2026-03-10
SH009232,O009232,W017,Blue Dart,Delivered,2026-05-07,2026-05-13
SH009233,O009233,W020,Blue Dart,Delivered,2025-10-20,2025-10-21
SH009234,O009234,W012,DTDC,In Transit,2025-12-22,2025-12-27
SH009235,O009235,W001,DTDC,Delivered,2026-08-05,2026-08-06
SH009236,O009236,W008,Blue Dart,Delivered,2025-10-20,2025-10-25
SH009237,O009237,W004,Blue Dart,Delivered,2026-07-20,2026-07-24
SH009238,O009238,W016,Ekart,Delivered,2025-10-20,2025-10-23
SH009239,O009239,W005,Delhivery,Delayed,2026-07-08,2026-07-10
SH009240,O009240,W005,DTDC,Delayed,2026-01-29,2026-02-01
SH009241,O009241,W008,XpressBees,In Transit,2026-05-20,2026-05-25
SH009242,O009242,W010,Blue Dart,Delayed,2026-03-06,2026-03-09
SH009243,O009243,W019,XpressBees,Delivered,2025-08-16,2025-08-23
SH009244,O009244,W018,India Post,Delivered,2026-03-12,2026-03-15
SH009245,O009245,W019,DTDC,Delivered,2025-10-04,2025-10-09
SH009246,O009246,W008,Blue Dart,In Transit,2025-12-17,2025-12-18
SH009247,O009247,W006,DTDC,In Transit,2025-12-02,2025-12-05
SH009248,O009248,W012,India Post,Delayed,2026-04-20,2026-04-24
SH009249,O009249,W006,India Post,Delivered,2025-08-10,2025-08-16
SH009250,O009250,W003,DTDC,Delayed,2025-09-22,2025-09-25
SH009251,O009251,W015,XpressBees,Delivered,2025-10-23,2025-10-25
SH009252,O009252,W011,DTDC,Delayed,2026-07-24,2026-07-31
SH009253,O009253,W006,Delhivery,Delayed,2026-03-30,2026-04-04
SH009254,O009254,W014,DTDC,In Transit,2026-01-23,2026-01-29
SH009255,O009255,W007,India Post,Delivered,2025-10-14,2025-10-20
SH009256,O009256,W002,Ekart,Delayed,2026-01-06,2026-01-12
SH009257,O009257,W012,India Post,In Transit,2025-11-07,2025-11-12
SH009258,O009258,W006,Blue Dart,In Transit,2026-08-04,2026-08-11
SH009259,O009259,W009,India Post,In Transit,2025-10-27,2025-11-01
SH009260,O009260,W011,India Post,In Transit,2026-02-28,2026-03-03
SH009261,O009261,W006,XpressBees,Delivered,2025-12-19,2025-12-23
SH009262,O009262,W016,India Post,In Transit,2026-07-11,2026-07-17
SH009263,O009263,W013,Delhivery,Delayed,2026-06-01,2026-06-03
SH009264,O009264,W017,Ekart,Delayed,2026-07-17,2026-07-24
SH009265,O009265,W019,India Post,Delayed,2025-11-04,2025-11-05
SH009266,O009266,W008,Blue Dart,Delivered,2026-07-30,2026-08-06
SH009267,O009267,W013,Blue Dart,Delayed,2025-09-03,2025-09-06
SH009268,O009268,W006,Blue Dart,In Transit,2026-01-04,2026-01-10
SH009269,O009269,W016,India Post,Delivered,2026-01-27,2026-01-31
SH009270,O009270,W014,Blue Dart,Delayed,2026-06-20,2026-06-23
SH009271,O009271,W014,Delhivery,In Transit,2025-09-16,2025-09-21
SH009272,O009272,W019,XpressBees,Delayed,2025-12-13,2025-12-18
SH009273,O009273,W017,Delhivery,Delayed,2026-04-24,2026-04-27
SH009274,O009274,W007,DTDC,Delayed,2026-02-23,2026-03-01
SH009275,O009275,W015,India Post,In Transit,2025-12-12,2025-12-16
SH009276,O009276,W009,DTDC,Delayed,2025-12-11,2025-12-18
SH009277,O009277,W014,Blue Dart,Delivered,2026-06-06,2026-06-09
SH009278,O009278,W003,India Post,Delayed,2026-03-16,2026-03-19
SH009279,O009279,W002,India Post,Delivered,2026-01-14,2026-01-17
SH009280,O009280,W018,Delhivery,In Transit,2026-03-28,2026-03-30
SH009281,O009281,W012,DTDC,Delivered,2026-04-26,2026-05-03
SH009282,O009282,W020,Ekart,Delivered,2026-05-11,2026-05-17
SH009283,O009283,W013,India Post,Delayed,2026-02-01,2026-02-04
SH009284,O009284,W011,Ekart,In Transit,2026-07-22,2026-07-29
SH009285,O009285,W015,XpressBees,In Transit,2026-05-09,2026-05-12
SH009286,O009286,W013,DTDC,Delayed,2025-10-14,2025-10-15
SH009287,O009287,W013,Delhivery,In Transit,2026-07-20,2026-07-22
SH009288,O009288,W012,Delhivery,In Transit,2026-07-14,2026-07-16
SH009289,O009289,W016,Ekart,Delayed,2025-11-04,2025-11-05
SH009290,O009290,W019,DTDC,In Transit,2026-02-18,2026-02-23
SH009291,O009291,W009,DTDC,Delayed,2026-05-03,2026-05-09
SH009292,O009292,W007,India Post,In Transit,2026-07-21,2026-07-26
SH009293,O009293,W001,India Post,Delivered,2026-04-08,2026-04-11
SH009294,O009294,W010,XpressBees,Delivered,2025-11-08,2025-11-10
SH009295,O009295,W004,Delhivery,In Transit,2026-05-25,2026-06-01
SH009296,O009296,W016,Delhivery,In Transit,2026-04-19,2026-04-25
SH009297,O009297,W020,XpressBees,Delayed,2026-04-07,2026-04-14
SH009298,O009298,W001,XpressBees,Delivered,2025-09-05,2025-09-08
SH009299,O009299,W009,Blue Dart,Delivered,2025-12-08,2025-12-13
SH009300,O009300,W007,Delhivery,Delayed,2025-12-17,2025-12-19
SH009301,O009301,W008,DTDC,In Transit,2026-06-20,2026-06-24
SH009302,O009302,W011,XpressBees,In Transit,2026-03-05,2026-03-11
SH009303,O009303,W016,DTDC,Delivered,2026-03-19,2026-03-23
SH009304,O009304,W003,Blue Dart,Delayed,2025-09-09,2025-09-16
SH009305,O009305,W008,XpressBees,Delayed,2026-04-21,2026-04-23
SH009306,O009306,W003,Blue Dart,In Transit,2026-06-02,2026-06-05
SH009307,O009307,W005,Delhivery,Delivered,2026-05-20,2026-05-25
SH009308,O009308,W011,Blue Dart,Delayed,2026-05-11,2026-05-18
SH009309,O009309,W015,India Post,In Transit,2026-07-31,2026-08-03
SH009310,O009310,W001,Ekart,Delivered,2026-04-10,2026-04-12
SH009311,O009311,W018,DTDC,In Transit,2025-11-16,2025-11-23
SH009312,O009312,W017,Blue Dart,Delivered,2026-07-29,2026-08-02
SH009313,O009313,W002,Delhivery,Delayed,2025-11-24,2025-11-27
SH009314,O009314,W013,Delhivery,In Transit,2026-01-06,2026-01-12
SH009315,O009315,W015,XpressBees,Delayed,2025-10-17,2025-10-23
SH009316,O009316,W012,XpressBees,Delivered,2026-06-25,2026-07-01
SH009317,O009317,W007,India Post,Delayed,2026-04-19,2026-04-24
SH009318,O009318,W009,DTDC,In Transit,2025-09-03,2025-09-10
SH009319,O009319,W007,XpressBees,In Transit,2026-03-14,2026-03-21
SH009320,O009320,W019,Delhivery,In Transit,2025-08-09,2025-08-15
SH009321,O009321,W002,XpressBees,Delivered,2026-03-19,2026-03-23
SH009322,O009322,W005,India Post,In Transit,2026-03-18,2026-03-22
SH009323,O009323,W016,India Post,Delayed,2026-06-20,2026-06-26
SH009324,O009324,W017,DTDC,Delayed,2025-11-29,2025-12-06
SH009325,O009325,W014,Blue Dart,In Transit,2026-05-19,2026-05-25
SH009326,O009326,W011,Delhivery,Delivered,2025-10-21,2025-10-26
SH009327,O009327,W019,Delhivery,In Transit,2026-01-15,2026-01-21
SH009328,O009328,W018,India Post,Delivered,2025-09-21,2025-09-23
SH009329,O009329,W002,Blue Dart,Delivered,2025-09-14,2025-09-15
SH009330,O009330,W002,DTDC,In Transit,2026-07-08,2026-07-14
SH009331,O009331,W012,Blue Dart,Delayed,2025-12-27,2025-12-30
SH009332,O009332,W006,DTDC,Delayed,2026-02-21,2026-02-27
SH009333,O009333,W018,XpressBees,Delayed,2026-07-27,2026-07-29
SH009334,O009334,W014,India Post,In Transit,2026-04-18,2026-04-21
SH009335,O009335,W008,Blue Dart,In Transit,2025-09-28,2025-10-01
SH009336,O009336,W014,Ekart,In Transit,2026-05-10,2026-05-12
SH009337,O009337,W013,Delhivery,Delivered,2025-08-14,2025-08-15
SH009338,O009338,W013,DTDC,Delivered,2026-04-25,2026-04-29
SH009339,O009339,W019,India Post,In Transit,2026-01-06,2026-01-13
SH009340,O009340,W011,India Post,Delayed,2025-12-30,2026-01-01
SH009341,O009341,W006,Blue Dart,Delivered,2026-02-12,2026-02-16
SH009342,O009342,W005,XpressBees,Delayed,2025-09-22,2025-09-23
SH009343,O009343,W014,DTDC,In Transit,2026-01-20,2026-01-25
SH009344,O009344,W013,India Post,Delayed,2026-01-07,2026-01-09
SH009345,O009345,W003,India Post,Delayed,2025-08-16,2025-08-22
SH009346,O009346,W005,Delhivery,In Transit,2026-07-04,2026-07-10
SH009347,O009347,W010,XpressBees,Delivered,2026-02-28,2026-03-02
SH009348,O009348,W003,DTDC,Delivered,2025-10-01,2025-10-02
SH009349,O009349,W015,Blue Dart,Delivered,2025-09-29,2025-10-03
SH009350,O009350,W001,Delhivery,Delayed,2026-01-08,2026-01-10
SH009351,O009351,W006,Blue Dart,Delivered,2025-11-08,2025-11-15
SH009352,O009352,W005,Ekart,Delivered,2025-08-18,2025-08-22
SH009353,O009353,W011,Ekart,In Transit,2026-03-30,2026-04-04
SH009354,O009354,W019,Ekart,Delayed,2026-03-22,2026-03-28
SH009355,O009355,W001,Delhivery,In Transit,2026-07-18,2026-07-20
SH009356,O009356,W002,Blue Dart,Delayed,2025-09-04,2025-09-06
SH009357,O009357,W011,Ekart,Delayed,2026-03-21,2026-03-28
SH009358,O009358,W013,XpressBees,In Transit,2026-05-25,2026-05-31
SH009359,O009359,W017,DTDC,Delivered,2026-05-05,2026-05-06
SH009360,O009360,W011,Ekart,Delivered,2026-03-17,2026-03-22
SH009361,O009361,W007,Delhivery,In Transit,2025-12-17,2025-12-24
SH009362,O009362,W010,India Post,In Transit,2026-03-18,2026-03-24
SH009363,O009363,W003,XpressBees,In Transit,2025-09-06,2025-09-10
SH009364,O009364,W012,Delhivery,Delivered,2026-06-26,2026-07-03
SH009365,O009365,W019,Ekart,Delivered,2026-04-24,2026-04-26
SH009366,O009366,W017,Ekart,In Transit,2026-07-20,2026-07-25
SH009367,O009367,W018,DTDC,Delivered,2025-10-23,2025-10-28
SH009368,O009368,W001,India Post,In Transit,2026-03-05,2026-03-09
SH009369,O009369,W009,Blue Dart,In Transit,2026-02-21,2026-02-23
SH009370,O009370,W006,DTDC,Delivered,2026-05-11,2026-05-12
SH009371,O009371,W017,Delhivery,In Transit,2026-05-16,2026-05-19
SH009372,O009372,W003,XpressBees,Delayed,2025-12-29,2026-01-02
SH009373,O009373,W010,Delhivery,Delayed,2025-08-10,2025-08-16
SH009374,O009374,W014,XpressBees,In Transit,2026-07-28,2026-08-03
SH009375,O009375,W010,Ekart,In Transit,2025-08-13,2025-08-18
SH009376,O009376,W009,India Post,Delayed,2026-07-25,2026-07-26
SH009377,O009377,W016,XpressBees,Delivered,2026-04-27,2026-04-29
SH009378,O009378,W017,XpressBees,In Transit,2026-01-09,2026-01-10
SH009379,O009379,W003,XpressBees,Delayed,2026-02-19,2026-02-22
SH009380,O009380,W009,Ekart,Delivered,2026-06-08,2026-06-12
SH009381,O009381,W003,India Post,Delivered,2025-09-21,2025-09-28
SH009382,O009382,W003,DTDC,Delivered,2026-07-02,2026-07-03
SH009383,O009383,W012,Delhivery,In Transit,2026-02-04,2026-02-06
SH009384,O009384,W012,India Post,Delivered,2026-03-18,2026-03-23
SH009385,O009385,W003,Delhivery,Delivered,2026-02-12,2026-02-19
SH009386,O009386,W019,Delhivery,Delivered,2026-05-03,2026-05-06
SH009387,O009387,W018,Blue Dart,Delivered,2026-04-06,2026-04-12
SH009388,O009388,W007,Blue Dart,Delivered,2025-08-31,2025-09-02
SH009389,O009389,W011,Blue Dart,In Transit,2025-11-16,2025-11-23
SH009390,O009390,W014,India Post,Delivered,2026-06-18,2026-06-24
SH009391,O009391,W006,Ekart,Delivered,2026-07-25,2026-07-27
SH009392,O009392,W005,India Post,Delivered,2026-04-01,2026-04-03
SH009393,O009393,W016,Ekart,Delayed,2026-04-16,2026-04-18
SH009394,O009394,W014,Delhivery,Delayed,2025-10-11,2025-10-17
SH009395,O009395,W003,Delhivery,In Transit,2025-11-14,2025-11-20
SH009396,O009396,W016,India Post,In Transit,2025-10-13,2025-10-14
SH009397,O009397,W017,Ekart,Delayed,2026-04-12,2026-04-17
SH009398,O009398,W014,Blue Dart,Delivered,2026-06-23,2026-06-30
SH009399,O009399,W010,Ekart,Delivered,2026-08-03,2026-08-04
SH009400,O009400,W008,XpressBees,Delivered,2026-02-03,2026-02-04
SH009401,O009401,W012,XpressBees,Delivered,2026-05-03,2026-05-06
SH009402,O009402,W016,Delhivery,Delivered,2026-02-06,2026-02-09
SH009403,O009403,W001,Delhivery,In Transit,2026-08-05,2026-08-06
SH009404,O009404,W019,Ekart,Delayed,2025-11-14,2025-11-21
SH009405,O009405,W014,XpressBees,Delivered,2026-06-29,2026-07-05
SH009406,O009406,W002,Ekart,In Transit,2025-09-11,2025-09-18
SH009407,O009407,W015,Ekart,In Transit,2025-08-25,2025-08-27
SH009408,O009408,W013,Ekart,Delivered,2025-09-20,2025-09-24
SH009409,O009409,W017,DTDC,Delayed,2026-06-19,2026-06-23
SH009410,O009410,W008,Delhivery,Delivered,2026-03-10,2026-03-13
SH009411,O009411,W001,Ekart,In Transit,2025-08-10,2025-08-17
SH009412,O009412,W020,DTDC,In Transit,2026-04-19,2026-04-23
SH009413,O009413,W019,Ekart,In Transit,2025-10-05,2025-10-10
SH009414,O009414,W018,Blue Dart,Delivered,2026-03-02,2026-03-06
SH009415,O009415,W018,DTDC,Delayed,2026-07-21,2026-07-27
SH009416,O009416,W008,Delhivery,Delivered,2025-09-18,2025-09-23
SH009417,O009417,W016,Ekart,In Transit,2025-10-18,2025-10-21
SH009418,O009418,W003,Blue Dart,In Transit,2025-10-25,2025-10-31
SH009419,O009419,W012,XpressBees,Delivered,2025-10-24,2025-10-25
SH009420,O009420,W015,India Post,In Transit,2026-02-28,2026-03-05
SH009421,O009421,W015,XpressBees,In Transit,2026-05-26,2026-06-01
SH009422,O009422,W011,Ekart,In Transit,2025-09-06,2025-09-09
SH009423,O009423,W009,Delhivery,In Transit,2026-03-10,2026-03-17
SH009424,O009424,W007,Delhivery,Delivered,2025-09-13,2025-09-14
SH009425,O009425,W002,XpressBees,In Transit,2025-11-07,2025-11-13
SH009426,O009426,W001,XpressBees,Delivered,2026-05-16,2026-05-18
SH009427,O009427,W013,Delhivery,In Transit,2026-04-01,2026-04-02
SH009428,O009428,W011,DTDC,In Transit,2025-08-09,2025-08-16
SH009429,O009429,W014,India Post,In Transit,2026-02-01,2026-02-02
SH009430,O009430,W009,Delhivery,Delivered,2026-01-14,2026-01-19
SH009431,O009431,W008,India Post,Delayed,2026-05-13,2026-05-20
SH009432,O009432,W015,Blue Dart,Delayed,2025-12-28,2026-01-02
SH009433,O009433,W003,Ekart,Delivered,2026-01-02,2026-01-05
SH009434,O009434,W011,Blue Dart,In Transit,2025-10-10,2025-10-15
SH009435,O009435,W015,Delhivery,Delayed,2025-11-17,2025-11-23
SH009436,O009436,W007,DTDC,Delayed,2025-10-13,2025-10-16
SH009437,O009437,W012,Ekart,Delayed,2025-11-19,2025-11-23
SH009438,O009438,W001,XpressBees,Delayed,2026-01-23,2026-01-28
SH009439,O009439,W011,India Post,Delivered,2025-09-28,2025-10-01
SH009440,O009440,W009,Blue Dart,Delivered,2025-10-26,2025-11-02
SH009441,O009441,W007,Blue Dart,In Transit,2025-12-20,2025-12-22
SH009442,O009442,W018,Blue Dart,Delayed,2026-07-29,2026-08-03
SH009443,O009443,W015,India Post,Delayed,2026-04-21,2026-04-24
SH009444,O009444,W003,India Post,Delivered,2025-11-10,2025-11-14
SH009445,O009445,W010,India Post,Delivered,2025-08-11,2025-08-17
SH009446,O009446,W007,Blue Dart,Delivered,2026-07-22,2026-07-26
SH009447,O009447,W007,Delhivery,Delivered,2025-09-30,2025-10-02
SH009448,O009448,W008,Blue Dart,Delayed,2025-12-07,2025-12-09
SH009449,O009449,W014,DTDC,Delayed,2025-10-19,2025-10-25
SH009450,O009450,W006,DTDC,Delivered,2025-11-22,2025-11-28
SH009451,O009451,W019,India Post,In Transit,2026-02-28,2026-03-05
SH009452,O009452,W012,India Post,Delayed,2025-09-29,2025-10-04
SH009453,O009453,W014,India Post,In Transit,2026-06-30,2026-07-02
SH009454,O009454,W019,Blue Dart,In Transit,2025-09-26,2025-09-28
SH009455,O009455,W011,DTDC,Delayed,2025-09-04,2025-09-07
SH009456,O009456,W007,India Post,Delivered,2026-03-31,2026-04-04
SH009457,O009457,W008,Ekart,In Transit,2025-08-24,2025-08-30
SH009458,O009458,W006,Delhivery,Delayed,2026-06-17,2026-06-19
SH009459,O009459,W001,DTDC,Delivered,2026-04-13,2026-04-18
SH009460,O009460,W012,Ekart,Delayed,2025-12-10,2025-12-15
SH009461,O009461,W008,Blue Dart,Delayed,2026-05-12,2026-05-14
SH009462,O009462,W018,Blue Dart,Delivered,2026-06-27,2026-07-01
SH009463,O009463,W018,India Post,Delayed,2026-03-02,2026-03-08
SH009464,O009464,W012,Delhivery,Delivered,2026-02-26,2026-03-02
SH009465,O009465,W010,India Post,Delayed,2026-01-14,2026-01-15
SH009466,O009466,W011,XpressBees,Delivered,2026-02-25,2026-03-04
SH009467,O009467,W018,Ekart,In Transit,2026-01-18,2026-01-22
SH009468,O009468,W003,Ekart,Delivered,2025-12-18,2025-12-24
SH009469,O009469,W016,XpressBees,Delayed,2025-09-13,2025-09-14
SH009470,O009470,W006,Blue Dart,Delayed,2026-05-19,2026-05-23
SH009471,O009471,W014,Delhivery,In Transit,2025-10-05,2025-10-08
SH009472,O009472,W004,Delhivery,In Transit,2026-01-24,2026-01-25
SH009473,O009473,W013,India Post,In Transit,2025-12-14,2025-12-19
SH009474,O009474,W008,Delhivery,Delivered,2026-06-09,2026-06-10
SH009475,O009475,W005,DTDC,Delivered,2026-07-09,2026-07-16
SH009476,O009476,W007,India Post,In Transit,2025-12-24,2025-12-30
SH009477,O009477,W002,Blue Dart,In Transit,2025-10-05,2025-10-10
SH009478,O009478,W011,Ekart,Delivered,2025-11-11,2025-11-13
SH009479,O009479,W002,DTDC,In Transit,2026-02-24,2026-02-27
SH009480,O009480,W005,India Post,Delivered,2026-05-04,2026-05-11
SH009481,O009481,W008,Blue Dart,Delayed,2026-03-19,2026-03-23
SH009482,O009482,W009,Delhivery,Delivered,2026-06-07,2026-06-10
SH009483,O009483,W019,DTDC,Delivered,2026-04-08,2026-04-10
SH009484,O009484,W014,Delhivery,In Transit,2025-12-27,2025-12-29
SH009485,O009485,W020,India Post,In Transit,2026-03-26,2026-03-29
SH009486,O009486,W014,XpressBees,In Transit,2026-01-16,2026-01-20
SH009487,O009487,W014,India Post,In Transit,2026-07-25,2026-07-30
SH009488,O009488,W013,Blue Dart,Delivered,2026-03-25,2026-04-01
SH009489,O009489,W005,Blue Dart,In Transit,2026-06-27,2026-07-04
SH009490,O009490,W016,DTDC,In Transit,2026-03-16,2026-03-19
SH009491,O009491,W002,Ekart,Delayed,2025-12-08,2025-12-12
SH009492,O009492,W016,Ekart,In Transit,2026-05-15,2026-05-21
SH009493,O009493,W018,DTDC,Delayed,2025-11-30,2025-12-03
SH009494,O009494,W020,Delhivery,Delayed,2025-08-14,2025-08-17
SH009495,O009495,W012,XpressBees,In Transit,2025-12-29,2026-01-03
SH009496,O009496,W011,XpressBees,Delayed,2026-04-09,2026-04-11
SH009497,O009497,W010,XpressBees,Delivered,2026-05-26,2026-05-27
SH009498,O009498,W016,Delhivery,Delayed,2026-07-12,2026-07-16
SH009499,O009499,W017,Blue Dart,Delivered,2026-05-07,2026-05-12
SH009500,O009500,W012,DTDC,Delivered,2026-05-31,2026-06-01
SH009501,O009501,W002,Delhivery,Delayed,2026-02-27,2026-03-04
SH009502,O009502,W007,Blue Dart,In Transit,2026-01-22,2026-01-26
SH009503,O009503,W006,DTDC,Delayed,2026-04-25,2026-04-29
SH009504,O009504,W017,India Post,Delayed,2026-01-04,2026-01-09
SH009505,O009505,W006,XpressBees,In Transit,2025-12-10,2025-12-15
SH009506,O009506,W009,Delhivery,Delayed,2025-08-18,2025-08-22
SH009507,O009507,W020,India Post,Delayed,2026-02-03,2026-02-08
SH009508,O009508,W006,DTDC,In Transit,2026-04-29,2026-05-02
SH009509,O009509,W014,XpressBees,In Transit,2026-05-05,2026-05-12
SH009510,O009510,W010,DTDC,Delayed,2026-08-06,2026-08-12
SH009511,O009511,W019,Delhivery,Delivered,2025-11-07,2025-11-08
SH009512,O009512,W017,Delhivery,Delivered,2026-07-07,2026-07-12
SH009513,O009513,W003,India Post,Delayed,2026-02-23,2026-02-28
SH009514,O009514,W009,Delhivery,Delivered,2025-08-19,2025-08-25
SH009515,O009515,W020,Blue Dart,In Transit,2026-01-20,2026-01-23
SH009516,O009516,W002,DTDC,Delayed,2026-06-19,2026-06-21
SH009517,O009517,W003,Blue Dart,Delivered,2026-04-30,2026-05-04
SH009518,O009518,W013,DTDC,Delivered,2025-08-09,2025-08-13
SH009519,O009519,W015,DTDC,Delivered,2026-05-06,2026-05-09
SH009520,O009520,W015,India Post,Delivered,2026-02-09,2026-02-10
SH009521,O009521,W018,Ekart,Delivered,2026-03-27,2026-04-03
SH009522,O009522,W020,Ekart,Delayed,2026-01-30,2026-02-05
SH009523,O009523,W002,Ekart,In Transit,2025-09-26,2025-10-02
SH009524,O009524,W016,India Post,Delayed,2026-04-15,2026-04-18
SH009525,O009525,W010,Blue Dart,Delayed,2026-01-01,2026-01-04
SH009526,O009526,W010,Blue Dart,In Transit,2026-01-07,2026-01-12
SH009527,O009527,W018,Ekart,In Transit,2025-10-23,2025-10-26
SH009528,O009528,W003,Delhivery,Delivered,2026-05-02,2026-05-06
SH009529,O009529,W011,Delhivery,Delayed,2026-02-14,2026-02-21
SH009530,O009530,W011,India Post,Delivered,2026-08-04,2026-08-10
SH009531,O009531,W006,Ekart,Delivered,2026-01-21,2026-01-28
SH009532,O009532,W001,Ekart,In Transit,2026-05-04,2026-05-07
SH009533,O009533,W019,XpressBees,Delayed,2026-01-02,2026-01-05
SH009534,O009534,W010,DTDC,Delayed,2026-02-08,2026-02-11
SH009535,O009535,W018,Delhivery,Delivered,2025-10-25,2025-10-28
SH009536,O009536,W008,Blue Dart,Delivered,2026-06-25,2026-07-02
SH009537,O009537,W018,DTDC,Delayed,2026-07-07,2026-07-11
SH009538,O009538,W014,Ekart,In Transit,2025-09-01,2025-09-05
SH009539,O009539,W007,Ekart,In Transit,2025-09-07,2025-09-14
SH009540,O009540,W018,Ekart,Delivered,2026-01-16,2026-01-17
SH009541,O009541,W005,XpressBees,In Transit,2026-05-23,2026-05-24
SH009542,O009542,W014,India Post,Delivered,2026-03-13,2026-03-17
SH009543,O009543,W016,India Post,Delayed,2025-12-30,2026-01-01
SH009544,O009544,W005,DTDC,Delayed,2026-02-02,2026-02-06
SH009545,O009545,W013,India Post,Delivered,2026-07-16,2026-07-22
SH009546,O009546,W013,India Post,Delayed,2026-06-05,2026-06-11
SH009547,O009547,W017,XpressBees,In Transit,2026-03-12,2026-03-17
SH009548,O009548,W014,DTDC,Delivered,2025-11-22,2025-11-24
SH009549,O009549,W004,Ekart,In Transit,2026-04-09,2026-04-14
SH009550,O009550,W012,Blue Dart,In Transit,2026-06-23,2026-06-30
SH009551,O009551,W004,Blue Dart,Delayed,2025-11-06,2025-11-07
SH009552,O009552,W010,XpressBees,In Transit,2025-12-13,2025-12-18
SH009553,O009553,W004,XpressBees,Delayed,2025-08-12,2025-08-17
SH009554,O009554,W002,Ekart,Delivered,2026-06-05,2026-06-10
SH009555,O009555,W002,India Post,Delivered,2026-06-17,2026-06-18
SH009556,O009556,W005,Ekart,Delivered,2025-08-18,2025-08-19
SH009557,O009557,W002,Ekart,Delivered,2025-10-11,2025-10-16
SH009558,O009558,W013,Ekart,Delivered,2026-05-14,2026-05-16
SH009559,O009559,W001,Ekart,In Transit,2025-12-26,2026-01-02
SH009560,O009560,W009,DTDC,Delivered,2025-08-17,2025-08-18
SH009561,O009561,W003,XpressBees,Delivered,2026-04-03,2026-04-08
SH009562,O009562,W014,Ekart,Delivered,2026-05-29,2026-05-31
SH009563,O009563,W016,Ekart,Delivered,2026-07-28,2026-08-02
SH009564,O009564,W019,DTDC,Delivered,2025-09-07,2025-09-09
SH009565,O009565,W006,XpressBees,Delivered,2026-07-27,2026-07-30
SH009566,O009566,W016,Blue Dart,Delivered,2026-04-29,2026-05-05
SH009567,O009567,W016,Ekart,In Transit,2025-09-13,2025-09-20
SH009568,O009568,W014,Blue Dart,Delivered,2025-10-29,2025-11-05
SH009569,O009569,W001,DTDC,In Transit,2026-05-09,2026-05-11
SH009570,O009570,W019,XpressBees,In Transit,2026-07-01,2026-07-02
SH009571,O009571,W010,India Post,Delivered,2026-07-06,2026-07-08
SH009572,O009572,W005,Blue Dart,Delivered,2026-01-16,2026-01-22
SH009573,O009573,W014,Blue Dart,Delivered,2026-07-27,2026-07-31
SH009574,O009574,W010,Ekart,Delivered,2025-09-20,2025-09-24
SH009575,O009575,W019,Delhivery,Delayed,2025-12-07,2025-12-11
SH009576,O009576,W006,XpressBees,Delivered,2026-07-22,2026-07-26
SH009577,O009577,W001,India Post,In Transit,2026-06-20,2026-06-22
SH009578,O009578,W019,DTDC,Delayed,2025-08-24,2025-08-30
SH009579,O009579,W009,India Post,Delayed,2026-07-20,2026-07-24
SH009580,O009580,W012,Ekart,Delivered,2025-09-28,2025-09-30
SH009581,O009581,W007,XpressBees,Delayed,2025-10-31,2025-11-05
SH009582,O009582,W005,DTDC,In Transit,2026-06-03,2026-06-06
SH009583,O009583,W008,Blue Dart,Delivered,2026-05-23,2026-05-26
SH009584,O009584,W006,DTDC,Delayed,2026-01-16,2026-01-22
SH009585,O009585,W004,Blue Dart,In Transit,2025-12-23,2025-12-29
SH009586,O009586,W009,Delhivery,Delivered,2025-11-10,2025-11-17
SH009587,O009587,W007,Delhivery,In Transit,2025-11-05,2025-11-07
SH009588,O009588,W009,XpressBees,Delivered,2026-01-01,2026-01-07
SH009589,O009589,W015,Ekart,In Transit,2026-08-02,2026-08-08
SH009590,O009590,W007,XpressBees,Delayed,2025-08-18,2025-08-23
SH009591,O009591,W010,Blue Dart,Delivered,2026-07-27,2026-08-03
SH009592,O009592,W018,Blue Dart,In Transit,2026-04-14,2026-04-15
SH009593,O009593,W007,DTDC,In Transit,2026-05-14,2026-05-17
SH009594,O009594,W005,DTDC,Delivered,2025-08-28,2025-08-30
SH009595,O009595,W008,Ekart,Delivered,2026-01-12,2026-01-19
SH009596,O009596,W012,Delhivery,Delivered,2026-06-17,2026-06-20
SH009597,O009597,W009,Delhivery,Delivered,2025-10-16,2025-10-17
SH009598,O009598,W001,India Post,In Transit,2026-01-05,2026-01-10
SH009599,O009599,W019,DTDC,Delivered,2025-10-06,2025-10-11
SH009600,O009600,W004,Delhivery,Delayed,2026-01-16,2026-01-20
SH009601,O009601,W002,Ekart,In Transit,2026-04-02,2026-04-08
SH009602,O009602,W011,India Post,In Transit,2025-09-23,2025-09-28
SH009603,O009603,W018,Ekart,Delayed,2026-04-27,2026-04-28
SH009604,O009604,W010,Delhivery,Delivered,2025-08-22,2025-08-25
SH009605,O009605,W005,XpressBees,Delayed,2026-02-17,2026-02-20
SH009606,O009606,W017,Ekart,Delayed,2026-01-05,2026-01-12
SH009607,O009607,W013,Ekart,Delayed,2026-04-10,2026-04-16
SH009608,O009608,W020,India Post,Delivered,2026-03-31,2026-04-04
SH009609,O009609,W009,Delhivery,Delivered,2026-02-25,2026-03-01
SH009610,O009610,W016,DTDC,In Transit,2026-07-03,2026-07-04
SH009611,O009611,W009,Ekart,Delayed,2026-05-04,2026-05-10
SH009612,O009612,W014,DTDC,Delivered,2026-06-05,2026-06-08
SH009613,O009613,W014,Ekart,Delivered,2025-09-03,2025-09-08
SH009614,O009614,W005,India Post,Delayed,2026-07-21,2026-07-24
SH009615,O009615,W015,India Post,Delayed,2026-03-27,2026-03-28
SH009616,O009616,W012,Ekart,In Transit,2026-01-24,2026-01-28
SH009617,O009617,W013,Delhivery,In Transit,2025-10-21,2025-10-24
SH009618,O009618,W008,XpressBees,Delayed,2026-06-13,2026-06-17
SH009619,O009619,W019,Blue Dart,Delivered,2025-09-04,2025-09-07
SH009620,O009620,W014,Delhivery,In Transit,2026-01-23,2026-01-29
SH009621,O009621,W003,Ekart,Delayed,2025-11-14,2025-11-18
SH009622,O009622,W020,XpressBees,In Transit,2026-03-02,2026-03-06
SH009623,O009623,W012,Ekart,In Transit,2025-09-01,2025-09-08
SH009624,O009624,W015,DTDC,Delayed,2026-08-01,2026-08-05
SH009625,O009625,W018,India Post,Delayed,2026-07-03,2026-07-10
SH009626,O009626,W011,Delhivery,In Transit,2025-12-27,2025-12-30
SH009627,O009627,W016,Delhivery,Delivered,2026-05-15,2026-05-21
SH009628,O009628,W018,Blue Dart,In Transit,2026-06-30,2026-07-03
SH009629,O009629,W009,Blue Dart,Delivered,2026-06-01,2026-06-06
SH009630,O009630,W013,Blue Dart,Delivered,2026-06-23,2026-06-28
SH009631,O009631,W014,DTDC,In Transit,2025-09-10,2025-09-12
SH009632,O009632,W004,Blue Dart,Delayed,2026-07-02,2026-07-06
SH009633,O009633,W008,Delhivery,Delayed,2026-05-18,2026-05-25
SH009634,O009634,W011,XpressBees,Delayed,2025-09-07,2025-09-09
SH009635,O009635,W018,Delhivery,In Transit,2025-11-12,2025-11-13
SH009636,O009636,W015,Delhivery,Delayed,2026-01-10,2026-01-12
SH009637,O009637,W007,DTDC,Delivered,2025-12-29,2026-01-05
SH009638,O009638,W015,Delhivery,In Transit,2026-01-08,2026-01-13
SH009639,O009639,W016,Delhivery,Delivered,2026-04-01,2026-04-04
SH009640,O009640,W017,Blue Dart,Delayed,2026-05-07,2026-05-11
SH009641,O009641,W013,India Post,Delayed,2026-07-06,2026-07-10
SH009642,O009642,W007,DTDC,Delivered,2026-01-31,2026-02-02
SH009643,O009643,W001,Ekart,Delayed,2026-02-16,2026-02-22
SH009644,O009644,W006,DTDC,In Transit,2026-05-27,2026-05-31
SH009645,O009645,W014,Ekart,Delayed,2026-07-16,2026-07-18
SH009646,O009646,W014,DTDC,Delayed,2026-06-16,2026-06-20
SH009647,O009647,W008,DTDC,Delayed,2025-11-03,2025-11-04
SH009648,O009648,W018,Ekart,Delivered,2026-03-17,2026-03-18
SH009649,O009649,W009,Ekart,In Transit,2025-10-03,2025-10-06
SH009650,O009650,W003,XpressBees,Delivered,2025-09-08,2025-09-11
SH009651,O009651,W003,XpressBees,In Transit,2026-02-16,2026-02-17
SH009652,O009652,W014,XpressBees,Delayed,2026-04-16,2026-04-21
SH009653,O009653,W019,DTDC,Delivered,2026-07-11,2026-07-17
SH009654,O009654,W005,Delhivery,Delayed,2026-04-28,2026-05-04
SH009655,O009655,W005,Delhivery,Delayed,2026-05-05,2026-05-12
SH009656,O009656,W005,India Post,Delivered,2026-06-06,2026-06-09
SH009657,O009657,W020,Delhivery,Delivered,2025-12-26,2026-01-02
SH009658,O009658,W019,Blue Dart,Delayed,2025-10-02,2025-10-09
SH009659,O009659,W010,Ekart,Delayed,2026-03-24,2026-03-27
SH009660,O009660,W017,Blue Dart,Delayed,2025-08-06,2025-08-12
SH009661,O009661,W006,India Post,In Transit,2025-11-05,2025-11-06
SH009662,O009662,W011,India Post,In Transit,2025-09-21,2025-09-24
SH009663,O009663,W014,Ekart,Delayed,2026-01-08,2026-01-11
SH009664,O009664,W004,DTDC,In Transit,2025-10-14,2025-10-15
SH009665,O009665,W008,Blue Dart,Delayed,2026-07-08,2026-07-12
SH009666,O009666,W004,DTDC,Delivered,2026-02-26,2026-03-04
SH009667,O009667,W001,Ekart,Delayed,2026-05-20,2026-05-25
SH009668,O009668,W014,Ekart,Delivered,2026-02-09,2026-02-14
SH009669,O009669,W010,Ekart,Delayed,2026-06-18,2026-06-24
SH009670,O009670,W014,DTDC,Delayed,2026-04-30,2026-05-04
SH009671,O009671,W008,India Post,Delivered,2026-01-19,2026-01-25
SH009672,O009672,W003,XpressBees,Delayed,2025-08-14,2025-08-20
SH009673,O009673,W015,Blue Dart,In Transit,2025-11-03,2025-11-07
SH009674,O009674,W020,Blue Dart,Delayed,2026-06-06,2026-06-11
SH009675,O009675,W017,Delhivery,Delivered,2026-03-18,2026-03-22
SH009676,O009676,W018,Delhivery,Delivered,2025-12-30,2026-01-05
SH009677,O009677,W013,DTDC,Delayed,2025-08-14,2025-08-15
SH009678,O009678,W002,Ekart,In Transit,2025-12-28,2025-12-30
SH009679,O009679,W020,India Post,Delivered,2026-01-31,2026-02-04
SH009680,O009680,W017,Delhivery,Delivered,2026-02-20,2026-02-25
SH009681,O009681,W001,Blue Dart,Delayed,2026-04-05,2026-04-06
SH009682,O009682,W008,DTDC,Delayed,2025-09-07,2025-09-08
SH009683,O009683,W002,XpressBees,In Transit,2026-03-06,2026-03-11
SH009684,O009684,W012,DTDC,Delayed,2025-12-30,2026-01-01
SH009685,O009685,W004,Ekart,Delayed,2025-12-16,2025-12-18
SH009686,O009686,W009,XpressBees,In Transit,2026-04-09,2026-04-16
SH009687,O009687,W020,Delhivery,Delivered,2026-04-29,2026-05-01
SH009688,O009688,W011,Ekart,Delayed,2026-06-15,2026-06-21
SH009689,O009689,W007,India Post,Delayed,2025-08-08,2025-08-13
SH009690,O009690,W020,Delhivery,Delivered,2026-01-09,2026-01-13
SH009691,O009691,W016,Blue Dart,Delivered,2025-12-10,2025-12-15
SH009692,O009692,W018,XpressBees,Delayed,2026-03-16,2026-03-19
SH009693,O009693,W008,Blue Dart,In Transit,2026-06-21,2026-06-26
SH009694,O009694,W006,India Post,Delivered,2025-08-17,2025-08-22
SH009695,O009695,W005,XpressBees,In Transit,2026-03-28,2026-04-01
SH009696,O009696,W010,Ekart,In Transit,2026-06-04,2026-06-09
SH009697,O009697,W003,Delhivery,In Transit,2026-06-10,2026-06-17
SH009698,O009698,W019,Ekart,In Transit,2025-12-21,2025-12-28
SH009699,O009699,W010,DTDC,In Transit,2026-04-30,2026-05-02
SH009700,O009700,W011,DTDC,Delivered,2026-03-28,2026-04-04
SH009701,O009701,W020,DTDC,Delayed,2025-09-17,2025-09-18
SH009702,O009702,W008,DTDC,In Transit,2025-09-11,2025-09-17
SH009703,O009703,W009,India Post,Delivered,2026-04-08,2026-04-11
SH009704,O009704,W011,Delhivery,Delivered,2026-06-21,2026-06-26
SH009705,O009705,W006,Delhivery,Delivered,2026-03-13,2026-03-17
SH009706,O009706,W007,Ekart,In Transit,2025-11-07,2025-11-08
SH009707,O009707,W015,DTDC,In Transit,2026-08-01,2026-08-03
SH009708,O009708,W006,Delhivery,Delayed,2026-04-26,2026-05-01
SH009709,O009709,W013,Delhivery,Delayed,2026-08-05,2026-08-10
SH009710,O009710,W015,DTDC,Delayed,2025-09-14,2025-09-20
SH009711,O009711,W009,XpressBees,In Transit,2026-05-06,2026-05-08
SH009712,O009712,W020,Blue Dart,Delayed,2026-02-08,2026-02-09
SH009713,O009713,W012,Delhivery,In Transit,2025-09-15,2025-09-16
SH009714,O009714,W013,XpressBees,Delayed,2025-09-21,2025-09-22
SH009715,O009715,W003,Blue Dart,Delivered,2025-10-24,2025-10-29
SH009716,O009716,W006,Ekart,Delivered,2026-04-16,2026-04-22
SH009717,O009717,W009,Delhivery,In Transit,2025-10-25,2025-10-31
SH009718,O009718,W006,Delhivery,In Transit,2025-08-30,2025-09-04
SH009719,O009719,W007,Delhivery,Delayed,2026-04-05,2026-04-07
SH009720,O009720,W002,DTDC,In Transit,2025-12-17,2025-12-19
SH009721,O009721,W013,Delhivery,Delivered,2026-06-04,2026-06-09
SH009722,O009722,W016,Ekart,Delayed,2025-11-14,2025-11-21
SH009723,O009723,W020,XpressBees,Delayed,2026-04-30,2026-05-03
SH009724,O009724,W012,XpressBees,Delivered,2026-01-14,2026-01-15
SH009725,O009725,W003,Ekart,Delivered,2026-05-17,2026-05-22
SH009726,O009726,W001,XpressBees,Delivered,2026-02-15,2026-02-16
SH009727,O009727,W009,Delhivery,Delayed,2026-05-26,2026-06-01
SH009728,O009728,W020,Ekart,Delayed,2025-08-18,2025-08-22
SH009729,O009729,W016,Ekart,Delayed,2025-08-30,2025-09-06
SH009730,O009730,W009,Blue Dart,Delayed,2025-10-12,2025-10-16
SH009731,O009731,W015,India Post,In Transit,2025-09-29,2025-10-04
SH009732,O009732,W016,XpressBees,Delayed,2025-11-18,2025-11-20
SH009733,O009733,W017,DTDC,Delayed,2026-02-28,2026-03-04
SH009734,O009734,W002,India Post,In Transit,2026-05-27,2026-05-31
SH009735,O009735,W001,XpressBees,Delayed,2025-11-14,2025-11-18
SH009736,O009736,W003,Ekart,In Transit,2026-02-10,2026-02-16
SH009737,O009737,W019,Ekart,In Transit,2026-03-12,2026-03-19
SH009738,O009738,W009,Ekart,Delayed,2026-07-28,2026-08-02
SH009739,O009739,W012,XpressBees,Delayed,2025-11-12,2025-11-19
SH009740,O009740,W010,Blue Dart,Delayed,2025-11-17,2025-11-18
SH009741,O009741,W010,Blue Dart,Delayed,2026-04-25,2026-04-26
SH009742,O009742,W010,XpressBees,In Transit,2026-01-20,2026-01-27
SH009743,O009743,W002,Blue Dart,In Transit,2026-04-25,2026-04-30
SH009744,O009744,W012,XpressBees,Delivered,2026-06-13,2026-06-14
SH009745,O009745,W004,Delhivery,Delivered,2025-08-06,2025-08-08
SH009746,O009746,W014,India Post,Delivered,2025-11-27,2025-12-04
SH009747,O009747,W013,XpressBees,In Transit,2025-10-30,2025-11-04
SH009748,O009748,W006,DTDC,Delayed,2025-10-25,2025-11-01
SH009749,O009749,W017,Delhivery,Delivered,2025-10-14,2025-10-20
SH009750,O009750,W011,Delhivery,Delivered,2026-06-15,2026-06-21
SH009751,O009751,W010,Ekart,Delayed,2025-09-22,2025-09-23
SH009752,O009752,W009,DTDC,In Transit,2026-01-24,2026-01-25
SH009753,O009753,W005,Ekart,In Transit,2026-03-24,2026-03-31
SH009754,O009754,W011,Ekart,Delivered,2026-05-20,2026-05-21
SH009755,O009755,W004,Blue Dart,In Transit,2026-04-12,2026-04-19
SH009756,O009756,W016,Ekart,Delayed,2026-03-10,2026-03-12
SH009757,O009757,W019,Ekart,Delivered,2025-12-23,2025-12-26
SH009758,O009758,W016,Ekart,In Transit,2026-02-03,2026-02-05
SH009759,O009759,W005,Ekart,Delivered,2025-08-18,2025-08-21
SH009760,O009760,W006,India Post,In Transit,2026-02-17,2026-02-22
SH009761,O009761,W002,Ekart,Delivered,2026-01-30,2026-02-01
SH009762,O009762,W007,XpressBees,In Transit,2026-03-23,2026-03-29
SH009763,O009763,W016,India Post,Delayed,2026-01-14,2026-01-17
SH009764,O009764,W011,Ekart,Delayed,2026-01-30,2026-01-31
SH009765,O009765,W004,Blue Dart,Delivered,2026-03-24,2026-03-30
SH009766,O009766,W015,Blue Dart,In Transit,2025-08-11,2025-08-15
SH009767,O009767,W017,XpressBees,Delivered,2026-01-29,2026-02-01
SH009768,O009768,W015,Delhivery,Delivered,2025-08-15,2025-08-21
SH009769,O009769,W005,XpressBees,Delivered,2026-02-16,2026-02-20
SH009770,O009770,W007,India Post,Delayed,2026-06-30,2026-07-06
SH009771,O009771,W002,Ekart,Delayed,2026-04-08,2026-04-15
SH009772,O009772,W004,Blue Dart,Delivered,2026-07-12,2026-07-15
SH009773,O009773,W017,XpressBees,In Transit,2026-07-23,2026-07-28
SH009774,O009774,W006,XpressBees,Delayed,2025-10-16,2025-10-21
SH009775,O009775,W009,India Post,In Transit,2026-02-25,2026-03-01
SH009776,O009776,W015,XpressBees,Delayed,2026-07-12,2026-07-16
SH009777,O009777,W007,XpressBees,In Transit,2025-10-21,2025-10-28
SH009778,O009778,W012,Delhivery,Delivered,2026-03-08,2026-03-13
SH009779,O009779,W008,XpressBees,Delivered,2026-03-17,2026-03-18
SH009780,O009780,W008,Blue Dart,Delayed,2026-01-09,2026-01-10
SH009781,O009781,W004,XpressBees,In Transit,2026-03-15,2026-03-21
SH009782,O009782,W019,India Post,Delivered,2025-12-09,2025-12-14
SH009783,O009783,W009,Delhivery,Delivered,2026-06-12,2026-06-14
SH009784,O009784,W010,Ekart,Delivered,2025-12-13,2025-12-18
SH009785,O009785,W014,XpressBees,Delivered,2025-09-23,2025-09-24
SH009786,O009786,W019,DTDC,In Transit,2026-02-15,2026-02-22
SH009787,O009787,W017,XpressBees,Delayed,2026-04-12,2026-04-18
SH009788,O009788,W020,DTDC,Delivered,2026-02-06,2026-02-12
SH009789,O009789,W012,Blue Dart,Delayed,2026-06-16,2026-06-22
SH009790,O009790,W001,Delhivery,Delivered,2026-02-03,2026-02-06
SH009791,O009791,W009,XpressBees,In Transit,2025-09-20,2025-09-26
SH009792,O009792,W007,XpressBees,In Transit,2025-12-08,2025-12-14
SH009793,O009793,W016,Blue Dart,Delayed,2026-02-09,2026-02-12
SH009794,O009794,W019,XpressBees,Delivered,2026-04-17,2026-04-23
SH009795,O009795,W018,XpressBees,Delayed,2026-04-24,2026-04-29
SH009796,O009796,W006,Delhivery,In Transit,2026-04-18,2026-04-23
SH009797,O009797,W020,Delhivery,Delivered,2025-11-13,2025-11-20
SH009798,O009798,W003,Blue Dart,Delayed,2026-07-04,2026-07-06
SH009799,O009799,W006,DTDC,In Transit,2026-01-02,2026-01-06
SH009800,O009800,W019,Delhivery,Delayed,2026-08-07,2026-08-10
SH009801,O009801,W016,Delhivery,In Transit,2025-11-26,2025-12-02
SH009802,O009802,W007,India Post,In Transit,2026-01-12,2026-01-15
SH009803,O009803,W007,DTDC,Delivered,2026-03-03,2026-03-08
SH009804,O009804,W005,Delhivery,Delivered,2026-01-25,2026-01-28
SH009805,O009805,W020,Delhivery,Delayed,2025-10-24,2025-10-30
SH009806,O009806,W005,Blue Dart,Delayed,2025-12-13,2025-12-20
SH009807,O009807,W010,DTDC,Delivered,2025-10-07,2025-10-09
SH009808,O009808,W011,Ekart,Delivered,2025-09-15,2025-09-21
SH009809,O009809,W004,India Post,Delayed,2026-08-05,2026-08-11
SH009810,O009810,W003,DTDC,Delivered,2026-01-05,2026-01-09
SH009811,O009811,W016,Ekart,Delayed,2026-05-09,2026-05-15
SH009812,O009812,W012,Blue Dart,Delivered,2026-01-26,2026-01-27
SH009813,O009813,W004,India Post,Delivered,2025-12-26,2026-01-02
SH009814,O009814,W013,XpressBees,In Transit,2025-10-10,2025-10-13
SH009815,O009815,W006,Ekart,Delayed,2025-12-06,2025-12-12
SH009816,O009816,W010,Ekart,Delayed,2025-11-28,2025-12-02
SH009817,O009817,W009,Delhivery,Delayed,2025-11-24,2025-11-25
SH009818,O009818,W007,Delhivery,Delayed,2025-12-12,2025-12-16
SH009819,O009819,W005,XpressBees,Delayed,2025-09-25,2025-09-29
SH009820,O009820,W015,Blue Dart,Delayed,2026-02-10,2026-02-13
SH009821,O009821,W019,DTDC,Delivered,2026-07-27,2026-07-31
SH009822,O009822,W015,Ekart,In Transit,2026-07-27,2026-08-02
SH009823,O009823,W004,XpressBees,In Transit,2026-02-14,2026-02-18
SH009824,O009824,W007,Blue Dart,In Transit,2025-11-11,2025-11-13
SH009825,O009825,W011,Blue Dart,In Transit,2025-12-22,2025-12-26
SH009826,O009826,W019,XpressBees,In Transit,2025-12-13,2025-12-18
SH009827,O009827,W013,India Post,In Transit,2025-10-28,2025-10-29
SH009828,O009828,W017,India Post,In Transit,2025-09-17,2025-09-18
SH009829,O009829,W010,Blue Dart,Delivered,2025-11-13,2025-11-16
SH009830,O009830,W004,Blue Dart,Delayed,2025-10-09,2025-10-15
SH009831,O009831,W014,Delhivery,Delivered,2026-05-14,2026-05-19
SH009832,O009832,W005,XpressBees,Delayed,2026-06-29,2026-07-03
SH009833,O009833,W008,Ekart,Delayed,2025-10-14,2025-10-18
SH009834,O009834,W012,Blue Dart,Delayed,2026-05-14,2026-05-21
SH009835,O009835,W009,DTDC,Delayed,2026-01-09,2026-01-15
SH009836,O009836,W013,Delhivery,Delivered,2025-12-22,2025-12-24
SH009837,O009837,W009,Delhivery,Delivered,2026-05-29,2026-06-04
SH009838,O009838,W016,XpressBees,Delivered,2026-06-18,2026-06-24
SH009839,O009839,W020,Blue Dart,Delayed,2026-01-31,2026-02-05
SH009840,O009840,W004,India Post,Delivered,2026-06-10,2026-06-13
SH009841,O009841,W013,Ekart,Delivered,2026-03-13,2026-03-19
SH009842,O009842,W013,India Post,Delayed,2026-07-14,2026-07-16
SH009843,O009843,W012,Delhivery,Delivered,2026-03-29,2026-04-05
SH009844,O009844,W009,India Post,Delayed,2025-11-30,2025-12-03
SH009845,O009845,W016,Blue Dart,Delivered,2026-02-13,2026-02-18
SH009846,O009846,W019,Ekart,In Transit,2026-05-15,2026-05-18
SH009847,O009847,W007,India Post,Delivered,2025-10-04,2025-10-05
SH009848,O009848,W019,Blue Dart,Delayed,2026-01-27,2026-01-29
SH009849,O009849,W017,Delhivery,Delayed,2026-01-26,2026-01-30
SH009850,O009850,W001,XpressBees,In Transit,2026-01-14,2026-01-17
SH009851,O009851,W012,Blue Dart,Delayed,2025-12-05,2025-12-11
SH009852,O009852,W003,Delhivery,Delivered,2026-02-28,2026-03-06
SH009853,O009853,W017,Ekart,Delivered,2026-07-13,2026-07-18
SH009854,O009854,W008,XpressBees,In Transit,2025-11-05,2025-11-12
SH009855,O009855,W016,Blue Dart,In Transit,2026-01-19,2026-01-22
SH009856,O009856,W015,Ekart,In Transit,2025-08-12,2025-08-18
SH009857,O009857,W013,DTDC,In Transit,2025-11-26,2025-12-02
SH009858,O009858,W005,DTDC,In Transit,2026-05-15,2026-05-18
SH009859,O009859,W017,India Post,Delayed,2025-12-06,2025-12-09
SH009860,O009860,W006,XpressBees,Delivered,2026-03-10,2026-03-17
SH009861,O009861,W002,Blue Dart,Delivered,2026-04-09,2026-04-11
SH009862,O009862,W016,Delhivery,Delivered,2026-07-15,2026-07-18
SH009863,O009863,W013,XpressBees,Delayed,2026-05-03,2026-05-06
SH009864,O009864,W012,DTDC,Delivered,2026-02-18,2026-02-19
SH009865,O009865,W020,Delhivery,Delivered,2025-11-13,2025-11-15
SH009866,O009866,W004,India Post,In Transit,2025-10-23,2025-10-28
SH009867,O009867,W010,India Post,Delayed,2025-09-18,2025-09-24
SH009868,O009868,W010,India Post,Delivered,2026-08-04,2026-08-07
SH009869,O009869,W018,Delhivery,Delayed,2026-03-17,2026-03-20
SH009870,O009870,W003,Blue Dart,Delayed,2025-10-01,2025-10-07
SH009871,O009871,W012,Blue Dart,Delivered,2026-05-01,2026-05-08
SH009872,O009872,W002,XpressBees,Delayed,2025-12-07,2025-12-08
SH009873,O009873,W001,India Post,In Transit,2026-07-26,2026-07-27
SH009874,O009874,W014,Ekart,Delivered,2026-01-04,2026-01-08
SH009875,O009875,W009,Delhivery,In Transit,2025-10-12,2025-10-14
SH009876,O009876,W001,India Post,Delivered,2025-12-02,2025-12-07
SH009877,O009877,W017,India Post,Delivered,2026-01-24,2026-01-31
SH009878,O009878,W014,Blue Dart,In Transit,2025-10-18,2025-10-25
SH009879,O009879,W017,XpressBees,In Transit,2026-07-02,2026-07-07
SH009880,O009880,W005,DTDC,Delivered,2026-02-20,2026-02-24
SH009881,O009881,W001,Ekart,Delivered,2026-02-04,2026-02-10
SH009882,O009882,W015,DTDC,In Transit,2026-07-21,2026-07-25
SH009883,O009883,W003,XpressBees,Delivered,2025-09-29,2025-10-01
SH009884,O009884,W019,India Post,Delayed,2026-06-11,2026-06-15
SH009885,O009885,W015,Ekart,In Transit,2026-03-24,2026-03-31
SH009886,O009886,W005,XpressBees,In Transit,2026-03-29,2026-04-05
SH009887,O009887,W003,Delhivery,In Transit,2025-10-13,2025-10-17
SH009888,O009888,W005,India Post,Delivered,2026-03-03,2026-03-07
SH009889,O009889,W005,India Post,In Transit,2026-01-23,2026-01-29
SH009890,O009890,W006,XpressBees,In Transit,2025-12-08,2025-12-10
SH009891,O009891,W015,DTDC,Delayed,2026-07-15,2026-07-18
SH009892,O009892,W015,Ekart,Delayed,2025-10-18,2025-10-20
SH009893,O009893,W010,XpressBees,Delivered,2025-09-21,2025-09-23
SH009894,O009894,W017,India Post,Delayed,2026-04-04,2026-04-05
SH009895,O009895,W008,Ekart,Delivered,2026-07-21,2026-07-27
SH009896,O009896,W011,XpressBees,Delayed,2025-11-21,2025-11-28
SH009897,O009897,W016,Delhivery,Delayed,2026-05-18,2026-05-21
SH009898,O009898,W015,India Post,Delayed,2025-08-20,2025-08-27
SH009899,O009899,W019,Ekart,Delayed,2026-02-16,2026-02-21
SH009900,O009900,W017,Delhivery,In Transit,2026-03-17,2026-03-20
SH009901,O009901,W006,India Post,Delayed,2026-08-06,2026-08-10
SH009902,O009902,W013,Delhivery,Delivered,2026-01-30,2026-02-05
SH009903,O009903,W001,India Post,Delayed,2025-10-28,2025-11-04
SH009904,O009904,W015,India Post,In Transit,2026-04-27,2026-04-30
SH009905,O009905,W013,DTDC,Delayed,2025-08-24,2025-08-29
SH009906,O009906,W006,XpressBees,Delayed,2026-07-20,2026-07-25
SH009907,O009907,W014,Blue Dart,In Transit,2025-12-12,2025-12-18
SH009908,O009908,W014,Delhivery,Delayed,2026-03-09,2026-03-12
SH009909,O009909,W016,Delhivery,In Transit,2025-09-29,2025-10-06
SH009910,O009910,W014,XpressBees,Delivered,2025-10-04,2025-10-06
SH009911,O009911,W004,India Post,Delayed,2025-10-15,2025-10-18
SH009912,O009912,W005,Ekart,In Transit,2026-08-07,2026-08-11
SH009913,O009913,W012,Blue Dart,In Transit,2026-02-17,2026-02-24
SH009914,O009914,W015,DTDC,In Transit,2025-12-31,2026-01-02
SH009915,O009915,W003,Blue Dart,In Transit,2026-01-04,2026-01-08
SH009916,O009916,W017,Delhivery,Delayed,2026-04-17,2026-04-19
SH009917,O009917,W008,DTDC,Delivered,2025-12-06,2025-12-12
SH009918,O009918,W012,India Post,Delayed,2026-03-09,2026-03-15
SH009919,O009919,W014,DTDC,Delivered,2025-08-11,2025-08-18
SH009920,O009920,W010,India Post,Delayed,2025-12-20,2025-12-23
SH009921,O009921,W001,XpressBees,In Transit,2025-11-29,2025-12-01
SH009922,O009922,W019,XpressBees,Delivered,2025-08-11,2025-08-17
SH009923,O009923,W010,India Post,Delayed,2025-09-05,2025-09-11
SH009924,O009924,W012,Ekart,Delayed,2026-05-31,2026-06-04
SH009925,O009925,W013,India Post,In Transit,2026-04-03,2026-04-06
SH009926,O009926,W005,Delhivery,Delayed,2026-07-05,2026-07-08
SH009927,O009927,W001,Blue Dart,Delivered,2025-10-18,2025-10-23
SH009928,O009928,W001,DTDC,Delivered,2025-11-24,2025-11-26
SH009929,O009929,W012,XpressBees,Delivered,2025-12-12,2025-12-14
SH009930,O009930,W004,Ekart,In Transit,2026-04-01,2026-04-06
SH009931,O009931,W020,Ekart,Delayed,2026-02-21,2026-02-27
SH009932,O009932,W019,DTDC,Delivered,2025-10-09,2025-10-16
SH009933,O009933,W016,Delhivery,Delivered,2026-07-20,2026-07-27
SH009934,O009934,W008,Delhivery,Delivered,2026-07-31,2026-08-07
SH009935,O009935,W011,Delhivery,Delayed,2025-09-28,2025-10-05
SH009936,O009936,W009,India Post,In Transit,2026-03-12,2026-03-17
SH009937,O009937,W020,Delhivery,Delayed,2025-09-27,2025-10-04
SH009938,O009938,W020,Delhivery,Delayed,2025-12-03,2025-12-04
SH009939,O009939,W007,India Post,Delayed,2026-02-19,2026-02-24
SH009940,O009940,W005,Delhivery,Delayed,2025-12-29,2026-01-05
SH009941,O009941,W001,India Post,Delivered,2026-06-07,2026-06-11
SH009942,O009942,W013,India Post,Delayed,2026-07-10,2026-07-17
SH009943,O009943,W010,XpressBees,Delayed,2025-12-14,2025-12-20
SH009944,O009944,W011,XpressBees,Delivered,2025-10-18,2025-10-22
SH009945,O009945,W020,Blue Dart,Delivered,2025-10-11,2025-10-18
SH009946,O009946,W020,Delhivery,In Transit,2026-02-26,2026-02-27
SH009947,O009947,W006,XpressBees,In Transit,2025-10-22,2025-10-27
SH009948,O009948,W012,Ekart,Delivered,2026-03-10,2026-03-12
SH009949,O009949,W013,DTDC,Delivered,2026-06-26,2026-06-29
SH009950,O009950,W007,XpressBees,Delayed,2025-11-13,2025-11-16
SH009951,O009951,W015,Delhivery,Delivered,2025-12-09,2025-12-12
SH009952,O009952,W001,India Post,Delayed,2026-06-25,2026-06-27
SH009953,O009953,W020,Delhivery,Delayed,2026-05-18,2026-05-23
SH009954,O009954,W012,Blue Dart,Delayed,2026-02-15,2026-02-21
SH009955,O009955,W008,Blue Dart,Delivered,2026-07-04,2026-07-09
SH009956,O009956,W008,Ekart,Delivered,2025-11-02,2025-11-05
SH009957,O009957,W016,Ekart,Delivered,2026-04-17,2026-04-19
SH009958,O009958,W014,XpressBees,Delivered,2026-01-17,2026-01-21
SH009959,O009959,W013,India Post,Delayed,2026-07-21,2026-07-24
SH009960,O009960,W001,Ekart,Delayed,2025-09-20,2025-09-24
SH009961,O009961,W007,XpressBees,Delayed,2026-05-23,2026-05-30
SH009962,O009962,W011,XpressBees,Delayed,2025-09-19,2025-09-21
SH009963,O009963,W005,DTDC,In Transit,2026-06-22,2026-06-28
SH009964,O009964,W016,XpressBees,Delivered,2025-10-18,2025-10-19
SH009965,O009965,W014,Ekart,Delayed,2026-05-16,2026-05-20
SH009966,O009966,W006,Ekart,Delivered,2025-09-01,2025-09-08
SH009967,O009967,W008,XpressBees,Delivered,2026-05-30,2026-06-02
SH009968,O009968,W002,India Post,Delayed,2026-05-15,2026-05-16
SH009969,O009969,W008,DTDC,Delayed,2025-11-24,2025-11-28
SH009970,O009970,W010,XpressBees,Delivered,2025-11-20,2025-11-24
SH009971,O009971,W006,India Post,In Transit,2026-03-08,2026-03-10
SH009972,O009972,W001,Blue Dart,In Transit,2026-05-24,2026-05-27
SH009973,O009973,W015,India Post,Delayed,2025-08-12,2025-08-18
SH009974,O009974,W012,DTDC,In Transit,2026-03-18,2026-03-22
SH009975,O009975,W017,Delhivery,In Transit,2026-05-24,2026-05-28
SH009976,O009976,W012,DTDC,In Transit,2026-06-20,2026-06-21
SH009977,O009977,W012,India Post,Delivered,2026-01-22,2026-01-26
SH009978,O009978,W011,Blue Dart,Delayed,2026-05-16,2026-05-21
SH009979,O009979,W015,Blue Dart,Delayed,2026-01-24,2026-01-29
SH009980,O009980,W013,Ekart,Delayed,2026-06-10,2026-06-11
SH009981,O009981,W001,DTDC,Delivered,2026-08-02,2026-08-05
SH009982,O009982,W006,India Post,Delivered,2026-04-18,2026-04-24
SH009983,O009983,W014,XpressBees,In Transit,2025-12-28,2026-01-03
SH009984,O009984,W020,DTDC,Delivered,2026-03-09,2026-03-13
SH009985,O009985,W001,Delhivery,Delayed,2026-07-11,2026-07-12
SH009986,O009986,W012,DTDC,Delayed,2025-12-14,2025-12-19
SH009987,O009987,W016,Blue Dart,Delayed,2026-07-05,2026-07-07
SH009988,O009988,W004,Blue Dart,Delivered,2026-01-01,2026-01-03
SH009989,O009989,W012,Ekart,Delayed,2025-09-29,2025-10-03
SH009990,O009990,W003,Delhivery,Delayed,2026-05-23,2026-05-30
SH009991,O009991,W013,India Post,Delivered,2025-12-19,2025-12-20
SH009992,O009992,W009,DTDC,Delivered,2026-03-29,2026-04-02
SH009993,O009993,W001,Blue Dart,In Transit,2025-09-27,2025-10-02
SH009994,O009994,W020,Delhivery,Delivered,2025-08-27,2025-08-28
SH009995,O009995,W006,Delhivery,Delivered,2026-06-08,2026-06-11
SH009996,O009996,W005,India Post,Delivered,2026-05-02,2026-05-06
SH009997,O009997,W015,India Post,Delivered,2025-09-06,2025-09-13
SH009998,O009998,W001,DTDC,Delayed,2026-03-28,2026-03-31
SH009999,O009999,W015,Ekart,In Transit,2026-06-25,2026-07-02
SH010000,O010000,W015,India Post,Delivered,2025-08-31,2025-09-04
